100
100
2.924546140735255137e-02 2.953416986013781068e-02 2.982452308939459451e-02 3.011566680768038365e-02 3.040670661468131142e-02 3.069670181643444767e-02 3.098466052024555217e-02 3.126953545270673429e-02 3.155022228519611255e-02 3.182555988645353190e-02 3.209433323475027744e-02 3.235528008230546815e-02 3.260709821748438569e-02 3.284845651791912235e-02 3.307800733934410098e-02 3.329440093871407352e-02 3.349630430364525929e-02 3.368241778755833721e-02 3.385149441183691460e-02 3.400235827669948613e-02 3.413392235227297178e-02 3.424520835757545456e-02 3.433536230895756908e-02 3.440366934156260242e-02 3.444956577502768236e-02 3.447264766848470718e-02 3.447267886727468228e-02 3.444959456068226455e-02 3.440350160236207988e-02 3.433467629647465186e-02 3.424355738536268706e-02 3.413073865409705504e-02 3.399695874674138474e-02 3.384308809903643911e-02 3.367011602003330134e-02 3.347913329477573974e-02 3.327131715847556764e-02 3.304791576622818222e-02 3.281023205713043400e-02 3.255960992614129190e-02 3.229741827217708777e-02 3.202504150223935142e-02 3.174385818171579499e-02 3.145524236236723475e-02 3.116055137473956044e-02 3.086111804342660594e-02 3.055824498671713338e-02 3.025320079114959121e-02 2.994721705267148690e-02 2.964148684414990437e-02 2.933716360244693899e-02 2.903536022938837599e-02 2.873714969401777383e-02 2.844356553868606502e-02 2.815560277330360697e-02 2.787421905121624868e-02 2.760033506847985735e-02 2.733483587808016937e-02 2.707857141916654095e-02 2.683235638497728781e-02 2.659696654559663004e-02 2.637314989726199238e-02 2.616161634177204681e-02 2.596304062318667907e-02 2.577805839739944621e-02 2.560726659013377524e-02 2.545122145154223373e-02 2.531043630849631049e-02 2.518538085215645331e-02 2.507647423012014307e-02 2.498408450090261815e-02 2.490852560073457053e-02 2.485005426959007238e-02 2.480886802045601316e-02 2.478510030640897893e-02 2.477881857844488334e-02 2.479002230005778254e-02 2.481864128063969790e-02 2.486453570994898166e-02 2.492749516211625535e-02 2.500723910979133630e-02 2.510341860325215890e-02 2.521561750681998795e-02 2.534335896710398356e-02 2.548610860608961637e-02 2.564327971623155816e-02 2.581423960346553373e-02 2.599831361421062192e-02 2.619479623837253635e-02 2.640295661534680996e-02 2.662204542068390828e-02 2.685130128345546499e-02 2.708995501578812318e-02 2.733723599876533225e-02 2.759237507352021654e-02 2.785460659726387081e-02 2.812316838461153407e-02 2.839729982899096700e-02 2.867623920576982746e-02 2.895921916537255031e-02
3.386564606270994759e-02 3.420686558083375212e-02 3.454999995859490275e-02 3.489403176550933544e-02 3.523789626972976402e-02 3.558047433557032929e-02 3.592058680528457948e-02 3.625698972398945508e-02 3.658837251444919947e-02 3.691335836609085930e-02 3.723050777645422332e-02 3.753832647928030675e-02 3.783527406577037733e-02 3.811977706068605393e-02 3.839024353947624590e-02 3.864508014901172489e-02 3.888271429489469772e-02 3.910161375228028008e-02 3.930030941000280803e-02 3.947741696222443336e-02 3.963165787485143504e-02 3.976188280015536397e-02 3.986708990272841424e-02 3.994644232426598079e-02 3.999928239957900589e-02 4.002514173041402806e-02 4.002375065413932287e-02 3.999504240978737218e-02 3.993915347236975943e-02 3.985642088362945090e-02 3.974737390950160848e-02 3.961272522440836830e-02 3.945335879169668825e-02 3.927031430892440056e-02 3.906477180943855598e-02 3.883803098125391401e-02 3.859149325112697093e-02 3.832664328609652893e-02 3.804502975349659255e-02 3.774824880763523460e-02 3.743792509812576830e-02 3.711570040757625200e-02 3.678320826749058303e-02 3.644207545286238387e-02 3.609390746253767629e-02 3.574027926928518423e-02 3.538272856300603980e-02 3.502275124686011348e-02 3.466179796899474669e-02 3.430127239226735819e-02 3.394252997880264910e-02 3.358687704325659384e-02 3.323557161693979634e-02 3.288982419293935699e-02 3.255079895243229854e-02 3.221961534182540138e-02 3.189734870921179938e-02 3.158503204211754456e-02 3.128365676413966817e-02 3.099417273985629120e-02 3.071748407829558505e-02 3.045446248361899019e-02 3.020593516542550636e-02 2.997268843989896181e-02 2.975546319787868155e-02 2.955495542646701529e-02 2.937181398922656533e-02 2.920663806007440383e-02 2.905997634790066786e-02 2.893231898201050964e-02 2.882409691443748451e-02 2.873567835733303530e-02 2.866736517582933741e-02 2.861939049648280428e-02 2.859191297281436783e-02 2.858501445798229332e-02 2.859869760393656674e-02 2.863288381759225912e-02 2.868741320700295833e-02 2.876204329048245856e-02 2.885644946947775111e-02 2.897022685182376600e-02 2.910289154139240539e-02 2.925388809005986801e-02 2.942259307826988052e-02 2.960832107203075284e-02 2.981033190680160150e-02 3.002783525219817132e-02 3.026000355768229677e-02 3.050597838742244786e-02 3.076487844469526917e-02 3.103580702708181802e-02 3.131785694160418854e-02 3.161011800745201078e-02 3.191168045617364529e-02 3.222163739433842738e-02 3.253908478847090252e-02 3.286311934315361977e-02 3.319283543370581818e-02 3.352731992717560006e-02
3.898383146606742428e-02 3.938493155894982889e-02 3.978825374074593940e-02 4.019259290469896079e-02 4.059668842665186544e-02 4.099921605709482691e-02 4.139878153101548414e-02 4.179391515520928385e-02 4.218306984686263222e-02 4.256462170141273732e-02 4.293687427544622820e-02 4.329806796954197706e-02 4.364639020964324045e-02 4.397999083464734782e-02 4.429699925036249125e-02 4.459554440799886471e-02 4.487378080630816113e-02 4.512991148535032415e-02 4.536221468092314218e-02 4.556906924230848949e-02 4.574897920649470540e-02 4.590060122686067529e-02 4.602276605578807522e-02 4.611449901304898180e-02 4.617503664521049878e-02 4.620383852493410715e-02 4.620059833432692276e-02 4.616524871934978014e-02 4.609796163440529893e-02 4.599914514710745639e-02 4.586943357226950374e-02 4.570967702657548204e-02 4.552092709014352034e-02 4.530441839835793599e-02 4.506155039412469698e-02 4.479386288373552599e-02 4.450301479788504322e-02 4.419076228447644389e-02 4.385893589752339061e-02 4.350942098949909381e-02 4.314413522731863626e-02 4.276501507336692015e-02 4.237398576949369389e-02 4.197296300462441399e-02 4.156383573610047261e-02 4.114845525480500393e-02 4.072862721434310218e-02 4.030610635046952966e-02 3.988259243106601071e-02 3.945972830911236712e-02 3.903909860260020015e-02 3.862222870869257835e-02 3.821058598945322599e-02 3.780558081170021928e-02 3.740856817928221723e-02 3.702084979956012795e-02 3.664367501717201436e-02 3.627824306779036528e-02 3.592570421076943243e-02 3.558715992051902921e-02 3.526365812718224024e-02 3.495620911274958248e-02 3.466577142681950829e-02 3.439325627468710345e-02 3.413952232647875229e-02 3.390537645006860834e-02 3.369157120063802358e-02 3.349880191623715031e-02 3.332770589161394847e-02 3.317885290580304541e-02 3.305274458273659705e-02 3.294981023789811392e-02 3.287040267674030958e-02 3.281479540150840368e-02 3.278317585138358636e-02 3.277564263628557351e-02 3.279220265719127309e-02 3.283276862181241235e-02 3.289715887452926424e-02 3.298509574793406091e-02 3.309620596177230423e-02 3.323002257738944670e-02 3.338598631104171266e-02 3.356345406471228365e-02 3.376170290431151216e-02 3.397993684167631423e-02 3.421729514124884075e-02 3.447285745034898291e-02 3.474565880148139385e-02 3.503469684848253135e-02 3.533894115536472674e-02 3.565734180010438070e-02 3.598883504588148291e-02 3.633235210067217724e-02 3.668682308746126081e-02 3.705117997155016329e-02 3.742435660137513609e-02 3.780528632529174538e-02 3.819289852434338411e-02 3.858611269612821637e-02
4.461592300582527953e-02 4.508492524943214647e-02 4.555649866234977308e-02 4.602922345466190640e-02 4.650161496734948191e-02 4.697211447694932956e-02 4.743908197826458839e-02 4.790079009393782838e-02 4.835542200043942140e-02 4.880107222673643608e-02 4.923575180635562237e-02 4.965739932675360818e-02 5.006389289262604125e-02 5.045306814085059183e-02 5.082273826704996472e-02 5.117071735365889829e-02 5.149485068189082332e-02 5.179304155009330224e-02 5.206328234560646945e-02 5.230368417031780459e-02 5.251250549080697244e-02 5.268818409813881554e-02 5.282936215761630666e-02 5.293491007076226579e-02 5.300394589534487833e-02 5.303584909390401253e-02 5.303027344038028362e-02 5.298715264948003489e-02 5.290670072730441903e-02 5.278940817301237820e-02 5.263603037893946346e-02 5.244757532736912115e-02 5.222528672470776873e-02 5.197062234009651449e-02 5.168523250434604172e-02 5.137093137985416363e-02 5.102967192409272462e-02 5.066352009171102427e-02 5.027462793969952187e-02 4.986521047536505297e-02 4.943751918372740750e-02 4.899382603129828762e-02 4.853638816242225595e-02 4.806744974355971894e-02 4.758922174299672764e-02 4.710386906823257891e-02 4.661350120641014755e-02 4.612016605754816478e-02 4.562584522188706943e-02 4.513245181459301508e-02 4.464182903831775268e-02 4.415574916768305602e-02 4.367591512309057511e-02 4.320396186732113758e-02 4.274145852667291662e-02 4.228991104614333169e-02 4.185076348851807237e-02 4.142540090911443068e-02 4.101515090330742908e-02 4.062128404264599840e-02 4.024500851017647624e-02 3.988748892247290234e-02 3.954983000970160173e-02 3.923308192989141685e-02 3.893823436245669872e-02 3.866621751009002156e-02 3.841789928576336971e-02 3.819408205446605392e-02 3.799550177539376405e-02 3.782281701284136849e-02 3.767660827209359103e-02 3.755737319343794428e-02 3.746552169435098806e-02 3.740137273451933642e-02 3.736514639853034253e-02 3.735696063455559018e-02 3.737682782781426988e-02 3.742465180665571767e-02 3.750022752441820734e-02 3.760323898214057436e-02 3.773325951368432241e-02 3.788975385154324388e-02 3.807207942468809198e-02 3.827949606337546079e-02 3.851117037699679918e-02 3.876618342023673697e-02 3.904354010103244094e-02 3.934217489612529955e-02 3.966096913242003752e-02 3.999875919294258036e-02 4.035434719936249054e-02 4.072651087613837068e-02 4.111401004735154574e-02 4.151559680016206344e-02 4.193002008713422879e-02 4.235602917949973789e-02 4.279237377652280599e-02 4.323780134269125663e-02 4.369105321154349852e-02 4.415085786624619452e-02
5.077300898532593337e-02 5.131859018037218667e-02 5.186713889643237985e-02 5.241699111769057562e-02 5.296640735583776904e-02 5.351356228905287254e-02 5.405653666770622590e-02 5.459331051219444564e-02 5.512176096073293646e-02 5.563966336179605732e-02 5.614469744001500395e-02 5.663446024567908577e-02 5.710648014356861646e-02 5.755823779929225559e-02 5.798718944191209868e-02 5.839079396552939588e-02 5.876654808412223180e-02 5.911201745063669744e-02 5.942487269212826106e-02 5.970292376100982262e-02 5.994415316474754896e-02 6.014675301202857677e-02 6.030915407134504469e-02 6.043005344611444840e-02 6.050843709657374725e-02 6.054359577832339051e-02 6.053513999673718754e-02 6.048300650448040078e-02 6.038745865345995084e-02 6.024908190986447837e-02 6.006877029304029392e-02 5.984771196731860504e-02 5.958736951495473277e-02 5.928945458800112533e-02 5.895590271501809781e-02 5.858883971834155657e-02 5.819055236362085520e-02 5.776345814758970104e-02 5.731007376051729801e-02 5.683298789804034495e-02 5.633483025942541411e-02 5.581825272219322759e-02 5.528588803561410719e-02 5.474035184180828933e-02 5.418421899427326022e-02 5.362000850063931845e-02 5.305017258143839010e-02 5.247708949537291390e-02 5.190305807365287044e-02 5.133029527154586713e-02 5.076093462953985835e-02 5.019702523774267899e-02 4.964053377058325056e-02 4.909334630811289235e-02 4.855727103776517894e-02 4.803404160898195469e-02 4.752531887347496292e-02 4.703269449883866471e-02 4.655769302054284242e-02 4.610177259044986181e-02 4.566631896591620554e-02 4.525266767578842858e-02 4.486208520864819194e-02 4.449577541054128976e-02 4.415487280825103333e-02 4.384044394920127985e-02 4.355348427978213838e-02 4.329491452375431454e-02 4.306557982055510270e-02 4.286623705449339045e-02 4.269755419104123706e-02 4.256010475720695130e-02 4.245436226666673279e-02 4.238069650477021416e-02 4.233936431455160437e-02 4.233050578244099138e-02 4.235414019290060367e-02 4.241016245035184734e-02 4.249834257735349285e-02 4.261832312835338310e-02 4.276961931326119654e-02 4.295162114700941391e-02 4.316359468198825017e-02 4.340469298046330249e-02 4.367396088411563959e-02 4.397034361755818022e-02 4.429269737041777871e-02 4.463979560737568741e-02 4.501034885722147300e-02 4.540301395085034886e-02 4.581640622707224692e-02 4.624911076772453972e-02 4.669968978663967957e-02 4.716669434935850252e-02 4.764866966944906329e-02 4.814415915144040770e-02 4.865170458109702167e-02 4.916984316418079176e-02 4.969710317286108597e-02 5.023199635612891900e-02
5.746092688562152301e-02 5.809241637507978756e-02 5.872732323836685198e-02 5.936370711008271545e-02 5.999954017268238626e-02 6.063269555710194825e-02 6.126093832895998514e-02 6.188191794876481827e-02 6.249316608862798272e-02 6.309209809410380732e-02 6.367602032710077686e-02 6.424214527216537407e-02 6.478760781721473738e-02 6.530948958424916129e-02 6.580484581948788103e-02 6.627073672478279998e-02 6.670426802607959393e-02 6.710262690368486160e-02 6.746312357477872446e-02 6.778323092372134928e-02 6.806062284981274912e-02 6.829321699235003928e-02 6.847920827031639401e-02 6.861710081911319425e-02 6.870573397903169399e-02 6.874430068127014570e-02 6.873236469018466355e-02 6.866986806866749726e-02 6.855713152629459850e-02 6.839484915802339360e-02 6.818407267783842263e-02 6.792619464024320097e-02 6.762292549330435609e-02 6.727626407697800959e-02 6.688846826415056901e-02 6.646201591540353004e-02 6.599957065644417031e-02 6.550394668666571774e-02 6.497807199348941409e-02 6.442495659431390909e-02 6.384765642073680914e-02 6.324925128025835064e-02 6.263279677171774973e-02 6.200132647917390438e-02 6.135782437172018072e-02 6.070520725969538733e-02 6.004631205964528623e-02 5.938388747645021587e-02 5.872058768370026077e-02 5.805896958276517139e-02 5.740149114614296472e-02 5.675051037053962383e-02 5.610828785083142589e-02 5.547698909922040011e-02 5.485868792772181923e-02 5.425537062410460548e-02 5.366893821660341513e-02 5.310121095730455792e-02 5.255393097910044525e-02 5.202876343401784121e-02 5.152728979761584532e-02 5.105103383534499023e-02 5.060144002876641733e-02 5.017988123328345762e-02 4.978765117995517797e-02 4.942596623528726363e-02 4.909596197222839548e-02 4.879868918343337192e-02 4.853511305386288416e-02 4.830609863904525292e-02 4.811241023687940627e-02 4.795470509607162313e-02 4.783352706614565908e-02 4.774930236784605958e-02 4.770232893746484404e-02 4.769277200134520306e-02 4.772065933669771692e-02 4.778587702997492970e-02 4.788816875232594639e-02 4.802713257524428292e-02 4.820222087652745180e-02 4.841274253736367605e-02 4.865786404737418303e-02 4.893662183508054597e-02 4.924792740930207524e-02 4.959057694505868141e-02 4.996326310454551889e-02 5.036458193781059162e-02 5.079305541162667387e-02 5.124714173276859880e-02 5.172524920453518138e-02 5.222574893975646254e-02 5.274698320319488876e-02 5.328727884333916281e-02 5.384495334267962174e-02 5.441831951524674083e-02 5.500568578893341720e-02 5.560535292594776663e-02 5.621560918389574557e-02 5.683472178885368153e-02
6.467995068603460407e-02 6.540732149919784022e-02 6.613862018837186885e-02 6.687159531011052649e-02 6.760389447903283888e-02 6.833305146515145090e-02 6.905647622763486093e-02 6.977144662176371082e-02 7.047510624646290134e-02 7.116446636565741668e-02 7.183641461151832330e-02 7.248773252847744153e-02 7.311511443606086291e-02 7.371519550658990616e-02 7.428458270247104145e-02 7.481989082618321907e-02 7.531778911019643141e-02 7.577504250266822727e-02 7.618855941880893490e-02 7.655543723802099576e-02 7.687300634211659267e-02 7.713887914759855191e-02 7.735098862831774058e-02 7.750762499022001428e-02 7.760746551368748192e-02 7.764959566052592743e-02 7.763352885911699308e-02 7.755921504367779828e-02 7.742704099316008448e-02 7.723782419795566234e-02 7.699279462828888254e-02 7.669357530232147335e-02 7.634215573671364330e-02 7.594085779223248844e-02 7.549230164198496296e-02 7.499936061190203007e-02 7.446512148693684718e-02 7.389284373529385330e-02 7.328591682334895108e-02 7.264782331227423451e-02 7.198209699945404272e-02 7.129229725144217711e-02 7.058195330612328233e-02 6.985456663049517678e-02 6.911357890548427974e-02 6.836235167788172473e-02 6.760415159908986227e-02 6.684214081428216381e-02 6.607936967608765699e-02 6.531877367611363394e-02 6.456317166038307021e-02 6.381526477776050532e-02 6.307763967598564725e-02 6.235277139595218898e-02 6.164302754252356381e-02 6.095067341419214968e-02 6.027787488224591733e-02 5.962670388768490787e-02 5.899914181450074957e-02 5.839708110516547701e-02 5.782231784488744281e-02 5.727658202349786981e-02 5.676151291642697605e-02 5.627866819940592624e-02 5.582951558254259372e-02 5.541543508625856873e-02 5.503771531559311508e-02 5.469754911609635978e-02 5.439603283130917816e-02 5.413414975889270508e-02 5.391276960509922694e-02 5.373264136775921657e-02 5.359438615793674782e-02 5.349849242669366817e-02 5.344530371868066315e-02 5.343501357830279797e-02 5.346766003989050775e-02 5.354312063915268871e-02 5.366111142396346595e-02 5.382118307378250949e-02 5.402272052324372242e-02 5.426494516119369921e-02 5.454691573315681441e-02 5.486754211540705028e-02 5.522559079455947872e-02 5.561969547036137856e-02 5.604837016967386537e-02 5.651001671815752275e-02 5.700295024147817441e-02 5.752541061517389004e-02 5.807557809423548323e-02 5.865158760440507962e-02 5.925153809147143402e-02 5.987350782205574234e-02 6.051556124387588026e-02 6.117575440256627084e-02 6.185213532479388876e-02 6.254274039878542080e-02 6.324558902259319604e-02 6.395867407265022619e-02
7.242462114658268502e-02 7.325847522981983329e-02 7.409683650108597752e-02 7.493710510276610504e-02 7.577656509155467068e-02 7.661237017752478562e-02 7.744153278441587296e-02 7.826091500030020465e-02 7.906722653481278174e-02 7.985702720661704002e-02 8.062673721217174239e-02 8.137265741401049357e-02 8.209099110075251948e-02 8.277787624466652339e-02 8.342942093404140391e-02 8.404174466282399170e-02 8.461103158598713703e-02 8.513357773795317274e-02 8.560584561047633601e-02 8.602451613731815216e-02 8.638653902777797267e-02 8.668918876842802990e-02 8.693010865877615068e-02 8.710735272695040166e-02 8.721941983453143643e-02 8.726527779313919542e-02 8.724438596172585936e-02 8.715670497171856823e-02 8.700269705095857453e-02 8.678331891717364077e-02 8.650000080584581419e-02 8.615462408518280435e-02 8.574949069894366449e-02 8.528728382922062812e-02 8.477102865241792351e-02 8.420404037363579675e-02 8.358987842294747506e-02 8.293229945160005001e-02 8.223520805144611534e-02 8.150261408996038737e-02 8.073858443734088786e-02 7.994721322305285705e-02 7.913255763017014444e-02 7.829864040275417991e-02 7.744941288014764447e-02 7.658873150044111233e-02 7.572034075933867237e-02 7.484786214054937881e-02 7.397478573694866999e-02 7.310446681219442966e-02 7.224012387287660764e-02 7.138483761526175086e-02 7.054155482914264974e-02 6.971309194716655833e-02 6.890214011782830328e-02 6.811127143080684954e-02 6.734294250625315337e-02 6.659950116135010534e-02 6.588319062181659247e-02 6.519615171179983515e-02 6.454041468615924482e-02 6.391793432183111301e-02 6.333056195853500880e-02 6.278005628889192502e-02 6.226807408499399760e-02 6.179617310270348052e-02 6.136580808115415370e-02 6.097832606064095690e-02 6.063496579011974641e-02 6.033683899065114126e-02 6.008492995399108277e-02 5.988008755375762160e-02 5.972301719269108855e-02 5.961427546448548609e-02 5.955425616562478458e-02 5.954318447894742239e-02 5.958111061597249486e-02 5.966790399521607058e-02 5.980325194422799612e-02 5.998665501592036209e-02 6.021742625613741434e-02 6.049469334911774382e-02 6.081739922793710784e-02 6.118431737111666019e-02 6.159405757096115402e-02 6.204507757474836405e-02 6.253569753248329477e-02 6.306410800135464623e-02 6.362839864876770890e-02 6.422657085502311847e-02 6.485655523000635747e-02 6.551622757350009096e-02 6.620341927411188543e-02 6.691593463434361566e-02 6.765155859063140542e-02 6.840806291210295431e-02 6.918320668942065654e-02 6.997473235112439127e-02 7.078035977170163418e-02 7.159777566864633513e-02
8.068373451931647178e-02 8.163528239997112912e-02 8.259199477123910227e-02 8.355088343239193416e-02 8.450882714582839961e-02 8.546255597537701088e-02 8.640863936657228184e-02 8.734347635313799429e-02 8.826329372216869251e-02 8.916414919298937258e-02 9.004194348031116513e-02 9.089244366021727306e-02 9.171130816831135624e-02 9.249412370075048295e-02 9.323644561776875395e-02 9.393384502591731189e-02 9.458196937763299617e-02 9.517659623143175096e-02 9.571369534832194215e-02 9.618948781548401772e-02 9.660050331029981785e-02 9.694364376496851510e-02 9.721623347125700476e-02 9.741606676446769308e-02 9.754144681884222012e-02 9.759121307608177587e-02 9.756476693694936253e-02 9.746208278967774530e-02 9.728370831292683374e-02 9.703075628958159060e-02 9.670488060459926649e-02 9.630825059174603908e-02 9.584351604256180490e-02 9.531376212738883191e-02 9.472246436950812476e-02 9.407342914435547210e-02 9.337074108996822053e-02 9.261870919551883075e-02 9.182181018658017169e-02 9.098463944318319063e-02 9.011185560037525411e-02 8.920814624977428664e-02 8.827815427376568824e-02 8.732648048248563277e-02 8.635764112282438842e-02 8.537604086240009604e-02 8.438595319274642959e-02 8.339150771779331450e-02 8.239668054210158576e-02 8.140529041108013342e-02 8.042099661722203197e-02 7.944729794241796317e-02 7.848753735627396477e-02 7.754490630105623228e-02 7.662245078514234864e-02 7.572307885399316707e-02 7.484956498928327373e-02 7.400455811254594285e-02 7.319058676653408813e-02 7.241006198618307743e-02 7.166526835100639481e-02 7.095840447817565455e-02 7.029155141729544198e-02 6.966668535669456874e-02 6.908566741080268692e-02 6.855024728250314059e-02 6.806205902300585531e-02 6.762261604480848676e-02 6.723331076116358107e-02 6.689539348988267353e-02 6.660997227421119882e-02 6.637800398557763826e-02 6.620028536027421084e-02 6.607744708528058564e-02 6.600993791782566733e-02 6.599801809702093847e-02 6.604175206252536900e-02 6.614100171208946166e-02 6.629542474966686194e-02 6.650446908353006836e-02 6.676737165529460227e-02 6.708316046590463710e-02 6.745065478944257953e-02 6.786848206286448526e-02 6.833508387594799949e-02 6.884872865686322840e-02 6.940752747836879955e-02 7.000944253531563022e-02 7.065231927224911723e-02 7.133390014672939816e-02 7.205184413537404908e-02 7.280374444085546681e-02 7.358713996936409873e-02 7.439953483059290329e-02 7.523840695853847849e-02 7.610121515082980681e-02 7.698539966282230695e-02 7.788837783179702878e-02 7.880753761717064487e-02 7.974022585944283426e-02
8.944046534833328954e-02 9.052150114170422202e-02 9.160844716676924682e-02 9.269788439816903369e-02 9.378624184907545513e-02 9.486977948091986079e-02 9.594457531405327366e-02 9.700651491976508556e-02 9.805128991340229805e-02 9.907440197083620947e-02 1.000711769404599716e-01 1.010367916486778900e-01 1.019663025042518018e-01 1.028546875378552328e-01 1.036968922811013077e-01 1.044878832260823370e-01 1.052227164815287830e-01 1.058965987146228138e-01 1.065049574907975805e-01 1.070435082168029600e-01 1.075083189989353982e-01 1.078958826926857129e-01 1.082031736568312419e-01 1.084277017555566602e-01 1.085675562902608110e-01 1.086214370547799041e-01 1.085886834152083730e-01 1.084692867638070296e-01 1.082638907946536361e-01 1.079737821265363967e-01 1.076008629681228929e-01 1.071476218673340780e-01 1.066170938412272506e-01 1.060128089696597831e-01 1.053387409899922272e-01 1.045992394976531653e-01 1.037989698599498523e-01 1.029428516839744068e-01 1.020359940885516015e-01 1.010836395126501475e-01 1.000911004384835018e-01 9.906372002939188570e-02 9.800678799551632014e-02 9.692554333412622958e-02 9.582512569928271218e-02 9.471054446802210092e-02 9.358665628895085353e-02 9.245815052680160517e-02 9.132953826122065799e-02 9.020514794295114713e-02 8.908912310216823838e-02 8.798542127575187388e-02 8.689781958545986229e-02 8.582991983761274757e-02 8.478515575781922498e-02 8.376680186390347838e-02 8.277797877701803531e-02 8.182166274009870788e-02 8.090069190965504253e-02 8.001777002347615353e-02 7.917545664960094765e-02 7.837621369095329471e-02 7.762236981937825631e-02 7.691613536206595714e-02 7.625959112782916549e-02 7.565469297634311308e-02 7.510326738907063815e-02 7.460700622630501988e-02 7.416746669978298290e-02 7.378604775665384419e-02 7.346399022010489943e-02 7.320236695971368834e-02 7.300207299405177264e-02 7.286381900229785269e-02 7.278811340419071019e-02 7.277525495759380736e-02 7.282532448102325973e-02 7.293817710298421131e-02 7.311344021110675884e-02 7.335050680933438705e-02 7.364853381717006986e-02 7.400644389963177694e-02 7.442292516386660173e-02 7.489644970262872292e-02 7.542527971915723162e-02 7.600748124505343761e-02 7.664094131071888527e-02 7.732337681175201205e-02 7.805237027323895516e-02 7.882538475967791614e-02 7.963978545708487455e-02 8.049285918764780001e-02 8.138182697737687821e-02 8.230386587357867156e-02 8.325611849566436073e-02 8.423570096726254453e-02 8.523970360765323329e-02 8.626518613067450658e-02 8.730917058829408550e-02 8.836862842493449499e-02
9.867266240409812428e-02 9.989553456566704903e-02 1.011251628393780300e-01 1.023576523966960167e-01 1.035889353713621702e-01 1.048147523298302297e-01 1.060306384422598780e-01 1.072319123100543420e-01 1.084136749311459258e-01 1.095708147236621882e-01 1.106980239688017675e-01 1.117898294474911208e-01 1.128406250473034111e-01 1.138447194676513313e-01 1.147963881069351127e-01 1.156899335154273761e-01 1.165197628525737050e-01 1.172804566797051445e-01 1.179668482988967121e-01 1.185740992222770324e-01 1.190977723142333522e-01 1.195339129738136746e-01 1.198791131400579607e-01 1.201305721821302186e-01 1.202861464288139254e-01 1.203443841758610883e-01 1.203045584580627742e-01 1.201666810549232994e-01 1.199315027322403610e-01 1.196005025584822024e-01 1.191758569226875897e-01 1.186604063449527846e-01 1.180576102651425680e-01 1.173714886996422707e-01 1.166065638338859012e-01 1.157677831300319149e-01 1.148604510016370678e-01 1.138901589181881696e-01 1.128627117471831115e-01 1.117840637254940567e-01 1.106602465183155470e-01 1.094973242561070592e-01 1.083012978698762452e-01 1.070781079021119464e-01 1.058335790842156870e-01 1.045733850591745451e-01 1.033030227526879063e-01 1.020277957513684997e-01 1.007528017377875423e-01 9.948292758656838985e-02 9.822284683101174807e-02 9.697701855430576612e-02 9.574969392899577991e-02 9.454492220646074085e-02 9.336655921379873047e-02 9.221827778918020857e-02 9.110357410731580174e-02 9.002577889914602227e-02 8.898806500228982619e-02 8.799345194930255354e-02 8.704479539422263490e-02 8.614484027501430330e-02 8.529618096429648910e-02 8.450127862370333809e-02 8.376244905856465583e-02 8.308186836357170368e-02 8.246156837317566990e-02 8.190343122991727842e-02 8.140918981307231073e-02 8.098040145277464463e-02 8.061844850986010780e-02 8.032452760551764270e-02 8.009963878207970733e-02 7.994457845798030871e-02 7.985991932697707185e-02 7.984600210922981889e-02 7.990292621078996793e-02 8.003054087940356109e-02 8.022844271125446902e-02 8.049596783784188081e-02 8.083218959592566866e-02 8.123592007420050998e-02 8.170570915562623548e-02 8.223986476376964061e-02 8.283645901467014128e-02 8.349334293438472054e-02 8.420816497788588539e-02 8.497838017287198675e-02 8.580128971818742900e-02 8.667405700092571663e-02 8.759373132184952726e-02 8.855726925818298290e-02 8.956154831227654267e-02 9.060339117742360893e-02 9.167957623304062720e-02 9.278684641274084766e-02 9.392190997555670273e-02 9.508143523955392418e-02 9.626204289791971680e-02 9.746029180191481678e-02
1.083532819411572035e-01 1.097308606421446980e-01 1.111161544612328800e-01 1.125047453623582994e-01 1.138920188527905025e-01 1.152731440230360394e-01 1.166430588303395133e-01 1.179964583347123536e-01 1.193277943074444181e-01 1.206312814575344478e-01 1.219009165171528880e-01 1.231305131326053542e-01 1.243137388997986592e-01 1.254441692949093690e-01 1.265153461305226490e-01 1.275208456488085007e-01 1.284543655550783592e-01 1.293098023585663725e-01 1.300813404945908858e-01 1.307635370507214123e-01 1.313514039060504068e-01 1.318404988161173408e-01 1.322269972901186641e-01 1.325077609559879577e-01 1.326803931616503396e-01 1.327432782684698498e-01 1.326956184278029194e-01 1.325374492677016403e-01 1.322696400929624094e-01 1.318938817753644854e-01 1.314126517990766851e-01 1.308291767801339212e-01 1.301473814375037341e-01 1.293718226825804896e-01 1.285076235649554588e-01 1.275603864664078546e-01 1.265361157660383484e-01 1.254411388130270422e-01 1.242820224886183322e-01 1.230655005815512598e-01 1.217983923638887994e-01 1.204875514631757599e-01 1.191397575551514654e-01 1.177617192060853440e-01 1.163600109670153843e-01 1.149410332998267587e-01 1.135109834233242326e-01 1.120758363806627217e-01 1.106413307168399029e-01 1.092129629227430454e-01 1.077959846017085416e-01 1.063954012903788465e-01 1.050159800339020150e-01 1.036622563331589392e-01 1.023385440218828879e-01 1.010489474264177068e-01 9.979736880557005252e-02 9.858752146468036104e-02 9.742293871897098057e-02 9.630697953311175008e-02 9.524281711083816548e-02 9.423349939627471972e-02 9.328190461236643416e-02 9.239076139527979681e-02 9.156263567995799602e-02 9.079993761395667440e-02 9.010491697572040048e-02 8.947965764187341964e-02 8.892607861900610200e-02 8.844590495173300371e-02 8.804066888600949048e-02 8.771169816866708491e-02 8.746010427766377771e-02 8.728677485675923053e-02 8.719235130238420228e-02 8.717721964827902792e-02 8.724150010307429870e-02 8.738503703150027335e-02 8.760739597871405882e-02 8.790785455197590303e-02 8.828539935413289019e-02 8.873872714924689598e-02 8.926624309667309520e-02 8.986608273653548529e-02 9.053611803782091183e-02 9.127397305997379806e-02 9.207704378027786740e-02 9.294250737347731217e-02 9.386736582294763487e-02 9.484846297663784842e-02 9.588251045954931939e-02 9.696611090075749062e-02 9.809577262939103703e-02 9.926793650401774527e-02 1.004789873483313417e-01 1.017252637864763803e-01 1.030030590644282623e-01 1.043086152695675423e-01 1.056381149851963325e-01 1.069876657345834037e-01
1.184509496176841398e-01 1.199965915657054127e-01 1.215510350321622607e-01 1.231092890275811563e-01 1.246661401400899066e-01 1.262161311753931814e-01 1.277535456298821981e-01 1.292723954338936276e-01 1.307664214039870876e-01 1.322291008964048276e-01 1.336536698786774391e-01 1.350331625312090611e-01 1.363604531682308663e-01 1.376283169871927448e-01 1.388294956830307680e-01 1.399567738589877763e-01 1.410030764404152925e-01 1.419615552869921415e-01 1.428256889085484926e-01 1.435893771994725121e-01 1.442470333083893386e-01 1.447936854135364604e-01 1.452250571079636565e-01 1.455376438402810890e-01 1.457287750714826302e-01 1.457966581945626394e-01 1.457404196337537816e-01 1.455601223432448632e-01 1.452567659571241676e-01 1.448322731301475985e-01 1.442894502761286613e-01 1.436319454356024816e-01 1.428641909411038080e-01 1.419913292917470149e-01 1.410191387895460835e-01 1.399539359770696212e-01 1.388024884990812224e-01 1.375719261541925587e-01 1.362696467971926950e-01 1.349032343320188121e-01 1.334803669573370599e-01 1.320087592860051673e-01 1.304960402365019645e-01 1.289497558612888173e-01 1.273772982299522238e-01 1.257858600785303760e-01 1.241824017576111522e-01 1.225736297210274633e-01 1.209659802306873450e-01 1.193656130380518071e-01 1.177784081747724892e-01 1.162099646524988178e-01 1.146656091378125270e-01 1.131504039146749574e-01 1.116691582537557431e-01 1.102264424570224000e-01 1.088265965066975843e-01 1.074737452712051788e-01 1.061718090396601977e-01 1.049245103489142572e-01 1.037353617259481053e-01 1.026077342419912664e-01 1.015448081044767609e-01 1.005495959081363078e-01 9.962492856832069754e-02 9.877346371835481198e-02 9.799768120628700452e-02 9.729987757152717964e-02 9.668216785360835008e-02 9.614645357549109206e-02 9.569442466221410315e-02 9.532754684311235682e-02 9.504704898518626099e-02 9.485391506587320665e-02 9.474885932894983043e-02 9.473231629816228350e-02 9.480442914471319538e-02 9.496503841946105084e-02 9.521367856020541975e-02 9.554956732916067286e-02 9.597160189607024938e-02 9.647835951493941020e-02 9.706809477889886961e-02 9.773876336708156587e-02 9.848802783401498784e-02 9.931327413438824359e-02 1.002116326923042783e-01 1.011799876423287031e-01 1.022150246090655773e-01 1.033132487012192874e-01 1.044710126272608008e-01 1.056845417744416565e-01 1.069499498900825796e-01 1.082632685700471303e-01 1.096204596093320605e-01 1.110174258210021997e-01 1.124500118633821599e-01 1.139139978859849966e-01 1.154050904837468916e-01 1.169189057331077586e-01
1.289306264911095068e-01 1.306581362933376123e-01 1.323956766971433885e-01 1.341376317687408559e-01 1.358781344257318224e-01 1.376110437321347302e-01 1.393299286660039937e-01 1.410280554973085410e-01 1.426983893166595685e-01 1.443336033715558742e-01 1.459261045015583236e-01 1.474680779414945797e-01 1.489515346168271415e-01 1.503683793386463852e-01 1.517104841929454995e-01 1.529697739756346320e-01 1.541383348169758916e-01 1.552085108121918633e-01 1.561730151639857678e-01 1.570250356933039493e-01 1.577583371888637565e-01 1.583673746741270372e-01 1.588473829477598243e-01 1.591944617102979687e-01 1.594056447661837406e-01 1.594789489125482684e-01 1.594134196825138239e-01 1.592091507870009026e-01 1.588672842043200306e-01 1.583899948448019568e-01 1.577804466399677918e-01 1.570427453913333660e-01 1.561818746334992514e-01 1.552036126332553834e-01 1.541144490404637579e-01 1.529214757107438538e-01 1.516322889517726646e-01 1.502548898495955632e-01 1.487975786081305041e-01 1.472688623506794858e-01 1.456773521653169923e-01 1.440316978633261746e-01 1.423404508689974368e-01 1.406120669834985959e-01 1.388548262939486022e-01 1.370767820395683012e-01 1.352857232632452278e-01 1.334891504285680153e-01 1.316942569137194707e-01 1.299079217984337731e-01 1.281367061820432585e-01 1.263868516915310769e-01 1.246642903057663121e-01 1.229746533760670141e-01 1.213232845895928086e-01 1.197152560538218974e-01 1.181553782403281794e-01 1.166482174813015110e-01 1.151981082346877905e-01 1.138091612380870976e-01 1.124852503969630407e-01 1.112300901356607225e-01 1.100471807043641864e-01 1.089398349078519040e-01 1.079111631190701054e-01 1.069640834000175483e-01 1.061013172117254710e-01 1.053253840354499288e-01 1.046386041612955703e-01 1.040430636494580202e-01 1.035406172063975810e-01 1.031328747480951269e-01 1.028211878960534620e-01 1.026066415718185215e-01 1.024900266200302751e-01 1.024718289649271946e-01 1.025522167730654327e-01 1.027310278713286229e-01 1.030077657101894084e-01 1.033815872155052357e-01 1.038512979017608417e-01 1.044153519426860022e-01 1.050718482591463110e-01 1.058185560347390669e-01 1.066529200663390298e-01 1.075720780438289559e-01 1.085728827658188345e-01 1.096519111326444001e-01 1.108055162229413110e-01 1.120298460895476911e-01 1.133208740628620786e-01 1.146744256375594323e-01 1.160861950453029035e-01 1.175517774740955090e-01 1.190666822830721422e-01 1.206263448035325564e-01 1.222261271103972924e-01 1.238613110220528890e-01 1.255270883097504009e-01 1.272185422545717148e-01
1.397543706774797834e-01 1.416779636418302180e-01 1.436129754964966809e-01 1.455531112282693329e-01 1.474917929609990408e-01 1.494221359872439370e-01 1.513369319657611178e-01 1.532286360928450664e-01 1.550893699750696964e-01 1.569109329385425522e-01 1.586848312413283724e-01 1.604023286059453046e-01 1.620544994116999149e-01 1.636323049967466359e-01 1.651266754672507664e-01 1.665286048920097683e-01 1.678292719927473031e-01 1.690201475619353133e-01 1.700931178851626813e-01 1.710406018098928893e-01 1.718556643369799075e-01 1.725321421893088458e-01 1.730647431621477883e-01 1.734491405516472573e-01 1.736820498939030122e-01 1.737612831657549539e-01 1.736857994938790506e-01 1.734557266690398836e-01 1.730723611625726577e-01 1.725381509848543937e-01 1.718566467765272887e-01 1.710324492670499963e-01 1.700711378337806945e-01 1.689791779559723095e-01 1.677638281951645549e-01 1.664330185335784196e-01 1.649952411804539720e-01 1.634594393593969408e-01 1.618348891635554287e-01 1.601310963389797060e-01 1.583576812420705027e-01 1.565243056115949161e-01 1.546405192195805800e-01 1.527157625158916399e-01 1.507592767669380385e-01 1.487800466067018546e-01 1.467867579672420542e-01 1.447877705047342090e-01 1.427910966192273146e-01 1.408043931908526392e-01 1.388349573045642993e-01 1.368897244722262208e-01 1.349752796373534791e-01 1.330978672781753247e-01 1.312634060529385693e-01 1.294775070702490760e-01 1.277454852008219344e-01 1.260723790614699802e-01 1.244629651690538491e-01 1.229217675616904593e-01 1.214530438284352754e-01 1.200608720288948439e-01 1.187490903732653091e-01 1.175213278138804718e-01 1.163809881882632569e-01 1.153312623293637484e-01 1.143751241497257959e-01 1.135153255693244073e-01 1.127544005183670622e-01 1.120946268043313127e-01 1.115380301809480029e-01 1.110863701597831210e-01 1.107411257577088914e-01 1.105034868253966657e-01 1.103743240561442102e-01 1.103541773207346449e-01 1.104432416071468026e-01 1.106413530711575083e-01 1.109479844386604269e-01 1.113622311296451201e-01 1.118828052778238769e-01 1.125080350694604020e-01 1.132358594601154678e-01 1.140638554506989838e-01 1.149892427929351257e-01 1.160089018866448246e-01 1.171193970157502345e-01 1.183169848464120377e-01 1.195976708981867087e-01 1.209572289667296269e-01 1.223912335636816312e-01 1.238950885308738176e-01 1.254640443749063250e-01 1.270932332611380555e-01 1.287776830131462935e-01 1.305123298731153125e-01 1.322920191358037401e-01 1.341114974145047323e-01 1.359654020533830887e-01 1.378482411308898092e-01
1.508821481417269295e-01 1.530164118531086026e-01 1.551636594418305815e-01 1.573168606420684845e-01 1.594686673838943136e-01 1.616113886719662274e-01 1.637369733814571515e-01 1.658369974159890070e-01 1.679026682295602368e-01 1.699248384365215914e-01 1.718940392534750727e-01 1.738005373272956955e-01 1.756343943820432851e-01 1.773855523248086541e-01 1.790439241475865750e-01 1.805994996449854229e-01 1.820424790483995969e-01 1.833633920194057965e-01 1.845532342220301825e-01 1.856035967407263787e-01 1.865067916845415119e-01 1.872559908713634091e-01 1.878453356455815348e-01 1.882700412253969224e-01 1.885264814685399248e-01 1.886122487241033707e-01 1.885262098261664132e-01 1.882685298059528223e-01 1.878406718188578295e-01 1.872453780633054898e-01 1.864866155200019526e-01 1.855695176466485574e-01 1.845003051290177720e-01 1.832861831155360999e-01 1.819352378380116875e-01 1.804563015917962643e-01 1.788588312708039585e-01 1.771527847993296656e-01 1.753484895693499801e-01 1.734565273671303809e-01 1.714876063431263198e-01 1.694524791593852442e-01 1.673617721328918007e-01 1.652259877032941360e-01 1.630554039740042260e-01 1.608600103918387259e-01 1.586494605059720897e-01 1.564330408560053454e-01 1.542196472277332364e-01 1.520177751551952394e-01 1.498355149039302947e-01 1.476805492856105018e-01 1.455601658518345110e-01 1.434812680811642371e-01 1.414503917757769236e-01 1.394737256503185974e-01 1.375571240681359164e-01 1.357061297042361225e-01 1.339259897416810730e-01 1.322216670989866671e-01 1.305978255983211433e-01 1.290589272499073625e-01 1.276091659603577066e-01 1.262525023957451753e-01 1.249926473209225786e-01 1.238330759915658580e-01 1.227770248014317528e-01 1.218274867076767354e-01 1.209872167157097500e-01 1.202586906087983881e-01 1.196441104808301792e-01 1.191453899157258467e-01 1.187641391079755776e-01 1.185016560691591614e-01 1.183588939655470795e-01 1.183364486915793184e-01 1.184345435877544594e-01 1.186530140854188398e-01 1.189913025438829181e-01 1.194484425057799754e-01 1.200230514966714318e-01 1.207133294991377809e-01 1.215170520784741165e-01 1.224315993949880305e-01 1.234539600315227303e-01 1.245807493400879068e-01 1.258082335395558082e-01 1.271323374329475508e-01 1.285487053359979648e-01 1.300527209100153514e-01 1.316395416476300595e-01 1.333041290947716007e-01 1.350412667783651433e-01 1.368455979865244032e-01 1.387116404407660042e-01 1.406337999685476625e-01 1.426063708949301956e-01 1.446235274690648998e-01 1.466793124178495389e-01 1.487676153169616988e-01
1.622726752930121197e-01 1.646325311915467215e-01 1.670071308784126518e-01 1.693886507317434453e-01 1.717689109098760325e-01 1.741393492186407155e-01 1.764910037102543072e-01 1.788145000581239374e-01 1.811000580734510035e-01 1.833375079841955135e-01 1.855163285994752276e-01 1.876257110397634709e-01 1.896546254323880354e-01 1.915919155536737195e-01 1.934263995240705358e-01 1.951469868394582474e-01 1.967428258477132708e-01 1.982034351228682545e-01 1.995188540705944980e-01 2.006797854918219159e-01 2.016777339740415398e-01 2.025051585034193524e-01 2.031555934048168144e-01 2.036237632207979487e-01 2.039056759865528756e-01 2.039986890637596750e-01 2.039015707307426650e-01 2.036145262115552912e-01 2.031391974922806820e-01 2.024786421631359079e-01 2.016372734476016559e-01 2.006207957597413716e-01 1.994361171445031278e-01 1.980912356186344814e-01 1.965951247438303129e-01 1.949575843766421790e-01 1.931891061007329491e-01 1.913007364907252650e-01 1.893039311930354851e-01 1.872104271517307794e-01 1.850321006860415340e-01 1.827808763671169012e-01 1.804685373599930753e-01 1.781067276562700863e-01 1.757068401622994547e-01 1.732799449284906368e-01 1.708367362605789641e-01 1.683874976941056312e-01 1.659420751680629746e-01 1.635098660793160019e-01 1.610998133452550551e-01 1.587204026583065586e-01 1.563796758501497519e-01 1.540852431365990760e-01 1.518443013118989660e-01 1.496636567707863852e-01 1.475497397046261483e-01 1.455086296254497202e-01 1.435460737503128914e-01 1.416674999691005243e-01 1.398780011480507124e-01 1.381824435961643560e-01 1.365853944543679033e-01 1.350911612615094404e-01 1.337037745748199946e-01 1.324270049633473612e-01 1.312643604366228456e-01 1.302190825886713754e-01 1.292941538682244040e-01 1.284922531602045448e-01 1.278157630912904741e-01 1.272667547320127657e-01 1.268469722480446149e-01 1.265578241638014578e-01 1.264003480000418789e-01 1.263751971741856051e-01 1.264826245200008636e-01 1.267224655059154270e-01 1.270941325180534320e-01 1.275965971096536811e-01 1.282283814533655142e-01 1.289875558117895005e-01 1.298717298374425788e-01 1.308780832810716999e-01 1.320033686815283991e-01 1.332439299614764372e-01 1.345957271945059930e-01 1.360543432149445009e-01 1.376150490284099026e-01 1.392728237940935865e-01 1.410223912226245546e-01 1.428582512433157481e-01 1.447746983137822852e-01 1.467658619617012716e-01 1.488257219821159383e-01 1.509481229473443875e-01 1.531267742256947340e-01 1.553552404427584188e-01 1.576269291036827003e-01 1.599350672475171320e-01
1.738842638930184759e-01 1.764849293664499386e-01 1.791023121375391047e-01 1.817277353016568398e-01 1.843521235901019739e-01 1.869659764009509728e-01 1.895593504441662469e-01 1.921218476035149170e-01 1.946426238363302141e-01 1.971104085333630351e-01 1.995135479416829671e-01 2.018400764459160612e-01 2.040777909439569493e-01 2.062143557940714633e-01 2.082374140311510635e-01 2.101347165278188156e-01 2.118942842298403018e-01 2.135045527299601620e-01 2.149545377991309847e-01 2.162339918925308135e-01 2.173335561010925343e-01 2.182449274960108210e-01 2.189609918380858444e-01 2.194759495915169223e-01 2.197854181780765359e-01 2.198865041112637864e-01 2.197778704840706587e-01 2.194597654246449869e-01 2.189340217740320116e-01 2.182040337102653937e-01 2.172746907061520738e-01 2.161523065779221153e-01 2.148445231167688818e-01 2.133601848668658096e-01 2.117092129700390568e-01 2.099024408222767701e-01 2.079514655788967659e-01 2.058684974497359543e-01 2.036661984875516307e-01 2.013575412709538714e-01 1.989556521867103245e-01 1.964737103876490754e-01 1.939247380210132321e-01 1.913216021699693237e-01 1.886768906089371367e-01 1.860028319829896692e-01 1.833112367703461087e-01 1.806134579382950578e-01 1.779203606868426102e-01 1.752423098091902276e-01 1.725891626202762930e-01 1.699702654633446219e-01 1.673944681941265944e-01 1.648701374249274820e-01 1.624051765347085952e-01 1.600070512161770320e-01 1.576828051414101706e-01 1.554390885153081603e-01 1.532821787813464787e-01 1.512179954558465766e-01 1.492520835613735386e-01 1.473897341095794233e-01 1.456359048208166751e-01 1.439952648458402984e-01 1.424721767705448838e-01 1.410707165576702560e-01 1.397946720057280934e-01 1.386475398646466184e-01 1.376325352316368211e-01 1.367525440098361911e-01 1.360101323358560155e-01 1.354075309976617292e-01 1.349466198135683692e-01 1.346289191699696353e-01 1.344555519621889461e-01 1.344272299408851012e-01 1.345442360825580275e-01 1.348064063813989022e-01 1.352131236075612974e-01 1.357632974190657593e-01 1.364553543405642722e-01 1.372872340872776653e-01 1.382563787909968089e-01 1.393597653483793497e-01 1.405939066867496479e-01 1.419548703755985075e-01 1.434383038362913865e-01 1.450394394761247430e-01 1.467531645640331173e-01 1.485740410554196311e-01 1.504963437220482592e-01 1.525140930563584074e-01 1.546210737064588059e-01 1.568108777148407296e-01 1.590769200542447026e-01 1.614124538696594391e-01 1.638105699650537483e-01 1.662641861514061736e-01 1.687660338522203873e-01 1.713086329503909766e-01
1.856756143789626556e-01 1.885325630433122290e-01 1.914084347120202090e-01 1.942936375660018200e-01 1.971781352958459910e-01 2.000514195067066292e-01 2.029024926941127571e-01 2.057198569056473691e-01 2.084915254574582488e-01 2.112050458330768099e-01 2.138475489452168754e-01 2.164058286601513725e-01 2.188664245232208871e-01 2.212157378151412279e-01 2.234401540433169076e-01 2.255261850723701555e-01 2.274606470493708288e-01 2.292308190059856587e-01 2.308246242123308534e-01 2.322308014168888712e-01 2.334390711240355298e-01 2.344403184611360269e-01 2.352267382898191594e-01 2.357919729417014276e-01 2.361312239035443239e-01 2.362413305522100826e-01 2.361208438257806630e-01 2.357700572030040076e-01 2.351910062063557461e-01 2.343874426622827578e-01 2.333647622244592046e-01 2.321299265471720441e-01 2.306913576186568893e-01 2.290588003173291698e-01 2.272431838603315157e-01 2.252564415198070324e-01 2.231113473916623013e-01 2.208213509414805598e-01 2.184003995756904348e-01 2.158627829493772465e-01 2.132229605607687262e-01 2.104954501465914618e-01 2.076945964739602413e-01 2.048345729403552029e-01 2.019292440959325197e-01 1.989920771557530388e-01 1.960360762889205855e-01 1.930737385216342861e-01 1.901170196721922445e-01 1.871773197360016849e-01 1.842654744288902691e-01 1.813917507188776979e-01 1.785658623433142300e-01 1.757969839558504166e-01 1.730937729369340927e-01 1.704643975294815039e-01 1.679165539525036832e-01 1.654574981334892281e-01 1.630940688522702631e-01 1.608327045555463519e-01 1.586794259096232507e-01 1.566399691467978972e-01 1.547196997612755309e-01 1.529236628587426206e-01 1.512565646663217300e-01 1.497227957962828926e-01 1.483264310151196086e-01 1.470712276164220511e-01 1.459606373206883412e-01 1.449977556754881158e-01 1.441853339959641711e-01 1.435257637323756608e-01 1.430210608159106223e-01 1.426728577283368493e-01 1.424823627849790830e-01 1.424503460804106003e-01 1.425771207870811796e-01 1.428625235443155561e-01 1.433059077420401062e-01 1.439061213717803545e-01 1.446614954088525640e-01 1.455698388441979130e-01 1.466284255761345356e-01 1.478340283273722189e-01 1.491829181741175236e-01 1.506708829065536992e-01 1.522932524194498261e-01 1.540449019601486391e-01 1.559203264085139706e-01 1.579136595899501283e-01 1.600187139082278054e-01 1.622290142308096261e-01 1.645378161451436505e-01 1.669381517866425912e-01 1.694228454853325405e-01 1.719845296018681635e-01 1.746156432929484303e-01 1.773084205741166375e-01 1.800548758094042967e-01 1.828467766528842631e-01
1.976066151819919348e-01 2.007355405745768484e-01 2.038858451653566273e-01 2.070469589830333246e-01 2.102078172055623362e-01 2.133568321874313722e-01 2.164818770946973781e-01 2.195702757242518621e-01 2.226088175183182916e-01 2.255837845094895155e-01 2.284810070481085309e-01 2.312859523066010947e-01 2.339838160630707820e-01 2.365596507064083587e-01 2.389984997816400336e-01 2.412855539507411107e-01 2.434063455498054751e-01 2.453469220536734496e-01 2.470940441484402172e-01 2.486353724854626634e-01 2.499596490368024837e-01 2.510568962535087989e-01 2.519185751900012149e-01 2.525377355259401657e-01 2.529091371091404805e-01 2.530293355682469714e-01 2.528967624324921504e-01 2.525117587159526056e-01 2.518765741992649576e-01 2.509953391747963281e-01 2.498739851710913007e-01 2.485201598914122678e-01 2.469431117718223212e-01 2.451535396726220173e-01 2.431634412829460079e-01 2.409859160740880912e-01 2.386349865459350406e-01 2.361254172718706967e-01 2.334725203481515521e-01 2.306919845130762925e-01 2.277996861798449735e-01 2.248115666373542154e-01 2.217433780801606469e-01 2.186106848264264546e-01 2.154287116914369027e-01 2.122122462007681454e-01 2.089755656595619904e-01 2.057323878391076333e-01 2.024958326927625840e-01 1.992784054463748455e-01 1.960919864643908550e-01 1.929478255370127293e-01 1.898565583019753145e-01 1.868282211551758887e-01 1.838722748072866009e-01 1.809976350378638688e-01 1.782126911991572527e-01 1.755253412530531354e-01 1.729430174483601590e-01 1.704727052128136855e-01 1.681209248066631579e-01 1.658938783879014556e-01 1.637973563254387921e-01 1.618367936659688144e-01 1.600172512872807817e-01 1.583434428838877139e-01 1.568197363574410363e-01 1.554501537657482779e-01 1.542383861435428216e-01 1.531877399504798232e-01 1.523011519586944529e-01 1.515811738469081404e-01 1.510299567969754231e-01 1.506492443964697059e-01 1.504403293417527210e-01 1.504040391728226067e-01 1.505407166083457537e-01 1.508501985818277435e-01 1.513318091247462249e-01 1.519843348437983077e-01 1.528060115888441872e-01 1.537945180466544215e-01 1.549469600277866288e-01 1.562599058665848362e-01 1.577293838755933764e-01 1.593509001544697046e-01 1.611194638649189326e-01 1.630295881402392677e-01 1.650753686621165839e-01 1.672505020589677982e-01 1.695483267611974099e-01 1.719618575616828626e-01 1.744838033398181665e-01 1.771066153249586939e-01 1.798225025825142265e-01 1.826234482708566087e-01 1.855012074638788255e-01 1.884472937310703589e-01 1.914529633973207079e-01 1.945091864736890885e-01
2.096390428696910668e-01 2.130558226580415992e-01 2.164967058205581052e-01 2.199500794840475726e-01 2.234037810843624849e-01 2.268450703046863692e-01 2.302606137451711221e-01 2.336364763055152893e-01 2.369581400287109896e-01 2.402105356515658874e-01 2.433781054722356507e-01 2.464449016172118867e-01 2.493946876303202997e-01 2.522110793008419671e-01 2.548776920653773592e-01 2.573783116782155655e-01 2.596971063497168219e-01 2.618188159081576427e-01 2.637289674801258088e-01 2.654140785206797193e-01 2.668618539774184062e-01 2.680614024789660377e-01 2.690034080543534101e-01 2.696802929746270894e-01 2.700863495480343990e-01 2.702178328572963917e-01 2.700730475672507569e-01 2.696523841746376604e-01 2.689583180087292136e-01 2.679953783038319659e-01 2.667700617603596114e-01 2.652907398983940790e-01 2.635675333799085696e-01 2.616121482141406385e-01 2.594377104972865333e-01 2.570585518125750313e-01 2.544900142008744703e-01 2.517482529911869715e-01 2.488500242537509954e-01 2.458124979452159242e-01 2.426530515342019134e-01 2.393891353951887735e-01 2.360379947571719095e-01 2.326166705138232316e-01 2.291418325221181718e-01 2.256296718735981977e-01 2.220958201774363983e-01 2.185552945382244761e-01 2.150224546098651046e-01 2.115109830326147022e-01 2.080338732861215789e-01 2.046034224153701064e-01 2.012312481827409072e-01 1.979283045548668740e-01 1.947049069065650839e-01 1.915707653839121283e-01 1.885350046985994621e-01 1.856062025657796988e-01 1.827924179835958840e-01 1.801012122786474490e-01 1.775396298306123610e-01 1.751143597149698583e-01 1.728316342678468120e-01 1.706972921742394567e-01 1.687167594189613040e-01 1.668950804190899029e-01 1.652369213779378565e-01 1.637465721627159587e-01 1.624279645021932672e-01 1.612846156333005432e-01 1.603196466138235021e-01 1.595357674648022750e-01 1.589352623488237137e-01 1.585199836518905725e-01 1.582913062268433979e-01 1.582501131463574240e-01 1.583967752161085651e-01 1.587311287372319968e-01 1.592524680892868638e-01 1.599595187338207769e-01 1.608504220580075084e-01 1.619227273859252803e-01 1.631733733815170229e-01 1.645987248323804442e-01 1.661945676672874905e-01 1.679561258794270706e-01 1.698780863546608122e-01 1.719545969487248360e-01 1.741793492050481840e-01 1.765455953866418015e-01 1.790461902200173316e-01 1.816736257738735816e-01 1.844200482465512825e-01 1.872773084625290463e-01 1.902369768813431949e-01 1.932903600654699017e-01 1.964284973048932570e-01 1.996421454902864712e-01 2.029217620134558808e-01 2.062574735740013987e-01
2.217371645971708827e-01 2.254578239923475391e-01 2.292055950077960258e-01 2.329677557016309464e-01 2.367309748896502530e-01 2.404812843259516164e-01 2.442040648321155694e-01 2.478840396992060269e-01 2.515052979440584036e-01 2.550513310789992993e-01 2.585051038429594938e-01 2.618491630601884057e-01 2.650657498205062912e-01 2.681369540376176142e-01 2.710448755310537194e-01 2.737718102999291969e-01 2.763004811940124594e-01 2.786142436020996316e-01 2.806973196157507844e-01 2.825350180717682846e-01 2.841139482260942595e-01 2.854222536731421123e-01 2.864497982041055990e-01 2.871883419628787903e-01 2.876316838478621962e-01 2.877757615837195915e-01 2.876187454241441177e-01 2.871610771031864462e-01 2.864054684792683991e-01 2.853568677700260015e-01 2.840223655860188434e-01 2.824110943612337388e-01 2.805340919996138216e-01 2.784041240011070339e-01 2.760355039499562402e-01 2.734438606124638405e-01 2.706459259204556100e-01 2.676593209224616965e-01 2.645023244068454571e-01 2.611936693262193465e-01 2.577523182083475972e-01 2.541973161594296426e-01 2.505474874276922836e-01 2.468214358005709208e-01 2.430373618982198392e-01 2.392129448535164626e-01 2.353652532255531005e-01 2.315106837488341285e-01 2.276649132494057148e-01 2.238428760284397745e-01 2.200587493197275479e-01 2.163259440874095996e-01 2.126571226832865424e-01 2.090642146688677372e-01 2.055584435176072977e-01 2.021503625322652875e-01 1.988498757826004659e-01 1.956662800053279028e-01 1.926082955227118865e-01 1.896840894910470365e-01 1.869012556511959744e-01 1.842669914054321789e-01 1.817879882595926366e-01 1.794705020481129620e-01 1.773203338513926197e-01 1.753428657231344279e-01 1.735430663801816598e-01 1.719254953946745823e-01 1.704943252630117534e-01 1.692532824483716225e-01 1.682056696408469609e-01 1.673543518159720245e-01 1.667017423747250149e-01 1.662497987980540437e-01 1.659999745960625828e-01 1.659532053493791293e-01 1.661098875778377337e-01 1.664698553399103498e-01 1.670323726449538249e-01 1.677961038984262798e-01 1.687590968210570253e-01 1.699187727370403966e-01 1.712719048077543382e-01 1.728146560879274818e-01 1.745425717213959782e-01 1.764505946116155799e-01 1.785330894387790746e-01 1.807838373704374058e-01 1.831961227146600979e-01 1.857627480851343493e-01 1.884760766455279568e-01 1.913280668978146193e-01 1.943102880775283703e-01 1.974139726305332576e-01 2.006300303819857356e-01 2.039490649674817468e-01 2.073613689703139307e-01 2.108569068365362398e-01 2.144252962709417842e-01 2.180557747988254025e-01
2.338682478238614526e-01 2.379089224109727507e-01 2.419800149982509196e-01 2.460676270833940249e-01 2.501571864497831310e-01 2.542334199659809779e-01 2.582803416516744055e-01 2.622812486079280081e-01 2.662187493230289137e-01 2.700748063316529834e-01 2.738308155822838930e-01 2.774677267629545030e-01 2.809661668959124170e-01 2.843066095637544755e-01 2.874695505128134765e-01 2.904357104338283757e-01 2.931862851134608983e-01 2.957031684659994775e-01 2.979692060340761728e-01 2.999684327449484433e-01 3.016863037565881700e-01 3.031099467604578823e-01 3.042283624751468962e-01 3.050326145629650432e-01 3.055159829439723640e-01 3.056740713675764054e-01 3.055049081792779453e-01 3.050089879801206605e-01 3.041892698198683243e-01 3.030511404207294479e-01 3.016023123212115964e-01 2.998527150603665370e-01 2.978143477342172218e-01 2.955010864839312523e-01 2.929284901888015158e-01 2.901135485633032363e-01 2.870744524947692056e-01 2.838303625097318705e-01 2.804011577857167259e-01 2.768072151580348028e-01 2.730691655579744470e-01 2.692077340803354923e-01 2.652434098841520704e-01 2.611964461989361164e-01 2.570866606857307723e-01 2.529333058751581098e-01 2.487549711144303455e-01 2.445695145425867967e-01 2.403940093604628181e-01 2.362447177182791513e-01 2.321370733461236846e-01 2.280856700026509809e-01 2.241042793574433423e-01 2.202058668482041737e-01 2.164026196762508514e-01 2.127059851722476747e-01 2.091266926765095180e-01 2.056747989209674610e-01 2.023597215857471654e-01 1.991902647682008420e-01 1.961745976944102576e-01 1.933204480789605106e-01 1.906349840584522781e-01 1.881248920763672339e-01 1.857963579479896266e-01 1.836551076514413017e-01 1.817064157541934399e-01 1.799551123381836482e-01 1.784056094718716734e-01 1.770618398941459226e-01 1.759272837880597462e-01 1.750049561701324530e-01 1.742973944223736860e-01 1.738066559610710882e-01 1.735342681047794544e-01 1.734812147172331565e-01 1.736479146464503520e-01 1.740341973056152292e-01 1.746392950754295514e-01 1.754618111238550326e-01 1.764997003128163100e-01 1.777502576286654201e-01 1.792100929573568480e-01 1.808751702907754333e-01 1.827407966950843066e-01 1.848016363294845421e-01 1.870517332557389834e-01 1.894845022094764908e-01 1.920928189322188562e-01 1.948690329219056883e-01 1.978050097345291636e-01 2.008921652222339094e-01 2.041214790298360171e-01 2.074835487477303397e-01 2.109686028318971951e-01 2.145665167125622996e-01 2.182668061208553889e-01 2.220586077678728398e-01 2.259306590761405165e-01 2.298712623692521495e-01
2.460029264020292539e-01 2.503798220825441123e-01 2.547907516375748638e-01 2.592205712938920326e-01 2.636533939927820369e-01 2.680725632324964525e-01 2.724606436027035006e-01 2.767994198063055689e-01 2.810699307065210317e-01 2.852525186036420912e-01 2.893269180602565105e-01 2.932723886144377179e-01 2.970678506470098568e-01 3.006920702399467626e-01 3.041238501560898921e-01 3.073422500339740293e-01 3.103268569569150315e-01 3.130580266242175558e-01 3.155171570116839241e-01 3.176869444988674740e-01 3.195516325007201064e-01 3.210972827480175762e-01 3.223119908549626489e-01 3.231860903848761679e-01 3.237123173242832941e-01 3.238859252672912081e-01 3.237047933701968083e-01 3.231694706913419979e-01 3.222831738175780947e-01 3.210517468939258490e-01 3.194835515176274177e-01 3.175893493708455417e-01 3.153821433029476151e-01 3.128769696640329445e-01 3.100906887099024734e-01 3.070417130605292977e-01 3.037497597970466590e-01 3.002356009085247468e-01 2.965207919756598365e-01 2.926274331250313665e-01 2.885779057975121908e-01 2.843946993841827697e-01 2.801000532234736440e-01 2.757159562731698044e-01 2.712639296225136665e-01 2.667648850422189022e-01 2.622390173588453610e-01 2.577057290878878026e-01 2.531835705172418294e-01 2.486902096133584705e-01 2.442424113424769005e-01 2.398560232927413882e-01 2.355459934420965351e-01 2.313263856864430090e-01 2.272104088616157258e-01 2.232104573942672310e-01 2.193381338645405965e-01 2.156042978421895684e-01 2.120191020359159240e-01 2.085920199623966798e-01 2.053318235289058324e-01 2.022467935105999037e-01 1.993445925744687930e-01 1.966323513499835529e-01 1.941166498323325107e-01 1.918035637233899415e-01 1.896986760217641288e-01 1.878070871306140033e-01 1.861334463000844375e-01 1.846818882471682743e-01 1.834560650519550529e-01 1.824591353392374660e-01 1.816937536839614009e-01 1.811620707846761102e-01 1.808656815130678386e-01 1.808056125157434246e-01 1.809823004776211219e-01 1.813955668644226804e-01 1.820446105094533640e-01 1.829279727603714267e-01 1.840435162997870744e-01 1.853884115915929720e-01 1.869591079068483597e-01 1.887513735487615363e-01 1.907602811695560951e-01 1.929802197080480175e-01 1.954049155651541025e-01 1.980274188272417302e-01 2.008401969695969569e-01 2.038351445992162836e-01 2.070036253159849571e-01 2.103365048907926693e-01 2.138241623073725839e-01 2.174565452358602213e-01 2.212231812497174044e-01 2.251131932888708886e-01 2.291152908197777727e-01 2.332177479752622906e-01 2.374083814479407972e-01 2.416745121758244186e-01
2.581155007701434467e-01 2.628448522359794204e-01 2.676121708986846093e-01 2.724009978871135274e-01 2.771940562361429050e-01 2.819732262461727146e-01 2.867195390747142025e-01 2.914131794692179089e-01 2.960335263023661789e-01 3.005592092533775350e-01 3.049682079600893325e-01 3.092379980831889141e-01 3.133457003359951809e-01 3.172682819615526562e-01 3.209827639515989706e-01 3.244664595591362777e-01 3.276972662033001971e-01 3.306539255460517746e-01 3.333163180940172943e-01 3.356657382985950844e-01 3.376851615260645922e-01 3.393595348400133549e-01 3.406760080124772716e-01 3.416241520585752145e-01 3.421961350509645783e-01 3.423868449690528060e-01 3.421940049134151174e-01 3.416182200589462092e-01 3.406629745740562543e-01 3.393345882629057453e-01 3.376420978535378814e-01 3.355971307950869620e-01 3.332137345176877097e-01 3.305081531440635101e-01 3.274986021743249154e-01 3.242049767391209092e-01 3.206485849367494700e-01 3.168518798087304744e-01 3.128381670564570616e-01 3.086313473830242238e-01 3.042556329683565042e-01 2.997353602386609306e-01 2.950946027683591932e-01 2.903571707175693351e-01 2.855463745984367363e-01 2.806848713023867847e-01 2.757945462914359602e-01 2.708964303015499175e-01 2.660106326684502087e-01 2.611563067239912606e-01 2.563516252736884327e-01 2.516137628552565508e-01 2.469589129892141299e-01 2.424023029445013522e-01 2.379582234526623485e-01 2.336400714171454618e-01 2.294603728324115244e-01 2.254308349918141552e-01 2.215623851337236716e-01 2.178652002454694314e-01 2.143486833967059302e-01 2.110216921477244267e-01 2.078924022440243324e-01 2.049684023964143953e-01 2.022566762196905121e-01 1.997636546232854360e-01 1.974952310146515233e-01 1.954567750689246430e-01 1.936531697419232589e-01 1.920887461701438204e-01 1.907673213393753786e-01 1.896921895664480939e-01 1.888661143108443796e-01 1.882913313920553111e-01 1.879694955346707386e-01 1.879016693312719755e-01 1.880883016239698613e-01 1.885292016259031700e-01 1.892235319220473277e-01 1.901697709171088213e-01 1.913656895128476865e-01 1.928083354543195238e-01 1.944940003168977027e-01 1.964182606107404139e-01 1.985759590062943503e-01 2.009612137327248527e-01 2.035674376655062234e-01 2.063873193605137435e-01 2.094129197708304024e-01 2.126356783461128830e-01 2.160464539021403063e-01 2.196355561815477864e-01 2.233927538380357236e-01 2.273073308246279789e-01 2.313680954103218834e-01 2.355633946390457423e-01 2.398811029366999525e-01 2.443085973855256277e-01 2.488327335948766761e-01 2.534398047488108374e-01
2.701841429901809533e-01 2.752821707166490106e-01 2.804224202303823299e-01 2.855870467127898382e-01 2.907573071177138035e-01 2.959135375750198138e-01 3.010351506874089367e-01 3.061006426515309187e-01 3.110876410841688089e-01 3.159729699543750159e-01 3.207327599771365167e-01 3.253426090325832742e-01 3.297777452755273897e-01 3.340132462335187458e-01 3.380242631291324740e-01 3.417862786012580423e-01 3.452754208351868082e-01 3.484687432693109321e-01 3.513445408664603864e-01 3.538826447209306170e-01 3.560647078465162818e-01 3.578745159026716083e-01 3.592982339371841305e-01 3.603246396293511844e-01 3.609453105470439849e-01 3.611547546428487965e-01 3.609505327409687214e-01 3.603333079918863979e-01 3.593068419160123095e-01 3.578779474539915961e-01 3.560563612982501347e-01 3.538546085960453391e-01 3.512878200806680007e-01 3.483734927517118107e-01 3.451312484783197188e-01 3.415825215629243461e-01 3.377502728880020233e-01 3.336587030651618768e-01 3.293329386380056123e-01 3.247987553408204220e-01 3.200822737440885968e-01 3.152097577964996233e-01 3.102071975020164740e-01 3.051003082748698358e-01 2.999142750926904744e-01 2.946735853850664388e-01 2.894019004327141320e-01 2.841219635381657671e-01 2.788555259933996333e-01 2.736233073955743333e-01 2.684449666929759060e-01 2.633390804809328523e-01 2.583231592651102360e-01 2.534136609564117681e-01 2.486260208696267626e-01 2.439746961945475079e-01 2.394731888734844549e-01 2.351341010368183382e-01 2.309691759922577192e-01 2.269893300473503905e-01 2.232046274364933303e-01 2.196245274455280727e-01 2.162577383337873915e-01 2.131123213393252003e-01 2.101956733527785837e-01 2.075145858664890486e-01 2.050752642602059750e-01 2.028833457388354577e-01 2.009439425457870687e-01 1.992615755370465425e-01 1.978402183104311374e-01 1.966832915403572968e-01 1.957936577794630872e-01 1.951736283075072298e-01 1.948249085383277623e-01 1.947485887912618896e-01 1.949451231253631067e-01 1.954143030957331273e-01 1.961552514345619447e-01 1.971663817976987421e-01 1.984453732599681108e-01 1.999891524578971125e-01 2.017938562521272572e-01 2.038548735662392142e-01 2.061668220680246966e-01 2.087235545443515139e-01 2.115181754223419697e-01 2.145430159440789020e-01 2.177897334885264269e-01 2.212493133527997091e-01 2.249121080272355744e-01 2.287678665367328112e-01 2.328057387206084183e-01 2.370143320808955067e-01 2.413817180614819535e-01 2.458954451111877437e-01 2.505425243242120903e-01 2.553094015032060793e-01 2.601819308150437604e-01 2.651453310679801612e-01
2.821909282966250099e-01 2.876737901868154923e-01 2.932034486493924619e-01 2.987606011630219993e-01 3.043249614942697412e-01 3.098752397279022630e-01 3.153891439785143636e-01 3.208433926359845478e-01 3.262137703403378275e-01 3.314752020697833701e-01 3.366018757331075140e-01 3.415674179838684710e-01 3.463450723483359472e-01 3.509079369548191440e-01 3.552292068161333471e-01 3.592824516274009117e-01 3.630419529706949144e-01 3.664830043221402045e-01 3.695822496541298907e-01 3.723179980019099555e-01 3.746705284615887144e-01 3.766224212056431542e-01 3.781588201503610636e-01 3.792676810547996324e-01 3.799399702337870610e-01 3.801698026039246892e-01 3.799545713890783438e-01 3.792949999149391460e-01 3.781951365783202124e-01 3.766623040894965246e-01 3.747069625039847196e-01 3.723425646024531854e-01 3.695853606353755039e-01 3.664541426295199189e-01 3.629699866298549682e-01 3.591559191845275500e-01 3.550366119731228065e-01 3.506380758842245760e-01 3.459873252649675046e-01 3.411120817299940211e-01 3.360404485424617338e-01 3.308006946551320659e-01 3.254208061086378834e-01 3.199284855183393006e-01 3.143508757869247217e-01 3.087143792654207797e-01 3.030445177589815020e-01 2.973658315515592121e-01 2.917017973875896675e-01 2.860747830948705550e-01 2.805060135571114666e-01 2.750155443841107994e-01 2.696222766470723897e-01 2.643439685149310825e-01 2.591972650505084408e-01 2.541977440706595370e-01 2.493599385056775031e-01 2.446973948493494921e-01 2.402227162727680054e-01 2.359475962906503188e-01 2.318827920814182375e-01 2.280383910771996980e-01 2.244236546419324241e-01 2.210471318028272014e-01 2.179166428574539072e-01 2.150393453937750055e-01 2.124217581416946443e-01 2.100697836092363935e-01 2.079887581514599237e-01 2.061833846617560639e-01 2.046577838850933972e-01 2.034154922017331335e-01 2.024594600528709099e-01 2.017920630559387474e-01 2.014150466925295480e-01 2.013295193806138306e-01 2.015359321367702072e-01 2.020340522623562951e-01 2.028229580085194605e-01 2.039009956440468452e-01 2.052657517501845497e-01 2.069140330709751674e-01 2.088418245719169397e-01 2.110443318637476029e-01 2.135159528768421355e-01 2.162502807042288311e-01 2.192401170567040147e-01 2.224774408838175455e-01 2.259535098438995859e-01 2.296588570581847011e-01 2.335833281396580974e-01 2.377161076726584388e-01 2.420457191024469601e-01 2.465600815431709947e-01 2.512465127466250170e-01 2.560917403485502009e-01 2.610818841064392881e-01 2.662024243905761201e-01 2.714381734292214410e-01 2.767732286890974280e-01
2.941217861502341546e-01 3.000055240323646344e-01 3.059409467503593216e-01 3.119072215533254533e-01 3.178824411906068237e-01 3.238436072095716711e-01 3.297666368548544669e-01 3.356263812333583618e-01 3.413966903492139382e-01 3.470504973100320689e-01 3.525599541130408077e-01 3.578966239246472725e-01 3.630316751793046248e-01 3.679361389489476664e-01 3.725811700252900094e-01 3.769383456264258081e-01 3.809800264722881802e-01 3.846796776941342477e-01 3.880122303473320100e-01 3.909544162938119460e-01 3.934850926995735465e-01 3.955855935746132590e-01 3.972400084497121897e-01 3.984354453733803259e-01 3.991622409940810967e-01 3.994141059705305086e-01 3.991882617680803103e-01 3.984854945767883905e-01 3.973101489745509696e-01 3.956700731339442001e-01 3.935764722211014255e-01 3.910437542581767789e-01 3.880893222793372344e-01 3.847333019975938129e-01 3.809982674987178464e-01 3.769088863656169797e-01 3.724915945767199310e-01 3.677742713917374062e-01 3.627858813315063546e-01 3.575561582904521751e-01 3.521152583346779386e-01 3.464935290706223081e-01 3.407210288009188126e-01 3.348275264304485521e-01 3.288422039628144944e-01 3.227934613810961029e-01 3.167087646740949225e-01 3.106145350970108132e-01 3.045360585147938726e-01 2.984974336804628869e-01 2.925215324385367910e-01 2.866299680407012329e-01 2.808431077387379959e-01 2.751800818899250434e-01 2.696588129788797250e-01 2.642960624114312762e-01 2.591074517944886857e-01 2.541075241107036975e-01 2.493097886658071916e-01 2.447267563580832195e-01 2.403699111401865485e-01 2.362499967790754607e-01 2.323768497850737524e-01 2.287595233488063651e-01 2.254062720729868852e-01 2.223246255732899135e-01 2.195214173883469622e-01 2.170028128652377875e-01 2.147743667596554440e-01 2.128409555356214622e-01 2.112068366170006262e-01 2.098756502564164128e-01 2.088504222674811284e-01 2.081335800867383512e-01 2.077268972143545833e-01 2.076314891233273230e-01 2.078477941655026418e-01 2.083755475220575581e-01 2.092137771942142732e-01 2.103607584413811349e-01 2.118139838788233309e-01 2.135701409631760028e-01 2.156250651776573102e-01 2.179737828887888806e-01 2.206104775450155320e-01 2.235284884586821730e-01 2.267203206781773506e-01 2.301776063419949669e-01 2.338912077930055955e-01 2.378512085675561494e-01 2.420469474811391686e-01 2.464670415689819150e-01 2.510993808659545135e-01 2.559311846322900319e-01 2.609490004092183679e-01 2.661387130034535420e-01 2.714855228698378475e-01 2.769739106606906587e-01 2.825876058672493474e-01 2.883095371891453151e-01
3.059663330407218496e-01 3.122668130885890014e-01 3.186241667193023264e-01 3.250159578156540663e-01 3.314185798018753348e-01 3.378072429100477114e-01 3.441559871040638652e-01 3.504377070180947351e-01 3.566242270141639081e-01 3.626863965234400911e-01 3.685942400530630159e-01 3.743171670246170923e-01 3.798241828012794419e-01 3.850841666935464480e-01 3.900661526523543365e-01 3.947396496674160926e-01 3.990750274423395250e-01 4.030438587245513959e-01 4.066193042106857614e-01 4.097764679891871542e-01 4.124927417085425541e-01 4.147481767513952478e-01 4.165257788824330842e-01 4.178117860677811879e-01 4.185958897286873315e-01 4.188713872329911658e-01 4.186353255740285495e-01 4.178885571365167362e-01 4.166357317866377641e-01 4.148852378048522582e-01 4.126490453317713802e-01 4.099425425589289795e-01 4.067843151573022342e-01 4.031958571251703649e-01 3.992012798523416062e-01 3.948269357226208975e-01 3.901010732023396654e-01 3.850534925535447628e-01 3.797151653670399196e-01 3.741178988675002981e-01 3.682939669420580708e-01 3.622758647819204758e-01 3.560957949377614451e-01 3.497856680163531351e-01 3.433767832495208117e-01 3.368996185878492255e-01 3.303836661843237432e-01 3.238573112750186556e-01 3.173477322104776843e-01 3.108808417009317204e-01 3.044812405017846557e-01 2.981721795794229357e-01 2.919755698711266056e-01 2.859119880983473916e-01 2.800007043522573236e-01 2.742597292774571760e-01 2.687058336197519770e-01 2.633546117510861539e-01 2.582205280793142821e-01 2.533169536066905425e-01 2.486561352236386913e-01 2.442495032895194984e-01 2.401074932681873386e-01 2.362396803197865380e-01 2.326547653367786739e-01 2.293606566261658375e-01 2.263645043733914786e-01 2.236727343443640770e-01 2.212911137072121615e-01 2.192246834778863451e-01 2.174778264901817970e-01 2.160542740229381975e-01 2.149571135676920652e-01 2.141888105603703130e-01 2.137511530984737562e-01 2.136452512658633951e-01 2.138715197378991961e-01 2.144296523699767976e-01 2.153186198935313767e-01 2.165366218010482680e-01 2.180810542731554946e-01 2.199484852450235839e-01 2.221346024607641634e-01 2.246342566100953675e-01 2.274414215798210570e-01 2.305491886280096048e-01 2.339497721434162236e-01 2.376344630066053454e-01 2.415937328003519291e-01 2.458172182735086364e-01 2.502937517460184225e-01 2.550113798048089797e-01 2.599573522281671822e-01 2.651181770511876756e-01 2.704796150826908052e-01 2.760266861649311454e-01 2.817436432393721768e-01 2.876139325829696891e-01 2.936201596618079335e-01 2.997440363937524666e-01
3.177176124166593008e-01 3.244504586581218875e-01 3.312456478710096852e-01 3.380790670215620963e-01 3.449253317138276098e-01 3.517577781878741816e-01 3.585484831701938324e-01 3.652682964968475554e-01 3.718869272035297824e-01 3.783730510691317717e-01 3.846944758946698739e-01 3.908183700085623991e-01 3.967114911735465377e-01 4.023404861993712944e-01 4.076721920161857082e-01 4.126739784828862834e-01 4.173141593077320799e-01 4.215623562162720828e-01 4.253899076168694005e-01 4.287702447194781108e-01 4.316792554114141645e-01 4.340956770352309979e-01 4.360014068325904213e-01 4.373817943803646191e-01 4.382258736964155799e-01 4.385265224230187053e-01 4.382806120929836902e-01 4.374890654044200078e-01 4.361568464343349993e-01 4.342928970489066121e-01 4.319099700927397922e-01 4.290244557994860042e-01 4.256561484252186500e-01 4.218279401947056528e-01 4.175655137710900244e-01 4.128969443087069369e-01 4.078523347978365576e-01 4.024634527786646876e-01 3.967633274059786386e-01 3.907858939881386218e-01 3.845656032068654473e-01 3.781371611092518292e-01 3.715349813259096190e-01 3.647931870248418140e-01 3.579452689189057124e-01 3.510238601220083687e-01 3.440605585589390780e-01 3.370857948595348819e-01 3.301287223873353160e-01 3.232171507298596258e-01 3.163774920658391498e-01 3.096347163191115470e-01 3.030123573168949647e-01 2.965325144571122062e-01 2.902158781006778931e-01 2.840817765068603395e-01 2.781481928993691510e-01 2.724318308751080275e-01 2.669481618176278159e-01 2.617114623493915770e-01 2.567347810812215525e-01 2.520302676016156207e-01 2.476089822290932774e-01 2.434810416697665847e-01 2.396556065193141405e-01 2.361409715100601936e-01 2.329446060201601221e-01 2.300731941708409611e-01 2.275327095681825285e-01 2.253283484759024957e-01 2.234646073043286552e-01 2.219452947015227717e-01 2.207735451284719430e-01 2.199518470233252088e-01 2.194819883692321894e-01 2.193650600535139716e-01 2.196014406654412110e-01 2.201907721351198943e-01 2.211319595514509573e-01 2.224231205991036575e-01 2.240615513659691416e-01 2.260436989558046172e-01 2.283651041696496686e-01 2.310204447701439956e-01 2.340034893161087037e-01 2.373070861683274635e-01 2.409231645985576709e-01 2.448426794256730599e-01 2.490557157331051985e-01 2.535514660324153513e-01 2.583182562153262807e-01 2.633435592785076107e-01 2.686139776281570857e-01 2.741152963777221396e-01 2.798324726860269007e-01 2.857496388186506198e-01 2.918500714344705593e-01 2.981161471442063116e-01 3.045293054089169837e-01 3.110699926259891113e-01
3.293718601971965532e-01 3.365523804083733195e-01 3.438009659743272994e-01 3.510917532008295261e-01 3.583975015209376336e-01 3.656895910521059112e-01 3.729380503394243429e-01 3.801115976298448662e-01 3.871777390469632874e-01 3.941028894490685719e-01 4.008525540465577852e-01 4.073915766851806675e-01 4.136843875651257108e-01 4.196953253901978265e-01 4.253889595336955431e-01 4.307304558921279947e-01 4.356860135957178470e-01 4.402232513120521440e-01 4.443116399053288479e-01 4.479228992005114818e-01 4.510313814508492558e-01 4.536144845323608621e-01 4.556529778562772859e-01 4.571313090724861139e-01 4.580378465753349171e-01 4.583650448750171136e-01 4.581096010626359294e-01 4.572725131883146332e-01 4.558590682577007835e-01 4.538787738633823232e-01 4.513451808352484940e-01 4.482756998155952854e-01 4.446913551103652273e-01 4.406164617598690159e-01 4.360783015796770301e-01 4.311067037844837357e-01 4.257336608177256232e-01 4.199929464101327392e-01 4.139196903280565887e-01 4.075500033573207781e-01 4.009205648390809507e-01 3.940683482382146274e-01 3.870300389256403073e-01 3.798420379635477073e-01 3.725400970090155806e-01 3.651590775496771357e-01 3.577327597497373946e-01 3.502936987686169901e-01 3.428731040830791943e-01 3.355007644712546533e-01 3.282049862115342664e-01 3.210125402955171237e-01 3.139486641360076380e-01 3.070370581378511488e-01 3.002999080397489862e-01 2.937579308625085095e-01 2.874303886403709596e-01 2.813351551466566902e-01 2.754887637562060676e-01 2.699064453067616665e-01 2.646020918525404664e-01 2.595886075762929290e-01 2.548777060169764019e-01 2.504800671560404868e-01 2.464053265230123635e-01 2.426621744654086366e-01 2.392584031826595070e-01 2.362009538035629574e-01 2.334960007473059485e-01 2.311488862456052007e-01 2.291642081648452012e-01 2.275458382945333147e-01 2.262969425418381308e-01 2.254200163269995394e-01 2.249168316246240307e-01 2.247884450135496093e-01 2.250351851970623096e-01 2.256566301418240772e-01 2.266516094704035256e-01 2.280181515843513751e-01 2.297534474281554273e-01 2.318538206344962771e-01 2.343146646086325113e-01 2.371304857699942648e-01 2.402948505060246709e-01 2.438003684390977199e-01 2.476386883446701215e-01 2.518004333317164778e-01 2.562753054409702691e-01 2.610520547266839131e-01 2.661184999550008090e-01 2.714615366194702561e-01 2.770671118528181265e-01 2.829202753280990468e-01 2.890051627735647499e-01 2.953049953606861622e-01 3.018020437589216121e-01 3.084775786688363497e-01 3.153118306244408475e-01 3.222839308679968928e-01
3.409280888527931319e-01 3.485711923476601526e-01 3.562883007781761924e-01 3.640517261232990576e-01 3.718322938294156277e-01 3.795993468182702890e-01 3.873207821528993899e-01 3.949631019810362909e-01 4.024915248826189673e-01 4.098701211923838628e-01 4.170620120259039276e-01 4.240296384424218634e-01 4.307350288745675493e-01 4.371401446851720385e-01 4.432072240637697780e-01 4.488991714588103088e-01 4.541800205017955117e-01 4.590153426047597907e-01 4.633727036933151799e-01 4.672220814202820427e-01 4.705362679389106795e-01 4.732913031543565241e-01 4.754668156105679167e-01 4.770463429557924573e-01 4.780175842537682240e-01 4.783725709168810125e-01 4.781078288840712731e-01 4.772244376278293454e-01 4.757280155560594248e-01 4.736286466033243769e-01 4.709406920866103241e-01 4.676825974500732341e-01 4.638766334372521616e-01 4.595485564325035854e-01 4.547272683826765194e-01 4.494443762753609350e-01 4.437337888603009040e-01 4.376313165822851015e-01 4.311742243558436827e-01 4.244008373918854993e-01 4.173501073549583662e-01 4.100613238986294817e-01 4.025734975685634764e-01 3.949253661125055048e-01 3.871550058439830466e-01 3.792995749534324723e-01 3.713951083515635854e-01 3.634763618499208260e-01 3.555766800646225634e-01 3.477279121181812149e-01 3.399603407729386295e-01 3.323026207078488281e-01 3.247817748465111620e-01 3.174231847811089247e-01 3.102506091018413237e-01 3.032862275131011920e-01 2.965506502676770739e-01 2.900629855338489049e-01 2.838408870481924362e-01 2.779005918039483269e-01 2.722568802729829485e-01 2.669234496704657178e-01 2.619126979582127035e-01 2.572358926646379773e-01 2.529031617009172561e-01 2.489236020770984048e-01 2.453053339198474070e-01 2.420555551156244600e-01 2.391806359829360962e-01 2.366860558032375939e-01 2.345765017970766197e-01 2.328558943655260061e-01 2.315274147512788594e-01 2.305935484952054138e-01 2.300560346199704287e-01 2.299158790610570102e-01 2.301733454731172690e-01 2.308279343543487294e-01 2.318783885002886347e-01 2.333226379765306613e-01 2.351577619410998299e-01 2.373799563308019445e-01 2.399844651455180777e-01 2.429656235198714986e-01 2.463167973429460089e-01 2.500303602103655098e-01 2.540976836140536044e-01 2.585090619455584493e-01 2.632538163162974065e-01 2.683202547788689496e-01 2.736956869502643053e-01 2.793664255783058215e-01 2.853177532895545543e-01 2.915339704530087728e-01 2.979983722341759123e-01 3.046932438433676005e-01 3.115998189275603902e-01 3.186982247587307193e-01 3.259674388356215702e-01 3.333852265580563023e-01
3.523876586651820686e-01 3.605077657077080389e-01 3.687079901096754764e-01 3.769587462568010361e-01 3.852288487799858663e-01 3.934855239708336394e-01 4.016944564612501267e-01 4.098198509009022272e-01 4.178245575929951383e-01 4.256702234603941259e-01 4.333175095410016220e-01 4.407263821074391963e-01 4.478564006551455368e-01 4.546670876604941292e-01 4.611182947535373278e-01 4.671706161388301526e-01 4.727858780159322483e-01 4.779275694686330178e-01 4.825613231782732160e-01 4.866553527074656271e-01 4.901808741052383067e-01 4.931125586682025830e-01 4.954288881273840039e-01 4.971124882032462167e-01 4.981503899763566334e-01 4.985342056277035083e-01 4.982602957418781342e-01 4.973298283984154966e-01 4.957487615657936719e-01 4.935277643898917654e-01 4.906820180320187741e-01 4.872310126568790145e-01 4.831982761286673922e-01 4.786110179013887689e-01 4.734997732878036825e-01 4.678979422520194720e-01 4.618413676233109055e-01 4.553679176340193480e-01 4.485170172709860292e-01 4.413292355464819572e-01 4.338458307786312029e-01 4.261084486648660241e-01 4.181584700346699379e-01 4.100370205085462905e-01 4.017845580071374711e-01 3.934405999247364560e-01 3.850435035928331251e-01 3.766302977960446219e-01 3.682365385431597415e-01 3.598962146917848437e-01 3.516416670757182006e-01 3.435035167856966831e-01 3.355106551063991027e-01 3.276902266407084041e-01 3.200676425562298810e-01 3.126666219130137536e-01 3.055091957235560041e-01 2.986157741694484002e-01 2.920051932741180023e-01 2.856947517306247519e-01 2.797001669629717857e-01 2.740359710776604785e-01 2.687152808784104563e-01 2.637499786561641746e-01 2.591507047851276391e-01 2.549269762641509507e-01 2.510872481479546336e-01 2.476389763357667029e-01 2.445887232309637838e-01 2.419420969730915749e-01 2.397038623877139896e-01 2.378779739525815062e-01 2.364676118029570284e-01 2.354752341055310338e-01 2.349025290960876367e-01 2.347504346124014984e-01 2.350191327814561693e-01 2.357080316482060567e-01 2.368157742089034845e-01 2.383401814264961005e-01 2.402782122394113151e-01 2.426259288204585529e-01 2.453784218818024221e-01 2.485298534337908871e-01 2.520733886323754946e-01 2.560011658395622280e-01 2.603042805562141848e-01 2.649726995447686528e-01 2.699953631854754010e-01 2.753601360717122803e-01 2.810538147241996576e-01 2.870621219781552269e-01 2.933696648101662974e-01 2.999599785221421233e-01 3.068154967166548119e-01 3.139175419591169747e-01 3.212462781099091891e-01 3.287806498894437768e-01 3.364983362228391450e-01 3.443756847803575161e-01
3.637538065891363637e-01 3.723647496883142338e-01 3.810620422674952379e-01 3.898141286312528098e-01 3.985877372686583153e-01 4.073479006969721317e-01 4.160580133032226735e-01 4.246799048608986826e-01 4.331739815870219168e-01 4.414993939489441632e-01 4.496142736652287142e-01 4.574760478183487744e-01 4.650417481796548236e-01 4.722684058641957172e-01 4.791134402131073111e-01 4.855350964683123882e-01 4.914929618100149500e-01 4.969484183545164191e-01 5.018651475606492607e-01 5.062095870028067157e-01 5.099513701298282742e-01 5.130637977867245070e-01 5.155242068342497097e-01 5.173143159437495475e-01 5.184204951229710590e-01 5.188339453758904485e-01 5.185508704399984792e-01 5.175725353475492119e-01 5.159052453651911119e-01 5.135602617202955633e-01 5.105535912372710650e-01 5.069057737189297530e-01 5.026415984788719094e-01 4.977897322021465065e-01 4.923823481974380911e-01 4.864546451538718785e-01 4.800444076560623774e-01 4.731915722726237616e-01 4.659377382583171912e-01 4.583257370901938632e-01 4.503991575845746609e-01 4.422020312753159876e-01 4.337781449343807161e-01 4.251710545458466384e-01 4.164236487824726218e-01 4.075778599315760253e-01 3.986744296741465687e-01 3.897527274558231780e-01 3.808505934147125016e-01 3.720042331213602171e-01 3.632481257203943326e-01 3.546149410931623280e-01 3.461355223117598134e-01 3.378388602068596591e-01 3.297521003489934932e-01 3.219005805153799527e-01 3.143078281791120143e-01 3.069956266594147665e-01 2.999840599245184869e-01 2.932915477582184738e-01 2.869347969290793610e-01 2.809292200558301533e-01 2.752886907982481368e-01 2.700257367740603875e-01 2.651515339592757647e-01 2.606760353794745910e-01 2.566080403451864722e-01 2.529552659532628422e-01 2.497244643851327661e-01 2.469213655603086366e-01 2.445508008702281799e-01 2.426167446503775804e-01 2.411223594324203301e-01 2.400700581122297561e-01 2.394614595924015599e-01 2.392974151635249846e-01 2.395780076947393034e-01 2.403025363166780559e-01 2.414695295810496134e-01 2.430766867410935617e-01 2.451208361008338221e-01 2.475978979015864834e-01 2.505028034949663418e-01 2.538295376512425539e-01 2.575710622164148478e-01 2.617192787084313133e-01 2.662650054798304522e-01 2.711978802833029389e-01 2.765064604568122641e-01 2.821781631514335142e-01 2.881992652997822923e-01 2.945548901155668475e-01 3.012289552691160277e-01 3.082042127597190428e-01 3.154622112277813972e-01 3.229832816168492493e-01 3.307464830975017644e-01 3.387295367850916561e-01 3.469087758307656810e-01 3.552590769618753086e-01
3.750311076498071272e-01 3.841460290099694697e-01 3.933535901874958274e-01 4.026201941197286027e-01 4.119104098863729524e-01 4.211870020633539657e-01 4.304110009267422821e-01 4.395417889462341354e-01 4.485372584026318110e-01 4.573539972385554098e-01 4.659475465603771238e-01 4.742727387215390777e-01 4.822840286748018568e-01 4.899359141002245233e-01 4.971833472992526759e-01 5.039821972229251434e-01 5.102897920652009756e-01 5.160653939862351880e-01 5.212707267133569466e-01 5.258704510059688531e-01 5.298326216717631487e-01 5.331291768868428038e-01 5.357363191787744006e-01 5.376348724274007118e-01 5.388105584785869429e-01 5.392541797006182858e-01 5.389617943605637951e-01 5.379347739727134980e-01 5.361797783072673740e-01 5.337086653032626637e-01 5.305382693646322201e-01 5.266901793689405809e-01 5.221904434660800121e-01 5.170691814833516808e-01 5.113601999763529582e-01 5.051004918003280109e-01 4.983297799549392670e-01 4.910900683947128642e-01 4.834251330923534651e-01 4.753800748932200393e-01 4.670008254063092168e-01 4.583338206623366884e-01 4.494252785246741211e-01 4.403212180953986477e-01 4.310669991322947370e-01 4.217070167316244178e-01 4.122844522015296498e-01 4.028410778645136192e-01 3.934170864422655844e-01 3.840509740985497134e-01 3.747794365822659790e-01 3.656372740918055197e-01 3.566573650755113234e-01 3.478706308827960725e-01 3.393060351848312672e-01 3.309906163890834474e-01 3.229494772385258505e-01 3.152058488494824950e-01 3.077811326293538596e-01 3.006949328617892214e-01 2.939650021419076276e-01 2.876076832641149550e-01 2.816376486775905019e-01 2.760681055968141062e-01 2.709107921787584083e-01 2.661761166242894716e-01 2.618732345597813427e-01 2.580101297992261622e-01 2.545937438982080470e-01 2.516299229715979746e-01 2.491235550037934343e-01 2.470786206105155813e-01 2.454982484589872671e-01 2.443847881211261008e-01 2.437397701063791777e-01 2.435639398586592619e-01 2.438572620966248938e-01 2.446189091282495176e-01 2.458472787081328603e-01 2.475399338341415789e-01 2.496935596168502747e-01 2.523039238725663380e-01 2.553657900407874659e-01 2.588729589105234208e-01 2.628181836939265104e-01 2.671931245950757150e-01 2.719883187109074507e-01 2.771930703989918809e-01 2.827955485700455740e-01 2.887827158419828955e-01 2.951403199325899340e-01 3.018528715976290244e-01 3.089035824648084794e-01 3.162743999853079302e-01 3.239459615458766262e-01 3.318975747615102168e-01 3.401071567049735456e-01 3.485511616210443808e-01 3.572045278390387768e-01 3.660406065251242680e-01
3.862250298402508664e-01 3.958562646167656518e-01 4.055864171246260086e-01 4.153797793694274376e-01 4.251986904856640548e-01 4.350035767402556375e-01 4.447530353439889672e-01 4.544039350812988931e-01 4.639115916189375799e-01 4.732299725946951807e-01 4.823119765555768379e-01 4.911097959095402365e-01 4.995752708847205348e-01 5.076603355635290749e-01 5.153174529366504331e-01 5.225001011946334151e-01 5.291633426116236771e-01 5.352643193897052010e-01 5.407628037248544128e-01 5.456216909331534914e-01 5.498074725952285524e-01 5.532907424883130032e-01 5.560465886525710610e-01 5.580549603737177122e-01 5.593009506514722284e-01 5.597749804936450468e-01 5.594729770343004338e-01 5.583964289219047750e-01 5.565523568956374234e-01 5.539532176484640580e-01 5.506166706979849224e-01 5.465653473492152470e-01 5.418265443170096063e-01 5.364318214130510132e-01 5.304166034017947506e-01 5.238196614489277758e-01 5.166826415566804220e-01 5.090496015051017009e-01 5.009664835374852965e-01 4.924806518323923132e-01 4.836403803436351012e-01 4.744945159351569575e-01 4.650917210258252998e-01 4.554804997050515003e-01 4.457087132299062948e-01 4.358232585963190409e-01 4.258698043804754474e-01 4.158925816174006140e-01 4.059341989612981760e-01 3.960355132220803598e-01 3.862355124698776954e-01 3.765712073669098547e-01 3.670775950671245069e-01 3.577876124867349072e-01 3.487321267539894576e-01 3.399399612573170693e-01 3.314378759089383064e-01 3.232506278869380911e-01 3.154010095198827024e-01 3.079098772436756337e-01 3.007960903410787368e-01 2.940769758294209946e-01 2.877680511868085933e-01 2.818832416209149372e-01 2.764348779360061292e-01 2.714338462291123744e-01 2.668896737008762954e-01 2.628106191995855934e-01 2.592038156038740659e-01 2.560752215634525819e-01 2.534297731511446772e-01 2.512714446930164880e-01 2.496033152898523566e-01 2.484276532541683791e-01 2.477458813486135558e-01 2.475586191812716719e-01 2.478656933619595437e-01 2.486661300499899141e-01 2.499581781010664916e-01 2.517392476594866868e-01 2.540058657526704233e-01 2.567536346936400982e-01 2.599771386511110505e-01 2.636699846691166749e-01 2.678247087943837479e-01 2.724327220695910157e-01 2.774842727099169348e-01 2.829683236784237832e-01 2.888726463579825987e-01 2.951837379731196420e-01 3.018868035951640660e-01 3.089657248941707901e-01 3.164029869965506170e-01 3.241797079437808149e-01 3.322755841316823444e-01 3.406688649240413591e-01 3.493362849804305670e-01 3.582529858943809820e-01 3.673924600879153735e-01 3.767264770781766914e-01
3.973413820237063909e-01 4.075003385582533499e-01 4.177643992535585160e-01 4.280956779158486825e-01 4.384542166513122896e-01 4.487980377105774688e-01 4.590832421883997427e-01 4.692641259589942493e-01 4.792933737822791529e-01 4.891222847988377365e-01 4.987010737584174902e-01 5.079792596362079360e-01 5.169060426453301327e-01 5.254307764424620553e-01 5.335034263146652966e-01 5.410750794321061985e-01 5.480985395321766873e-01 5.545288430408101821e-01 5.603238306264860524e-01 5.654446567112647593e-01 5.698562773710348361e-01 5.735279714614576196e-01 5.764337422714451709e-01 5.785526930707495241e-01 5.798693140341735219e-01 5.803736669808809978e-01 5.800615652388013688e-01 5.789346262655454822e-01 5.770002372722095041e-01 5.742714528219243775e-01 5.707667502517793645e-01 5.665097900166214950e-01 5.615290988277339412e-01 5.558576535308015210e-01 5.495324709723259371e-01 5.425940726082935095e-01 5.350859990319589699e-01 5.270543347002746293e-01 5.185471637629845976e-01 5.096140937076086841e-01 5.003057265710347812e-01 4.906733129806805094e-01 4.807679606118396842e-01 4.706406684581805333e-01 4.603418187296832720e-01 4.499208395824110807e-01 4.394259259079459912e-01 4.289038160124020171e-01 4.183995918973619776e-01 4.079565364931003191e-01 3.976160026650393253e-01 3.874172897307622820e-01 3.773975961387535660e-01 3.675919597931003313e-01 3.580332380072278609e-01 3.487521257470160285e-01 3.397771249848093311e-01 3.311346008195202306e-01 3.228488140419470964e-01 3.149419452838039257e-01 3.074340259718578161e-01 3.003434260498638042e-01 2.936865588943896044e-01 2.874781105930090397e-01 2.817310393471182950e-01 2.764567358612254888e-01 2.716651177965900277e-01 2.673647305839538246e-01 2.635629031540412948e-01 2.602657053694014122e-01 2.574781147475080911e-01 2.552040881251226301e-01 2.534466402190752587e-01 2.522079405462558377e-01 2.514892847071675264e-01 2.512911459718908391e-01 2.516131919341868528e-01 2.524542819141646355e-01 2.538124960020828880e-01 2.556850727528879874e-01 2.580683637350682513e-01 2.609577898693948295e-01 2.643477415940093112e-01 2.682316190602854755e-01 2.726017289866663473e-01 2.774492215493263303e-01 2.827640444076650605e-01 2.885348069486330380e-01 2.947488696121967067e-01 3.013922489831957208e-01 3.084495896271072790e-01 3.159041230950059287e-01 3.237375832409282728e-01 3.319302296678137698e-01 3.404607841018573722e-01 3.493063990913943817e-01 3.584425833206585366e-01 3.678431171981887959e-01 3.774799939921614222e-01 3.873233440157395346e-01
4.083857963837264626e-01 4.190828318429324906e-01 4.298909794949138941e-01 4.407701106205276220e-01 4.516779074541114603e-01 4.625699281041714683e-01 4.733997214461741487e-01 4.841189595280048219e-01 4.946776515376861139e-01 5.050243908282645577e-01 5.151066791873391004e-01 5.248713417891833766e-01 5.342649275500459538e-01 5.432342075789006186e-01 5.517266562737790370e-01 5.596909849998905617e-01 5.670777618407937259e-01 5.738399468967376738e-01 5.799334840887813147e-01 5.853178255225855997e-01 5.899564325216488658e-01 5.938173102937601699e-01 5.968734174584040542e-01 5.991030485510148162e-01 6.004901238419696474e-01 6.010243731004607515e-01 6.007015161178003160e-01 5.995233117019022062e-01 5.974975178171905155e-01 5.946377827332457455e-01 5.909633890428632741e-01 5.864990059208327056e-01 5.812743626127311325e-01 5.753238195905547858e-01 5.686859478396432133e-01 5.614029781365967864e-01 5.535203034181847004e-01 5.450859931972026340e-01 5.361502343242926516e-01 5.267648426244837534e-01 5.169827191578282299e-01 5.068574968367741684e-01 4.964427155224320209e-01 4.857918660682996603e-01 4.749578591341629963e-01 4.639926724941386693e-01 4.529470568717556267e-01 4.418702982353046038e-01 4.308100025800734589e-01 4.198119390838306875e-01 4.089198939450180981e-01 3.981755307616669515e-01 3.876183306016201535e-01 3.772855177187249831e-01 3.672120273724073791e-01 3.574305147021366036e-01 3.479713114689844677e-01 3.388624760804374025e-01 3.301298194075780179e-01 3.217969228094598177e-01 3.138850600768768317e-01 3.064137076679671612e-01 2.994002306412157921e-01 2.928601236695165810e-01 2.868070117504520344e-01 2.812528212900844427e-01 2.762078833331961247e-01 2.716810450893555329e-01 2.676798394665515501e-01 2.642104489638776865e-01 2.612778881497223038e-01 2.588860869056503478e-01 2.570379819615548622e-01 2.557356271908146628e-01 2.549801717970253123e-01 2.547719218863695456e-01 2.551103643121077069e-01 2.559941695696453801e-01 2.574212273546147012e-01 2.593885836928541133e-01 2.618923946960600158e-01 2.649278809870560525e-01 2.684892214386664921e-01 2.725695924370204470e-01 2.771610551753334595e-01 2.822544829421224089e-01 2.878395066122089174e-01 2.939043650872197322e-01 3.004359895602921604e-01 3.074198957538160082e-01 3.148401448461924934e-01 3.226792922483502912e-01 3.309182909036392228e-01 3.395365082685811720e-01 3.485116533278267981e-01 3.578197392313977598e-01 3.674350015932935642e-01 3.773298081705297458e-01 3.874745976089036814e-01 3.978378020643353885e-01
4.193632243445649110e-01 4.306075176612026434e-01 4.419686588690082130e-01 4.534042160515431297e-01 4.648694538139752086e-01 4.763174125491637101e-01 4.876990408387305576e-01 4.989633454719381578e-01 5.100576262762219759e-01 5.209277457306701331e-01 5.315184769003794552e-01 5.417739452469936268e-01 5.516380524360990911e-01 5.610550008911115993e-01 5.699697973597085410e-01 5.783288092286547055e-01 5.860804083490354088e-01 5.931755241427654202e-01 5.995682541478167815e-01 6.052164014414918025e-01 6.100819869306054466e-01 6.141317956704273051e-01 6.173377923388235766e-01 6.196775089027914962e-01 6.211343356167472463e-01 6.216977022708241041e-01 6.213632582031237694e-01 6.201329167654904273e-01 6.180148094454694929e-01 6.150231704167932190e-01 6.111780692744961385e-01 6.065051558549928723e-01 6.010353250543395420e-01 5.948042765291937650e-01 5.878520850211765847e-01 5.802226360408790917e-01 5.719631180749114030e-01 5.631235288459260913e-01 5.537561030666480200e-01 5.439148141528943325e-01 5.336548174693127589e-01 5.230320914380751640e-01 5.121025803582913705e-01 5.009222500172079151e-01 4.895465341417148952e-01 4.780299668640035637e-01 4.664258738283437178e-01 4.547861200222505507e-01 4.431608784861703065e-01 4.315984586504851839e-01 4.201451439347206884e-01 4.088450346331608531e-01 3.977399739283331570e-01 3.868694572445917079e-01 3.762705861860492496e-01 3.659780663550061264e-01 3.560241496506182934e-01 3.464386765752016650e-01 3.372490937288086243e-01 3.284804642513743933e-01 3.201553793895896005e-01 3.122944907594846220e-01 3.049161760297633972e-01 2.980367912628180127e-01 2.916706726228392443e-01 2.858303180482363315e-01 2.805264993024511044e-01 2.757683846080581369e-01 2.715637223655726906e-01 2.679188122701446351e-01 2.648387041746546600e-01 2.623272936299155256e-01 2.603874273182001375e-01 2.590210276010460611e-01 2.582290784793072613e-01 2.580116979447090175e-01 2.583681697131662847e-01 2.592969522608500887e-01 2.607957215181030963e-01 2.628613077930355146e-01 2.654896490083401561e-01 2.686757433861676203e-01 2.724135367780428085e-01 2.766959608957707539e-01 2.815148108046148234e-01 2.868606621428897441e-01 2.927228077455313882e-01 2.990890938837609259e-01 3.059459987766074973e-01 3.132785115371973794e-01 3.210700815058953328e-01 3.293025564118324255e-01 3.379560732808771228e-01 3.470090685822056487e-01 3.564381957040733684e-01 3.662182814859373248e-01 3.763222376281155079e-01 3.867209647306662501e-01 3.973832891418266344e-01 4.082758846552491105e-01
4.302774262906217118e-01 4.420768550211401915e-01 4.539984956322656862e-01 4.659975567318928591e-01 4.780268334770023109e-01 4.900368024763031016e-01 5.019757730095947279e-01 5.137900557642399724e-01 5.254242194466233196e-01 5.368213839569633272e-01 5.479235924624943355e-01 5.586722804174079071e-01 5.690087227298604722e-01 5.788745840403923815e-01 5.882124440863366610e-01 5.969663755963378060e-01 6.050826109251444818e-01 6.125101113226442129e-01 6.192011944354787190e-01 6.251120827353169318e-01 6.302034249396145649e-01 6.344408518664982344e-01 6.377953957229517412e-01 6.402438809633077543e-01 6.417692146085185456e-01 6.423605633314324326e-01 6.420135317170920786e-01 6.407302012652004164e-01 6.385190779665431693e-01 6.353949701514907122e-01 6.313787101446425298e-01 6.264968924077237711e-01 6.207815308129737142e-01 6.142696083372776172e-01 6.070026402452011194e-01 5.990260981404580409e-01 5.903888942525040706e-01 5.811428819407516988e-01 5.713422727679257074e-01 5.610431306384063843e-01 5.503028042224141769e-01 5.391795647162608285e-01 5.277317177332263576e-01 5.160176724515678215e-01 5.040953666410820100e-01 4.920218850333833993e-01 4.798531360644576749e-01 4.676435852759229794e-01 4.554460074340156983e-01 4.433112993528561807e-01 4.312883001948251693e-01 4.194236154863795196e-01 4.077615275749618129e-01 3.963438867830612611e-01 3.852100496140312691e-01 3.743968637072889183e-01 3.639385937401344306e-01 3.538669542425418868e-01 3.442111170488349470e-01 3.349977125585610893e-01 3.262507294147321546e-01 3.179920681314151731e-01 3.102411851652948638e-01 3.030153560305508531e-01 2.963296776081280615e-01 2.901972601849384659e-01 2.846293482706609979e-01 2.796354546774096894e-01 2.752235587239796888e-01 2.714000853246716916e-01 2.681701208046870510e-01 2.655375214173613108e-01 2.635050335807473942e-01 2.620744335330121300e-01 2.612465219412800632e-01 2.610212078154959259e-01 2.613975488296013672e-01 2.623737671531311544e-01 2.639472999002612785e-01 2.661147362284940754e-01 2.688717703510205004e-01 2.722131526758221343e-01 2.761325707836925769e-01 2.806226865362870249e-01 2.856750035786447817e-01 2.912797740638055632e-01 2.974259261330758908e-01 3.041008856424184947e-01 3.112906482607475933e-01 3.189796447863393336e-01 3.271506782690995485e-01 3.357848512801666629e-01 3.448614441711759793e-01 3.543579181161833902e-01 3.642498229988625491e-01 3.745107479128129691e-01 3.851122259500827649e-01 3.960236330108324876e-01 4.072121233790276795e-01 4.186425512657072634e-01
4.411305592041180335e-01 4.534915729476473589e-01 4.659796867788413288e-01 4.785476987889935030e-01 4.911458897574152993e-01 5.037221349885230293e-01 5.162220756353513851e-01 5.285893071974485657e-01 5.407656587243009350e-01 5.526915104145655455e-01 5.643061901271274605e-01 5.755484697653826531e-01 5.863570354872599255e-01 5.966710630718078390e-01 6.064307641611560440e-01 6.155779843957512876e-01 6.240568913134658668e-01 6.318145578542824214e-01 6.388016047573134015e-01 6.449727576830478482e-01 6.502873753958913206e-01 6.547100128212134384e-01 6.582108418229969393e-01 6.607660431231202613e-01 6.623580939566948711e-01 6.629759392556552333e-01 6.626151668601570899e-01 6.612780401039399791e-01 6.589734383346803615e-01 6.557167280089331030e-01 6.515294735555593464e-01 6.464391697196484321e-01 6.404788925616163864e-01 6.336868407688326377e-01 6.261058937168181293e-01 6.177830260669385787e-01 6.087687866102450274e-01 5.991167956517691184e-01 5.888831539911441038e-01 5.781259320928217038e-01 5.669045941346415596e-01 5.552796348219637412e-01 5.433116619667333058e-01 5.310614813138856416e-01 5.185895013047469027e-01 5.059553382743540162e-01 4.932174793417608560e-01 4.804330015425443134e-01 4.676573069061995547e-01 4.549439191292697915e-01 4.423442855411743313e-01 4.299075808650635877e-01 4.176806005774491570e-01 4.057076319538538423e-01 3.940303745971654448e-01 3.826879106078063808e-01 3.717166120166283672e-01 3.611501621863542066e-01 3.510195513546963686e-01 3.413530669731403844e-01 3.321761798361110296e-01 3.235121182266104123e-01 3.153814889179017977e-01 3.078025503556401921e-01 3.007912150782364180e-01 2.943612517757830394e-01 2.885244147103824819e-01 2.832905895139395946e-01 2.786680060875852960e-01 2.746632263861494283e-01 2.712813776825360179e-01 2.685262746990045857e-01 2.664005555233551759e-01 2.649058371962598191e-01 2.640427198427291455e-01 2.638108829150498380e-01 2.642091347962363113e-01 2.652354360824888402e-01 2.668869583979653348e-01 2.691600220717814129e-01 2.720500492386656588e-01 2.755515136474664950e-01 2.796578153858330640e-01 2.843613167852775958e-01 2.896531997985762330e-01 2.955233618499299442e-01 3.019603339603286751e-01 3.089510877421443036e-01 3.164811004686122753e-01 3.245342065337711301e-01 3.330925218273481092e-01 3.421363599607933903e-01 3.516440977544482704e-01 3.615921710189475835e-01 3.719549729512413583e-01 3.827047988066848982e-01 3.938117444902651809e-01 4.052436007023101361e-01 4.169657880073086020e-01 4.289412791299312411e-01
4.519227525447170879e-01 4.648502536021230647e-01 4.779091602805090044e-01 4.910498152244212045e-01 5.042199477495228344e-01 5.173648039011037314e-01 5.304273391223857104e-01 5.433484274745867815e-01 5.560671641117688191e-01 5.685212080338313267e-01 5.806472031353016039e-01 5.923813018899949379e-01 6.036596580436078829e-01 6.144190261568158729e-01 6.245973275446458084e-01 6.341342670230962764e-01 6.429720402429838222e-01 6.510559292241215879e-01 6.583349573166034086e-01 6.647624524609211383e-01 6.702965795358009071e-01 6.749009080841679165e-01 6.785448320835646419e-01 6.812039606548031534e-01 6.828604009627634586e-01 6.835029216882889669e-01 6.831271238552507619e-01 6.817354660404855160e-01 6.793371973555206722e-01 6.759482217955667949e-01 6.715907986910744087e-01 6.662932702459006817e-01 6.600897076721764511e-01 6.530194459115887806e-01 6.451266387807086389e-01 6.364596664979440543e-01 6.270706117840102456e-01 6.170147569821010647e-01 6.063499877811930894e-01 5.951362802698669796e-01 5.834351192973203926e-01 5.713091369773728445e-01 5.588211678407422056e-01 5.460343516468563196e-01 5.330115192757252096e-01 5.198147858556894096e-01 5.065052004699353017e-01 4.931424513196156489e-01 4.797845833882307676e-01 4.664877784012788631e-01 4.533061374606909277e-01 4.402914631715767468e-01 4.274931343361045299e-01 4.149579549236886988e-01 4.027300548927833512e-01 3.908508435477288656e-01 3.793588963209398313e-01 3.682899626943334503e-01 3.576769478261963564e-01 3.475498900876539676e-01 3.379358318327298494e-01 3.288594130224601897e-01 3.203424676039313690e-01 3.124043058920561444e-01 3.050617165123047370e-01 2.983291779993905712e-01 2.922189965427915981e-01 2.867414637028972701e-01 2.819050841172007216e-01 2.777165726693793246e-01 2.741811056212002939e-01 2.713024569439739797e-01 2.690831507538517520e-01 2.675246336167908523e-01 2.666272890675804308e-01 2.663905469254932989e-01 2.668129428644555601e-01 2.678921497971097909e-01 2.696250456504745707e-01 2.720076520443661106e-01 2.750350878094794949e-01 2.787015176996798238e-01 2.830000210045345854e-01 2.879226261825543198e-01 2.934601580391562603e-01 2.996021223767119102e-01 3.063366146243032273e-01 3.136501119842395879e-01 3.215275309140632753e-01 3.299520646271212887e-01 3.389050942772726116e-01 3.483660941295882441e-01 3.583124842998541282e-01 3.687196192492159241e-01 3.795606769479474285e-01 3.908065980649937932e-01 4.024259789540086119e-01 4.143849618648877686e-01 4.266471704192026926e-01 4.391736337057820516e-01
4.626517159956357039e-01 4.761489495222392399e-01 4.897812038659767331e-01 5.034963283026583358e-01 5.172394723898047220e-01 5.309532355025202710e-01 5.445778820188237335e-01 5.580515721153895825e-01 5.713106880366847218e-01 5.842902025730646320e-01 5.969241245250272998e-01 6.091460493845417545e-01 6.208896736893768642e-01 6.320894175423528161e-01 6.426810088016938760e-01 6.526021165167766869e-01 6.617930755855379044e-01 6.701974918416452320e-01 6.777629069921056182e-01 6.844413652328846798e-01 6.901899469598778980e-01 6.949713384556939211e-01 6.987542480102613141e-01 7.015137930334504057e-01 7.032317760307552623e-01 7.038968385057967625e-01 7.035046260492765491e-01 7.020578052267223423e-01 6.995659885780464160e-01 6.960455922932021755e-01 6.915195267223414044e-01 6.860169202113369780e-01 6.795727619120289775e-01 6.722274318591698883e-01 6.640262555744910200e-01 6.550189070906330402e-01 6.452588852077968395e-01 6.348030134026352300e-01 6.237108413568639431e-01 6.120441329724138901e-01 5.998662819585144357e-01 5.872419548811329548e-01 5.742361210369535396e-01 5.609141757121222094e-01 5.473413088263133774e-01 5.335820872785740354e-01 5.197000923021350971e-01 5.057576111063686319e-01 4.918153368490769672e-01 4.779321314074177485e-01 4.641647877392731658e-01 4.505677890196276292e-01 4.371931630879650754e-01 4.240903073347960794e-01 4.113058677183057954e-01 3.988836731842755889e-01 3.868645995176273611e-01 3.752865615795185072e-01 3.641844788745166595e-01 3.535902382702188484e-01 3.435325474504284382e-01 3.340375467800847376e-01 3.251283794176812458e-01 3.168254818625114155e-01 3.091465847282005575e-01 3.021069332621628689e-01 2.957194330154326312e-01 2.899948195981929544e-01 2.849419011997107454e-01 2.805675657860869920e-01 2.768770504336091065e-01 2.738740923889388945e-01 2.715610988170198969e-01 2.699393365628052210e-01 2.690089579064210423e-01 2.687691236653059201e-01 2.692180734001404785e-01 2.703531655411097745e-01 2.721709546973674620e-01 2.746671317777330534e-01 2.778364782695169066e-01 2.816728141065286128e-01 2.861688603539866982e-01 2.913162725134621489e-01 2.971054774913228780e-01 3.035255467837213450e-01 3.105640955469456954e-01 3.182070598890910929e-01 3.264387462756923042e-01 3.352416551024343105e-01 3.445963783530199276e-01 3.544814938559756601e-01 3.648734054616608602e-01 3.757463243673574427e-01 3.870721494820483222e-01 3.988204016309039313e-01 4.109581117062334199e-01 4.234497078465845887e-01 4.362569523832134921e-01 4.493388689223973276e-01
4.733124750509364875e-01 4.873809322393072296e-01 5.015872289364250447e-01 5.158766910424253949e-01 5.301918697766492272e-01 5.444727118932096710e-01 5.586567984620151028e-01 5.726795979611619680e-01 5.864748166815344499e-01 5.999747933194384819e-01 6.131109684908860880e-01 6.258144618480748766e-01 6.380166070015595992e-01 6.496495955181945670e-01 6.606470776487827212e-01 6.709448102418767990e-01 6.804813963417902789e-01 6.891988970985634122e-01 6.970435038584026355e-01 7.039661051528323110e-01 7.099228187946928781e-01 7.148755606745909041e-01 7.187924544760840861e-01 7.216482127249755907e-01 7.234244036198312910e-01 7.241095934870300788e-01 7.236995047820559135e-01 7.221970237370355372e-01 7.196121169845064447e-01 7.159616827016529461e-01 7.112692317390908459e-01 7.055646089577053415e-01 6.988836343686679609e-01 6.912676306461593700e-01 6.827629797090219999e-01 6.734205239676827048e-01 6.632950458078311629e-01 6.524447735077600896e-01 6.409307838345145170e-01 6.288164942978460292e-01 6.161670790795461539e-01 6.030491196833339673e-01 5.895296119325365014e-01 5.756761122765836625e-01 5.615560910417504159e-01 5.472365054678255403e-01 5.327834257125122486e-01 5.182617135790065221e-01 5.037347046229700975e-01 4.892639533634041693e-01 4.749089745023302167e-01 4.607269777564948487e-01 4.467727004833563775e-01 4.330982064549102062e-01 4.197527409187218894e-01 4.067826438764179930e-01 3.942311886413892297e-01 3.821385560601781584e-01 3.705417817502395517e-01 3.594747018618373868e-01 3.489677871136330767e-01 3.390487714596593927e-01 3.297421942055563382e-01 3.210696975171337120e-01 3.130500252272780948e-01 3.056992515138212685e-01 2.990309339650850662e-01 2.930562954102615136e-01 2.877844811502934252e-01 2.832225767727754584e-01 2.793758959305859269e-01 2.762481465957561944e-01 2.738416188585141020e-01 2.721573928306104118e-01 2.711953764612488604e-01 2.709544431030163625e-01 2.714325130017790633e-01 2.726266027899482691e-01 2.745329128736556656e-01 2.771467694519451630e-01 2.804625799114859874e-01 2.844737801179197945e-01 2.891726914012162641e-01 2.945505524894880822e-01 3.005973463256031430e-01 3.073016615896941861e-01 3.146505822285425302e-01 3.226294500012180100e-01 3.312219054023183284e-01 3.404096974820424171e-01 3.501725677583956697e-01 3.604881338664772117e-01 3.713317175299785666e-01 3.826763189895492911e-01 3.944924891866601890e-01 4.067482596396192474e-01 4.194090267142632222e-01 4.324374368485180975e-01 4.457933261851400042e-01 4.594336519648927752e-01
4.838969632422267519e-01 4.985362936399372891e-01 5.133153833858687953e-01 5.281770138179431306e-01 5.430611298378812402e-01 5.579050319310977502e-01 5.726436395023967174e-01 5.872097668280135130e-01 6.015344977310000951e-01 6.155476064730018848e-01 6.291780506916034854e-01 6.423545741176839297e-01 6.550062606900144413e-01 6.670631982339264576e-01 6.784570937495770782e-01 6.891219333142101222e-01 6.989947339820917760e-01 7.080161595568015276e-01 7.161311968034239639e-01 7.232897196629346492e-01 7.294470166153197432e-01 7.345643556290787357e-01 7.386093846406629471e-01 7.415565040279816778e-01 7.433871220606426133e-01 7.440897840395123142e-01 7.436603218895438960e-01 7.421018516961431777e-01 7.394246816203523531e-01 7.356461567262322365e-01 7.307903313744689155e-01 7.248876893534349497e-01 7.179747850996859304e-01 7.100937708364910561e-01 7.012919577665863713e-01 6.916212183944976388e-01 6.811374724443826079e-01 6.699002021360572767e-01 6.579718592763801333e-01 6.454173651964625336e-01 6.323035303128202722e-01 6.186987156059541304e-01 6.046718193819449194e-01 5.902924493466100708e-01 5.756302625423991293e-01 5.607545307309662608e-01 5.457337562205122339e-01 5.306353384518999183e-01 5.155252381858919097e-01 5.004677049020097579e-01 4.855249960993562874e-01 4.707570865717543573e-01 4.562214776631319801e-01 4.419729679019272495e-01 4.280634819248848033e-01 4.145419603464666203e-01 4.014541705947254902e-01 3.888426606731175683e-01 3.767466856861401703e-01 3.652021343879462423e-01 3.542413415655013553e-01 3.438937318679956556e-01 3.341853321205836558e-01 3.251390744197979465e-01 3.167747920697014385e-01 3.091094555106222996e-01 3.021573321211510343e-01 2.959301800680977923e-01 2.904375200322939499e-01 2.856866641631031212e-01 2.816830224518269143e-01 2.784302845752739120e-01 2.759306264206515813e-01 2.741849367534992532e-01 2.731928678872870275e-01 2.729529883473490459e-01 2.734628762664725321e-01 2.747191788482575281e-01 2.767177103400027538e-01 2.794533964190454856e-01 2.829202310674669985e-01 2.871112235677442115e-01 2.920182500595995823e-01 2.976320840744871576e-01 3.039422133284521710e-01 3.109366894584680296e-01 3.186020081157044936e-01 3.269228569939566231e-01 3.358821479599404247e-01 3.454608134470075753e-01 3.556376765311606847e-01 3.663893244535841864e-01 3.776899249240594503e-01 3.895111940910775949e-01 4.018222613552754896e-01 4.145895957372101592e-01 4.277768874107650832e-01 4.413449322279900389e-01 4.552515754006503101e-01 4.694516486585398329e-01
4.943939464475435308e-01 5.096018977359912938e-01 5.249505337467456068e-01 5.403800797481115303e-01 5.558278777355609712e-01 5.712286012763176934e-01 5.865145442112508212e-01 6.016159198457216029e-01 6.164612598022050083e-01 6.309778611698996231e-01 6.450923019622079035e-01 6.587310683181376580e-01 6.718211261504314358e-01 6.842906024109376428e-01 6.960694127126618724e-01 7.070899304723479162e-01 7.172877482440905839e-01 7.266022941971349569e-01 7.349775092496402262e-01 7.423624052370693116e-01 7.487115843305145457e-01 7.539857971234814604e-01 7.581523310165597662e-01 7.611853716006845572e-01 7.630662445162333940e-01 7.637835294527851593e-01 7.633332000676756879e-01 7.617186106055571226e-01 7.589503948423246271e-01 7.550463048829589852e-01 7.500308755442508524e-01 7.439351446440036764e-01 7.367962961234786334e-01 7.286571890793619444e-01 7.195659262774297682e-01 7.095752604880593006e-01 6.987420901372027870e-01 6.871269873762364533e-01 6.747936132184777502e-01 6.618082287297276656e-01 6.482391216472640494e-01 6.341562820553846569e-01 6.196303717678109946e-01 6.047329249839360488e-01 5.895356772065395434e-01 5.741101248024187420e-01 5.585271319995112060e-01 5.428565862775160955e-01 5.271670447140797133e-01 5.115254434558148544e-01 4.959967944351925673e-01 4.806438679230305433e-01 4.655269769130749857e-01 4.507037176198175898e-01 4.362287700770607901e-01 4.221537622890991215e-01 4.085270508743290563e-01 3.953936518296344294e-01 3.827951438650463722e-01 3.707695733835305596e-01 3.593512428547127047e-01 3.485713679695526257e-01 3.384575582792382353e-01 3.290341243347758571e-01 3.203220697416083174e-01 3.123393332866837846e-01 3.051009546857361698e-01 2.986192803019955821e-01 2.929042490357915418e-01 2.879634328642165508e-01 2.838023618616198895e-01 2.804247219555051074e-01 2.778325807796144242e-01 2.760266336606575499e-01 2.750062678951143980e-01 2.747697310961809691e-01 2.753142370849548382e-01 2.766360358996066693e-01 2.787305228197300422e-01 2.815921855979706678e-01 2.852145631850786511e-01 2.895901927218106908e-01 2.947104559803421231e-01 3.005656084874805956e-01 3.071445864942692894e-01 3.144348448823748865e-01 3.224222280158282605e-01 3.310907036039189011e-01 3.404223858362725452e-01 3.503973188328852739e-01 3.609933329309333305e-01 3.721859087427240032e-01 3.839479825147260050e-01 3.962499082509267079e-01 4.090593161627625318e-01 4.223410365132657662e-01 4.360569797432624073e-01 4.501660217242301476e-01 4.646239529899800491e-01 4.793834232324787337e-01
5.047889222956465360e-01 5.205613057381773823e-01 5.364742188769311415e-01 5.524653298740761498e-01 5.684693932939973715e-01 5.844184886606086371e-01 6.002423351611733127e-01 6.158686142460944035e-01 6.312233923155607940e-01 6.462315938413568661e-01 6.608175381559541206e-01 6.749055897344794497e-01 6.884207454389394965e-01 7.012893309926805374e-01 7.134396384803927127e-01 7.248026017535910137e-01 7.353125641355815478e-01 7.449078922951424264e-01 7.535316509804427243e-01 7.611321517995349728e-01 7.676634614420331237e-01 7.730859498818674069e-01 7.773666638318756927e-01 7.804796745687311299e-01 7.824063040574534833e-01 7.831352220670364517e-01 7.826625752312444950e-01 7.809919620291154718e-01 7.781343225727513913e-01 7.741077717328800345e-01 7.689372563010081763e-01 7.626542768486068713e-01 7.552965346120694701e-01 7.469074647242059939e-01 7.375358147889612415e-01 7.272350582044806444e-01 7.160629028852769640e-01 7.040808355922572037e-01 6.913535487349146136e-01 6.779484664616024503e-01 6.639351818545702333e-01 6.493851502706662338e-01 6.343706443902509262e-01 6.189649863351310843e-01 6.032418680623794494e-01 5.872749071036234003e-01 5.711372462513172321e-01 5.549011988780845339e-01 5.386378776682150260e-01 5.224168861982098067e-01 5.063059925386722560e-01 4.903707840294088127e-01 4.746744253679184844e-01 4.592773670337761960e-01 4.442371153961514607e-01 4.296080688216805665e-01 4.154412656392190706e-01 4.017842892978562563e-01 3.886811459564437077e-01 3.761721454573910828e-01 3.642936632277725129e-01 3.530788087315345214e-01 3.425568725085542665e-01 3.327536356528627004e-01 3.236913568700850452e-01 3.153890196082044795e-01 3.078625028281199993e-01 3.011247983408760764e-01 2.951863104149005101e-01 2.900549082586537097e-01 2.857362696420284176e-01 2.822340948103262415e-01 2.795503521873704544e-01 2.776855441599797580e-01 2.766387856686070568e-01 2.764079887674080194e-01 2.769899815639176310e-01 2.783805893168393442e-01 2.805747549294673182e-01 2.835664895110379113e-01 2.873488333258915617e-01 2.919138030819926066e-01 2.972522336103472496e-01 3.033538055831461189e-01 3.102068429341049982e-01 3.177981389767386422e-01 3.261128183009679438e-01 3.351340569458736152e-01 3.448430964578277358e-01 3.552190150387310452e-01 3.662385702355673289e-01 3.778760543813188266e-01 3.901030899220079284e-01 4.028885864820206386e-01 4.161985941537995615e-01 4.299962259639936724e-01 4.442415381038020139e-01 4.588914175015317842e-01 4.738995382310493554e-01 4.892163150185606102e-01
5.150639495265180168e-01 5.313946294441611595e-01 5.478645303135100120e-01 5.644087733272780127e-01 5.809595536904871294e-01 5.974464036177032922e-01 6.137965334709732934e-01 6.299351777063155744e-01 6.457860407841272687e-01 6.612717957183273931e-01 6.763146407189670750e-01 6.908369708667706499e-01 7.047619787496937072e-01 7.180143635058700013e-01 7.305209755458988985e-01 7.422114950526343957e-01 7.530192028451391240e-01 7.628815882379791358e-01 7.717410179886710075e-01 7.795452723374591830e-01 7.862480388014958521e-01 7.918094475261004961e-01 7.961964270550860867e-01 7.993830362278123713e-01 8.013506725390504570e-01 8.020881507439988622e-01 8.015918199879479289e-01 7.998655265262980540e-01 7.969204942552081672e-01 7.927751525866442162e-01 7.874547872308004237e-01 7.809912650575946413e-01 7.734226866071817197e-01 7.647929258206637160e-01 7.551512213941496965e-01 7.445516000450527194e-01 7.330524016228798789e-01 7.207158431363986928e-01 7.076074608538704958e-01 6.937956549592784183e-01 6.793511408827317410e-01 6.643466638277145675e-01 6.488559426867765989e-01 6.329539365315491883e-01 6.167161591587176916e-01 6.002182331643010071e-01 5.835354840067760174e-01 5.667425765601171728e-01 5.499131266184857925e-01 5.331193747931937121e-01 5.164318366247617753e-01 4.999189286641000929e-01 4.836466989424760832e-01 4.676785014796923656e-01 4.520747337889297057e-01 4.368926426297121135e-01 4.221860368213548598e-01 4.080051641420830988e-01 3.943965605692505427e-01 3.814029047508779580e-01 3.690627508854212313e-01 3.574112062646814802e-01 3.464793427521399294e-01 3.362945067407082655e-01 3.268802999967708733e-01 3.182568304640392975e-01 3.104408870085127448e-01 3.034461680221588464e-01 2.972835941888538058e-01 2.919613731699894910e-01 2.874853616824337710e-01 2.838592957370414949e-01 2.810850566255400085e-01 2.791629569006678913e-01 2.780918339329364608e-01 2.778692511536874354e-01 2.784916305539981707e-01 2.799543453754402278e-01 2.822518524365161818e-01 2.853776465107567550e-01 2.893242238739938132e-01 2.940830301953110126e-01 2.996442978457392603e-01 3.059970722374444341e-01 3.131290000420916542e-01 3.210261436531852697e-01 3.296728345061210042e-01 3.390513801584320586e-01 3.491420693207351045e-01 3.599229315040001209e-01 3.713695664539525265e-01 3.834549920080642660e-01 3.961494304901767016e-01 4.094202616841708942e-01 4.232318723583327613e-01 4.375455786524163893e-01 4.523195080938421930e-01 4.675084912314837471e-01 4.830640269544937970e-01 4.989342467627902455e-01
5.251977896620789732e-01 5.420787044786185005e-01 5.590963201502691104e-01 5.761832327831797329e-01 5.932691192394876634e-01 6.102810251123212959e-01 6.271437324998785368e-01 6.437801289831938112e-01 6.601116758697920250e-01 6.760589313556132351e-01 6.915421252561413379e-01 7.064818501104680459e-01 7.207996727606148513e-01 7.344188530891421207e-01 7.472649931463136719e-01 7.592667154322075840e-01 7.703564336105852561e-01 7.804709509042060400e-01 7.895521198685928610e-01 7.975473623947945123e-01 8.044101459340691207e-01 8.101005031491204100e-01 8.145853673891998437e-01 8.178388864439869455e-01 8.198426112702652535e-01 8.205855546166651582e-01 8.200642952865021540e-01 8.182829280929297955e-01 8.152529351190651585e-01 8.109930088201247056e-01 8.055286972979461835e-01 7.988921335853088612e-01 7.911216956053931382e-01 7.822615546440708778e-01 7.723612821209394630e-01 7.614752856738198350e-01 7.496623538880159421e-01 7.369852433605827979e-01 7.235101396765116766e-01 7.093062242532319761e-01 6.944451433489328140e-01 6.790007472975744252e-01 6.630480266053858651e-01 6.466634157150424889e-01 6.299241045353080048e-01 6.129075931455844062e-01 5.956912820844690870e-01 5.783521016219841382e-01 5.609661066000097840e-01 5.436081330376393295e-01 5.263514245573507333e-01 5.092672290220484621e-01 4.924245001969450031e-01 4.758895366294703666e-01 4.597256845294644401e-01 4.439931109023922962e-01 4.287484787874670800e-01 4.140447932339497705e-01 3.999312195675473469e-01 3.864529088309500149e-01 3.736506990333318678e-01 3.615617994142054092e-01 3.502191643841107149e-01 3.396518019626524332e-01 3.298847470990461384e-01 3.209393146920375139e-01 3.128332771404852553e-01 3.055811037585963175e-01 2.991942860334981247e-01 2.936814146664548653e-01 2.890485598669887413e-01 2.852995180017850463e-01 2.824360982041506096e-01 2.804584288616867593e-01 2.793650667298582246e-01 2.791532152628194985e-01 2.798188711351181079e-01 2.813569289859189637e-01 2.837613258837629604e-01 2.870250000069126117e-01 2.911398571595714135e-01 2.960967195732179258e-01 3.018851592702215259e-01 3.084935230719090815e-01 3.159087120339981181e-01 3.241159844792250722e-01 3.330988012102401030e-01 3.428385202132145926e-01 3.533143928523245214e-01 3.645033129722098364e-01 3.763796335721394382e-01 3.889150082938186981e-01 4.020781701644351447e-01 4.158348816189633701e-01 4.301477818359276117e-01 4.449763104849790984e-01 4.602765933644824004e-01 4.760013399682189172e-01 4.920998195314941204e-01 5.085178378704888758e-01
5.351657338739214120e-01 5.525869316371235795e-01 5.701410593317574049e-01 5.877582221076002034e-01 6.053656326765552986e-01 6.228879245857851243e-01 6.402475465746155781e-01 6.573651539968556889e-01 6.741600982177636814e-01 6.905509732980923410e-01 7.064562067703353820e-01 7.217947679498332159e-01 7.364867877888275904e-01 7.504542842387783574e-01 7.636218128482232803e-01 7.759171414268589695e-01 7.872720172635615521e-01 7.976227526365143872e-01 8.069108720957944847e-01 8.150836132616895435e-01 8.220943824987123616e-01 8.279032562054122746e-01 8.324772935910270677e-01 8.357908302822582014e-01 8.378256457586048533e-01 8.385710007229423280e-01 8.380237277262824191e-01 8.361881679856246752e-01 8.330760334498098496e-01 8.287062256512313096e-01 8.231044763532686659e-01 8.163030826308718124e-01 8.083405760173816290e-01 7.992612818490616444e-01 7.891149439474993699e-01 7.779561762506990164e-01 7.658440302318644255e-01 7.528416081718511954e-01 7.390155464638324956e-01 7.244356081559433225e-01 7.091741731007743521e-01 6.933060053609141349e-01 6.769071848686506465e-01 6.600554513147323110e-01 6.428295156189149928e-01 6.253086176786059047e-01 6.075721148816835004e-01 5.896991057608192977e-01 5.717680089188567072e-01 5.538562029338235382e-01 5.360396291040907535e-01 5.183923580860374525e-01 5.009862617223831416e-01 4.838906147511729539e-01 4.671717611670967996e-01 4.508928525533275056e-01 4.351134834063841716e-01 4.198895035505027518e-01 4.052728028189608311e-01 3.913111049327082647e-01 3.780476344801681488e-01 3.655218053892385632e-01 3.537685553604906774e-01 3.428186506629931074e-01 3.326986505363312974e-01 3.234311608554367168e-01 3.150350132075205312e-01 3.075255145611509588e-01 3.009147842464319211e-01 2.952118433884310944e-01 2.904230130840528834e-01 2.865521774659202103e-01 2.836010911717529726e-01 2.815697065607861704e-01 2.804562989060012668e-01 2.802577021478634967e-01 2.809694698503379939e-01 2.825859924099939913e-01 2.851006539014588892e-01 2.885057955397521967e-01 2.927926855298218500e-01 2.979514690851424175e-01 3.039709983024772022e-01 3.108388559104607318e-01 3.185411264106329798e-01 3.270621880036839735e-01 3.363845502528308162e-01 3.464885372391955376e-01 3.573522752593671359e-01 3.689514324882230412e-01 3.812590235410299733e-01 3.942452459807861409e-01 4.078772528619971083e-01 4.221191011081505406e-01 4.369315984029603639e-01 4.522722298617520287e-01 4.680950492582432454e-01 4.843505845013303945e-01 5.009858262803790208e-01 5.179442192997547600e-01
5.449397630616201749e-01 5.628894742739294355e-01 5.809670753476029459e-01 5.991002271535632584e-01 6.172137455953540242e-01 6.352299402569858700e-01 6.530690350120108567e-01 6.706495810188715101e-01 6.878889657989524231e-01 7.047039820758326245e-01 7.210114322917499097e-01 7.367288516682208854e-01 7.517751334850290013e-01 7.660712578481806423e-01 7.795409407614989350e-01 7.921113017484665564e-01 8.037136242605675829e-01 8.142839249851301364e-01 8.237635854663672985e-01 8.320998307388561832e-01 8.392461617073760927e-01 8.451628356726602620e-01 8.498171542810654122e-01 8.531837352500567517e-01 8.552446571134360020e-01 8.559894742978245707e-01 8.554152935275404213e-01 8.535266972771402560e-01 8.503355968078275540e-01 8.458610473215695258e-01 8.401288848452352909e-01 8.331714683941692234e-01 8.250273599098415511e-01 8.157408964362442561e-01 8.053618349970127488e-01 7.939448222838103586e-01 7.815489876000694114e-01 7.682375852665749294e-01 7.540775035048250530e-01 7.391388860007723771e-01 7.234946465111823377e-01 7.072202677800354387e-01 6.903927321604583778e-01 6.730909083793845671e-01 6.553948659965015411e-01 6.373854387045029268e-01 6.191438132007918149e-01 6.007511490575379032e-01 5.822881426782023917e-01 5.638346513051968323e-01 5.454692723112039010e-01 5.272688795061093447e-01 5.093082643028498113e-01 4.916596989228257386e-01 4.743925645127237689e-01 4.575730526164961676e-01 4.412637583763406313e-01 4.255234568116150196e-01 4.104068513550912511e-01 3.959643336711511918e-01 3.822416137305873485e-01 3.692804098602689433e-01 3.571177417324465364e-01 3.457862292942888716e-01 3.353140467833247707e-01 3.257251753682017803e-01 3.170395823752021891e-01 3.092734805526362596e-01 3.024396759115702826e-01 2.965476694647322109e-01 2.916040728648122693e-01 2.876128878072939932e-01 2.845758344903201453e-01 2.824926996868908358e-01 2.813614784619296594e-01 2.811786276105568416e-01 2.819392414031889893e-01 2.836371816168396509e-01 2.862652469370546848e-01 2.898151416714301876e-01 2.942774492867041292e-01 2.996415839466868292e-01 3.058956173799783351e-01 3.130263014662998944e-01 3.210188316370423123e-01 3.298566281169189041e-01 3.395211666787865679e-01 3.499916511829234689e-01 3.612449932713124312e-01 3.732555438345125376e-01 3.859948862601603192e-01 3.994316695097440695e-01 4.135313760717828080e-01 4.282562701544699313e-01 4.435652460234310590e-01 4.594137592615024079e-01 4.757537256570960049e-01 4.925334366431446953e-01 5.096975624348796252e-01 5.271871594709363062e-01
5.544890474265619096e-01 5.729538184298921255e-01 5.915401763820707925e-01 6.101733970657914341e-01 6.287759796373535437e-01 6.472680104590967654e-01 6.655676093356326373e-01 6.835913629189941387e-01 7.012548517089569611e-01 7.184732394127045785e-01 7.351618886629145422e-01 7.512370961709171624e-01 7.666167204475593522e-01 7.812209106679250947e-01 7.949727512220406966e-01 8.077989189224265010e-01 8.196304333997765923e-01 8.304032070808096133e-01 8.400586582102220756e-01 8.485441646507927427e-01 8.558134705453922519e-01 8.618271440101996639e-01 8.665528384728892197e-01 8.699655411117148684e-01 8.720476938198273853e-01 8.727891852181891563e-01 8.721874124705971676e-01 8.702471912962649325e-01 8.669806002248113819e-01 8.624067926164957765e-01 8.565516305984585133e-01 8.494474354659055093e-01 8.411326798231802959e-01 8.316515743149083262e-01 8.210537346957941240e-01 8.093936717917015189e-01 7.967304124844395430e-01 7.831271738456913045e-01 7.686509005628492375e-01 7.533719185784896188e-01 7.373634772467547727e-01 7.207015829080807290e-01 7.034639318292826848e-01 6.857303424449918694e-01 6.675820759003829874e-01 6.491014074741988660e-01 6.303712180607218274e-01 6.114746122491229174e-01 5.924944684625179647e-01 5.735130480931327490e-01 5.546115518094367758e-01 5.358696254535884052e-01 5.173649699458851003e-01 4.991728649061965561e-01 4.813657570128397345e-01 4.640129227230025966e-01 4.471800173113386623e-01 4.309288125512766299e-01 4.153169066402878085e-01 4.003974475306774639e-01 3.862187235082777392e-01 3.728248521041813146e-01 3.602550297667120871e-01 3.485438226268868789e-01 3.377211086018357955e-01 3.278123272662539223e-01 3.188386577719270476e-01 3.108172869531379834e-01 3.037617670857485352e-01 2.976821297164051194e-01 2.925853182613003534e-01 2.884754835941365503e-01 2.853543335169478889e-01 2.832215017192533657e-01 2.820747063843374591e-01 2.819100214972861673e-01 2.827220676728640081e-01 2.845041553073716645e-01 2.872484666432600364e-01 2.909460301867092813e-01 2.955866982718168834e-01 3.011591004101987767e-01 3.076504676519106196e-01 3.150466541332280768e-01 3.233318933489052194e-01 3.324885692280359906e-01 3.424970406961379554e-01 3.533353046208122517e-01 3.649789681521613538e-01 3.774009733597628036e-01 3.905713801087059567e-01 4.044571973975283896e-01 4.190221484640891947e-01 4.342266203877535591e-01 4.500275158840327805e-01 4.663781908899146122e-01 4.832283632559589148e-01 5.005240402371616826e-01 5.182075379985218166e-01 5.362175070179684422e-01
5.637799893563536502e-01 5.827448312760732385e-01 6.018237271140632894e-01 6.209396390847625735e-01 6.400128417609625142e-01 6.589613106143178412e-01 6.777011929467158247e-01 6.961472602488182337e-01 7.142134510893526356e-01 7.318134791068822143e-01 7.488614571921946572e-01 7.652726419200658325e-01 7.809640606509086203e-01 7.958552371594715957e-01 8.098688287425711563e-01 8.229312697733248694e-01 8.349735090745913357e-01 8.459315377163718619e-01 8.557469808211863871e-01 8.643675242392457880e-01 8.717472934704492138e-01 8.778472868645171845e-01 8.826356089744198385e-01 8.860876946896281137e-01 8.881864056822639242e-01 8.889219988909783376e-01 8.882921736072596497e-01 8.863019681329903365e-01 8.829635955775855249e-01 8.782962532976230641e-01 8.723257546195397616e-01 8.650842884546722233e-01 8.566101248090933762e-01 8.469472174898196037e-01 8.361448950055188067e-01 8.242573726429511805e-01 8.113434036057513010e-01 7.974659870584912547e-01 7.826919366874375283e-01 7.670915691194524211e-01 7.507382764225313254e-01 7.337083972207367744e-01 7.160801552026069272e-01 6.979341392359011964e-01 6.793526330909777089e-01 6.604191975877267140e-01 6.412182670332089440e-01 6.218347676490256770e-01 6.023536552548729439e-01 5.828595107850059742e-01 5.634360743411216399e-01 5.441657208813691637e-01 5.251290385273132966e-01 5.064043118152830036e-01 4.880670690404033119e-01 4.701897045459853541e-01 4.528409817801841708e-01 4.360857300777545853e-01 4.199845136484857688e-01 4.045933161075943585e-01 3.899630890555276230e-01 3.761404370876624825e-01 3.631668223710730614e-01 3.510788449061098548e-01 3.399081711533611938e-01 3.296817793389960616e-01 3.204221345514518537e-01 3.121474648444232391e-01 3.048721279065438883e-01 2.986067366339207330e-01 2.933586081179709315e-01 2.891320751903838637e-01 2.859288568128033337e-01 2.837484478572251945e-01 2.825882948781933690e-01 2.824440853969497622e-01 2.833099540405271122e-01 2.851786390489700063e-01 2.880416770369294555e-01 2.918893835458836739e-01 2.967108349556956681e-01 3.024938239235245296e-01 3.092246817489477939e-01 3.168882990340871619e-01 3.254678754898059356e-01 3.349446814586993226e-01 3.452978770649711149e-01 3.565041666638776308e-01 3.685377646320939227e-01 3.813701146437303291e-01 3.949696632470256485e-01 4.093016912731431978e-01 4.243280779463660113e-01 4.400072536009002055e-01 4.562940570294715115e-01 4.731396811708566963e-01 4.904915937779531498e-01 5.082934790463592423e-01 5.264852753020058396e-01 5.450032200208545508e-01
5.727765469076142590e-01 5.922251157761952989e-01 6.117790364259677593e-01 6.313590409211213839e-01 6.508832826123620574e-01 6.702677486075779845e-01 6.894267541525349596e-01 7.082734121986755671e-01 7.267201898936748172e-01 7.446795330852979955e-01 7.620644960756592923e-01 7.787894924113331063e-01 7.947709182898013980e-01 8.099278716688649293e-01 8.241827791578132389e-01 8.374620228986386916e-01 8.496966621874966208e-01 8.608229366090616175e-01 8.707828344164901813e-01 8.795244902521730523e-01 8.870025347895479362e-01 8.931785022590902345e-01 8.980210349192632169e-01 9.015060823032848836e-01 9.036169728051896000e-01 9.043443585028823062e-01 9.036862476234118757e-01 9.016478880927657480e-01 8.982415952636304546e-01 8.934865592934371215e-01 8.874084752723633285e-01 8.800393128025129075e-01 8.714170357374750875e-01 8.615852219151622915e-01 8.505927790934486588e-01 8.384934805345471975e-01 8.253456479236649379e-01 8.112118950079567625e-01 7.961587294275557225e-01 7.802562781828408234e-01 7.635778928961965972e-01 7.462000610085636199e-01 7.282013529342665770e-01 7.096629521853775602e-01 6.906679973231119041e-01 6.713011774221218086e-01 6.516483358763009992e-01 6.317960914389668670e-01 6.118313650254988412e-01 5.918409630972724100e-01 5.719110904653983418e-01 5.521267962771500004e-01 5.325715206838944615e-01 5.133265372717807917e-01 4.944704584353635801e-01 4.760788158156842864e-01 4.582235158228848970e-01 4.409724934284541820e-01 4.243893380801767035e-01 4.085329372787879776e-01 3.934569807926948104e-01 3.792106389947541567e-01 3.658377206969493090e-01 3.533769405626349114e-01 3.418618326752317915e-01 3.313209894576989445e-01 3.217782323953162771e-01 3.132528952126987787e-01 3.057601983978512905e-01 2.993113860382502489e-01 2.939141905668527510e-01 2.895731599662558775e-01 2.862900488715490188e-01 2.840642290095311551e-01 2.828928823203953891e-01 2.827713082436189018e-01 2.836931453275052251e-01 2.856505412586330395e-01 2.886343602811372033e-01 2.926341702853509918e-01 2.976382293627454767e-01 3.036334435915615804e-01 3.106051879189951070e-01 3.185373261117986909e-01 3.274119547984675194e-01 3.372091561412333682e-01 3.479068124063287581e-01 3.594802530711032618e-01 3.719022150173573182e-01 3.851425579945217947e-01 3.991680300875495857e-01 4.139421010950401492e-01 4.294247275721743695e-01 4.455723104490753039e-01 4.623375600788979245e-01 4.796694518060063972e-01 4.975131607675541967e-01 5.158100196954784611e-01 5.344975764929502660e-01 5.535096603786850977e-01
5.814406398857657754e-01 6.013554458847020223e-01 6.213658229376707309e-01 6.413903675811746252e-01 6.613452253046345763e-01 6.811445258624145849e-01 7.007008995441404986e-01 7.199259619328336468e-01 7.387308814828985604e-01 7.570270182138206794e-01 7.747265560406239038e-01 7.917432569540354681e-01 8.079930777109167739e-01 8.233948792703992270e-01 8.378710409236199697e-01 8.513480677914434525e-01 8.637572943324210994e-01 8.750353607904362008e-01 8.851247564367784593e-01 8.939741870517138311e-01 9.015388943050639536e-01 9.077810369735085372e-01 9.126698661661840628e-01 9.161818995907148322e-01 9.183009683688081459e-01 9.190181384247378960e-01 9.183317286942531688e-01 9.162471819747636248e-01 9.127768850230828512e-01 9.079399743304543691e-01 9.017619651233337308e-01 8.942745313830450238e-01 8.855152403150252649e-01 8.755271897261122094e-01 8.643587496922491287e-01 8.520631225180921309e-01 8.386980584926519988e-01 8.243256362297087803e-01 8.090118993632752220e-01 7.928266208149296057e-01 7.758429427795328071e-01 7.581373301295323275e-01 7.397885290541776904e-01 7.208781490135094394e-01 7.014900198614975046e-01 6.817098031728566765e-01 6.616246058662915708e-01 6.413226062253557513e-01 6.208925716059375821e-01 6.004234314058659594e-01 5.800037699111810774e-01 5.597212434127011305e-01 5.396620955175388534e-01 5.199105586832591941e-01 5.005483170107221103e-01 4.816540437170442890e-01 4.633028078882797662e-01 4.455656834575886793e-01 4.285093301501900487e-01 4.121955941603375195e-01 3.966809658225113888e-01 3.820172485435166521e-01 3.682506684164278954e-01 3.554221264726379892e-01 3.435670956174976531e-01 3.327158513530991124e-01 3.228936365679940246e-01 3.141209507958239722e-01 3.064139315083195259e-01 2.997845016038645505e-01 2.942408492337181269e-01 2.897877703037252672e-01 2.864270799717008598e-01 2.841580434877883921e-01 2.829775867514256471e-01 2.828806215427935866e-01 2.838602826892904218e-01 2.859081117121407001e-01 2.890142767895328424e-01 2.931675667477885994e-01 2.983553825261453518e-01 3.045636975403260283e-01 3.117768775865465414e-01 3.199777002872740139e-01 3.291470940991810257e-01 3.392638829174591253e-01 3.503045969361031076e-01 3.622431136018368636e-01 3.750506133034695044e-01 3.886952926218379401e-01 4.031421229784510341e-01 4.183526879360079942e-01 4.342849511429098253e-01 4.508932206882080296e-01 4.681280239999393578e-01 4.859360750324746570e-01 5.042602252952984587e-01 5.230394397642795790e-01 5.422088758971695954e-01 5.616999722149199625e-01
5.897326444246273613e-01 6.100952871368178210e-01 6.305427620484270745e-01 6.509916350323081691e-01 6.713561655894509927e-01 6.915487635996101501e-01 7.114805256148896140e-01 7.310617325352625206e-01 7.502024255705287414e-01 7.688130566364329566e-01 7.868051202219231710e-01 8.040919080080874970e-01 8.205891159526689238e-01 8.362155411126562798e-01 8.508936807791666057e-01 8.645503182818075061e-01 8.771172064778341992e-01 8.885315160374760435e-01 8.987363524162229611e-01 9.076810924348678311e-01 9.153216730479919461e-01 9.216209462247080264e-01 9.265488251527707053e-01 9.300824339561144516e-01 9.322061302899835589e-01 9.329114038966400679e-01 9.321968811839836944e-01 9.300681839387703320e-01 9.265377422669190954e-01 9.216245991351366129e-01 9.153540385238108090e-01 9.077573760421187021e-01 8.988717082111755685e-01 8.887395676078145845e-01 8.774086903857664099e-01 8.649316008818486168e-01 8.513653606200027868e-01 8.367713858056058385e-01 8.212151198586715717e-01 8.047658376372955891e-01 7.874963215819625884e-01 7.694828589663171847e-01 7.508042145510552823e-01 7.315422658171230053e-01 7.117813780450886751e-01 6.916080339592138859e-01 6.711104596214504392e-01 6.503782578777334011e-01 6.295019189624269096e-01 6.085723849995919865e-01 5.876805244775399339e-01 5.669165216734211032e-01 5.463693612416932188e-01 5.261261891863002749e-01 5.062717328490718982e-01 4.868877946562149006e-01 4.680526092288826434e-01 4.498404060413980776e-01 4.323209437910097708e-01 4.155590664849515004e-01 3.996141126299336266e-01 3.845405721157659773e-01 3.703871463360681182e-01 3.571969830469096663e-01 3.450075551280207264e-01 3.338508813414659548e-01 3.237536836505538473e-01 3.147376815121465943e-01 3.068199788450552967e-01 3.000132214328993241e-01 2.943260911193820162e-01 2.897636631890312398e-01 2.863278378300506688e-01 2.840177910257640215e-01 2.828302025313897405e-01 2.827595989129123022e-01 2.837986062812771215e-01 2.859381475758144275e-01 2.891676748828341803e-01 2.934751706527369275e-01 2.988471443061449517e-01 3.052685953741786085e-01 3.127228329101150450e-01 3.211914946601153176e-01 3.306542817806732981e-01 3.410886962301567515e-01 3.524698488086129844e-01 3.647700951591879570e-01 3.779589881734193302e-01 3.920029906477944248e-01 4.068652284796269725e-01 4.225053338590367136e-01 4.388792180838239076e-01 4.559390444959123823e-01 4.736331153384417125e-01 4.919058522160379976e-01 5.106977653282115392e-01 5.299454492736938027e-01 5.495816848484000872e-01 5.695355511320767672e-01
5.976113432050207397e-01 6.184027480010612088e-01 6.392674388576202738e-01 6.601200649386910202e-01 6.808731284571841735e-01 7.014374611514946345e-01 7.217227784442890037e-01 7.416381875371742538e-01 7.610927689076903979e-01 7.799962357984022709e-01 7.982595626031507852e-01 8.157957370594927093e-01 8.325203550467780156e-01 8.483523021544461251e-01 8.632143359810289240e-01 8.770336484247768238e-01 8.897425277884802863e-01 9.012787780581547059e-01 9.115862091314460569e-01 9.206149425258908225e-01 9.283216698774626741e-01 9.346699821151764898e-01 9.396304874984080513e-01 9.431809377775471903e-01 9.453062276020497423e-01 9.459982712340196942e-01 9.452559943855172175e-01 9.430851815046419340e-01 9.394982820476068808e-01 9.345142140418307708e-01 9.281579914500174278e-01 9.204605251725859194e-01 9.114583867652735760e-01 9.011934809211209485e-01 8.897128383296744047e-01 8.770682245420643453e-01 8.633159219190990052e-01 8.485165840081209110e-01 8.327349441912296202e-01 8.160396603499241452e-01 7.985030280024161264e-01 7.802010224797236715e-01 7.612122877470659521e-01 7.416188259384154380e-01 7.215053929562156299e-01 7.009591487488721073e-01 6.800692978931920374e-01 6.589267329541191875e-01 6.376235401722635254e-01 6.162525576591506571e-01 5.949068333807751019e-01 5.736789884258834959e-01 5.526606718778867000e-01 5.319418820020628269e-01 5.116103436322929632e-01 4.917509578284282035e-01 4.724451088845508795e-01 4.537701795360425949e-01 4.357990374949736179e-01 4.185995455653702124e-01 4.022339207109308368e-01 3.867593763891476466e-01 3.722271321553018986e-01 3.586826290211133639e-01 3.461653885654719098e-01 3.347092220442263732e-01 3.243423787558163962e-01 3.150878442807717450e-01 3.069637320472642927e-01 2.999834497908631104e-01 2.941562073891706430e-01 2.894873886537049357e-01 2.859790022222495343e-01 2.836301520623700223e-01 2.824372827470689740e-01 2.823945400805196737e-01 2.834940393315498186e-01 2.857260760941518485e-01 2.890793706979038480e-01 2.935410769235093364e-01 2.990967839401698081e-01 3.057304823814095407e-01 3.134243837188630533e-01 3.221589394095014658e-01 3.319125720641593058e-01 3.426614065397404207e-01 3.543790760478931490e-01 3.670363543897395830e-01 3.806011064051826875e-01 3.950380016409571482e-01 4.103082635110665288e-01 4.263695203216535945e-01 4.431755848796690711e-01 4.606764378233162982e-01 4.788181284524425374e-01 4.975427699834019668e-01 5.167885287929960825e-01 5.364896416938538248e-01 5.565765416011315692e-01 5.769759939012910621e-01
6.050344698488553385e-01 6.262351356091231391e-01 6.474969140380225641e-01 6.687326592482966126e-01 6.898532497800471397e-01 7.107680827922855382e-01 7.313856436600686406e-01 7.516140218012629104e-01 7.713614947654818810e-01 7.905371941341443609e-01 8.090517274998354491e-01 8.268179255256010718e-01 8.437514220656295860e-01 8.597713182239239416e-01 8.748007464473028794e-01 8.887674080562601997e-01 9.016042132172636947e-01 9.132496710772235460e-01 9.236483534997483869e-01 9.327511706826846494e-01 9.405156004735599762e-01 9.469059931668787344e-01 9.518936628928418298e-01 9.554569917940826107e-01 9.575814077765019139e-01 9.582592407650112332e-01 9.574897029459491504e-01 9.552787254709415032e-01 9.516387585471215438e-01 9.465885741355729577e-01 9.401528923348529965e-01 9.323621921616304098e-01 9.232524888174268307e-01 9.128650224830290316e-01 9.012460753109983180e-01 8.884466034493655462e-01 8.745220508537746573e-01 8.595322394925576370e-01 8.435411136258099685e-01 8.266166246591839517e-01 8.088304814444692292e-01 7.902582378344835679e-01 7.709782993819385144e-01 7.510726677178423127e-01 7.306263589553915194e-01 7.097270767305767780e-01 6.884648698141728751e-01 6.669317878799880805e-01 6.452213846392438334e-01 6.234282720924486654e-01 6.016475641933584084e-01 5.799742158615157628e-01 5.585024495344640405e-01 5.373250378154553752e-01 5.165326389225094461e-01 4.962132023350463439e-01 4.764512256959573255e-01 4.573272218641354359e-01 4.389171567548145192e-01 4.212919124605530308e-01 4.045165949121000692e-01 3.886511593604163872e-01 3.737493687315382451e-01 3.598589875553947492e-01 3.470216200484895763e-01 3.352729060131275918e-01 3.246426588577069339e-01 3.151551666771449378e-01 3.068295873770307547e-01 2.996801232244206692e-01 2.937165415890233833e-01 2.889445606373258202e-01 2.853663190169467567e-01 2.829808654489568420e-01 2.817844210731986210e-01 2.817707573583015379e-01 2.829314796839265678e-01 2.852562516358613798e-01 2.887330511695381796e-01 2.933481870373738087e-01 2.990863061989880722e-01 3.059303629438814287e-01 3.138614386375576104e-01 3.228587611141031655e-01 3.328994330178760563e-01 3.439581575530326063e-01 3.560070435286478707e-01 3.690152349697214396e-01 3.829488610240772140e-01 3.977707521942281388e-01 4.134401869014754927e-01 4.299127522109020272e-01 4.471401320642212074e-01 4.650701027391196951e-01 4.836464495197275726e-01 5.028089780874626102e-01 5.224935253540595737e-01 5.426319995266908336e-01 5.631525304238020890e-01 5.839796305665571063e-01
6.119590271989280295e-01 6.335492691459151393e-01 6.551880305003918714e-01 6.767864981187036166e-01 6.982540633327823931e-01 7.194988315668754408e-01 7.404282047082104690e-01 7.609494018337050747e-01 7.809700429109789344e-01 8.003988184091380687e-01 8.191461021105328477e-01 8.371246905624768475e-01 8.542503664982072920e-01 8.704425435987999116e-01 8.856248115534798293e-01 8.997254482363067352e-01 9.126780374831745535e-01 9.244218307154151715e-01 9.349021852170716906e-01 9.440708112400285623e-01 9.518859740059407715e-01 9.583127761801349953e-01 9.633232248133591913e-01 9.668963156993466423e-01 9.690179914978922504e-01 9.696809793075662487e-01 9.688847607059513090e-01 9.666353988359013272e-01 9.629453327776104077e-01 9.578331793310340680e-01 9.513233579504013493e-01 9.434459102619210391e-01 9.342362894552151964e-01 9.237350637302590428e-01 9.119877554885863491e-01 8.990444946616044097e-01 8.849598624838743710e-01 8.697928156425213109e-01 8.536064648876817706e-01 8.364679990306829183e-01 8.184484718590987473e-01 7.996229348404712001e-01 7.800694629051789786e-01 7.598699536834586654e-01 7.391095706579677849e-01 7.178764408622749782e-01 6.962613317436185945e-01 6.743573218019747184e-01 6.522593036907481379e-01 6.300635370664923185e-01 6.078670803846909498e-01 5.857671079223893962e-01 5.638603098090031462e-01 5.422421378676521853e-01 5.210061002808341613e-01 5.002431237837846600e-01 4.800407609529908637e-01 4.604826088788973038e-01 4.416476978993926772e-01 4.236099071132489735e-01 4.064372197604513293e-01 3.901923298045590904e-01 3.749315486392162389e-01 3.607049758855396804e-01 3.475563152028850467e-01 3.355230555807031112e-01 3.246365977483670062e-01 3.149225569914027023e-01 3.064011608604518822e-01 2.990874307526924514e-01 2.929917148392993109e-01 2.881200871206976433e-01 2.844748351707344081e-01 2.820549682157885707e-01 2.808564962101933182e-01 2.808728246466642986e-01 2.820950532520537513e-01 2.845122134885867959e-01 2.881115360569777573e-01 2.928784751814038634e-01 2.987967215788529529e-01 3.058481746844640137e-01 3.140127631224463034e-01 3.232684646243400017e-01 3.335910322279024842e-01 3.449537156661489634e-01 3.573270661716057006e-01 3.706785645345684332e-01 3.849725719397816270e-01 4.001700502224538325e-01 4.162283072651817850e-01 4.331008691672533772e-01 4.507372787895779775e-01 4.690831049530517216e-01 4.880798766132845579e-01 5.076651115007437820e-01 5.277723498388183776e-01 5.483312182064624674e-01 5.692676049321541143e-01 5.905038459718887633e-01
6.183415600619333041e-01 6.403017364990610805e-01 6.622976511688081214e-01 6.842389559070606309e-01 7.060336919978783543e-01 7.275888126740633899e-01 7.488107753969166502e-01 7.696060645558076008e-01 7.898817718267007182e-01 8.095462668328956557e-01 8.285097982676534745e-01 8.466852235683106631e-01 8.639885540590022117e-01 8.803395791735650899e-01 8.956623922634475710e-01 9.098858775438977142e-01 9.229443063537126068e-01 9.347776717221110143e-01 9.453321030418859738e-01 9.545600870676689276e-01 9.624206452788331978e-01 9.688795968202515985e-01 9.739096038877339545e-01 9.774902390205224556e-01 9.796079261181067643e-01 9.802557614839036981e-01 9.794334752854445547e-01 9.771472500894040625e-01 9.734095099369806103e-01 9.682387209727923993e-01 9.616590141654108859e-01 9.537000120667467051e-01 9.443966283422855490e-01 9.337887835528037028e-01 9.219212638534147741e-01 9.088433929925336940e-01 8.946089032885976566e-01 8.792758909789956112e-01 8.629066270074464695e-01 8.455675182865246553e-01 8.273289299159638510e-01 8.082653620732489497e-01 7.884544955300344382e-01 7.679780451922074702e-01 7.469212295496998610e-01 7.253724946448019129e-01 7.034232122421266720e-01 6.811673677251267600e-01 6.587010658106426941e-01 6.361220846886658231e-01 6.135292986638550827e-01 5.910219758123798073e-01 5.686991536949523862e-01 5.466588506237389788e-01 5.249973212113792087e-01 5.038083761799476701e-01 4.831825410597381243e-01 4.632064267808112534e-01 4.439620693836465737e-01 4.255262977683648140e-01 4.079699363867457795e-01 3.913583911884961353e-01 3.757505046547625072e-01 3.611987020424245465e-01 3.477487838494567884e-01 3.354400913095957337e-01 3.243056200905664599e-01 3.143723237648624047e-01 3.056615132196039419e-01 2.981890441305350414e-01 2.919658613833964189e-01 2.869984109259467453e-01 2.832891447531472040e-01 2.808370467984379060e-01 2.796379282880496198e-01 2.796848389876689933e-01 2.809683806893080171e-01 2.834769576013612125e-01 2.871970547034791710e-01 2.921132699589443771e-01 2.982083328668234112e-01 3.054630797821327182e-01 3.138562753925914217e-01 3.233646334469964523e-01 3.339625414379968071e-01 3.456217786186185914e-01 3.583113213193784841e-01 3.719969704232507501e-01 3.866413046321932612e-01 4.022034060754096085e-01 4.186386059247088065e-01 4.358983695793627877e-01 4.539301070187186093e-01 4.726771971770620806e-01 4.920789410298793132e-01 5.120706083226881367e-01 5.325834951347162560e-01 5.535450121878319196e-01 5.748788853556048295e-01 5.965053659806842656e-01
6.241388028038103997e-01 6.464495442198752162e-01 6.687833085962903157e-01 6.910483475347509730e-01 7.131514878235591937e-01 7.349986640644043945e-01 7.564955178429108029e-01 7.775479194352606926e-01 7.980625419611803162e-01 8.179475305338682611e-01 8.371130894850619120e-01 8.554722004659298662e-01 8.729411482473459216e-01 8.894401237763027712e-01 9.048937311725673283e-01 9.192314503414084070e-01 9.323882131777034843e-01 9.443047133865736242e-01 9.549278002544494548e-01 9.642106767879691231e-01 9.721130559244808289e-01 9.786014074635189797e-01 9.836489854684552503e-01 9.872358818239618250e-01 9.893489531437189566e-01 9.899816278005573178e-01 9.891338606375928988e-01 9.868119441012487281e-01 9.830282923815745200e-01 9.778012404476991160e-01 9.711546634802210587e-01 9.631178089097668371e-01 9.537251035276933520e-01 9.430158786158785444e-01 9.310342446939383620e-01 9.178287787625779570e-01 9.034524188535774103e-01 8.879624469550180255e-01 8.714203289390524132e-01 8.538917103423229182e-01 8.354462717800372751e-01 8.161579482890372050e-01 7.961039946212279395e-01 7.753658919229118318e-01 7.540288445785849891e-01 7.321815317293718373e-01 7.099158285941825630e-01 6.873265138876633040e-01 6.645107808898417234e-01 6.415677956849678010e-01 6.185981136001894587e-01 5.957029604639562104e-01 5.729835866066306238e-01 5.505404462865529647e-01 5.284724163165878119e-01 5.068760750954969252e-01 4.858448143010328235e-01 4.654681622645527872e-01 4.458310752823418932e-01 4.270132579457747712e-01 4.090883132558496560e-01 3.921243065650942272e-01 3.761825693285050787e-01 3.613178197058463104e-01 3.475779308173733706e-01 3.350040795017864004e-01 3.236308464040464350e-01 3.134865190688017611e-01 3.045934922831330938e-01 2.969684602478289137e-01 2.906229718441091792e-01 2.855638547044945241e-01 2.817937365433196839e-01 2.793115881201305717e-01 2.781130343093027313e-01 2.781907812397711455e-01 2.795349441612587915e-01 2.821333103139815890e-01 2.859716275732051560e-01 2.910336445736246835e-01 2.973011347972508434e-01 3.047538749079173326e-01 3.133694674288346471e-01 3.231233625600786197e-01 3.339885818937924356e-01 3.459354340294243380e-01 3.589313210627997908e-01 3.729403663151048542e-01 3.879233715224653656e-01 4.038375489508450045e-01 4.206362685361893505e-01 4.382689574322740089e-01 4.566809234240041260e-01 4.758133956957339983e-01 4.956034979260832696e-01 5.159843136277262321e-01 5.368849681322331868e-01 5.582307415913462245e-01 5.799432942112853206e-01 6.019409002237527950e-01
6.293071841696972202e-01 6.519495298095845381e-01 6.746025184405373132e-01 6.971731370788624149e-01 7.195671299646411168e-01 7.416895383825097277e-01 7.634453036016124461e-01 7.847397846436789948e-01 8.054793235243954408e-01 8.255719104903004313e-01 8.449277555179699473e-01 8.634599934807608568e-01 8.810851901141935061e-01 8.977239239466853205e-01 9.133012756221784434e-01 9.277472678834095543e-01 9.409974239849238087e-01 9.529930559449774075e-01 9.636816409633609526e-01 9.730170007796996590e-01 9.809594410125597186e-01 9.874759863127178239e-01 9.925403940067061281e-01 9.961331977928801207e-01 9.982416239809793757e-01 9.988593873565169146e-01 9.979866411543761862e-01 9.956297819998700671e-01 9.918012293996049111e-01 9.865192225307507501e-01 9.798074349994758681e-01 9.716948097303451659e-01 9.622153705333924556e-01 9.514079529362686749e-01 9.393160907619507727e-01 9.259877144105596036e-01 9.114750644883459207e-01 8.958346978159292817e-01 8.791273525765804786e-01 8.614179749948561726e-01 8.427756050313991443e-01 8.232736356507319719e-01 8.029888972989723817e-01 7.820026159240424102e-01 7.603999378140156029e-01 7.382697095727972503e-01 7.157042241801460092e-01 6.927989500266860112e-01 6.696520501356572064e-01 6.463639473882882847e-01 6.230367379170365094e-01 5.997734592528456421e-01 5.766774256074004290e-01 5.538513786854186716e-01 5.313966721144267602e-01 5.094125118593088031e-01 4.879950230728969940e-01 4.672365277147079166e-01 4.472247886604496236e-01 4.280422834972973378e-01 4.097653027357118227e-01 3.924644907949139117e-01 3.762035993134195122e-01 3.610395813995065928e-01 3.470223350587766098e-01 3.341948345641958529e-01 3.225932162711511175e-01 3.122470803749478052e-01 3.031798915562669561e-01 2.954091746189322909e-01 2.889470800095672032e-01 2.838008195237228248e-01 2.799732030185598797e-01 2.774631976490363749e-01 2.762662539773987902e-01 2.763747483847730502e-01 2.777783248136869165e-01 2.804641696142272655e-01 2.844173098426129309e-01 2.896206611893097360e-01 2.960550574779876043e-01 3.036992318539954994e-01 3.125296407595278270e-01 3.225204871039337728e-01 3.336434434634943935e-01 3.458673662280097316e-01 3.591581038031529949e-01 3.734781252720414391e-01 3.887864829581759163e-01 4.050385519902649500e-01 4.221857801602096338e-01 4.401756029108145341e-01 4.589512807751426893e-01 4.784519574901315297e-01 4.986126538394308749e-01 5.193643517727468684e-01 5.406341009606050463e-01 5.623451562962155093e-01 5.844172270130546520e-01 6.067667330679419324e-01
6.338032140318248242e-01 6.567587155661943621e-01 6.797130955539139041e-01 7.025722112388582685e-01 7.252408507340590837e-01 7.476232769777790832e-01 7.696238312741836562e-01 7.911474442591084344e-01 8.121001897458519636e-01 8.323899438623204583e-01 8.519269394371936643e-01 8.706244573582941904e-01 8.883993128286515883e-01 9.051724169204449222e-01 9.208692500760562449e-01 9.354202819884924747e-01 9.487615152911973437e-01 9.608347562760689575e-01 9.715879783330221287e-01 9.809754874070212294e-01 9.889580495043674979e-01 9.955031189622991494e-01 1.000584843169125326e+00 1.004184100770946664e+00 1.006288411086116996e+00 1.006891721948102614e+00 1.005994357101960723e+00 1.003602816202505021e+00 9.997295498528537827e-01 9.943927532786015488e-01 9.876159747224021457e-01 9.794279503042641055e-01 9.698624163769505868e-01 9.589578417827904211e-01 9.467573213155364709e-01 9.333082800865680762e-01 9.186624009024229043e-01 9.028756480201007850e-01 8.860081527295172732e-01 8.681242664475742332e-01 8.492924729745918722e-01 8.295856843579014761e-01 8.090803433050504090e-01 7.878574300933415264e-01 7.660020154682168902e-01 7.436030695712024796e-01 7.207532340263873571e-01 6.975485744724759796e-01 6.740881107458229771e-01 6.504733920142250492e-01 6.268079104493601283e-01 6.031963598382846792e-01 5.797439555082691820e-01 5.565555602276663905e-01 5.337348376907168346e-01 5.113834570372668420e-01 4.896001176135516553e-01 4.684797829163439009e-01 4.481128792998748667e-01 4.285845246910253703e-01 4.099735761769879305e-01 3.923531475427411430e-01 3.757893134685791336e-01 3.603411771414803400e-01 3.460605885180034758e-01 3.329922579794951099e-01 3.211738274810823079e-01 3.106361701129790598e-01 3.014037905769234027e-01 2.934950230482950007e-01 2.869226064236262697e-01 2.816941310803530163e-01 2.778125899512027819e-01 2.752769531809081127e-01 2.740825084894917274e-01 2.742213181574561509e-01 2.756825740485096543e-01 2.784528838329217715e-01 2.825165782312354379e-01 2.878557665373718821e-01 2.944503713193972749e-01 3.022781122145101751e-01 3.113143311888140752e-01 3.215320172973560320e-01 3.329015297062776213e-01 3.453903112417759935e-01 3.589626987065900887e-01 3.735795529689072136e-01 3.891982282679822824e-01 4.057723199256842439e-01 4.232514179684994104e-01 4.415810383173807696e-01 4.607024748892808441e-01 4.805528757015418706e-01 5.010652578024301640e-01 5.221686099546734017e-01 5.437880234475792607e-01 5.658448534429965093e-01 5.882569906660386483e-01 6.109391384956148752e-01
6.375835218321633802e-01 6.608342797470860841e-01 6.840730515065241990e-01 7.072046970204460825e-01 7.301331675199642657e-01 7.527620505166267018e-01 7.749951707866712391e-01 7.967370918144816017e-01 8.178936560426163238e-01 8.383726359904154490e-01 8.580842706324777192e-01 8.769419426009172902e-01 8.948626455065319396e-01 9.117675265944268359e-01 9.275823469903323737e-01 9.422378848205946733e-01 9.556704680272342101e-01 9.678222324103434859e-01 9.786414772456430988e-01 9.880828224661196701e-01 9.961073300726542845e-01 1.002682731014149065e+00 1.007783426366067880e+00 1.011390524858321482e+00 1.013491749656752816e+00 1.014081221581733416e+00 1.013159406201435075e+00 1.010732910153670394e+00 1.006814251832597762e+00 1.001421650867421631e+00 9.945786281782574845e-01 9.863138375048257078e-01 9.766608743776115098e-01 9.656580049367220475e-01 9.533480606541130387e-01 9.397781431359738535e-01 9.249995591336149792e-01 9.090678559175989770e-01 8.920427216812132354e-01 8.739880597354879876e-01 8.549719228270868943e-01 8.350668414769276682e-01 8.143489424196194149e-01 7.928990012895714701e-01 7.708020230805390227e-01 7.481470800757044071e-01 7.250271109072444764e-01 7.015386982032305596e-01 6.777816125055272645e-01 6.538584002200581446e-01 6.298738010149315114e-01 6.059340007194439215e-01 5.821459395880309584e-01 5.586164174382334258e-01 5.354512199520122806e-01 5.127542905804038931e-01 4.906267165566243205e-01 4.691659218800059983e-01 4.484648230395724133e-01 4.286110146979460467e-01 4.096857685688998774e-01 3.917645275121495740e-01 3.749155624592247493e-01 3.592000135583358622e-01 3.446715832522136425e-01 3.313766322468302827e-01 3.193542358987007668e-01 3.086364808422265571e-01 2.992488650010400875e-01 2.912104964464241608e-01 2.845346779233986489e-01 2.792293640907934638e-01 2.752977258896728285e-01 2.727387397211203379e-01 2.715475411686493201e-01 2.717158957824246102e-01 2.732325666916139428e-01 2.760836115080707587e-01 2.802526977334628411e-01 2.857211655614436685e-01 2.924680674800221314e-01 3.004701543323979318e-01 3.097017017287372331e-01 3.201345365936165699e-01 3.317377602181018625e-01 3.444774619978476782e-01 3.583165321037030671e-01 3.732142932875521790e-01 3.891264781804396056e-01 4.060049855702955734e-01 4.237976386560647346e-01 4.424481328487879228e-01 4.618959028068432282e-01 4.820762168344364662e-01 5.029202128052598919e-01 5.243550187890775316e-01 5.463039073225107733e-01 5.686864794613414320e-01 5.914189572611212586e-01 6.144144794117628594e-01
6.406047957055472919e-01 6.641334190593691789e-01 6.876403734362498410e-01 7.110296501737131125e-01 7.342044744020229663e-01 7.570678478579480064e-01 7.795231442272902989e-01 8.014745985499617253e-01 8.228278320137392132e-01 8.434904934492125639e-01 8.633727773373216507e-01 8.823880870593902026e-01 9.004534847197068759e-01 9.174902171117707006e-01 9.334241659683814030e-01 9.481862384483676909e-01 9.617128936585651600e-01 9.739463936428573998e-01 9.848351570453668380e-01 9.943339143113162359e-01 1.002403829356389942e+00 1.009012731067459478e+00 1.014135116789135260e+00 1.017752194347589567e+00 1.019851790676604475e+00 1.020428134011998722e+00 1.019481803030709122e+00 1.017019520759921969e+00 1.013053920912614592e+00 1.007603331892528598e+00 1.000691366282840056e+00 9.923467453628079804e-01 9.826031000752903921e-01 9.714986910278398113e-01 9.590762982478666654e-01 9.453829201561479989e-01 9.304697093868865565e-01 9.143920129342858472e-01 8.972092810003743368e-01 8.789851561986539163e-01 8.597874246954970712e-01 8.396883721390137056e-01 8.187639155675676683e-01 7.970946981018190991e-01 7.747656958842278341e-01 7.518660845901689038e-01 7.284890660295376685e-01 7.047316722196733663e-01 6.806943257250812618e-01 6.564804432666699885e-01 6.321958603626171014e-01 6.079480825377686637e-01 5.838455859181646002e-01 5.599969061606524523e-01 5.365097418140093444e-01 5.134900974310456778e-01 4.910412347541727729e-01 4.692628280876639524e-01 4.482500800846708766e-01 4.280928670563948768e-01 4.088746917110399060e-01 3.906731543347402025e-01 3.735585648238435308e-01 3.575939580251333294e-01 3.428347619549710346e-01 3.293288764897738252e-01 3.171167152170649151e-01 3.062314985360591324e-01 2.966996530964238210e-01 2.885410104650893426e-01 2.817694005625570042e-01 2.763931188231211200e-01 2.724155027520469008e-01 2.698355346826250556e-01 2.686482078573702026e-01 2.688450101608576004e-01 2.704143035355137670e-01 2.733416307701543313e-01 2.776100382163972369e-01 2.832001454413127228e-01 2.900901893349008831e-01 2.982560119982611835e-01 3.076708880478419283e-01 3.183055530957981105e-01 3.301279268962412083e-01 3.431028279535801584e-01 3.571917886092255134e-01 3.723526886323793028e-01 3.885397416032769224e-01 4.057032598743535723e-01 4.237894181190195453e-01 4.427402177684219842e-01 4.624933688599632831e-01 4.829824026623068534e-01 5.041367280384265737e-01 5.258817689763077841e-01 5.481391410201464920e-01 5.708268564051593996e-01 5.938596350789110412e-01 6.171492162744314225e-01
6.428237191731951405e-01 6.666131977683954490e-01 6.903727780007317127e-01 7.140057067420070291e-01 7.374145845125527066e-01 7.605019030427839777e-01 7.831706320202040938e-01 8.053246942002215691e-01 8.268694732705100803e-01 8.477124444676945592e-01 8.677636744063084162e-01 8.869364711404092994e-01 9.051478185788592867e-01 9.223188886798558972e-01 9.383754856090343877e-01 9.532484284481643755e-01 9.668740766660912644e-01 9.791945803551580507e-01 9.901582384238205581e-01 9.997196586785622729e-01 1.007839886620105041e+00 1.014486647987471013e+00 1.019634360773764348e+00 1.023264187197265862e+00 1.025363948861506946e+00 1.025927911672172677e+00 1.024956739405575190e+00 1.022457286447034930e+00 1.018442359678723097e+00 1.012930495557694321e+00 1.005945536599235357e+00 9.975164448836220110e-01 9.876770900298348366e-01 9.764659545705720589e-01 9.639260120058241732e-01 9.501044131662439440e-01 9.350524154096327978e-01 9.188254200735728183e-01 9.014828827151073476e-01 8.830884105298487663e-01 8.637097244058314915e-01 8.434190368410198202e-01 8.222921941470793250e-01 8.004098087343434198e-01 7.778568908628396006e-01 7.547227428252598624e-01 7.311008132508275414e-01 7.070885285678525367e-01 6.827868723125892769e-01 6.583000071204250236e-01 6.337347101408118411e-01 6.091996267239893070e-01 5.848045675826881729e-01 5.606595864230288218e-01 5.368740650509948864e-01 5.135558320299817847e-01 4.908100835135946194e-01 4.687385049770375622e-01 4.474383507374813385e-01 4.270015521555751148e-01 4.075136274755200017e-01 3.890541311592591867e-01 3.716952239557271276e-01 3.555016636071901548e-01 3.405304489086992126e-01 3.268308819251505848e-01 3.144445958694631615e-01 3.034058442482910900e-01 2.937418998169351037e-01 2.854732519325739459e-01 2.786142086144841601e-01 2.731733730801442772e-01 2.691542313569033618e-01 2.665557676377311447e-01 2.653728416189871653e-01 2.655966842556983232e-01 2.672152880982949230e-01 2.702137230716784577e-01 2.745744655750186336e-01 2.802774744397824036e-01 2.873002390456227961e-01 2.956177684968776531e-01 3.052024194287017989e-01 3.160239265007474541e-01 3.280491255492684610e-01 3.412416696219761070e-01 3.555618463520243133e-01 3.709662131698464038e-01 3.874075936713640145e-01 4.048348510603078654e-01 4.231926574260692631e-01 4.424214744333451743e-01 4.624574494538157832e-01 4.832325459589413841e-01 5.046746192957655142e-01 5.267075696640605154e-01 5.492515389093349798e-01 5.722231346382203876e-01 5.955357570855144278e-01 6.190999236075830359e-01
6.441968579097830938e-01 6.682303419898482089e-01 6.922274053216141976e-01 7.160906691781538935e-01 7.397222013809113816e-01 7.630240456033198226e-01 7.858987967571618993e-01 8.082500598636797040e-01 8.299829399401438268e-01 8.510046608603193397e-01 8.712250477602783150e-01 8.905571652251084158e-01 9.089177390149268954e-01 9.262276580684725147e-01 9.424124170495219444e-01 9.574024967780960793e-01 9.711338944545003793e-01 9.835483800110366159e-01 9.945938658140700550e-01 1.004224578931729006e+00 1.012401204314315795e+00 1.019091145095767814e+00 1.024268549619803403e+00 1.027914378986352295e+00 1.030016333564887976e+00 1.030568644465812200e+00 1.029572033914616158e+00 1.027033508023585284e+00 1.022966114046800046e+00 1.017388708935534236e+00 1.010325520224911511e+00 1.001805944291599859e+00 9.918643160668791925e-01 9.805395936576591920e-01 9.678752175755079845e-01 9.539187773157139505e-01 9.387219260133760068e-01 9.223404072372562990e-01 9.048339590047442815e-01 8.862664120224451603e-01 8.667056561543384774e-01 8.462240340765514457e-01 8.248974900365139140e-01 8.028067347036985657e-01 7.800368994859935290e-01 7.566774569801298922e-01 7.328221027053100078e-01 7.085686145354652687e-01 6.840184533312577697e-01 6.592764058617801570e-01 6.344500344790349189e-01 6.096489375309770420e-01 5.849840475139027607e-01 5.605667026081079252e-01 5.365077186063900161e-01 5.129164879307287483e-01 4.898998751059295276e-01 4.675613094176016005e-01 4.459998324415135884e-01 4.253091730057638187e-01 4.055766180380929176e-01 3.868834416601263926e-01 3.693034367842613630e-01 3.529028828741279100e-01 3.377401669358313652e-01 3.238658304704589708e-01 3.113225842898219575e-01 3.001455934598059594e-01 2.903628760579219370e-01 2.819954981816228390e-01 2.750581844247937391e-01 2.695598032618255480e-01 2.655039645577961238e-01 2.628896465056453913e-01 2.617115830210752225e-01 2.619607705180815316e-01 2.636248681876789957e-01 2.666885217749927484e-01 2.711336980657736984e-01 2.769397664863724184e-01 2.840835506290897428e-01 2.925393180773130930e-01 3.022786081915378453e-01 3.132702646193434859e-01 3.254801582078429845e-01 3.388709048805153001e-01 3.534016849713580433e-01 3.690278796587778132e-01 3.857010779938027101e-01 4.033688582931760913e-01 4.219745633363371495e-01 4.414572965056465792e-01 4.617518312547151393e-01 4.827887584087618977e-01 5.044945798523734481e-01 5.267918750876144918e-01 5.495995161028051079e-01 5.728329079098944954e-01 5.964043281496681503e-01 6.202232611167080023e-01
6.446805450222524714e-01 6.689410304624168191e-01 6.931605072899760245e-01 7.172410846728611844e-01 7.410843803724971313e-01 7.645920389419466057e-01 7.876662932278639673e-01 8.102104054090525365e-01 8.321291383066529157e-01 8.533293620008364222e-01 8.737205201212318029e-01 8.932152579922139068e-01 9.117298349640655664e-01 9.291846203995774989e-01 9.455045395720760304e-01 9.606194578565556697e-01 9.744647219502868829e-01 9.869814296390253539e-01 9.981168183417340467e-01 1.007824457166371701e+00 1.016064411977460891e+00 1.022803530322796917e+00 1.028015490085652628e+00 1.031680888301047094e+00 1.033787183882102445e+00 1.034328499498203602e+00 1.033305591081732366e+00 1.030725641785928737e+00 1.026602014348137804e+00 1.020954009426108922e+00 1.013806408211544108e+00 1.005189251048976606e+00 9.951375834554260225e-01 9.836911136677338741e-01 9.708940456749728387e-01 9.567947185905144591e-01 9.414454985139870669e-01 9.249027863466166011e-01 9.072269075356613754e-01 8.884822032640158351e-01 8.687369943543297168e-01 8.480639838466105251e-01 8.265394080772975327e-01 8.042442284957642684e-01 7.812638057470621122e-01 7.576878444941463897e-01 7.336103018604379633e-01 7.091292749988065136e-01 6.843466251547146717e-01 6.593676438382334304e-01 6.343005201351622491e-01 6.092556121103958056e-01 5.843447504955869842e-01 5.596803095562844499e-01 5.353742712480126231e-01 5.115373098291597920e-01 4.882776674397393268e-01 4.657002228101747021e-01 4.439055116499624476e-01 4.229887728177844641e-01 4.030387847330892392e-01 3.841382763633148234e-01 3.663624243976951744e-01 3.497788002626547321e-01 3.344469695412781718e-01 3.204185252711484466e-01 3.077370909554815182e-01 2.964386012484034327e-01 2.865517009940798943e-01 2.780979369721069960e-01 2.710923766530116130e-01 2.655441019165823979e-01 2.614568152884161889e-01 2.588294774049281766e-01 2.576567031742539871e-01 2.579292784932969429e-01 2.596345693935651067e-01 2.627568527274040666e-01 2.672776549753788089e-01 2.731758387070451488e-01 2.804276568147825999e-01 2.890067422499149052e-01 2.988839351392458821e-01 3.100273172257915766e-01 3.224019341396085481e-01 3.359695153794119982e-01 3.506882950801746834e-01 3.665126490398433190e-01 3.833931128306046765e-01 4.012761702856422752e-01 4.201040345519590491e-01 4.398146584587060426e-01 4.603416559647323658e-01 4.816144651052990389e-01 5.035584576290660364e-01 5.260951168872352035e-01 5.491422680317861182e-01 5.726143319947821775e-01 5.964226743579912338e-01 6.204759452048000945e-01
6.442308143889803329e-01 6.687007350986734489e-01 6.931271875111468805e-01 7.174118771706943232e-01 7.414560460919348284e-01 7.651609772167993206e-01 7.884285397958897823e-01 8.111616113865718347e-01 8.332645304491616001e-01 8.546436906228827013e-01 8.752079927311264829e-01 8.948694651890756191e-01 9.135436707383004507e-01 9.311502010895972292e-01 9.476131315035541958e-01 9.628614151831803580e-01 9.768294420284691082e-01 9.894573293893135224e-01 1.000691336975409129e+00 1.010484086436267415e+00 1.018794755904284477e+00 1.025589396417202703e+00 1.030841008809933346e+00 1.034529659443013561e+00 1.036642443947627168e+00 1.037173303315561901e+00 1.036123004774341938e+00 1.033498938022758606e+00 1.029314862390489971e+00 1.023590653208350743e+00 1.016351823466001614e+00 1.007629278355486546e+00 9.974590321243874680e-01 9.858818321825599806e-01 9.729429584743620740e-01 9.586918281356782146e-01 9.431818561386482447e-01 9.264704356172676070e-01 9.086188050223406032e-01 8.896921240523203434e-01 8.697594276614029063e-01 8.488940302882443945e-01 8.271726746140182218e-01 8.046767442261367753e-01 7.814919541567763028e-01 7.577083177060190966e-01 7.334200804182737787e-01 7.087256355203638281e-01 6.837271732278337177e-01 6.585303722062166853e-01 6.332438877242200226e-01 6.079786382557600399e-01 5.828471192965539727e-01 5.579624791339107270e-01 5.334375808923095263e-01 5.093840783385356064e-01 4.859112774401372348e-01 4.631251867516913978e-01 4.411275160426685882e-01 4.200146986658432335e-01 3.998766987110695670e-01 3.807974065150437903e-01 3.628531060083496351e-01 3.461124036810691584e-01 3.306358083357644473e-01 3.164757527270952719e-01 3.036765863641641694e-01 2.922748520791884075e-01 2.822996860068678893e-01 2.737730052819133397e-01 2.667101349932039511e-01 2.611203097319003685e-01 2.570072873695318783e-01 2.543699959594770132e-01 2.532029372874656792e-01 2.534967123741056483e-01 2.552384383184487238e-01 2.584120847112533759e-01 2.629988156305909652e-01 2.689770800679871510e-01 2.763226680706757366e-01 2.850086995591297745e-01 2.950054500062415097e-01 3.062803866256337826e-01 3.187978894492314308e-01 3.325189735169992722e-01 3.474011103573115267e-01 3.633978647606641021e-01 3.804589241240492470e-01 3.985298928597188484e-01 4.175520789865164728e-01 4.374625170955575570e-01 4.581939000271031959e-01 4.796747558136404410e-01 5.018295708677933398e-01 5.245789766039602453e-01 5.478399918010444791e-01 5.715262866708999967e-01 5.955485372112895304e-01 6.198147669303660789e-01
6.428033583669138240e-01 6.674640958932973600e-01 6.920811861416750199e-01 7.165560353666488025e-01 7.407895774078038231e-01 7.646827620300109540e-01 7.881370822737380211e-01 8.110549766107042480e-01 8.333402631457278442e-01 8.548987218315865499e-01 8.756385344927803960e-01 8.954709002004450635e-01 9.143104406189203059e-01 9.320756983610731794e-01 9.486896058146467858e-01 9.640798964277090821e-01 9.781796876634739624e-01 9.909278004077770596e-01 1.002269207774963311e+00 1.012155289903500455e+00 1.020544065475064821e+00 1.027400546344602983e+00 1.032696849138179385e+00 1.036412343359646160e+00 1.038533640807843605e+00 1.039054429567452864e+00 1.037975468357143827e+00 1.035304386066278504e+00 1.031055423372331692e+00 1.025249165405397012e+00 1.017912039848370531e+00 1.009076043036512660e+00 9.987784222683001589e-01 9.870612602155530713e-01 9.739712332531375028e-01 9.595591739859834490e-01 9.438798922687594573e-01 9.269921195190220509e-01 9.089583448651485931e-01 8.898448674367313016e-01 8.697217329352722182e-01 8.486631319082752478e-01 8.267465412485172083e-01 8.040539511350177637e-01 7.806715682625493535e-01 7.566898018481846844e-01 7.322032215169566038e-01 7.073104998943180455e-01 6.821140886260794733e-01 6.567199368387253156e-01 6.312370031060333675e-01 6.057765613299205265e-01 5.804515292518581671e-01 5.553755547555467853e-01 5.306620816386001804e-01 5.064234224891626113e-01 4.827696124370562947e-01 4.598074472781654154e-01 4.376394661918198148e-01 4.163629557911302514e-01 3.960687337727441526e-01 3.768415320294102311e-01 3.587584392911915554e-01 3.418888151981265278e-01 3.262938526951538187e-01 3.120265903700727428e-01 2.991318969612936085e-01 2.876467441474789832e-01 2.776006082852282564e-01 2.690156534229376506e-01 2.619073664116208788e-01 2.562850657798492193e-01 2.521525218572660543e-01 2.495086119802519820e-01 2.483477299777455405e-01 2.486603192252537786e-01 2.504332959248235513e-01 2.536503899747734603e-01 2.582924889576074245e-01 2.643377315284329843e-01 2.717615645724851814e-01 2.805367301922596646e-01 2.906330890769592279e-01 3.020176581510784497e-01 3.146543297705723385e-01 3.285035960634105634e-01 3.435223702211320229e-01 3.596636219797645917e-01 3.768764180605789771e-01 3.951057210380025664e-01 4.142921809061416716e-01 4.343721686276713068e-01 4.552777159292838993e-01 4.769367042264918699e-01 4.992729985690319561e-01 5.222066400957530163e-01 5.456540970337726559e-01 5.695285351920482686e-01 5.937401737794946177e-01 6.181966248740270453e-01
6.403536555122840701e-01 6.651849761560395535e-01 6.899748560031698785e-01 7.146245035755007802e-01 7.390346075801493830e-01 7.631058070589887832e-01 7.867391991517165284e-01 8.098367210215254852e-01 8.323015664203279318e-01 8.540387564703566525e-01 8.749555704158525904e-01 8.949621589840505154e-01 9.139719528494621992e-01 9.319021700044280987e-01 9.486743044745655773e-01 9.642145612652218700e-01 9.784544701309534354e-01 9.913312412085496517e-01 1.002788255063854272e+00 1.012775360160318661e+00 1.021249148584487898e+00 1.028173355269070166e+00 1.033519010466087407e+00 1.037264625394364925e+00 1.039396211731160147e+00 1.039907137008698301e+00 1.038798134370752413e+00 1.036077106362617517e+00 1.031758860671925015e+00 1.025864827418413450e+00 1.018422531269695286e+00 1.009465284918602768e+00 9.990318317195207021e-01 9.871658844247865883e-01 9.739158353545117608e-01 9.593342696614124421e-01 9.434777385306556408e-01 9.264066591391739713e-01 9.081851114699596161e-01 8.888808585832485010e-01 8.685652581583128695e-01 8.473136470121612751e-01 8.252044702311247537e-01 8.023205154470000044e-01 7.787486246121468891e-01 7.545796959669360815e-01 7.299086637767896457e-01 7.048344669151550557e-01 6.794597526867678372e-01 6.538906236251136317e-01 6.282361759503418686e-01 6.026078286084580737e-01 5.771186709360437428e-01 5.518825650949525929e-01 5.270132214921823266e-01 5.026232748044824339e-01 4.788231363911907845e-01 4.557200265694091312e-01 4.334169476687769751e-01 4.120116756770342281e-01 3.915955266551695013e-01 3.722537309212400891e-01 3.540638565974282281e-01 3.370957123602065786e-01 3.214108951725314078e-01 3.070627959980163912e-01 2.940965782163482700e-01 2.825494471593392176e-01 2.724510545563365582e-01 2.638236763892519710e-01 2.566828561328255986e-01 2.510379204444333490e-01 2.468926044247297946e-01 2.442457139494462748e-01 2.430915395667162804e-01 2.434203957901787396e-01 2.452190494659617637e-01 2.484710637464681016e-01 2.531571428162718851e-01 2.592552271421015297e-01 2.667405506687867134e-01 2.755856249954773962e-01 2.857600594778100800e-01 2.972305999421580580e-01 3.099608451955920829e-01 3.239109733044819306e-01 3.390375616355549293e-01 3.552932198421505650e-01 3.726266409722977513e-01 3.909824030764878500e-01 4.103007649573747750e-01 4.305177079424075126e-01 4.515648813710705922e-01 4.733698011581862763e-01 4.958559913625212867e-01 5.189431793341510168e-01 5.425475515275590688e-01 5.665820265182535120e-01 5.909566081108508229e-01 6.155787183355483361e-01
6.368372395080872383e-01 6.618166784952452808e-01 6.867593200611393778e-01 7.115662756102670850e-01 7.361380500099782287e-01 7.603749918089862669e-01 7.841777802290595956e-01 8.074477868829508242e-01 8.300874758641019202e-01 8.520009640287514729e-01 8.730944455058078368e-01 8.932768062730841452e-01 9.124600404124901809e-01 9.305597718918398042e-01 9.474957687276321927e-01 9.631924082507969942e-01 9.775793280615180381e-01 9.905918251594532098e-01 1.002171394188559495e+00 1.012266074606950284e+00 1.020830777392525812e+00 1.027827734748263389e+00 1.033226699171648777e+00 1.037005171375553703e+00 1.039148453907309921e+00 1.039649531204794419e+00 1.038509096492602923e+00 1.035735360705590802e+00 1.031343782057035252e+00 1.025356766422627519e+00 1.017803111316758269e+00 1.008717662886738253e+00 9.981409141367799664e-01 9.861184924656145601e-01 9.727008150140501463e-01 9.579425460141489657e-01 9.419023143934014408e-01 9.246425614209839994e-01 9.062292901527673195e-01 8.867320454955248676e-01 8.662237932491064774e-01 8.447812830258515371e-01 8.224841598747409943e-01 7.994161986691492583e-01 7.756650199903138976e-01 7.513221044827316231e-01 7.264827919798800826e-01 7.012462744740143306e-01 6.757153284205373867e-01 6.499960908037664131e-01 6.241976264158971555e-01 5.984312836632136312e-01 5.728100656547152614e-01 5.474477542440797651e-01 5.224580010103728744e-01 4.979534126099385283e-01 4.740444084843742356e-01 4.508382539569441572e-01 4.284380301844875616e-01 4.069416196642675621e-01 3.864404621244836857e-01 3.670199235575289376e-01 3.487577067296586120e-01 3.317237465300463817e-01 3.159797460951003778e-01 3.015791788470602586e-01 2.885672632665428616e-01 2.769812298725373156e-01 2.668507294207990155e-01 2.581980052919002344e-01 2.510385448203947822e-01 2.453816012654939926e-01 2.412308229853050712e-01 2.385849216647317750e-01 2.374380890403535727e-01 2.377805410419531751e-01 2.395989498145081054e-01 2.428767893703868974e-01 2.475946797470017224e-01 2.537304829336898826e-01 2.612593590584803560e-01 2.701537467216437172e-01 2.803831788123988811e-01 2.919143217876590812e-01 3.047106886007381887e-01 3.187323665615257040e-01 3.339358349338001353e-01 3.502735941035294842e-01 3.676942266362591694e-01 3.861421996947492219e-01 4.055576639775758108e-01 4.258765010614919411e-01 4.470302718949092924e-01 4.689464223753461170e-01 4.915484291331529421e-01 5.147559940581302174e-01 5.384853008899727067e-01 5.626492867008437981e-01 5.871579880491297754e-01 6.119188632876298994e-01
6.322101680994447470e-01 6.573123848720359153e-01 6.823848783517023620e-01 7.073287647326313987e-01 7.320444278391952109e-01 7.564319480304367849e-01 7.803915676146768732e-01 8.038240327738030988e-01 8.266309786926151482e-01 8.487154805261258872e-01 8.699824749188914685e-01 8.903393791194640361e-01 9.096965197244119006e-01 9.279676741950181329e-01 9.450706157674768626e-01 9.609276153909995788e-01 9.754661357978776648e-01 9.886192808965434953e-01 1.000326388579607872e+00 1.010533433999432740e+00 1.019193413385581115e+00 1.026266849458446817e+00 1.031722042219537228e+00 1.035535343325454383e+00 1.037691247443938369e+00 1.038182299909101935e+00 1.037009142252552696e+00 1.034180327071132055e+00 1.029712041200805395e+00 1.023627787870297956e+00 1.015957800751707163e+00 1.006738661055236683e+00 9.960128471480432788e-01 9.838281659931941148e-01 9.702373476581893641e-01 9.552974407702095050e-01 9.390694673760321409e-01 9.216182109016144430e-01 9.030119106884539892e-01 8.833221940488306112e-01 8.626239156367748739e-01 8.409954910427215324e-01 8.185179858912173811e-01 7.952763429358251646e-01 7.713590974244436405e-01 7.468583999861360123e-01 7.218700323186445500e-01 6.964934225227358278e-01 6.708314061320326260e-01 6.449900319450164732e-01 6.190781600587937916e-01 5.932068477141845264e-01 5.674887478118774142e-01 5.420372598198986980e-01 5.169656421199142482e-01 4.923861128673703291e-01 4.684087196935279307e-01 4.451403804464076908e-01 4.226838568141892405e-01 4.011367402229485957e-01 3.805902042639111582e-01 3.611293725709540658e-01 3.428317227372473797e-01 3.257669784588393957e-01 3.099966374267525970e-01 2.955739728461183602e-01 2.825440072115425472e-01 2.709437775773390067e-01 2.608027486077741375e-01 2.521429793578078282e-01 2.449797826054431471e-01 2.393222525320883587e-01 2.351738965666930192e-01 2.325333082205743029e-01 2.313945850062724685e-01 2.317478759595999471e-01 2.335798158092839971e-01 2.368738708195484988e-01 2.416106810297645457e-01 2.477681556069220581e-01 2.553215269214262340e-01 2.642433259762376752e-01 2.745031928887523565e-01 2.860679161313732788e-01 2.989011409262848362e-01 3.129630982054035782e-01 3.282104184749519149e-01 3.445957557698107743e-01 3.620678576658498682e-01 3.805713664225913728e-01 4.000466199492638819e-01 4.204297018308402190e-01 4.416523899519430030e-01 4.636423662407539448e-01 4.863233630643000738e-01 5.096153537258386601e-01 5.334348056718384301e-01 5.576949463191911427e-01 5.823060980345412530e-01 6.071759856339500327e-01
6.264297341871598590e-01 6.516258670520467255e-01 6.768017150810912153e-01 7.018585049928363073e-01 7.266965674744280124e-01 7.512157437585481601e-01 7.753158290283059806e-01 7.988968953230271008e-01 8.218596635137911388e-01 8.441060463255636304e-01 8.655395702264485625e-01 8.860660023711141031e-01 9.055937964048863531e-01 9.240346587936099088e-01 9.413041293477271143e-01 9.573221256827961767e-01 9.720136856977836803e-01 9.853094732862532901e-01 9.971464312813353992e-01 1.007468246428513847e+00 1.016225795625803396e+00 1.023377711449856564e+00 1.028890689054466900e+00 1.032739810509129219e+00 1.034908676970044850e+00 1.035389346501137009e+00 1.034182399472191705e+00 1.031296760115746114e+00 1.026749413195721106e+00 1.020565066879672855e+00 1.012775535539733651e+00 1.003419314099176951e+00 9.925410755437491517e-01 9.801910421546607965e-01 9.664245139921389116e-01 9.513011973445039127e-01 9.348847905270092351e-01 9.172427055667963236e-01 8.984457009923623172e-01 8.785677586597253619e-01 8.576858767608577239e-01 8.358803666538204835e-01 8.132339146947222819e-01 7.898327945634375791e-01 7.657665774090219868e-01 7.411281592061883527e-01 7.160137898662036759e-01 6.905231085284100345e-01 6.647589331159901027e-01 6.388270959829103202e-01 6.128360742009174578e-01 5.868964083189953662e-01 5.611201319683142286e-01 5.356199545854503086e-01 5.105084007215648922e-01 4.858969324880374474e-01 4.618948379125984438e-01 4.386082861874551764e-01 4.161393118461068630e-01 3.945848077450153646e-01 3.740352813384636987e-01 3.545752255059452240e-01 3.362815226386303702e-01 3.192233379580687869e-01 3.034616428225709872e-01 2.890492190181260801e-01 2.760306343183077660e-01 2.644425070091611096e-01 2.543139248957670406e-01 2.456666064981273545e-01 2.385155682211837491e-01 2.328696571198141940e-01 2.287321841425463131e-01 2.261016002173693307e-01 2.249719136930416474e-01 2.253332396988306507e-01 2.271722348883466747e-01 2.304724419352374709e-01 2.352146284719488778e-01 2.413768805706823228e-01 2.489346535722990750e-01 2.578607415440889450e-01 2.681250813799853638e-01 2.796947913084992243e-01 2.925338737813051315e-01 3.066029449506165183e-01 3.218590434586673377e-01 3.382552477649578004e-01 3.557407538647161527e-01 3.742606729815357580e-01 3.937558332752064683e-01 4.141628295061336451e-01 4.354139688015904452e-01 4.574374815617737733e-01 4.801576647551941690e-01 5.034950649661539268e-01 5.273667240303333559e-01 5.516864351170011060e-01 5.763650624340036499e-01 6.013108299888580976e-01
6.194554168928584348e-01 6.447124718788964648e-01 6.699609172522886791e-01 6.951022025244373292e-01 7.200366820479542351e-01 7.446639986237638675e-01 7.688835048199832434e-01 7.925945679527847121e-01 8.156969309322673611e-01 8.380912488195755294e-01 8.596795144358769791e-01 8.803656962624258897e-01 9.000562055945423579e-01 9.186604923433144831e-01 9.360916654348201416e-01 9.522670849466892129e-01 9.671091574625605425e-01 9.805459032512491291e-01 9.925116739425786649e-01 1.002947683799432665e+00 1.011802522704845053e+00 1.019032785237148353e+00 1.024603437198012390e+00 1.028488192654412936e+00 1.030669689391774169e+00 1.031139459041805040e+00 1.029898013293409909e+00 1.026954672823061410e+00 1.022327277492232289e+00 1.016041829223546911e+00 1.008131842775850995e+00 9.986378751759394934e-01 9.876069684450934361e-01 9.750919574668935885e-01 9.611509282641446106e-01 9.458464753741760989e-01 9.292452132955050237e-01 9.114174262861913789e-01 8.924366334671764989e-01 8.723794039727912342e-01 8.513250975641267759e-01 8.293561177091638426e-01 8.065569418509561661e-01 7.830153115313457368e-01 7.588219326622214211e-01 7.340705031726370011e-01 7.088577521570079698e-01 6.832834923767689972e-01 6.574504377001092470e-01 6.314640681586267679e-01 6.054322935213384271e-01 5.794649073963088481e-01 5.536730511738369165e-01 5.281684331212103123e-01 5.030624999463850777e-01 4.784655866954198866e-01 4.544858302764445135e-01 4.312282459973932891e-01 4.087937291710746490e-01 3.872780619282205072e-01 3.667706807874072106e-01 3.473550545331436923e-01 3.291070954734174325e-01 3.120950583992375682e-01 2.963790631621096572e-01 2.820111050818361886e-01 2.690350351407544416e-01 2.574868248085996347e-01 2.473949920632360633e-01 2.387807571761294545e-01 2.316587174387765014e-01 2.260373843160248530e-01 2.219198167851412773e-01 2.193042992425936755e-01 2.181847567713630365e-01 2.185513047246739615e-01 2.203906824159267974e-01 2.236865946965171104e-01 2.284200461902921031e-01 2.345694315842063449e-01 2.421105820635548189e-01 2.510167277539318564e-01 2.612582944325801404e-01 2.728029405317971001e-01 2.856152535719004293e-01 2.996564795035484008e-01 3.148843250741553135e-01 3.312525671582970954e-01 3.487111367097902037e-01 3.672059108104379632e-01 3.866785137591144395e-01 4.070663632509103347e-01 4.283026102705160265e-01 4.503163480730084101e-01 4.730327486541042736e-01 4.963732350011680894e-01 5.202557150435740407e-01 5.445948240299777199e-01 5.693022250748085433e-01 5.942868755332797459e-01
6.112501189529149226e-01 6.365304268044281732e-01 6.618158493337321646e-01 6.870081803829876099e-01 7.120078874648219092e-01 7.367144721195020285e-01 7.610268694003752277e-01 7.848437362888213142e-01 8.080638035697846888e-01 8.305864074344530001e-01 8.523119220243415839e-01 8.731424111216065098e-01 8.929821205086141411e-01 9.117381073112144074e-01 9.293209037677465645e-01 9.456451613167143888e-01 9.606305022968852914e-01 9.742021526600416204e-01 9.862917278215664885e-01 9.968378336864683886e-01 1.005786649573433555e+00 1.013092623180879448e+00 1.018718899287093471e+00 1.022637751371899162e+00 1.024830802140097141e+00 1.025289027626291372e+00 1.024012864859762839e+00 1.021012048797300675e+00 1.016305316259259905e+00 1.009920028486648746e+00 1.001891489735997176e+00 9.922624304124272321e-01 9.810823932778803824e-01 9.684069758803413031e-01 9.542972156019333685e-01 9.388187730972417100e-01 9.220413652990946396e-01 9.040383388683778110e-01 8.848861627554899245e-01 8.646641761832606354e-01 8.434542716620063718e-01 8.213410979535489265e-01 7.984110550779750515e-01 7.747534549655634706e-01 7.504602073753214864e-01 7.256258436323750338e-01 7.003475622536537992e-01 6.747252956297790094e-01 6.488615542784761381e-01 6.228613204591382235e-01 5.968317455850750131e-01 5.708816416062250099e-01 5.451209820669126183e-01 5.196601616540811319e-01 4.946092049073210761e-01 4.700769491173481529e-01 4.461699892773425269e-01 4.229917824897626577e-01 4.006416737478022405e-01 3.792139232660266535e-01 3.587964928078652971e-01 3.394714345880767703e-01 3.213133168510020621e-01 3.043891329139872814e-01 2.887578270129577129e-01 2.744703141383816325e-01 2.615694677076885188e-01 2.500903857735315428e-01 2.400608250150572109e-01 2.315013514230732650e-01 2.244260221499971841e-01 2.188429262666687081e-01 2.147548168511046185e-01 2.121597892058199597e-01 2.110516922440914545e-01 2.114206766192170406e-01 2.132536256915314732e-01 2.165344926014407811e-01 2.212446283903875821e-01 2.273628677876149418e-01 2.348655701200800805e-01 2.437265737466786653e-01 2.539169844525414610e-01 2.654052101174648182e-01 2.781566498120420783e-01 2.921334223175623412e-01 3.072941607673945752e-01 3.235936127179376287e-01 3.409827286769954169e-01 3.594084463719443567e-01 3.788134898389520222e-01 3.991364090014659638e-01 4.203115107380137605e-01 4.422690628453720962e-01 4.649354200424812844e-01 4.882331822393223830e-01 5.120814128645714280e-01 5.363958638047857663e-01 5.610892532161130264e-01 5.860715062352065408e-01
6.017816647658543738e-01 6.270424429226268970e-01 6.523238643015306648e-01 6.775282004824918491e-01 7.025561379232302395e-01 7.273071151292400671e-01 7.516797008502297262e-01 7.755718674923175460e-01 7.988813362298358145e-01 8.215061051120998714e-01 8.433448915006411806e-01 8.642977999634879893e-01 8.842668431171996080e-01 9.031566078345999449e-01 9.208749649667371528e-01 9.373337686143708991e-01 9.524497664930253737e-01 9.661453010050382595e-01 9.783491654132331350e-01 9.889972767951804578e-01 9.980333308368340983e-01 1.005409563832913244e+00 1.011087245030612980e+00 1.015037163772490203e+00 1.017239896144566780e+00 1.017685844220622693e+00 1.016375365504443629e+00 1.013318618443372232e+00 1.008535260513644172e+00 1.002054050572555255e+00 9.939121357993827566e-01 9.841544880116808169e-01 9.728332326629202109e-01 9.600068249594870817e-01 9.457393599478842727e-01 9.300996804918311156e-01 9.131607291034367080e-01 8.949990418840210182e-01 8.756941649358114255e-01 8.553283308043727606e-01 8.339860796780572683e-01 8.117544066457580421e-01 7.887217184960539917e-01 7.649789579116155203e-01 7.406192708618548615e-01 7.157380223100844319e-01 6.904328446653794638e-01 6.648037153990137282e-01 6.389528266397361822e-01 6.129845060676245572e-01 5.870049482276340491e-01 5.611217446137510834e-01 5.354434240934711209e-01 5.100787564476140235e-01 4.851360026314188167e-01 4.607221358040692882e-01 4.369418236070951589e-01 4.138965666941096244e-01 3.916837551884495561e-01 3.703957230369416265e-01 3.501185604450983146e-01 3.309325175254894669e-01 3.129104513961821765e-01 2.961177496157094691e-01 2.806118633558501996e-01 2.664423398517972164e-01 2.536508203128204353e-01 2.422713085884251327e-01 2.323306139296497652e-01 2.238484969983297046e-01 2.168383582219702010e-01 2.113077812645348663e-01 2.072591624707945113e-01 2.046903877987385489e-01 2.035952386227898592e-01 2.039639366738540405e-01 2.057835705894352218e-01 2.090384268989265437e-01 2.137103106329387436e-01 2.197786253267560719e-01 2.272204073164300897e-01 2.360102712571728323e-01 2.461201893916841188e-01 2.575195230175424399e-01 2.701747034802218228e-01 2.840489591870866137e-01 2.991021013215072744e-01 3.152901135632422136e-01 3.325652433968927513e-01 3.508757765978587351e-01 3.701658329771169154e-01 3.903753963414403616e-01 4.114402339364770511e-01 4.332920923752356934e-01 4.558588097167345365e-01 4.790644568122771618e-01 5.028295363491371850e-01 5.270711869381444759e-01 5.517034350077650862e-01 5.766374070209953073e-01
5.910245287360644806e-01 6.162175846526279921e-01 6.414483197229958744e-01 6.666196308296710171e-01 6.916325486403124279e-01 7.163865519674632587e-01 7.407799254674207745e-01 7.647100197497924690e-01 7.880735918895974690e-01 8.107673313633723122e-01 8.326883149631327807e-01 8.537346927730431467e-01 8.738062400611164016e-01 8.928050627874791756e-01 9.106363548289321264e-01 9.272091544858724887e-01 9.424373145579748590e-01 9.562402732353758594e-01 9.685439813336939041e-01 9.792816479675392483e-01 9.883944677949875190e-01 9.958324499213285774e-01 1.001554974218429761e+00 1.005531333944036376e+00 1.007741048795587790e+00 1.008173939921477524e+00 1.006830281138303640e+00 1.003720653555830067e+00 9.988656384408506339e-01 9.922953999482680976e-01 9.840489416549585977e-01 9.741734964676268538e-01 9.627237988303706251e-01 9.497611949405265763e-01 9.353528775334428724e-01 9.195709183163522926e-01 9.024915373684826436e-01 8.841945158366723012e-01 8.647625339752390561e-01 8.442807729356973656e-01 8.228364710564384232e-01 8.005190107429592805e-01 7.774188350019130000e-01 7.536285285959899438e-01 7.292424631699098159e-01 7.043568009902944071e-01 6.790695425692899745e-01 6.534806118297220578e-01 6.276917492080344996e-01 6.018064581538964397e-01 5.759297699271300752e-01 5.501678132680506428e-01 5.246273958774876345e-01 4.994153548839183610e-01 4.746378524951698208e-01 4.503996397744845503e-01 4.268030816852343978e-01 4.039473355525867171e-01 3.819274443284156328e-01 3.608334241729368452e-01 3.407491101052656512e-01 3.217525777437121315e-01 3.039146190685644289e-01 2.872986843069688656e-01 2.719604264700264951e-01 2.579477493858821080e-01 2.453008184457764473e-01 2.340523327441786372e-01 2.242279771990193515e-01 2.158465643981404003e-01 2.089207286243398021e-01 2.034574710319890511e-01 1.994587849988889161e-01 1.969223300912675001e-01 1.958418306039684809e-01 1.962076155314071424e-01 1.980070389999502578e-01 2.012248036081139835e-01 2.058432721557944545e-01 2.118425406494261753e-01 2.192004649680770467e-01 2.278925966732808228e-01 2.378919525013117320e-01 2.491690417541719549e-01 2.616915385842735753e-01 2.754240068636971128e-01 2.903276759222266912e-01 3.063600190599825579e-01 3.234748457522640952e-01 3.416220645635064113e-01 3.607474742973414972e-01 3.807927815078665512e-01 4.016955057616755642e-01 4.233891646692630739e-01 4.458033688569646436e-01 4.688639437741056182e-01 4.924931061616550920e-01 5.166096442797147859e-01 5.411291411705386745e-01 5.659641560670188865e-01
5.789617481693760670e-01 6.040333566868707482e-01 6.291608457536405075e-01 6.542479010841752984e-01 6.791960448739466916e-01 7.039049280033899958e-01 7.282726682268487739e-01 7.521960987462161796e-01 7.755711061565984110e-01 7.982931553272838432e-01 8.202577588950414889e-01 8.413611825664596422e-01 8.615010298053340509e-01 8.805769880747913447e-01 8.984916339867791146e-01 9.151512478075300994e-01 9.304668429263873719e-01 9.443550065695116569e-01 9.567388973462483959e-01 9.675490629819950561e-01 9.767242391831065795e-01 9.842122439942857515e-01 9.899705972451779967e-01 9.939671175864066566e-01 9.961802814343255763e-01 9.965993338248760880e-01 9.952244610749901854e-01 9.920666550031844722e-01 9.871474014287455745e-01 9.804982443530010361e-01 9.721600140722372885e-01 9.621821720470997708e-01 9.506220278951122982e-01 9.375437854524295567e-01 9.230177033702655631e-01 9.071190534327320254e-01 8.899273078329892339e-01 8.715254704003966291e-01 8.519993355378920885e-01 8.314370136206375994e-01 8.099284205172072593e-01 7.875653004641800514e-01 7.644401012841059995e-01 7.406470064378265494e-01 7.162815546952120416e-01 6.914406282568730244e-01 6.662224959838763949e-01 6.407269026677644419e-01 6.150549834950653771e-01 5.893092341275972812e-01 5.635933081038463355e-01 5.380116264408802973e-01 5.126690012695835907e-01 4.876700355172796653e-01 4.631184671580308443e-01 4.391164797508035900e-01 4.157637751365616530e-01 3.931567970838407144e-01 3.713878670076319333e-01 3.505443105654220681e-01 3.307073432590134088e-01 3.119525131201666968e-01 2.943482121170304389e-01 2.779556401866873361e-01 2.628283650640587110e-01 2.490123885597751718e-01 2.365461724982184655e-01 2.254609152392711424e-01 2.157810134861546381e-01 2.075242005419912772e-01 2.007022449290691846e-01 1.953214961338029798e-01 1.913835043606786079e-01 1.888856897615281971e-01 1.878217320728601258e-01 1.881821038066166796e-01 1.899544828771556060e-01 1.931240667876027717e-01 1.976738741603119853e-01 2.035848096236679006e-01 2.108356819336426879e-01 2.194031294282177413e-01 2.292613792895486502e-01 2.403822700026410075e-01 2.527349145310514023e-01 2.662854224882655885e-01 2.809966650557137458e-01 2.968278417221467680e-01 3.137345714688680731e-01 3.316686426063849003e-01 3.505777982297766937e-01 3.704057387228519849e-01 3.910920106096052451e-01 4.125721780565717589e-01 4.347778979228099083e-01 4.576370198056873839e-01 4.810737370984094485e-01 5.050087408287655677e-01 5.293594121107955131e-01 5.540399709998803379e-01
5.655869502120219883e-01 5.904779342982466872e-01 6.154437876230633986e-01 6.403891653840797504e-01 6.652162524319549242e-01 6.898250342078479092e-01 7.141136165519308410e-01 7.379784645039574320e-01 7.613147395023304176e-01 7.840168240477637385e-01 8.059788073064845237e-01 8.270952102667538108e-01 8.472616040599499909e-01 8.663753972806470527e-01 8.843366882953499486e-01 9.010491371502308278e-01 9.164210527017165875e-01 9.303663016491872106e-01 9.428053741169537538e-01 9.536662713068795316e-01 9.628853737184612793e-01 9.704083981812949844e-01 9.761910783884025777e-01 9.801998142706699335e-01 9.824120755175279607e-01 9.828165477912457204e-01 9.814133261758372084e-01 9.782137894294629099e-01 9.732402852023842588e-01 9.665256772283851161e-01 9.581125477371528198e-01 9.480524996239155788e-01 9.364053209653042664e-01 9.232379700242087095e-01 9.086236642534512020e-01 8.926407674604361908e-01 8.753718968757995267e-01 8.569031742520438755e-01 8.373234065274226534e-01 8.167235345488669251e-01 7.951960552840301455e-01 7.728349782062504669e-01 7.497346592448144165e-01 7.259907782983839875e-01 7.016999309220255387e-01 6.769595975643928343e-01 6.518681790189839731e-01 6.265250863831538508e-01 6.010306744865091533e-01 5.754862332289646387e-01 5.499938162788442497e-01 5.246558904220077757e-01 4.995750018511983526e-01 4.748532266741775087e-01 4.505915662864040661e-01 4.268893080138897456e-01 4.038431497132898285e-01 3.815464731945940047e-01 3.600885274487648502e-01 3.395535995152533792e-01 3.200199462744925949e-01 3.015602603336123289e-01 2.842402237796343156e-01 2.681184975922735192e-01 2.532463004941050699e-01 2.396674957447577636e-01 2.274186343138423216e-01 2.165292365352166903e-01 2.070222636277219974e-01 1.989142529637759338e-01 1.922160199479076848e-01 1.869332030568869041e-01 1.830668764327938458e-01 1.806142125277230837e-01 1.795688612577535370e-01 1.799214745879786914e-01 1.816601097012719990e-01 1.847705325944580812e-01 1.892365081622345846e-01 1.950398559701870538e-01 2.021604590472292906e-01 2.105761785118381302e-01 2.202626023791406373e-01 2.311930622808768820e-01 2.433382873748370645e-01 2.566661233902758910e-01 2.711412861336889857e-01 2.867249162313272315e-01 3.033746674033563351e-01 3.210444420676663579e-01 3.396841702026172083e-01 3.592397946370400330e-01 3.796531416637334844e-01 4.008620766804433799e-01 4.228005569475985492e-01 4.453987081040072238e-01 4.685829475044200887e-01 4.922761096822599880e-01 5.163976063918193082e-01 5.408635417726274097e-01
5.509064026234754552e-01 5.755524382314569642e-01 6.002927149726638989e-01 6.250330556692145212e-01 6.496765035377750630e-01 6.741235729371652941e-01 6.982725520122153862e-01 7.220197334125284527e-01 7.452597522777433259e-01 7.678861111877203216e-01 7.897916827625585112e-01 8.108694544316853436e-01 8.310131802604608930e-01 8.501182085505095687e-01 8.680823793298693136e-01 8.848069516770331600e-01 9.001977453594388612e-01 9.141661151676565567e-01 9.266300807376818272e-01 9.375152805164929104e-01 9.467559056532499628e-01 9.542957156254410211e-01 9.600887766457305572e-01 9.641001602998880982e-01 9.663063895426453609e-01 9.666956192379391188e-01 9.652678494209805393e-01 9.620348099661703012e-01 9.570196438225926361e-01 9.502564392480818967e-01 9.417894099462920110e-01 9.316721578213265076e-01 9.199667888928910742e-01 9.067428416663563251e-01 8.920763086048358881e-01 8.760484566223986080e-01 8.587448574730142115e-01 8.402545616323384703e-01 8.206692031037361446e-01 8.000823726769978883e-01 7.785889736575770659e-01 7.562851104955734538e-01 7.332668826792682060e-01 7.096313029970812147e-01 6.854758594643188818e-01 6.608984628843527220e-01 6.359974714075897761e-01 6.108717778786310060e-01 5.856207596474016785e-01 5.603442886063315642e-01 5.351425894920907034e-01 5.101159282905024517e-01 4.853643210811947051e-01 4.609870362881499095e-01 4.370820429770754800e-01 4.137454242144034677e-01 3.910705571162180760e-01 3.691474398945488455e-01 3.480619269606732291e-01 3.278949486901591714e-01 3.087214950325518070e-01 2.906111061626371894e-01 2.736264748971191096e-01 2.578234641613220135e-01 2.432507083058755570e-01 2.299497222243746253e-01 2.179549634246376322e-01 2.072941193652345360e-01 1.979885883766522303e-01 1.900536125413160859e-01 1.834989812283988886e-01 1.783295740191152834e-01 1.745459645219864520e-01 1.721450745133482896e-01 1.711205411067036330e-01 1.714632309116113085e-01 1.731616321490996591e-01 1.762021463177042835e-01 1.805693656755072152e-01 1.862461190562382518e-01 1.932134707041188171e-01 2.014506237977443937e-01 2.109346588334511940e-01 2.216405438797436067e-01 2.335407793385884945e-01 2.466051135976653208e-01 2.608002848234059479e-01 2.760895638650960326e-01 2.924328378074171342e-01 3.097863305906784492e-01 3.281023746302116351e-01 3.473293771047814560e-01 3.674116709704789985e-01 3.882896527676919507e-01 4.098998112270717531e-01 4.321747789857123823e-01 4.550434264803023265e-01 4.784309576337874015e-01 5.022590365047649996e-01 5.264458682526357292e-01
5.349409820863636478e-01 5.592731383914892884e-01 5.837188724157720277e-01 6.081853897129335662e-01 6.325768118270521656e-01 6.567944080649250616e-01 6.807368822229059591e-01 7.043005967813992241e-01 7.273799128606193154e-01 7.498677155851429799e-01 7.716559338751556307e-01 7.926363037881193341e-01 8.127010527301723464e-01 8.317437653815390464e-01 8.496603231926054267e-01 8.663498837612464420e-01 8.817160724382714365e-01 8.956680174696624031e-01 9.081215387955172691e-01 9.190001633092634847e-01 9.282361193732853177e-01 9.357714057170323230e-01 9.415585833823312267e-01 9.455615196014695023e-01 9.477558734153160858e-01 9.481293089698573651e-01 9.466817273129445320e-01 9.434251618017892582e-01 9.383834608483591078e-01 9.315918076675426818e-01 9.230958822149026854e-01 9.129510887044571810e-01 9.012216278757355647e-01 8.879793744107356002e-01 8.733028363422936646e-01 8.572759148153519249e-01 8.399868628916561386e-01 8.215273866630496968e-01 8.019916781849490972e-01 7.814757159806897668e-01 7.600765564934452989e-01 7.378921549532050372e-01 7.150201216168450280e-01 6.915585768730275751e-01 6.676056824554975622e-01 6.432595650905384987e-01 6.186183274041483493e-01 5.937801295565426907e-01 5.688431527449759884e-01 5.439056252144794934e-01 5.190657081380302129e-01 4.944212219137429920e-01 4.700693968860593652e-01 4.461064275636668075e-01 4.226269749018611854e-01 3.997236342167193590e-01 3.774861734697817495e-01 3.560009169666283335e-01 3.353500359337550640e-01 3.156108210877610065e-01 2.968547229715805535e-01 2.791478681766442760e-01 2.625497162474057511e-01 2.471131072374864457e-01 2.328838885730907249e-01 2.199010477753635673e-01 2.081967946583674067e-01 1.977968546580897435e-01 1.887209584801452789e-01 1.809829731572507594e-01 1.745916053701331017e-01 1.695509407158740101e-01 1.658610370822826419e-01 1.635185683083104635e-01 1.625171779669497829e-01 1.628479813046264379e-01 1.644999447891913325e-01 1.674601646255879650e-01 1.717141305942431473e-01 1.772457612439104768e-01 1.840373923192668848e-01 1.920696691264766054e-01 2.013212748004090669e-01 2.117689334749860430e-01 2.233870463133617867e-01 2.361474036911503649e-01 2.500189152990744401e-01 2.649671417770072535e-01 2.809543718690404313e-01 2.979393277564087450e-01 3.158769290665179863e-01 3.347182388475590242e-01 3.544102941360849357e-01 3.748962243657029125e-01 3.961152545227752397e-01 4.180027313236095998e-01 4.404901865629481938e-01 4.635054022402725904e-01 4.869725034627759297e-01 5.108120053349920475e-01
5.177279428675920503e-01 5.416734601559173301e-01 5.657514357940774952e-01 5.898706886513963576e-01 6.139366612880758911e-01 6.378516340550419716e-01 6.615149971323546207e-01 6.848234695692848595e-01 7.076714419998462180e-01 7.299515021480853516e-01 7.515549712889162404e-01 7.723726843248054363e-01 7.922957042759998236e-01 8.112162234413130557e-01 8.290285405807357177e-01 8.456300876624471830e-01 8.609226655866600852e-01 8.748135342497438405e-01 8.872166536836280093e-01 8.980537542733582068e-01 9.072553855834202263e-01 9.147620320639753277e-01 9.205249531593395762e-01 9.245069675280683796e-01 9.266829747305487253e-01 9.270401992056628293e-01 9.255784390385489724e-01 9.223099723624575974e-01 9.172592412684192897e-01 9.104623619275680202e-01 9.019662729788271438e-01 8.918279327996186945e-01 8.801133540590970750e-01 8.668964370187105528e-01 8.522578736503187979e-01 8.362838539576620267e-01 8.190649597705711438e-01 8.006951989959087967e-01 7.812709721716593059e-01 7.608903043854718939e-01 7.396520760075596668e-01 7.176557770594131913e-01 6.950002293892968419e-01 6.717843755881808265e-01 6.481067794075605626e-01 6.240655238733461285e-01 5.997582062103125056e-01 5.752820109429728213e-01 5.507336843654120351e-01 5.262095737058662959e-01 5.018055382891315475e-01 4.776167121363741330e-01 4.537372953359464223e-01 4.302601597788499599e-01 4.072764057412259775e-01 3.848748853973402717e-01 3.631415013307493500e-01 3.421586490443348505e-01 3.220045657761896885e-01 3.027526589879273589e-01 2.844706075309442750e-01 2.672209034371025305e-01 2.510595685445731751e-01 2.360362334797672379e-01 2.221937927102255739e-01 2.095685615808559055e-01 1.981903793890561483e-01 1.880829087465830385e-01 1.792641329072072742e-01 1.717464855055667594e-01 1.655375515384893692e-01 1.606406013132268551e-01 1.570551716841033785e-01 1.547776972200171630e-01 1.538018493184737101e-01 1.541190241831235375e-01 1.557187083946381945e-01 1.585887431974064010e-01 1.627155737861464280e-01 1.680842734060804256e-01 1.746785211206544897e-01 1.824804831945423533e-01 1.914705318396993927e-01 2.016272408173101771e-01 2.129270134661892244e-01 2.253437915558668403e-01 2.388487740644916479e-01 2.534099385347517996e-01 2.689921103392983737e-01 2.855566528968150886e-01 3.030612240134029078e-01 3.214597007467443479e-01 3.407019892280888085e-01 3.607341225521508155e-01 3.814982377777001998e-01 4.029325763704951768e-01 4.249715165519282190e-01 4.475456077065167459e-01 4.705816298112736051e-01 4.940026069909966844e-01
4.993223618304680200e-01 5.228056569894140582e-01 5.464394250120764296e-01 5.701343416726132318e-01 5.937974332278989076e-01 6.173322741877266262e-01 6.406392458289945635e-01 6.636157512198792574e-01 6.861565610597583076e-01 7.081543386424464792e-01 7.295001917519271517e-01 7.500844668694011119e-01 7.697974908924917203e-01 7.885305033687520782e-01 8.061766659934467283e-01 8.226321308213431216e-01 8.377973130746988462e-01 8.515780289768908329e-01 8.638867813620165759e-01 8.746438773352904761e-01 8.837785239621972488e-01 8.912299833085935985e-01 8.969484544074971533e-01 9.008958921457227431e-01 9.030465608383162479e-01 9.033873063425436056e-01 9.019178199720961908e-01 8.986505560673577753e-01 8.936104188454064845e-01 8.868342660796696419e-01 8.783700490612234013e-01 8.682759853151296170e-01 8.566195622291061795e-01 8.434763340881259452e-01 8.289287788401127344e-01 8.130649594756277354e-01 7.959773607302210729e-01 7.777618637155924164e-01 7.585166529891184117e-01 7.383413854325332482e-01 7.173363651116048123e-01 6.956022336549575469e-01 6.732386630950157880e-01 6.503450764843788923e-01 6.270201183285708524e-01 6.033615262108482646e-01 5.794661078934237874e-01 5.554298034150355612e-01 5.313476678454522872e-01 5.073139207642500814e-01 4.834218802050205821e-01 4.597637595971816316e-01 4.364304980561620750e-01 4.135114165443937728e-01 3.910938283383045833e-01 3.692626183846572929e-01 3.480996032136319251e-01 3.276830335196844746e-01 3.080870031059467218e-01 2.893808355616907524e-01 2.716282494862681252e-01 2.548879250165836940e-01 2.392122847288639109e-01 2.246476046433238394e-01 2.112336996106768117e-01 1.990041047709187327e-01 1.879861997499127635e-01 1.782015138041381230e-01 1.696662294113119585e-01 1.623913111071318971e-01 1.563832017686489495e-01 1.516443494757371280e-01 1.481737748964790657e-01 1.459676879360081170e-01 1.450198110379044836e-01 1.453218515338438321e-01 1.468638519545300281e-01 1.496344391701371346e-01 1.536210583687825093e-01 1.588099858063644343e-01 1.651862958714598872e-01 1.727337318997458904e-01 1.814344162828341045e-01 1.912688381735918597e-01 2.022154745565696021e-01 2.142504961395240159e-01 2.273474755239704992e-01 2.414768996967816272e-01 2.566062301397694645e-01 2.726995785841417885e-01 2.897174559509174130e-01 3.076166758468146800e-01 3.263501439031031848e-01 3.458669344907414067e-01 3.661122414683322668e-01 3.870273532370151481e-01 4.085496542803129794e-01 4.306126293114457826e-01 4.531458901070026801e-01 4.760751570544147215e-01
4.797981468904254920e-01 5.027420249815814923e-01 5.258531370898889001e-01 5.490442690645738200e-01 5.722243096206414137e-01 5.952984331181688793e-01 6.181683456140901756e-01 6.407324967460036325e-01 6.628864286249533944e-01 6.845232991752508989e-01 7.055344475471498900e-01 7.258101991418722809e-01 7.452406306404151248e-01 7.637165281727247290e-01 7.811304228346490630e-01 7.973776933775519327e-01 8.123578680412597564e-01 8.259758019047926947e-01 8.381429980388738210e-01 8.487787640848629689e-01 8.578113463912034886e-01 8.651791160642666734e-01 8.708314856957963812e-01 8.747297565823164422e-01 8.768476994600773455e-01 8.771718517972506568e-01 8.757017947985152873e-01 8.724500822245755405e-01 8.674419320328682348e-01 8.607147270424734264e-01 8.523171519502826810e-01 8.423083477564348165e-01 8.307568919581982403e-01 8.177395680088737073e-01 8.033401836560775111e-01 7.876481968991414506e-01 7.707575046891373960e-01 7.527653663586001409e-01 7.337712593549254869e-01 7.138759918810912986e-01 6.931808279122491090e-01 6.717871172779404931e-01 6.497949649574233932e-01 6.273038822338933285e-01 6.044122288381675867e-01 5.812170578197479731e-01 5.578140735215454393e-01 5.342976806160324443e-01 5.107609725771442566e-01 4.872957886865262878e-01 4.639926681247414919e-01 4.409406789858690279e-01 4.182272853096416498e-01 3.959380519805847376e-01 3.741563079646149093e-01 3.529627809699180108e-01 3.324350191218076733e-01 3.126469539662786734e-01 2.936683705347329920e-01 2.755643536033330343e-01 2.583945192776843092e-01 2.422136046020696987e-01 2.270703165384198585e-01 2.130074748340183288e-01 2.000617293398616048e-01 1.882637653909292885e-01 1.776384488505584613e-01 1.682051364882819477e-01 1.599781840624343587e-01 1.529670745631848683e-01 1.471771072407261904e-01 1.426099155337087476e-01 1.392640188945795388e-01 1.371354229092682786e-01 1.362179257986308734e-01 1.365035735764886515e-01 1.379829939655866089e-01 1.406456296524833949e-01 1.444799563687292621e-01 1.494734842531156571e-01 1.556127143868108187e-01 1.628829996902379784e-01 1.712682475588959974e-01 1.807508995165533483e-01 1.913115466762549677e-01 2.029286332740522225e-01 2.155781552969715242e-01 2.292331659282430267e-01 2.438638254946909889e-01 2.594370638927960271e-01 2.759163227203265678e-01 2.932614376900962716e-01 3.114284083051377383e-01 3.303694532131683514e-01 3.500329352058142440e-01 3.703633117536310748e-01 3.913011065558071322e-01 4.127828844758660298e-01 4.347412472240960724e-01 4.571047847606721226e-01
4.592485079757075428e-01 4.815755472240226820e-01 5.040849756850565022e-01 5.266919477380705983e-01 5.493075044086452863e-01 5.718387424527588969e-01 5.941890488764335343e-01 6.162583102732661633e-01 6.379432642694791156e-01 6.591380197889907810e-01 6.797346334373122190e-01 6.996239214107572435e-01 7.186962431507275539e-01 7.368424794693365643e-01 7.539550870233306945e-01 7.699292275870966984e-01 7.846640900208041725e-01 7.980640979862047013e-01 8.100402568677199655e-01 8.205113399381848138e-01 8.294050517541545764e-01 8.366592362320041110e-01 8.422228204042924160e-01 8.460566831167615209e-01 8.481342577536604699e-01 8.484418513923270844e-01 8.469789326446792721e-01 8.437580717010352283e-01 8.388046386337374427e-01 8.321563046317674850e-01 8.238621817798437164e-01 8.139819658761403565e-01 8.025849012046312181e-01 7.897485317475916311e-01 7.755574908011735324e-01 7.601021018352553948e-01 7.434771292424570133e-01 7.257806599654667012e-01 7.071129171107397582e-01 6.875753242510469487e-01 6.672695876752509081e-01 6.462972709592119669e-01 6.247584474451024494e-01 6.027522817234682861e-01 5.803764460338944886e-01 5.577269388136640860e-01 5.348980228095417955e-01 5.119822594525678117e-01 4.890705006617037665e-01 4.662519507124169849e-01 4.436141377761116389e-01 4.212427724968541565e-01 3.992216492063794253e-01 3.776323973379628329e-01 3.565541956658592193e-01 3.360634609832372499e-01 3.162333311015796955e-01 2.971332877366267278e-01 2.788286877883581760e-01 2.613802696875385800e-01 2.448434526938902400e-01 2.292689471429791293e-01 2.147016744918865960e-01 2.011809411404033299e-01 1.887401887020377089e-01 1.774072222058235837e-01 1.672043752020543617e-01 1.581488245260690151e-01 1.502531007783171890e-01 1.435252161588879694e-01 1.379693435285082315e-01 1.335863235077527633e-01 1.303741990637279358e-01 1.283287971370394853e-01 1.274440175282111343e-01 1.277122694285797444e-01 1.291247879726995784e-01 1.316718510593554436e-01 1.353429811255563442e-01 1.401269353063464562e-01 1.460116518287380150e-01 1.529841018700107969e-01 1.610299861459517923e-01 1.701337065396089365e-01 1.802779775844642052e-01 1.914435284747629529e-01 2.036087935455600517e-01 2.167494128601548942e-01 2.308382712728716812e-01 2.458451491135935640e-01 2.617364584169354358e-01 2.784751050706700259e-01 2.960202401798780469e-01 3.143272943350159387e-01 3.333478779425089744e-01 3.530297085944693602e-01 3.733165540369258739e-01 3.941481794879682643e-01 4.154603141257824928e-01 4.371845746851017456e-01
4.377857795127618745e-01 4.594198444943968784e-01 4.812495405639606871e-01 5.031926493502304476e-01 5.251626592368059399e-01 5.470689219711701856e-01 5.688168764310912451e-01 5.903082557233271244e-01 6.114414402761977341e-01 6.321119732535230851e-01 6.522131448150333410e-01 6.716368064641862201e-01 6.902741680102087996e-01 7.080167889897410749e-01 7.247576444530570150e-01 7.403922722223188480e-01 7.548201054958273426e-01 7.679457011051135096e-01 7.796801018193251220e-01 7.899420421835857686e-01 7.986591314289726018e-01 8.057690741318374039e-01 8.112206328094906382e-01 8.149745108694610440e-01 8.170039718225459158e-01 8.172951766952029073e-01 8.158474802956892091e-01 8.126733823401427470e-01 8.077982342582084030e-01 8.012597446438931570e-01 7.931071275927161768e-01 7.834002408500840842e-01 7.722085435052870039e-01 7.596098387048833001e-01 7.456890447989094062e-01 7.305367819919247330e-01 7.142480959162673670e-01 6.969213076131023366e-01 6.786567950930811888e-01 6.595560181081243645e-01 6.397205655872271191e-01 6.192516804495717953e-01 5.982489027869147824e-01 5.768105823976708013e-01 5.550332727769412555e-01 5.330115244530617691e-01 5.108378030778104595e-01 4.886025080290747336e-01 4.663939654000570645e-01 4.442984922487703825e-01 4.224003828913460157e-01 4.007817943584741083e-01 3.795226789252355015e-01 3.587005793502833773e-01 3.383903917614820012e-01 3.186641063674597318e-01 2.995903505841580050e-01 2.812340704088492349e-01 2.636561221371453989e-01 2.469128384274756061e-01 2.310553957136258219e-01 2.161304419178219915e-01 2.021790897007134380e-01 1.892371196076376993e-01 1.773347637213864847e-01 1.664969550175499913e-01 1.567435112548387910e-01 1.480894529948829641e-01 1.405455141053864043e-01 1.341182692392460241e-01 1.288108001145948367e-01 1.246231898732577531e-01 1.215530388088136154e-01 1.195960256182866249e-01 1.187461780436832731e-01 1.189962894931134718e-01 1.203382174430808194e-01 1.227630834768664858e-01 1.262614585286639668e-01 1.308233422434604831e-01 1.364380998261873479e-01 1.430943059512267690e-01 1.507794369607219631e-01 1.594798346834116753e-01 1.691803158214021108e-01 1.798638734874796197e-01 1.915113612316609315e-01 2.041009912816844074e-01 2.176083622962576292e-01 2.320061003075704620e-01 2.472635902446921052e-01 2.633468191329759178e-01 2.802181109911391355e-01 2.978361407228933833e-01 3.161558113918013224e-01 3.351281602166555351e-01 3.547002749019693701e-01 3.748152154182355922e-01 3.954119536971804627e-01 4.164252721587577977e-01
4.155405595924017148e-01 4.364083905761061422e-01 4.574829280209494753e-01 4.786848342238889109e-01 4.999303385786995624e-01 5.211313828296065820e-01 5.421958347019516511e-01 5.630276927907981177e-01 5.835274400334675704e-01 6.035925522301887058e-01 6.231180866360003234e-01 6.419974939184125429e-01 6.601234226282101103e-01 6.773887167589899283e-01 6.936874848206660005e-01 7.089162560065277452e-01 7.229753135652847718e-01 7.357699333511558137e-01 7.472117507691847793e-01 7.572199760302888993e-01 7.657225865079800853e-01 7.726575503006612999e-01 7.779737992070810959e-01 7.816321184931466215e-01 7.836057768769174592e-01 7.838808783799604551e-01 7.824566644895857292e-01 7.793454760990294883e-01 7.745724705661237719e-01 7.681751349922012473e-01 7.602024488561263116e-01 7.507140245149988012e-01 7.397790662899781378e-01 7.274751146124026624e-01 7.138868092561208023e-01 6.991044729746025421e-01 6.832228191391980232e-01 6.663397807425409658e-01 6.485552705804390472e-01 6.299701759917561983e-01 6.106853801143722338e-01 5.908012435115195249e-01 5.704162461865089906e-01 5.496274327862193942e-01 5.285297882091830601e-01 5.072160074803869767e-01 4.857763942307702920e-01 4.642988629203163575e-01 4.428689311530339401e-01 4.215697840628442328e-01 4.004822727348594791e-01 3.796848237570668583e-01 3.592533999652933185e-01 3.392613364305171464e-01 3.197791491185640878e-01 3.008743250247742917e-01 2.826109235242276752e-01 2.650493140451863905e-01 2.482458266175985862e-01 2.322523764471600971e-01 2.171158989139146955e-01 2.028789909399878744e-01 1.895789787092643508e-01 1.772481478456471859e-01 1.659135602886446514e-01 1.555973226160434764e-01 1.463167869906298602e-01 1.380848710495703735e-01 1.309105658319646703e-01 1.247990628211754355e-01 1.197524045885623445e-01 1.157699645226070717e-01 1.128489421675653442e-01 1.109849023336383078e-01 1.101720270585695299e-01 1.104035112119473860e-01 1.116718421547295975e-01 1.139689828496304180e-01 1.172865405433431429e-01 1.216157359343510713e-01 1.269473312669488207e-01 1.332714675679287364e-01 1.405773543067432296e-01 1.488532258023035348e-01 1.580859506010374727e-01 1.682607337832861261e-01 1.793607964887675710e-01 1.913668745817403705e-01 2.042572349699013912e-01 2.180073091608564773e-01 2.325894215315417457e-01 2.479726153467332883e-01 2.641223734659396971e-01 2.810006129663421004e-01 2.985655414478416425e-01 3.167715438190906174e-01 3.355690743990007441e-01 3.549045556515873501e-01 3.747202938564160868e-01 3.949543556191311144e-01
3.926601321783610987e-01 4.126929515717834840e-01 4.329411942464159724e-01 4.533286453965477691e-01 4.737745606593472547e-01 4.941938010147444160e-01 5.144970367359991137e-01 5.345909498382546143e-01 5.543785863562491478e-01 5.737598557344149031e-01 5.926321198692264813e-01 6.108909976069042402e-01 6.284311706100597084e-01 6.451473795981783610e-01 6.609354885158312820e-01 6.756936402923678919e-01 6.893235809943886183e-01 7.017318982536252525e-01 7.128313820163707515e-01 7.225422388656977946e-01 7.307932836722957903e-01 7.375231563648070310e-01 7.426812967491430717e-01 7.462288336140546763e-01 7.481392196831246899e-01 7.483985939511990093e-01 7.470060871434688332e-01 7.439737940698226693e-01 7.393265025473020335e-01 7.331012179889778713e-01 7.253463458760008864e-01 7.161208415428151897e-01 7.054931790469692876e-01 6.935401066269893944e-01 6.803454126252111989e-01 6.659985173464108010e-01 6.505931761972727490e-01 6.342262986361070221e-01 6.169966979986140077e-01 5.990040661614346451e-01 5.803479777190804212e-01 5.611273356393675638e-01 5.414390206486218160e-01 5.213782715525546729e-01 5.010380470741995218e-01 4.805087745978816605e-01 4.598782299909901505e-01 4.392315233401781760e-01 4.186510890530593665e-01 3.982167484154469639e-01 3.780057176405332564e-01 3.580925386966834489e-01 3.385490650154928671e-01 3.194443348461861176e-01 3.008444223860001210e-01 2.828122741831284315e-01 2.654073661705029230e-01 2.486854947348442202e-01 2.326984837302752407e-01 2.174938655714458435e-01 2.031143824068704362e-01 1.895986367992528732e-01 1.769802343083183294e-01 1.652880378187569221e-01 1.545460169130967176e-01 1.447735325243122151e-01 1.359855528133165348e-01 1.281929733220660006e-01 1.214031195677879454e-01 1.156198734368593106e-01 1.108443053603608425e-01 1.070751375888332746e-01 1.043092177312735375e-01 1.025420341090482329e-01 1.017679488029413909e-01 1.019805713289004684e-01 1.031730191637441757e-01 1.053380839843289229e-01 1.084683839449867571e-01 1.125563234478729885e-01 1.175940134435526224e-01 1.235731034256702804e-01 1.304844705530505411e-01 1.383181692151933539e-01 1.470630426431705773e-01 1.567064273859831436e-01 1.672338304934850306e-01 1.786284315663163036e-01 1.908710878075272899e-01 2.039399628364149952e-01 2.178102533657445272e-01 2.324540001971445169e-01 2.478397973751918504e-01 2.639327689977260527e-01 2.806944070365020583e-01 2.980824413807419693e-01 3.160507105012085316e-01 3.345490399620832944e-01 3.535231371148135904e-01 3.729144488712980987e-01
3.693061821518924259e-01 3.884412555963235869e-01 4.077979843686401762e-01 4.273035016370058670e-01 4.468803589316061586e-01 4.664466515649039469e-01 4.859162132041492388e-01 5.051988154218181037e-01 5.242005169633530137e-01 5.428241516529533905e-01 5.609699137941615010e-01 5.785361500464647477e-01 5.954201604365731981e-01 6.115191857304392853e-01 6.267314585513787950e-01 6.409573494193360199e-01 6.541006718283968180e-01 6.660699102291167684e-01 6.767795639130206320e-01 6.861513502058489422e-01 6.941153854131809631e-01 7.006113853105785383e-01 7.055896333875174564e-01 7.090118619335107342e-01 7.108518861880211981e-01 7.110959731549775231e-01 7.097431477366584751e-01 7.068051749691585117e-01 7.023063022320076287e-01 6.962827984094647205e-01 6.887821614100884116e-01 6.798622839118442229e-01 6.695904401304694220e-01 6.580420621823185323e-01 6.452995190998647157e-01 6.314507279238981141e-01 6.165878637034354348e-01 6.008061793099654935e-01 5.842027560111034967e-01 5.668754682246339716e-01 5.489219799573773484e-01 5.304391621615842656e-01 5.115217582214077741e-01 4.922627025873747009e-01 4.727524739066381043e-01 4.530788254695685691e-01 4.333266478235333619e-01 4.135779383947161825e-01 3.939117881789568343e-01 3.744044408154158510e-01 3.551293079385274831e-01 3.361569184911026298e-01 3.175549260698539711e-01 2.993880160488758824e-01 2.817177955375650966e-01 2.646026724464830004e-01 2.480975651104863622e-01 2.322537432303275473e-01 2.171185883089080948e-01 2.027353285672039707e-01 1.891426040659799357e-01 1.763751219538756687e-01 1.644628734559963334e-01 1.534314089737317532e-01 1.433017187011620397e-01 1.340905306006032194e-01 1.258105387547076570e-01 1.184707220043163950e-01 1.120768383651069705e-01 1.066315504414435261e-01 1.021350363927923666e-01 9.858543503384371853e-02 9.597929631496929237e-02 9.431207149026993308e-02 9.357832721719097635e-02 9.377209660319128781e-02 9.488712041130140107e-02 9.691699668061888595e-02 9.985531693888112514e-02 1.036956175321676332e-01 1.084312932388005885e-01 1.140554255706910103e-01 1.205604734539459100e-01 1.279382166795273723e-01 1.361793720833066046e-01 1.452733017118437164e-01 1.552076899676754218e-01 1.659680521124357322e-01 1.775377284918169818e-01 1.898975114585678692e-01 2.030253722762884738e-01 2.168962595652011160e-01 2.314817998178327341e-01 2.467502581423636210e-01 2.626663603995325058e-01 2.791911491934714884e-01 2.962818361815878765e-01 3.138916634263469452e-01 3.319697803503754985e-01 3.504610861852669457e-01
3.456518778570348283e-01 3.638339669886360150e-01 3.822414003407795802e-01 4.008048611942631734e-01 4.194504440340717233e-01 4.380997712346022532e-01 4.566701784187120472e-01 4.750749104632349118e-01 4.932234657762076258e-01 5.110220703310421886e-01 5.283742552519534730e-01 5.451816309679057282e-01 5.613446771555722359e-01 5.767637138064426461e-01 5.913399314070728607e-01 6.049765181853523632e-01 6.175799366316768735e-01 6.290611310540796808e-01 6.393368443481478591e-01 6.483308002549352800e-01 6.559748639832720940e-01 6.622102173490863608e-01 6.669883123267152936e-01 6.702717370360183891e-01 6.720348434785314851e-01 6.722641188518433397e-01 6.709584897620971544e-01 6.681293136776840225e-01 6.638001356221909788e-01 6.580062448707098000e-01 6.507939122735163506e-01 6.422195782243704798e-01 6.323488649778857829e-01 6.212553830051588122e-01 6.090195330625173264e-01 5.957271470535383528e-01 5.814682159072438461e-01 5.663357209143132787e-01 5.504243959694694599e-01 5.338296925473979826e-01 5.166467777548713336e-01 4.989699313182607843e-01 4.808912358721679214e-01 4.625008377529933323e-01 4.438862967885648381e-01 4.251323016901669138e-01 4.063205173435773809e-01 3.875295391326915029e-01 3.688348753701905514e-01 3.503090015607880359e-01 3.320213809450346387e-01 3.140384295917659219e-01 2.964235420572885471e-01 2.792370285497141058e-01 2.625360398266515238e-01 2.463744849693470518e-01 2.308027900392785603e-01 2.158677848587973458e-01 2.016125132510537266e-01 1.880760184694129644e-01 1.752929693129994249e-01 1.632943149354220413e-01 1.521065749716513094e-01 1.417521316443743906e-01 1.322491398954766528e-01 1.236118354005433517e-01 1.158507726857987280e-01 1.089731403521128905e-01 1.029832444599537711e-01 9.788263252767546996e-02 9.367068070575443328e-02 9.034501912698053583e-02 8.790195824982217909e-02 8.633695262682260230e-02 8.564479622242310297e-02 8.581995035271908212e-02 8.685676558768999633e-02 8.874961519011194400e-02 9.149301577487155279e-02 9.508157128762355359e-02 9.950988115214744190e-02 1.047723665039235197e-01 1.108629645666291269e-01 1.177750668472074963e-01 1.255011422528306553e-01 1.340324505385098453e-01 1.433587218008154363e-01 1.534676745262939512e-01 1.643449996764080323e-01 1.759739886942714437e-01 1.883352625523486701e-01 2.014065603553573669e-01 2.151624343180661425e-01 2.295741964116479461e-01 2.446097278414432474e-01 2.602333238152375605e-01 2.764055307777983916e-01 2.930829938133288071e-01 3.102183191979386856e-01 3.277599049796133812e-01
3.218783711764898192e-01 3.390610188732553487e-01 3.564701657287649983e-01 3.740402189971234193e-01 3.917010340582273153e-01 4.093780229874597887e-01 4.269923307505884003e-01 4.444610268742401060e-01 4.616974426658257968e-01 4.786116290383794492e-01 4.951109221557606355e-01 5.111006949679433031e-01 5.264851300816856261e-01 5.411681673960589967e-01 5.550545059098860312e-01 5.680507035667125004e-01 5.800664163372791782e-01 5.910155759404069897e-01 6.008176699012667266e-01 6.093988936761021158e-01 6.166932819255767084e-01 6.226438498447151026e-01 6.272035243789708669e-01 6.303359884586955397e-01 6.320162969824543175e-01 6.322312467619473075e-01 6.309796762915160784e-01 6.282724656359807147e-01 6.241323085451886410e-01 6.185932892800080074e-01 6.117001539395365839e-01 6.035075263656538569e-01 5.940789530283098197e-01 5.834857477571079309e-01 5.718058261620924121e-01 5.591223860930991663e-01 5.455226638244856652e-01 5.310967870687145487e-01 5.159365593712661457e-01 5.001344351640657493e-01 4.837825285666551012e-01 4.669719979928521059e-01 4.497917696912744345e-01 4.323287450799987996e-01 4.146671527126246093e-01 3.968882521629803484e-01 3.790701682395318795e-01 3.612878312203223752e-01 3.436129545156477727e-01 3.261140831274692564e-01 3.088566175172116623e-01 2.919027919053259201e-01 2.753117149923499096e-01 2.591393333901218510e-01 2.434383874231976497e-01 2.282583634130659345e-01 2.136452974503607050e-01 1.996417035888582714e-01 1.862864298048839407e-01 1.736144901238979299e-01 1.616567481500070236e-01 1.504405663137727833e-01 1.399891671192106113e-01 1.303219382218998856e-01 1.214543699388718895e-01 1.133983698411760027e-01 1.061625077561774849e-01 9.975232561785031538e-02 9.417080703379468454e-02 8.941849934895708396e-02 8.549407466638851705e-02 8.239473405457804767e-02 8.011660888113095180e-02 7.865519720986327568e-02 7.800554069309463545e-02 7.816252915572498294e-02 7.912110340777765705e-02 8.087637310752526787e-02 8.342372253524636683e-02 8.675874841003392013e-02 9.087716386902729149e-02 9.577462429210742423e-02 1.014464274951647343e-01 1.078874476339172633e-01 1.150917675920324207e-01 1.230523993269474620e-01 1.317609681114202402e-01 1.412072431574165621e-01 1.513791124586891246e-01 1.622622148899991179e-01 1.738396733533855432e-01 1.860918763907307150e-01 1.989961708156273157e-01 2.125267963879756694e-01 2.266546857864510101e-01 2.413473010418440146e-01 2.565684590731280301e-01 2.722781684069676689e-01 2.884324806727038837e-01 3.049833127241571851e-01
2.981708733049483473e-01 3.143174682292219080e-01 3.306892572298467670e-01 3.472245124579474429e-01 3.638570332256114148e-01 3.805162469644617351e-01 3.971273762169947874e-01 4.136116250876775147e-01 4.298865073321900820e-01 4.458662857644485888e-01 4.614625220084965229e-01 4.765848008597828867e-01 4.911414804467130191e-01 5.050406097983628495e-01 5.181908954720980676e-01 5.305027660551278057e-01 5.418895657246980413e-01 5.522686935098791716e-01 5.615628379001587067e-01 5.697010904410445553e-01 5.766200394123950357e-01 5.822648696738033092e-01 5.865902645313780805e-01 5.895612221234081129e-01 5.911536546893224608e-01 5.913547534605559930e-01 5.901632815872096538e-01 5.875895815685128198e-01 5.836553634490218023e-01 5.783933039476737425e-01 5.718463553471802019e-01 5.640669943814998755e-01 5.551163059339092598e-01 5.450628736511727856e-01 5.339816551601070937e-01 5.219527110377558676e-01 5.090599989180942808e-01 4.953902576173841998e-01 4.810318234943866122e-01 4.660736249359526684e-01 4.506042106138961612e-01 4.347111295609679682e-01 4.184796959505622249e-01 4.019931477684582366e-01 3.853320064656397537e-01 3.685737730750622276e-01 3.517927518717345325e-01 3.350599780598624289e-01 3.184431904818582626e-01 3.020068736071723769e-01 2.858122831173470768e-01 2.699174350143210832e-01 2.543771582864878256e-01 2.392430808666202724e-01 2.245636122469328588e-01 2.103839259380201332e-01 1.967458041803421265e-01 1.836876028569590924e-01 1.712441487417063757e-01 1.594466141147917737e-01 1.483222536158832205e-01 1.378950428440527953e-01 1.281851080316343539e-01 1.192090399130798645e-01 1.109798561448831766e-01 1.035073189416894773e-01 9.679818400203989148e-02 9.085650302434643277e-02 8.568407681312492641e-02 8.128057482954247071e-02 7.764406797710197983e-02 7.477141048855882877e-02 7.265861560436853717e-02 7.130126388974751539e-02 7.069466223593844079e-02 7.083412506991988711e-02 7.171515847686432688e-02 7.333356324218708033e-02 7.568552654408575164e-02 7.876755486175469889e-02 8.257637512612166220e-02 8.710876178367435441e-02 9.236124485433723497e-02 9.833004058236649580e-02 1.050106953326095105e-01 1.123978144248319877e-01 1.204847534682420285e-01 1.292631644460998652e-01 1.387229623838497627e-01 1.488519644959158672e-01 1.596356293612468391e-01 1.710568344550190134e-01 1.830955696234631558e-01 1.957288619973270305e-01 2.089305696478519492e-01 2.226712125500764083e-01 2.369177898000959237e-01 2.516336088851140462e-01 2.667781293912717677e-01 2.823067799524949795e-01
2.747144510149060470e-01 2.897990278237664308e-01 3.051051671355268224e-01 3.205751102170111277e-01 3.361467436677308962e-01 3.517536931709767667e-01 3.673254811825731880e-01 3.827877072341767661e-01 3.980623648884009103e-01 4.130682607213873592e-01 4.277215445131019589e-01 4.419364023389584228e-01 4.556257788923425700e-01 4.687022589966546304e-01 4.810789930224639299e-01 4.926707189428343736e-01 5.033949032543835189e-01 5.131728341128860560e-01 5.219308027863005517e-01 5.296011712893270440e-01 5.361234211575770514e-01 5.414452050594942278e-01 5.455232130590702555e-01 5.483239557258465791e-01 5.498243421971826805e-01 5.500120365843993442e-01 5.488857418227670593e-01 5.464552136641590563e-01 5.427410653273493368e-01 5.377743906451989409e-01 5.315961133737647781e-01 5.242562733523147278e-01 5.158131543717806577e-01 5.063322271624153270e-01 4.958850728345267078e-01 4.845481681878398561e-01 4.724017263517569787e-01 4.595286205462831841e-01 4.460132413429638842e-01 4.319405192338054977e-01 4.173949804273407449e-01 4.024601299220110784e-01 3.872172648564585207e-01 3.717455896004767668e-01 3.561215884454275726e-01 3.404187177695948696e-01 3.247072218514845954e-01 3.090540498108322875e-01 2.935228234701503514e-01 2.781738725151123304e-01 2.630642604587349331e-01 2.482477823646697390e-01 2.337750265303226715e-01 2.196933793376377453e-01 2.060470306269784058e-01 1.928769819619287895e-01 1.802209279489915272e-01 1.681132530294012495e-01 1.565849653606382341e-01 1.456636094411022930e-01 1.353730518082377487e-01 1.257341040824732359e-01 1.167640177885310854e-01 1.084768028111273291e-01 1.008832120081045031e-01 9.399105838419884174e-02 8.780546498293832769e-02 8.232915816698024858e-02 7.756290183425637585e-02 7.350561384308897106e-02 7.015486881060284396e-02 6.750725674419855160e-02 6.555873266179002012e-02 6.430499639730272166e-02 6.374163440715766016e-02 6.386437781253338775e-02 6.466926840230760587e-02 6.615274773465236458e-02 6.831173566675387276e-02 7.114355963534464700e-02 7.464585432231035655e-02 7.881639155170298838e-02 8.365279813356105154e-02 8.915248434114410314e-02 9.531230139511905064e-02 1.021282803017513063e-01 1.095953325067976908e-01 1.177068141042426908e-01 1.264544855236515164e-01 1.358281605425222249e-01 1.458154533391376184e-01 1.564015548232783048e-01 1.675689300492745892e-01 1.792972355964150555e-01 1.915631100419687427e-01 2.043400022221077972e-01 2.175979834233432442e-01 2.313035723220096818e-01 2.454195740246963020e-01 2.599048949326184244e-01
2.516897203528049021e-01 2.656974649290050339e-01 2.799210000749051686e-01 2.943066009743335876e-01 3.087963416064366529e-01 3.233281816093090399e-01 3.378361145372358321e-01 3.522503410922964151e-01 3.664975730820088096e-01 3.805014302352921485e-01 3.941829475456010701e-01 4.074612335558929765e-01 4.202541603360492872e-01 4.324792037301083969e-01 4.440543224262163968e-01 4.548989314417076768e-01 4.649349843864333809e-01 4.740880139017927819e-01 4.822882534197203142e-01 4.894716524950204484e-01 4.955808744267134469e-01 5.005662939248489707e-01 5.043868223778336102e-01 5.070106530185766180e-01 5.084158138328876975e-01 5.085905123649958615e-01 5.075334084631573095e-01 5.052536337877537864e-01 5.017706130021176714e-01 4.971137121746206922e-01 4.913216306279388768e-01 4.844417278410781402e-01 4.765291998772012150e-01 4.676460801168416115e-01 4.578602172125715297e-01 4.472441233482760681e-01 4.358738688669867578e-01 4.238280531254528527e-01 4.111867105412203571e-01 3.980303690187356747e-01 3.844391405764697733e-01 3.704921144568270042e-01 3.562662255536144795e-01 3.418363311613922817e-01 3.272746017518002315e-01 3.126502129679160635e-01 2.980291563901791840e-01 2.834741477177349922e-01 2.690445901414832419e-01 2.547966025998489314e-01 2.407830450503070097e-01 2.270535228399196137e-01 2.136544547107770420e-01 2.006290930800113670e-01 1.880175482349709937e-01 1.758568180993211327e-01 1.641807017762467458e-01 1.530198233551386400e-01 1.424015976671651751e-01 1.323501762881048038e-01 1.228862773405026143e-01 1.140277883861346431e-01 1.057893226283595084e-01 9.818253784659047856e-02 9.121614032391142657e-02 8.489619817856278172e-02 7.922638935271229810e-02 7.420828387201791609e-02 6.984175701797025460e-02 6.612510200827081963e-02 6.305550142464516616e-02 6.062936191658825635e-02 5.884263761210440508e-02 5.769118126444402334e-02 5.717086970169923954e-02 5.727783912431729657e-02 5.800863371148722719e-02 5.936028176348766977e-02 6.133036207620330693e-02 6.391693086674771207e-02 6.711842126470005110e-02 7.093347754215996448e-02 7.536068449009497572e-02 8.039849480866864684e-02 8.604490204828932343e-02 9.229719084660018003e-02 9.915164895057840266e-02 1.066031519230665192e-01 1.146451171226436638e-01 1.232691651865602811e-01 1.324648766725091409e-01 1.422195699576123407e-01 1.525180055080501695e-01 1.633422979084219462e-01 1.746717061470503540e-01 1.864824617783900351e-01 1.987475792140871722e-01 2.114366792637307479e-01 2.245158264113798485e-01 2.379473444269932236e-01
2.292686081190293546e-01 2.421960458670505967e-01 2.553315915415642068e-01 2.686255780891250167e-01 2.820243214666313669e-01 2.954702008729325757e-01 3.089017974446022774e-01 3.222540595414807862e-01 3.354585920443881597e-01 3.484440295769571372e-01 3.611365181779589428e-01 3.734603358763382563e-01 3.853385465309264180e-01 3.966937944803015648e-01 4.074491331051953713e-01 4.175289446988111886e-01 4.268599592424783262e-01 4.353722367717045572e-01 4.430002241626244119e-01 4.496837129985248871e-01 4.553687809355220772e-01 4.600087308249023454e-01 4.635648705310014273e-01 4.660072163074734930e-01 4.673150172071562358e-01 4.674770855357749944e-01 4.664920567057251888e-01 4.643684131720403618e-01 4.611243219762120038e-01 4.567873091589182977e-01 4.513936955221130032e-01 4.449879668886315698e-01 4.376220024628449390e-01 4.293541374990681447e-01 4.202482008391984492e-01 4.103724314257489736e-01 3.997984331028156535e-01 3.886001988416546427e-01 3.768530722768026475e-01 3.646328487473967095e-01 3.520149071192475998e-01 3.390736193384372155e-01 3.258812794803152557e-01 3.125081474285069105e-01 2.990218623557131528e-01 2.854871381849035106e-01 2.719655721076328914e-01 2.585155460993401322e-01 2.451921863699685900e-01 2.320473848858485288e-01 2.191298231318420109e-01 2.064849813992421235e-01 1.941552106852419135e-01 1.821797651620476188e-01 1.705948414450012829e-01 1.594336257080484764e-01 1.487262351066111488e-01 1.384997638227352945e-01 1.287782759466410132e-01 1.195827801923858708e-01 1.109310989244183254e-01 1.028384467335631963e-01 9.531704387221767716e-02 8.837643176440898585e-02 8.202349329336716677e-02 7.626275912493431230e-02 7.109665108813198464e-02 6.652575179622367829e-02 6.254919494841837402e-02 5.916477366515786318e-02 5.636937955847172443e-02 5.415931311081154803e-02 5.253058097901106005e-02 5.147921861900425083e-02 5.100140033518790750e-02 5.109365245685226764e-02 5.175298540193832425e-02 5.297695791528240356e-02 5.476373235867137979e-02 5.711200051247540543e-02 6.002088413694698504e-02 6.348977490521777456e-02 6.751807684294523770e-02 7.210513369358309554e-02 7.724991892921426184e-02 8.295079862074260235e-02 8.920525664878728445e-02 9.600950193593897619e-02 1.033584180263731472e-01 1.112452393663475453e-01 1.196613190635948398e-01 1.285959109411283496e-01 1.380358833322900824e-01 1.479656278384195722e-01 1.583668522108716004e-01 1.692184107989510855e-01 1.804961158294042523e-01 1.921725622327066230e-01 2.042169657896849844e-01 2.165949820175140927e-01
2.076103828453627897e-01 2.194652500989422994e-01 2.315188953394282934e-01 2.437256918534013161e-01 2.560362058589193968e-01 2.683972703151367711e-01 2.807521139518022735e-01 2.930405178232194929e-01 3.051990885339364579e-01 3.171616067897764513e-01 3.288594810963335613e-01 3.402223284045309271e-01 3.511785887947072582e-01 3.616562711374670114e-01 3.715837280119709818e-01 3.808905180581165784e-01 3.895083576727382257e-01 3.973720411761545446e-01 4.044204286578932939e-01 4.105973424389791626e-01 4.158524482725632909e-01 4.201421324743290775e-01 4.234302328178383146e-01 4.256886971349035931e-01 4.268980765233055252e-01 4.270478391007301866e-01 4.261366154471040724e-01 4.241722258673753521e-01 4.211715338481646920e-01 4.171601467690726484e-01 4.121718962154436450e-01 4.062482533515192062e-01 3.994376115580246522e-01 3.917944140178297174e-01 3.833782546433358585e-01 3.742528667937932707e-01 3.644851430987568475e-01 3.541442180769725501e-01 3.433004905909245452e-01 3.320247731442758088e-01 3.203874702327553226e-01 3.084580100003810887e-01 2.963038383892610539e-01 2.839904349338640555e-01 2.715807530273867676e-01 2.591349222487649429e-01 2.467100573472797431e-01 2.343601552163913082e-01 2.221360511456328679e-01 2.100854339861151221e-01 1.982528678231262054e-01 1.866798046927812260e-01 1.754046582363593676e-01 1.644628453844010629e-01 1.538868371994668582e-01 1.437062194189295539e-01 1.339476575406247927e-01 1.246349605193961402e-01 1.157890961440666278e-01 1.074281898753838560e-01 9.956742819718530924e-02 9.221960923962434220e-02 8.539480902525507788e-02 7.910068995240564227e-02 7.334253449492553201e-02 6.812354164223941022e-02 6.344506319737813760e-02 5.930685935284498583e-02 5.570746466071312825e-02 5.264429146546128341e-02 5.011403604147236790e-02 4.811296452903909837e-02 4.663718448358034757e-02 4.568293939114480978e-02 4.524670436802435969e-02 4.532537802149600586e-02 4.591639893232866976e-02 4.701779909099634142e-02 4.862824921075895035e-02 5.074698456394974300e-02 5.337370776158738284e-02 5.650843559922069659e-02 6.015125584229596978e-02 6.430225557343119402e-02 6.896122959475621539e-02 7.412745697201093831e-02 7.979944098565659727e-02 8.597454052853790996e-02 9.264891658304280631e-02 9.981722529563002988e-02 1.074723981618564972e-01 1.156054305776161445e-01 1.242051075189457565e-01 1.332579109564225595e-01 1.427478178471714987e-01 1.526561349878921281e-01 1.629613138787458781e-01 1.736387792240809136e-01 1.846607702731361267e-01 1.959961651701261909e-01
1.868581104816023353e-01 1.976589183785046056e-01 2.086478136212143730e-01 2.197831520548991224e-01 2.310197127247209659e-01 2.423087654463673135e-01 2.535981901119731541e-01 2.648326238480510630e-01 2.759537170440073406e-01 2.869004565279418828e-01 2.976095895458162333e-01 3.080161629658999534e-01 3.180540965957989186e-01 3.276568774335952283e-01 3.367582788414084094e-01 3.452931626393428433e-01 3.531983613772584074e-01 3.604135334396149082e-01 3.668820793007067094e-01 3.725519738778199086e-01 3.773765848607629758e-01 3.813154855590032422e-01 3.843351343956086241e-01 3.864094866173841125e-01 3.875204542568158605e-01 3.876582012674707478e-01 3.868213733230090323e-01 3.850171273200678757e-01 3.822610000840208633e-01 3.785766352266840551e-01 3.739953079476042164e-01 3.685553864381437839e-01 3.623016701288546693e-01 3.552845839792408977e-01 3.475593453380066422e-01 3.391850274580866520e-01 3.302236478316315504e-01 3.207393129367385742e-01 3.107973057184854615e-01 3.004632876043903389e-01 2.898025276227119140e-01 2.788793609857351807e-01 2.677562516893306488e-01 2.564937854159511366e-01 2.451501400456625179e-01 2.337807979266484371e-01 2.224383578765890546e-01 2.111724296991014660e-01 2.000295880675088400e-01 1.890533818750521622e-01 1.782843534501206972e-01 1.677600534500931218e-01 1.575151144326925046e-01 1.475812990781092959e-01 1.379875594065674282e-01 1.287601071203941516e-01 1.199223983376609959e-01 1.114952106300727275e-01 1.034966764765097719e-01 9.594230180564772281e-02 8.884489886094659727e-02 8.221510583896182722e-02 7.606110135759899804e-02 7.038890269115444243e-02 6.520241001709763118e-02 6.050369044994334533e-02 5.629320506774763283e-02 5.257004928147259587e-02 4.933229340382706135e-02 4.657708068631382509e-02 4.430100036198803687e-02 4.250034929589675825e-02 4.117137836943855767e-02 4.031055956048906763e-02 3.991466841154504841e-02 3.998095553898568799e-02 4.050724857843507332e-02 4.149199594156102039e-02 4.293430327072602498e-02 4.483386037025634263e-02 4.719084723150095834e-02 5.000578881812799137e-02 5.327932720831624752e-02 5.701215185010952841e-02 6.120472736171495010e-02 6.585708457151202844e-02 7.096857646180282364e-02 7.653753495557001629e-02 8.256121554025885878e-02 8.903550876404350833e-02 9.595473390594914942e-02 1.033114360747809934e-01 1.110961257779223693e-01 1.192971867312970502e-01 1.279006811569519952e-01 1.368901908640036968e-01 1.462466379580984466e-01 1.559481190759720581e-01 1.659697519070751637e-01 1.762835068387815507e-01
1.671356833106110162e-01 1.769109980128763526e-01 1.868626477143046083e-01 1.969528747483278996e-01 2.071405897874887270e-01 2.173814333471044968e-01 2.276278853754443998e-01 2.378294024964615339e-01 2.479326560259072776e-01 2.578818294463012251e-01 2.676190114938168940e-01 2.770846931168609029e-01 2.862182980242026775e-01 2.949588240733162503e-01 3.032455056134029103e-01 3.110185537286110358e-01 3.182199679572037532e-01 3.247943247118778576e-01 3.306896205813609213e-01 3.358580390743568511e-01 3.402567045492369546e-01 3.438484296133843543e-01 3.466023417150573271e-01 3.484944467071269258e-01 3.495080541791900086e-01 3.496340524977850084e-01 3.488711220296283888e-01 3.472257658391507129e-01 3.447121927910674066e-01 3.413520700020883369e-01 3.371740914224517494e-01 3.322134853947982247e-01 3.265114088801431280e-01 3.201142090904470217e-01 3.130726575974297488e-01 3.054410899180932670e-01 2.972765645078463970e-01 2.886380720894453633e-01 2.795856909419973113e-01 2.701798448949459530e-01 2.604805863291513313e-01 2.505470856223886433e-01 2.404367643905234719e-01 2.302052702083684510e-01 2.199059801434032901e-01 2.095897256601023106e-01 1.993046099590630449e-01 1.890959020155992820e-01 1.790059889833684748e-01 1.690743803898390740e-01 1.593377247104535710e-01 1.498298254144254660e-01 1.405817129188663972e-01 1.316216969889278110e-01 1.229754314642569069e-01 1.146659911160325396e-01 1.067138722784782279e-01 9.913707926667775228e-02 9.195117177908872230e-02 8.516929898453648451e-02 7.880215727585115904e-02 7.285847654589198974e-02 6.734477822495896215e-02 6.226566048762505190e-02 5.762385033076601604e-02 5.342047307669759576e-02 4.965526826558409879e-02 4.632681392641144202e-02 4.343284107767429736e-02 4.097032595649216513e-02 3.893583020770408076e-02 3.732573866921172490e-02 3.613648140149296195e-02 3.536477424571376343e-02 3.500768922029666441e-02 3.506280677601557316e-02 3.552830430597830880e-02 3.640299134131928793e-02 3.768633825293837142e-02 3.937840521888549827e-02 4.147975238163211648e-02 4.399130340017289725e-02 4.691413367593680328e-02 5.024940333974294016e-02 5.399810512877925572e-02 5.816087050972246209e-02 6.273774255047952220e-02 6.772785889120409852e-02 7.312939568112271360e-02 7.893929873222708948e-02 8.515309146804576901e-02 9.176468229359049933e-02 9.876611967197856945e-02 1.061475018508813151e-01 1.138967913116588210e-01 1.219996635846644500e-01 1.304393357034499545e-01 1.391964078827516993e-01 1.482487168568009939e-01 1.575711762847753494e-01
1.485455549818299192e-01 1.573330318529806982e-01 1.662843307163895945e-01 1.753654491395522375e-01 1.845393076260271048e-01 1.937658052277830278e-01 2.030019195051555314e-01 2.122018334964639874e-01 2.213171552261713193e-01 2.302971895250762180e-01 2.390892996190713549e-01 2.476393617199966202e-01 2.558922521894591018e-01 2.637924355452358482e-01 2.712845698518890902e-01 2.783141846185828716e-01 2.848284219897694314e-01 2.907767580372317417e-01 2.961117729638816920e-01 3.007898518811957800e-01 3.047718739291747636e-01 3.080238941305049605e-01 3.105177165149791141e-01 3.122314091019919857e-01 3.131496938594989787e-01 3.132642006144349955e-01 3.125736630701435037e-01 3.110839497189591962e-01 3.088079603394190409e-01 3.057654031387491145e-01 3.019824058295248470e-01 2.974910687391323916e-01 2.923289144914125726e-01 2.865382165501174638e-01 2.801653007344393487e-01 2.732597608997951455e-01 2.658736894495506986e-01 2.580609524652582309e-01 2.498764142931901300e-01 2.413752535912459252e-01 2.326123022128331608e-01 2.236415685369374795e-01 2.145154423961982415e-01 2.052846559645873648e-01 1.959978223778204853e-01 1.867011755262839301e-01 1.774383947705320819e-01 1.682505003224440687e-01 1.591758050678012681e-01 1.502499143439093299e-01 1.415057398425128288e-01 1.329735159926438426e-01 1.246808690602638631e-01 1.166528716923433823e-01 1.089121106426867991e-01 1.014787672383284794e-01 9.437063047253384240e-02 8.760318924427666631e-02 8.118968993677391777e-02 7.514118221460665270e-02 6.946649730837202441e-02 6.417269923138056720e-02 5.926488176393678725e-02 5.474643833545313892e-02 5.061911942305021700e-02 4.688328582671388856e-02 4.353811191850745499e-02 4.058179320594629269e-02 3.801183449814790616e-02 3.582513600884285748e-02 3.401830131367394178e-02 3.258785193503224709e-02 3.153042602371080444e-02 3.084299352087852344e-02 3.052291565919996313e-02 3.056807916666290717e-02 3.097697247601143705e-02 3.174871345078923712e-02 3.288307140503271553e-02 3.438039891344719934e-02 3.624154683413718936e-02 3.846773724727950428e-02 4.106036820460589459e-02 4.402095015258433025e-02 4.735087423610772478e-02 5.105123385011416104e-02 5.512261505126880845e-02 5.956480608210023425e-02 6.437674167699937444e-02 6.955625470854290282e-02 7.509989893563137620e-02 8.100276802025781209e-02 8.725826733031018245e-02 9.385802686741560874e-02 1.007917263464734869e-01 1.080469529277540280e-01 1.156090389399933166e-01 1.234609123543383147e-01 1.315829582223564109e-01 1.399528689453981567e-01
