15, 0.0321261, 1.08879e-05, -186.86, -1.53899, -1.32386, -0.215137, -0.00174141
15, 0.0321261, 1.10093e-05, -186.86, -1.53899, -1.32386, -0.215137, -0.00174141
15, 0.0321261, 1.15553e-05, -186.86, -1.53899, -1.32386, -0.215137, -0.00174141
15, 0.032126, 1.4012e-05, -186.86, -1.53899, -1.32386, -0.215137, -0.00174141
15.0001, 0.0321253, 2.50523e-05, -186.858, -1.53899, -1.32386, -0.215137, -0.00174141
15.0005, 0.0321177, 7.4135e-05, -186.848, -1.53899, -1.32386, -0.215139, -0.00174145
15.0024, 0.0319986, 0.000257098, -186.805, -1.53899, -1.32385, -0.215147, -0.00174159
15.0055, 0.0316436, 0.000276103, -186.732, -1.53899, -1.32383, -0.215159, -0.00174184
15.0086, 0.0314913, -4.78617e-05, -186.659, -1.53898, -1.32381, -0.215172, -0.00174209
15.0118, 0.0317335, -0.000317881, -186.586, -1.53898, -1.32379, -0.215184, -0.00174233
15.0149, 0.032079, -0.000203506, -186.513, -1.53897, -1.32378, -0.215197, -0.00174258
15.0183, 0.0320984, 0.000175863, -186.436, -1.53897, -1.32376, -0.21521, -0.00174284
15.0216, 0.0317482, 0.000311048, -186.358, -1.53896, -1.32374, -0.215224, -0.00174311
15.0249, 0.0315112, 1.816e-05, -186.281, -1.53896, -1.32372, -0.215237, -0.00174337
15.0283, 0.0317158, -0.000304726, -186.203, -1.53896, -1.3237, -0.215251, -0.00174363
15.0316, 0.0320905, -0.000219065, -186.126, -1.53895, -1.32369, -0.215264, -0.0017439
15.0349, 0.032133, 0.000158894, -186.049, -1.53895, -1.32367, -0.215278, -0.00174416
15.0383, 0.0317921, 0.000316557, -185.972, -1.53894, -1.32365, -0.215291, -0.00174442
15.0416, 0.0315359, 4.02465e-05, -185.894, -1.53894, -1.32363, -0.215305, -0.00174468
15.045, 0.0317178, -0.000295849, -185.817, -1.53893, -1.32361, -0.215318, -0.00174495
15.0483, 0.0320979, -0.0002369, -185.74, -1.53893, -1.3236, -0.215332, -0.00174521
15.0516, 0.0321685, 0.000137379, -185.663, -1.53892, -1.32358, -0.215345, -0.00174547
15.055, 0.0318405, 0.000321222, -185.586, -1.53892, -1.32356, -0.215358, -0.00174574
15.0583, 0.0315631, 6.63802e-05, -185.509, -1.53891, -1.32354, -0.215372, -0.001746
15.0616, 0.0317169, -0.000283275, -185.432, -1.53891, -1.32352, -0.215385, -0.00174626
15.065, 0.0321007, -0.000256281, -185.355, -1.5389, -1.32351, -0.215399, -0.00174652
15.0683, 0.0322037, 0.000110985, -185.278, -1.5389, -1.32349, -0.215412, -0.00174679
15.0716, 0.0318934, 0.000324028, -185.201, -1.53889, -1.32347, -0.215426, -0.00174705
15.075, 0.0315936, 9.62177e-05, -185.124, -1.53889, -1.32345, -0.215439, -0.00174731
15.0783, 0.0317136, -0.000266156, -185.047, -1.53889, -1.32343, -0.215453, -0.00174757
15.0817, 0.0320984, -0.000276252, -184.97, -1.53888, -1.32341, -0.215466, -0.00174784
15.085, 0.0322376, 7.94689e-05, -184.893, -1.53888, -1.3234, -0.21548, -0.0017481
15.0883, 0.0319507, 0.000323788, -184.817, -1.53887, -1.32338, -0.215493, -0.00174836
15.0917, 0.0316285, 0.000129191, -184.74, -1.53887, -1.32336, -0.215507, -0.00174863
15.095, 0.0317088, -0.000243627, -184.663, -1.53886, -1.32334, -0.21552, -0.00174889
15.0983, 0.0320903, -0.000295607, -184.587, -1.53886, -1.32332, -0.215534, -0.00174915
15.1017, 0.0322689, 4.27596e-05, -184.51, -1.53885, -1.32331, -0.215547, -0.00174941
15.105, 0.0320121, 0.000319175, -184.434, -1.53885, -1.32329, -0.215561, -0.00174968
15.1083, 0.0316691, 0.000164443, -184.357, -1.53884, -1.32327, -0.215575, -0.00174994
15.1117, 0.0317039, -0.000214886, -184.281, -1.53884, -1.32325, -0.215588, -0.0017502
15.115, 0.0320762, -0.000312877, -184.204, -1.53883, -1.32323, -0.215602, -0.00175046
15.1184, 0.032296, 1.04546e-06, -184.128, -1.53883, -1.32321, -0.215615, -0.00175073
15.1217, 0.0320767, 0.00030877, -184.052, -1.53883, -1.3232, -0.215629, -0.00175099
15.125, 0.0317163, 0.000200773, -183.975, -1.53882, -1.32318, -0.215642, -0.00175125
15.1284, 0.0317003, -0.000179289, -183.899, -1.53882, -1.32316, -0.215656, -0.00175151
15.1317, 0.032056, -0.000326335, -183.823, -1.53881, -1.32314, -0.215669, -0.00175178
15.135, 0.0323172, -4.51261e-05, -183.746, -1.53881, -1.32312, -0.215683, -0.00175204
15.1384, 0.0321434, 0.000291146, -183.67, -1.5388, -1.32311, -0.215696, -0.0017523
15.1417, 0.0317713, 0.000236585, -183.594, -1.5388, -1.32309, -0.21571, -0.00175257
15.145, 0.0317, -0.000136471, -183.518, -1.53879, -1.32307, -0.215724, -0.00175283
15.1484, 0.03203, -0.000334044, -183.442, -1.53879, -1.32305, -0.215737, -0.00175309
15.1517, 0.0323308, -9.47495e-05, -183.366, -1.53878, -1.32303, -0.215751, -0.00175335
15.1551, 0.0322107, 0.000264981, -183.29, -1.53878, -1.32302, -0.215764, -0.00175362
15.1584, 0.0318346, 0.000269873, -183.214, -1.53877, -1.323, -0.215778, -0.00175388
15.1617, 0.0317051, -8.64867e-05, -183.138, -1.53877, -1.32298, -0.215791, -0.00175414
15.1651, 0.0319991, -0.000333928, -183.062, -1.53877, -1.32296, -0.215805, -0.0017544
15.1684, 0.032335, -0.000146272, -182.986, -1.53876, -1.32294, -0.215819, -0.00175467
15.1717, 0.0322764, 0.000229216, -182.911, -1.53876, -1.32292, -0.215832, -0.00175493
15.1751, 0.0319065, 0.000298234, -182.835, -1.53875, -1.32291, -0.215846, -0.00175519
15.1784, 0.031718, -2.99578e-05, -182.759, -1.53875, -1.32289, -0.215859, -0.00175545
15.1817, 0.0319647, -0.000323912, -182.683, -1.53874, -1.32287, -0.215873, -0.00175572
15.1851, 0.0323285, -0.000197532, -182.608, -1.53874, -1.32285, -0.215887, -0.00175598
15.1884, 0.032338, 0.000183236, -182.532, -1.53873, -1.32283, -0.2159, -0.00175624
15.1918, 0.0319868, 0.000318948, -182.456, -1.53873, -1.32281, -0.215914, -0.0017565
15.1951, 0.0317413, 3.17795e-05, -182.381, -1.53872, -1.3228, -0.215928, -0.00175677
15.1984, 0.031929, -0.000302105, -182.305, -1.53872, -1.32278, -0.215941, -0.00175703
15.2018, 0.0323102, -0.000245743, -182.23, -1.53871, -1.32276, -0.215955, -0.00175729
15.2051, 0.0323923, 0.000127086, -182.154, -1.53871, -1.32274, -0.215968, -0.00175755
15.2084, 0.0320741, 0.000329112, -182.079, -1.53871, -1.32272, -0.215982, -0.00175782
15.2118, 0.0317771, 9.65538e-05, -182.004, -1.5387, -1.32271, -0.215996, -0.00175808
15.2151, 0.0318949, -0.000267043, -181.928, -1.5387, -1.32269, -0.216009, -0.00175834
15.2184, 0.0322798, -0.000287545, -181.853, -1.53869, -1.32267, -0.216023, -0.0017586
15.2218, 0.0324361, 6.16919e-05, -181.778, -1.53869, -1.32265, -0.216037, -0.00175887
15.2251, 0.0321665, 0.000325871, -181.703, -1.53868, -1.32263, -0.21605, -0.00175913
15.2284, 0.0318277, 0.00016129, -181.627, -1.53868, -1.32261, -0.216064, -0.00175939
15.2318, 0.0318662, -0.000217984, -181.552, -1.53867, -1.3226, -0.216078, -0.00175965
15.2351, 0.0322379, -0.000319153, -181.477, -1.53867, -1.32258, -0.216091, -0.00175992
15.2385, 0.032466, -1.09377e-05, -181.402, -1.53866, -1.32256, -0.216105, -0.00176018
15.2418, 0.0322606, 0.000306723, -181.327, -1.53866, -1.32254, -0.216119, -0.00176044
15.2451, 0.031894, 0.000222025, -181.252, -1.53866, -1.32252, -0.216132, -0.0017607
15.2485, 0.031847, -0.000155221, -181.177, -1.53865, -1.3225, -0.216146, -0.00176097
15.2518, 0.0321863, -0.000336615, -181.102, -1.53865, -1.32249, -0.21616, -0.00176123
15.2551, 0.0324789, -8.75675e-05, -181.027, -1.53864, -1.32247, -0.216173, -0.00176149
15.2585, 0.0323524, 0.000269903, -180.952, -1.53864, -1.32245, -0.216187, -0.00176175
15.2618, 0.0319763, 0.000274049, -180.877, -1.53863, -1.32243, -0.216201, -0.00176202
15.2651, 0.0318419, -8.03951e-05, -180.803, -1.53863, -1.32241, -0.216214, -0.00176228
15.2685, 0.0321284, -0.000336193, -180.728, -1.53862, -1.3224, -0.216228, -0.00176254
15.2718, 0.0324723, -0.000163695, -180.653, -1.53862, -1.32238, -0.216242, -0.0017628
15.2752, 0.0324366, 0.000214831, -180.578, -1.53861, -1.32236, -0.216255, -0.00176307
15.2785, 0.0320732, 0.000312194, -180.504, -1.53861, -1.32234, -0.216269, -0.00176333
15.2818, 0.0318554, 3.25823e-06, -180.429, -1.53861, -1.32232, -0.216283, -0.00176359
15.2852, 0.0320689, -0.000314866, -180.354, -1.5386, -1.3223, -0.216297, -0.00176385
15.2885, 0.0324453, -0.000233668, -180.28, -1.5386, -1.32229, -0.21631, -0.00176411
15.2918, 0.0325074, 0.00014255, -180.205, -1.53859, -1.32227, -0.216324, -0.00176438
15.2952, 0.0321815, 0.0003313, -180.131, -1.53859, -1.32225, -0.216338, -0.00176464
15.2985, 0.0318911, 9.07865e-05, -180.056, -1.53858, -1.32223, -0.216352, -0.0017649
15.3018, 0.0320139, -0.00027092, -179.982, -1.53858, -1.32221, -0.216365, -0.00176516
15.3052, 0.0323984, -0.000291002, -179.908, -1.53857, -1.32219, -0.216379, -0.00176543
15.3085, 0.0325588, 5.61146e-05, -179.833, -1.53857, -1.32218, -0.216393, -0.00176569
15.3119, 0.032296, 0.000326852, -179.759, -1.53856, -1.32216, -0.216406, -0.00176595
15.3152, 0.0319515, 0.000175597, -179.685, -1.53856, -1.32214, -0.21642, -0.00176621
15.3185, 0.0319705, -0.000204565, -179.611, -1.53856, -1.32212, -0.216434, -0.00176648
15.3219, 0.0323346, -0.00032894, -179.536, -1.53855, -1.3221, -0.216448, -0.00176674
15.3252, 0.0325856, -3.91726e-05, -179.462, -1.53855, -1.32208, -0.216461, -0.001767
15.3285, 0.0324098, 0.000295755, -179.388, -1.53854, -1.32207, -0.216475, -0.00176726
15.3319, 0.0320368, 0.000249802, -179.314, -1.53854, -1.32205, -0.216489, -0.00176752
15.3352, 0.0319465, -0.000118502, -179.24, -1.53853, -1.32203, -0.216503, -0.00176779
15.3385, 0.0322593, -0.000341255, -179.166, -1.53853, -1.32201, -0.216517, -0.00176805
15.3419, 0.0325838, -0.000135785, -179.092, -1.53852, -1.32199, -0.21653, -0.00176831
15.3452, 0.0325142, 0.000237172, -179.018, -1.53852, -1.32197, -0.216544, -0.00176857
15.3486, 0.0321446, 0.000304889, -178.944, -1.53851, -1.32196, -0.216558, -0.00176884
15.3519, 0.0319489, -1.82919e-05, -178.87, -1.53851, -1.32194, -0.216572, -0.0017691
15.3552, 0.0321804, -0.000323249, -178.796, -1.53851, -1.32192, -0.216585, -0.00176936
15.3586, 0.032552, -0.000224345, -178.723, -1.5385, -1.3219, -0.216599, -0.00176962
15.362, 0.0325932, 0.000165512, -178.646, -1.5385, -1.32188, -0.216614, -0.00176989
15.3655, 0.0322419, 0.000328759, -178.57, -1.53849, -1.32186, -0.216628, -0.00177016
15.3689, 0.0319748, 4.68251e-05, -178.494, -1.53849, -1.32184, -0.216642, -0.00177044
15.3724, 0.0321555, -0.000303026, -178.418, -1.53848, -1.32183, -0.216656, -0.00177071
15.3758, 0.0325486, -0.000253038, -178.341, -1.53848, -1.32181, -0.216671, -0.00177098
15.3793, 0.0326352, 0.000129969, -178.265, -1.53847, -1.32179, -0.216685, -0.00177125
15.3827, 0.0323059, 0.000334648, -178.189, -1.53847, -1.32177, -0.216699, -0.00177152
15.3862, 0.0320063, 8.79744e-05, -178.113, -1.53846, -1.32175, -0.216713, -0.00177179
15.3896, 0.032142, -0.000281189, -178.037, -1.53846, -1.32173, -0.216728, -0.00177206
15.3931, 0.0325384, -0.000281104, -177.961, -1.53845, -1.32171, -0.216742, -0.00177233
15.3965, 0.0326741, 8.80746e-05, -177.885, -1.53845, -1.32169, -0.216756, -0.00177261
15.4, 0.0323749, 0.000335292, -177.809, -1.53844, -1.32167, -0.216771, -0.00177288
15.4034, 0.0320447, 0.000132008, -177.734, -1.53844, -1.32165, -0.216785, -0.00177315
15.4069, 0.0321282, -0.000251757, -177.658, -1.53844, -1.32164, -0.216799, -0.00177342
15.4103, 0.0325208, -0.000306716, -177.582, -1.53843, -1.32162, -0.216814, -0.00177369
15.4138, 0.032708, 3.99634e-05, -177.506, -1.53843, -1.3216, -0.216828, -0.00177396
15.4172, 0.032448, 0.000328863, -177.43, -1.53842, -1.32158, -0.216842, -0.00177423
15.4207, 0.0320912, 0.000177475, -177.355, -1.53842, -1.32156, -0.216857, -0.0017745
15.4241, 0.0321159, -0.000213842, -177.279, -1.53841, -1.32154, -0.216871, -0.00177477
15.4276, 0.0324955, -0.00032771, -177.204, -1.53841, -1.32152, -0.216885, -0.00177505
15.431, 0.0327346, -1.37444e-05, -177.128, -1.5384, -1.3215, -0.2169, -0.00177532
15.4345, 0.0325238, 0.000313527, -177.052, -1.5384, -1.32148, -0.216914, -0.00177559
15.4379, 0.0321473, 0.000222401, -176.977, -1.53839, -1.32146, -0.216928, -0.00177586
15.4414, 0.0321076, -0.000166939, -176.902, -1.53839, -1.32145, -0.216943, -0.00177613
15.4448, 0.032463, -0.00034164, -176.826, -1.53838, -1.32143, -0.216957, -0.0017764
15.4483, 0.0327518, -7.181e-05, -176.751, -1.53838, -1.32141, -0.216971, -0.00177667
15.4517, 0.0326003, 0.000287606, -176.675, -1.53837, -1.32139, -0.216986, -0.00177694
15.4552, 0.0322138, 0.000264263, -176.6, -1.53837, -1.32137, -0.217, -0.00177721
15.4586, 0.032106, -0.000111114, -176.525, -1.53837, -1.32135, -0.217015, -0.00177749
15.4621, 0.0324244, -0.000345895, -176.45, -1.53836, -1.32133, -0.217029, -0.00177776
15.4655, 0.0327575, -0.000132264, -176.374, -1.53836, -1.32131, -0.217043, -0.00177803
15.469, 0.032675, 0.000249787, -176.299, -1.53835, -1.32129, -0.217058, -0.0017783
15.4724, 0.032291, 0.000300028, -176.224, -1.53835, -1.32127, -0.217072, -0.00177857
15.4759, 0.032114, -4.72008e-05, -176.149, -1.53834, -1.32126, -0.217086, -0.00177884
15.4793, 0.0323814, -0.000337893, -176.074, -1.53834, -1.32124, -0.217101, -0.00177911
15.4828, 0.0327499, -0.000192333, -175.999, -1.53833, -1.32122, -0.217115, -0.00177938
15.4862, 0.0327445, 0.000199383, -175.924, -1.53833, -1.3212, -0.21713, -0.00177965
15.4897, 0.0323784, 0.00032627, -175.849, -1.53832, -1.32118, -0.217144, -0.00177992
15.4931, 0.0321349, 2.30085e-05, -175.774, -1.53832, -1.32116, -0.217159, -0.0017802
15.4966, 0.0323371, -0.000315342, -175.699, -1.53831, -1.32114, -0.217173, -0.00178047
15.5, 0.0327278, -0.000248443, -175.625, -1.53831, -1.32112, -0.217187, -0.00178074
15.5035, 0.0328049, 0.00013661, -175.55, -1.53831, -1.3211, -0.217202, -0.00178101
15.5069, 0.0324742, 0.000339383, -175.475, -1.5383, -1.32108, -0.217216, -0.00178128
15.5104, 0.0321714, 9.66236e-05, -175.4, -1.5383, -1.32107, -0.217231, -0.00178155
15.5139, 0.0322952, -0.000276577, -175.326, -1.53829, -1.32105, -0.217245, -0.00178182
15.5173, 0.0326911, -0.000296321, -175.251, -1.53829, -1.32103, -0.21726, -0.00178209
15.5208, 0.032852, 6.288e-05, -175.177, -1.53828, -1.32101, -0.217274, -0.00178236
15.5242, 0.0325757, 0.00033591, -175.102, -1.53828, -1.32099, -0.217288, -0.00178263
15.5277, 0.0322257, 0.000169596, -175.027, -1.53827, -1.32097, -0.217303, -0.0017829
15.5311, 0.0322604, -0.00022096, -174.953, -1.53827, -1.32095, -0.217317, -0.00178318
15.5346, 0.0326408, -0.000331227, -174.878, -1.53826, -1.32093, -0.217332, -0.00178345
15.538, 0.0328819, -1.89607e-05, -174.804, -1.53826, -1.32091, -0.217346, -0.00178372
15.5415, 0.0326786, 0.00031298, -174.73, -1.53825, -1.32089, -0.217361, -0.00178399
15.5449, 0.0322991, 0.000236793, -174.655, -1.53825, -1.32087, -0.217375, -0.00178426
15.5484, 0.032238, -0.000149291, -174.581, -1.53825, -1.32086, -0.21739, -0.00178453
15.5518, 0.0325799, -0.000348357, -174.507, -1.53824, -1.32084, -0.217404, -0.0017848
15.5553, 0.0328908, -0.000104488, -174.433, -1.53824, -1.32082, -0.217419, -0.00178507
15.5587, 0.0327773, 0.000268837, -174.358, -1.53823, -1.3208, -0.217433, -0.00178534
15.5622, 0.0323911, 0.00029225, -174.284, -1.53823, -1.32078, -0.217448, -0.00178561
15.5656, 0.0322336, -6.41811e-05, -174.21, -1.53822, -1.32076, -0.217462, -0.00178588
15.5691, 0.0325127, -0.000343391, -174.136, -1.53822, -1.32074, -0.217477, -0.00178615
15.5725, 0.0328765, -0.000187721, -174.062, -1.53821, -1.32072, -0.217491, -0.00178643
15.576, 0.0328652, 0.000203419, -173.988, -1.53821, -1.3207, -0.217506, -0.0017867
15.5794, 0.0324993, 0.000329635, -173.914, -1.5382, -1.32068, -0.21752, -0.00178697
15.5829, 0.0322524, 2.96868e-05, -173.84, -1.5382, -1.32066, -0.217535, -0.00178724
15.5863, 0.0324457, -0.000313192, -173.766, -1.53819, -1.32065, -0.217549, -0.00178751
15.5898, 0.0328382, -0.000261388, -173.692, -1.53819, -1.32063, -0.217564, -0.00178778
15.5932, 0.0329352, 0.000118902, -173.618, -1.53819, -1.32061, -0.217578, -0.00178805
15.5967, 0.0326189, 0.00034295, -173.545, -1.53818, -1.32059, -0.217593, -0.00178832
15.6001, 0.0322982, 0.000125511, -173.471, -1.53818, -1.32057, -0.217607, -0.00178859
15.6036, 0.0323869, -0.000256591, -173.397, -1.53817, -1.32055, -0.217622, -0.00178886
15.607, 0.032778, -0.00031747, -173.323, -1.53817, -1.32053, -0.217636, -0.00178913
15.6105, 0.0329802, 2.01094e-05, -173.25, -1.53816, -1.32051, -0.217651, -0.0017894
15.6139, 0.0327428, 0.000327429, -173.176, -1.53816, -1.32049, -0.217665, -0.00178967
15.6174, 0.0323729, 0.000214632, -173.103, -1.53815, -1.32047, -0.21768, -0.00178995
15.6208, 0.0323452, -0.000175144, -173.029, -1.53815, -1.32045, -0.217694, -0.00179022
15.6243, 0.0327006, -0.000348071, -172.955, -1.53814, -1.32044, -0.217709, -0.00179049
15.6277, 0.0329948, -8.53455e-05, -172.882, -1.53814, -1.32042, -0.217723, -0.00179076
15.6312, 0.0328616, 0.000280576, -172.809, -1.53813, -1.3204, -0.217738, -0.00179103
15.6346, 0.0324752, 0.000287186, -172.735, -1.53813, -1.32038, -0.217753, -0.0017913
15.6381, 0.0323296, -7.37303e-05, -172.662, -1.53813, -1.32036, -0.217767, -0.00179157
15.6415, 0.0326141, -0.000346575, -172.588, -1.53812, -1.32034, -0.217782, -0.00179184
15.645, 0.0329756, -0.000187325, -172.515, -1.53812, -1.32032, -0.217796, -0.00179211
15.6484, 0.0329643, 0.000203189, -172.442, -1.53811, -1.3203, -0.217811, -0.00179238
15.6519, 0.0326004, 0.000333178, -172.369, -1.53811, -1.32028, -0.217826, -0.00179265
15.6553, 0.0323475, 3.91947e-05, -172.295, -1.5381, -1.32026, -0.21784, -0.00179292
15.6588, 0.0325293, -0.000308993, -172.222, -1.5381, -1.32024, -0.217855, -0.00179319
15.6622, 0.032923, -0.000273946, -172.149, -1.53809, -1.32022, -0.217869, -0.00179346
15.6657, 0.03304, 0.000100187, -172.076, -1.53809, -1.32021, -0.217884, -0.00179373
15.6691, 0.0327393, 0.00034396, -172.003, -1.53808, -1.32019, -0.217898, -0.00179401
15.6726, 0.0324038, 0.000151871, -171.93, -1.53808, -1.32017, -0.217913, -0.00179428
15.676, 0.0324594, -0.000235311, -171.857, -1.53808, -1.32015, -0.217928, -0.00179455
15.6795, 0.0328421, -0.000332924, -171.784, -1.53807, -1.32013, -0.217942, -0.00179482
15.6829, 0.0330788, -1.9013e-05, -171.711, -1.53807, -1.32011, -0.217957, -0.00179509
15.6864, 0.0328795, 0.000313962, -171.638, -1.53806, -1.32009, -0.217972, -0.00179536
15.6898, 0.032499, 0.000250192, -171.566, -1.53806, -1.32007, -0.217986, -0.00179563
15.6933, 0.0324177, -0.000130582, -171.493, -1.53805, -1.32005, -0.218001, -0.0017959
15.6967, 0.0327427, -0.000353452, -171.42, -1.53805, -1.32003, -0.218015, -0.00179617
15.7002, 0.0330744, -0.000140807, -171.347, -1.53804, -1.32001, -0.21803, -0.00179644
15.7036, 0.0330056, 0.000242422, -171.275, -1.53804, -1.31999, -0.218045, -0.00179671
15.7071, 0.0326277, 0.000319403, -171.202, -1.53803, -1.31998, -0.218059, -0.00179698
15.7105, 0.0324162, -5.42757e-06, -171.129, -1.53803, -1.31996, -0.218074, -0.00179725
15.714, 0.0326395, -0.000328392, -171.057, -1.53803, -1.31994, -0.218089, -0.00179752
15.7174, 0.0330258, -0.000248612, -170.984, -1.53802, -1.31992, -0.218103, -0.00179779
15.7209, 0.0331016, 0.000134778, -170.912, -1.53802, -1.3199, -0.218118, -0.00179806
15.7243, 0.0327787, 0.000346473, -170.839, -1.53801, -1.31988, -0.218133, -0.00179833
15.7278, 0.0324628, 0.000124375, -170.767, -1.53801, -1.31986, -0.218147, -0.00179861
15.7312, 0.0325505, -0.000256466, -170.694, -1.538, -1.31984, -0.218162, -0.00179888
15.7348, 0.0329538, -0.000318135, -170.619, -1.538, -1.31982, -0.218177, -0.00179916
15.7384, 0.0331515, 3.60494e-05, -170.544, -1.53799, -1.3198, -0.218192, -0.00179944
15.742, 0.0328884, 0.000337686, -170.469, -1.53799, -1.31978, -0.218208, -0.00179972
15.7456, 0.0325185, 0.000188249, -170.394, -1.53798, -1.31976, -0.218223, -0.0018
15.7492, 0.0325363, -0.000214888, -170.319, -1.53798, -1.31974, -0.218238, -0.00180028
15.7528, 0.0329245, -0.000339859, -170.244, -1.53797, -1.31972, -0.218254, -0.00180056
15.7564, 0.0331775, -2.19862e-05, -170.169, -1.53797, -1.3197, -0.218269, -0.00180084
15.7599, 0.0329683, 0.000319952, -170.094, -1.53797, -1.31968, -0.218284, -0.00180113
15.7635, 0.0325785, 0.000235914, -170.019, -1.53796, -1.31966, -0.218299, -0.00180141
15.7671, 0.032527, -0.000163492, -169.944, -1.53796, -1.31964, -0.218315, -0.00180169
15.7707, 0.0328876, -0.000353341, -169.869, -1.53795, -1.31962, -0.21833, -0.00180197
15.7743, 0.0331928, -8.4393e-05, -169.794, -1.53795, -1.3196, -0.218345, -0.00180225
15.7779, 0.0330485, 0.000290373, -169.719, -1.53794, -1.31958, -0.218361, -0.00180253
15.7815, 0.03265, 0.000279598, -169.645, -1.53794, -1.31956, -0.218376, -0.00180281
15.7851, 0.0325256, -0.000102515, -169.57, -1.53793, -1.31954, -0.218391, -0.00180309
15.7886, 0.0328443, -0.000355687, -169.495, -1.53793, -1.31952, -0.218407, -0.00180337
15.7922, 0.0331951, -0.000148802, -169.421, -1.53792, -1.3195, -0.218422, -0.00180366
15.7958, 0.0331258, 0.000247632, -169.346, -1.53792, -1.31948, -0.218437, -0.00180394
15.7994, 0.032733, 0.000315835, -169.271, -1.53791, -1.31946, -0.218452, -0.00180422
15.803, 0.0325356, -3.3113e-05, -169.197, -1.53791, -1.31944, -0.218468, -0.0018045
15.8066, 0.032797, -0.000344096, -169.122, -1.5379, -1.31942, -0.218483, -0.00180478
15.8102, 0.0331826, -0.000211932, -169.048, -1.5379, -1.3194, -0.218498, -0.00180506
15.8138, 0.0331965, 0.000191193, -168.974, -1.53789, -1.31938, -0.218514, -0.00180534
15.8173, 0.0328268, 0.000340773, -168.899, -1.53789, -1.31936, -0.218529, -0.00180562
15.8209, 0.0325602, 4.24345e-05, -168.825, -1.53789, -1.31934, -0.218545, -0.0018059
15.8245, 0.0327491, -0.000316186, -168.751, -1.53788, -1.31932, -0.21856, -0.00180618
15.8281, 0.0331543, -0.00026962, -168.676, -1.53788, -1.3193, -0.218575, -0.00180647
15.8317, 0.0332562, 0.000121626, -168.602, -1.53787, -1.31928, -0.218591, -0.00180675
15.8353, 0.032929, 0.000350443, -168.528, -1.53787, -1.31926, -0.218606, -0.00180703
15.8389, 0.0326025, 0.000120585, -168.454, -1.53786, -1.31924, -0.218621, -0.00180731
15.8425, 0.0327052, -0.000270404, -168.38, -1.53786, -1.31922, -0.218637, -0.00180759
15.846, 0.0331103, -0.000316978, -168.306, -1.53785, -1.3192, -0.218652, -0.00180787
15.8496, 0.0333003, 4.09264e-05, -168.232, -1.53785, -1.31918, -0.218667, -0.00180815
15.8532, 0.0330361, 0.000341176, -168.158, -1.53784, -1.31916, -0.218683, -0.00180843
15.8568, 0.0326647, 0.000196506, -168.084, -1.53784, -1.31914, -0.218698, -0.00180871
15.8604, 0.0326707, -0.000206484, -168.01, -1.53783, -1.31912, -0.218714, -0.00180899
15.864, 0.0330524, -0.000348715, -167.936, -1.53783, -1.3191, -0.218729, -0.00180928
15.8676, 0.0333244, -4.72375e-05, -167.862, -1.53782, -1.31908, -0.218744, -0.00180956
15.8712, 0.033143, 0.000310142, -167.788, -1.53782, -1.31906, -0.21876, -0.00180984
15.8747, 0.0327474, 0.000264216, -167.714, -1.53782, -1.31904, -0.218775, -0.00181012
15.8783, 0.0326516, -0.000125919, -167.641, -1.53781, -1.31902, -0.218791, -0.0018104
15.8819, 0.0329843, -0.00035965, -167.567, -1.53781, -1.319, -0.218806, -0.00181068
15.8855, 0.033325, -0.000137415, -167.493, -1.5378, -1.31898, -0.218822, -0.00181096
15.8891, 0.0332431, 0.000255971, -167.42, -1.5378, -1.31896, -0.218837, -0.00181124
15.8927, 0.0328496, 0.000316952, -167.346, -1.53779, -1.31894, -0.218852, -0.00181152
15.8963, 0.0326538, -3.2344e-05, -167.273, -1.53779, -1.31892, -0.218868, -0.0018118
15.8999, 0.0329118, -0.000345403, -167.199, -1.53778, -1.3189, -0.218883, -0.00181208
15.9034, 0.0332999, -0.000222486, -167.126, -1.53778, -1.31888, -0.218899, -0.00181237
15.907, 0.0333288, 0.000179415, -167.052, -1.53777, -1.31886, -0.218914, -0.00181265
15.9106, 0.0329678, 0.000347797, -166.979, -1.53777, -1.31884, -0.21893, -0.00181293
15.9142, 0.0326828, 6.82349e-05, -166.906, -1.53776, -1.31882, -0.218945, -0.00181321
15.9178, 0.0328425, -0.000303233, -166.832, -1.53776, -1.3188, -0.218961, -0.00181349
15.9214, 0.0332495, -0.000294075, -166.759, -1.53775, -1.31878, -0.218976, -0.00181377
15.925, 0.0333923, 8.39251e-05, -166.686, -1.53775, -1.31876, -0.218991, -0.00181405
15.9286, 0.0330956, 0.000350564, -166.612, -1.53775, -1.31874, -0.219007, -0.00181433
15.9321, 0.0327419, 0.000167515, -166.539, -1.53774, -1.31872, -0.219022, -0.00181461
15.9357, 0.0327856, -0.000232936, -166.466, -1.53774, -1.3187, -0.219038, -0.00181489
15.9393, 0.0331772, -0.000343314, -166.393, -1.53773, -1.31868, -0.219053, -0.00181517
15.9429, 0.0334265, -2.39882e-05, -166.32, -1.53773, -1.31866, -0.219069, -0.00181545
15.9465, 0.0332241, 0.000320896, -166.247, -1.53772, -1.31864, -0.219084, -0.00181574
15.9501, 0.0328319, 0.000255359, -166.174, -1.53772, -1.31862, -0.2191, -0.00181602
15.9537, 0.0327512, -0.000137651, -166.101, -1.53771, -1.3186, -0.219115, -0.0018163
15.9573, 0.0330896, -0.000361969, -166.028, -1.53771, -1.31858, -0.219131, -0.00181658
15.9608, 0.0334259, -0.000134765, -165.955, -1.5377, -1.31856, -0.219146, -0.00181686
15.9644, 0.0333422, 0.000257456, -165.882, -1.5377, -1.31854, -0.219162, -0.00181714
15.968, 0.0329499, 0.000320738, -165.81, -1.53769, -1.31852, -0.219177, -0.00181742
15.9716, 0.0327485, -2.44023e-05, -165.737, -1.53769, -1.3185, -0.219193, -0.0018177
15.9752, 0.032997, -0.000343867, -165.664, -1.53769, -1.31848, -0.219208, -0.00181798
15.9788, 0.0333888, -0.000236333, -165.591, -1.53768, -1.31846, -0.219224, -0.00181826
15.9824, 0.0334378, 0.000163027, -165.519, -1.53768, -1.31844, -0.21924, -0.00181854
15.986, 0.0330885, 0.000353161, -165.446, -1.53767, -1.31842, -0.219255, -0.00181882
15.9895, 0.0327846, 9.5857e-05, -165.374, -1.53767, -1.3184, -0.219271, -0.0018191
15.9931, 0.0329125, -0.000286448, -165.301, -1.53766, -1.31838, -0.219286, -0.00181939
15.9967, 0.0333177, -0.000315284, -165.228, -1.53766, -1.31836, -0.219302, -0.00181967
16.0003, 0.0334992, 4.52478e-05, -165.156, -1.53765, -1.31834, -0.219317, -0.00181995
16.0039, 0.0332361, 0.000344502, -165.084, -1.53765, -1.31832, -0.219333, -0.00182023
16.0075, 0.0328628, 0.000208892, -165.011, -1.53764, -1.3183, -0.219348, -0.00182051
16.0111, 0.0328508, -0.000192208, -164.939, -1.53764, -1.31828, -0.219364, -0.00182079
16.0147, 0.0332207, -0.000358687, -164.866, -1.53763, -1.31826, -0.21938, -0.00182107
16.0182, 0.0335172, -8.32929e-05, -164.794, -1.53763, -1.31823, -0.219395, -0.00182135
16.0218, 0.0333772, 0.00029101, -164.722, -1.53763, -1.31821, -0.219411, -0.00182163
16.0254, 0.0329806, 0.000298676, -164.65, -1.53762, -1.31819, -0.219426, -0.00182191
16.029, 0.0328262, -6.96491e-05, -164.578, -1.53762, -1.31817, -0.219442, -0.00182219
16.0326, 0.0331112, -0.000356433, -164.505, -1.53761, -1.31815, -0.219457, -0.00182247
16.0362, 0.0334876, -0.000205891, -164.433, -1.53761, -1.31813, -0.219473, -0.00182275
16.0398, 0.0334943, 0.000195127, -164.361, -1.5376, -1.31811, -0.219489, -0.00182303
16.0434, 0.0331289, 0.00034971, -164.289, -1.5376, -1.31809, -0.219504, -0.00182331
16.0469, 0.0328496, 6.66268e-05, -164.217, -1.53759, -1.31807, -0.21952, -0.00182359
16.0505, 0.0330075, -0.000303765, -164.145, -1.53759, -1.31805, -0.219535, -0.00182388
16.0541, 0.0334129, -0.000303643, -164.073, -1.53758, -1.31803, -0.219551, -0.00182416
16.0577, 0.0335707, 6.66555e-05, -164.001, -1.53758, -1.31801, -0.219567, -0.00182444
16.0613, 0.033292, 0.000349993, -163.93, -1.53757, -1.31799, -0.219582, -0.00182472
16.0649, 0.0329263, 0.000197043, -163.858, -1.53757, -1.31797, -0.219598, -0.001825
16.0685, 0.0329299, -0.000203525, -163.786, -1.53757, -1.31795, -0.219614, -0.00182528
16.0721, 0.0333038, -0.000358434, -163.714, -1.53756, -1.31793, -0.219629, -0.00182556
16.0756, 0.0335935, -7.72428e-05, -163.642, -1.53756, -1.31791, -0.219645, -0.00182584
16.0792, 0.0334486, 0.000294175, -163.571, -1.53755, -1.31789, -0.21966, -0.00182612
16.0828, 0.0330528, 0.000299574, -163.499, -1.53755, -1.31787, -0.219676, -0.0018264
16.0864, 0.0328978, -6.74832e-05, -163.428, -1.53754, -1.31785, -0.219692, -0.00182668
16.09, 0.033179, -0.000356658, -163.356, -1.53754, -1.31783, -0.219707, -0.00182696
16.0936, 0.0335573, -0.000213637, -163.284, -1.53753, -1.31781, -0.219723, -0.00182724
16.0972, 0.033575, 0.000186228, -163.213, -1.53753, -1.31779, -0.219739, -0.00182752
16.1007, 0.0332162, 0.000353566, -163.141, -1.53752, -1.31777, -0.219754, -0.0018278
16.1043, 0.0329254, 8.3922e-05, -163.07, -1.53752, -1.31775, -0.21977, -0.00182808
16.1079, 0.0330634, -0.000293073, -162.999, -1.53752, -1.31773, -0.219786, -0.00182836
16.1115, 0.033467, -0.000317185, -162.927, -1.53751, -1.31771, -0.219801, -0.00182864
16.1151, 0.0336495, 4.08032e-05, -162.856, -1.53751, -1.31769, -0.219817, -0.00182892
16.1187, 0.0333941, 0.000344385, -162.785, -1.5375, -1.31767, -0.219833, -0.00182921
16.1223, 0.0330176, 0.000223887, -162.713, -1.5375, -1.31765, -0.219848, -0.00182949
16.126, 0.0329937, -0.000191035, -162.639, -1.53749, -1.31763, -0.219865, -0.00182978
16.1298, 0.0333787, -0.000359658, -162.564, -1.53749, -1.31761, -0.219881, -0.00183007
16.1335, 0.0336719, -6.00688e-05, -162.49, -1.53748, -1.31758, -0.219898, -0.00183037
16.1373, 0.033494, 0.000313556, -162.416, -1.53748, -1.31756, -0.219914, -0.00183066
16.141, 0.0330852, 0.000270151, -162.341, -1.53747, -1.31754, -0.219931, -0.00183095
16.1448, 0.0329886, -0.000133178, -162.267, -1.53747, -1.31752, -0.219947, -0.00183125
16.1486, 0.0333372, -0.000367105, -162.193, -1.53746, -1.3175, -0.219964, -0.00183154
16.1523, 0.0336801, -0.000124973, -162.118, -1.53746, -1.31748, -0.21998, -0.00183183
16.1561, 0.0335743, 0.000275884, -162.044, -1.53745, -1.31746, -0.219996, -0.00183213
16.1598, 0.0331647, 0.000310703, -161.97, -1.53745, -1.31744, -0.220013, -0.00183242
16.1636, 0.0329933, -6.59568e-05, -161.896, -1.53744, -1.31742, -0.220029, -0.00183271
16.1673, 0.0332903, -0.000361728, -161.822, -1.53744, -1.31739, -0.220046, -0.00183301
16.1711, 0.0336739, -0.000190407, -161.748, -1.53744, -1.31737, -0.220062, -0.0018333
16.1748, 0.0336498, 0.000224334, -161.674, -1.53743, -1.31735, -0.220079, -0.00183359
16.1786, 0.0332557, 0.000341711, -161.6, -1.53743, -1.31733, -0.220095, -0.00183389
16.1823, 0.0330114, 8.90871e-06, -161.526, -1.53742, -1.31731, -0.220112, -0.00183418
16.1861, 0.0332409, -0.000340753, -161.452, -1.53742, -1.31729, -0.220128, -0.00183447
16.1898, 0.0336519, -0.000252505, -161.378, -1.53741, -1.31727, -0.220145, -0.00183477
16.1936, 0.0337163, 0.000158834, -161.304, -1.53741, -1.31725, -0.220161, -0.00183506
16.1974, 0.0333568, 0.000359043, -161.23, -1.5374, -1.31722, -0.220178, -0.00183535
16.2011, 0.0330461, 8.843e-05, -161.157, -1.5374, -1.3172, -0.220194, -0.00183565
16.2049, 0.0331931, -0.000302033, -161.083, -1.53739, -1.31718, -0.220211, -0.00183594
16.2086, 0.0336134, -0.00030652, -161.009, -1.53739, -1.31716, -0.220227, -0.00183623
16.2124, 0.033769, 8.06468e-05, -160.936, -1.53738, -1.31714, -0.220244, -0.00183653
16.2161, 0.033465, 0.000358628, -160.862, -1.53738, -1.31712, -0.22026, -0.00183682
16.2199, 0.0331004, 0.000168246, -160.789, -1.53737, -1.3171, -0.220277, -0.00183711
16.2236, 0.0331522, -0.000244522, -160.715, -1.53737, -1.31708, -0.220293, -0.00183741
16.2274, 0.0335595, -0.000347071, -160.642, -1.53736, -1.31705, -0.22031, -0.0018377
16.2311, 0.0338032, -7.31543e-06, -160.568, -1.53736, -1.31703, -0.220327, -0.00183799
16.2349, 0.0335756, 0.000336962, -160.495, -1.53735, -1.31701, -0.220343, -0.00183829
16.2386, 0.0331759, 0.000242666, -160.421, -1.53735, -1.31699, -0.22036, -0.00183858
16.2424, 0.0331242, -0.000168781, -160.348, -1.53734, -1.31697, -0.220376, -0.00183887
16.2462, 0.033493, -0.000368577, -160.275, -1.53734, -1.31695, -0.220393, -0.00183917
16.2499, 0.0338146, -0.00010028, -160.202, -1.53734, -1.31693, -0.220409, -0.00183946
16.2537, 0.0336826, 0.000291742, -160.128, -1.53733, -1.3169, -0.220426, -0.00183975
16.2574, 0.0332723, 0.000304931, -160.055, -1.53733, -1.31688, -0.220443, -0.00184005
16.2612, 0.0331155, -7.74606e-05, -159.982, -1.53732, -1.31686, -0.220459, -0.00184034
16.2649, 0.0334187, -0.000365907, -159.909, -1.53732, -1.31684, -0.220476, -0.00184063
16.2687, 0.0338001, -0.000191596, -159.836, -1.53731, -1.31682, -0.220492, -0.00184092
16.2724, 0.0337784, 0.00022257, -159.763, -1.53731, -1.3168, -0.220509, -0.00184122
16.2762, 0.0333874, 0.000347738, -159.69, -1.5373, -1.31678, -0.220525, -0.00184151
16.2799, 0.0331322, 2.43519e-05, -159.617, -1.5373, -1.31676, -0.220542, -0.0018418
16.2837, 0.0333439, -0.000335213, -159.544, -1.53729, -1.31673, -0.220559, -0.0018421
16.2874, 0.0337588, -0.000273002, -159.471, -1.53729, -1.31671, -0.220575, -0.00184239
16.2912, 0.0338548, 0.000131642, -159.398, -1.53728, -1.31669, -0.220592, -0.00184268
16.295, 0.0335159, 0.000364056, -159.326, -1.53728, -1.31667, -0.220609, -0.00184298
16.2987, 0.0331789, 0.000129026, -159.253, -1.53727, -1.31665, -0.220625, -0.00184327
16.3025, 0.0332776, -0.000274884, -159.18, -1.53727, -1.31663, -0.220642, -0.00184356
16.3062, 0.0336925, -0.000335256, -159.108, -1.53726, -1.31661, -0.220658, -0.00184386
16.31, 0.0339036, 2.42786e-05, -159.035, -1.53726, -1.31658, -0.220675, -0.00184415
16.3137, 0.0336497, 0.000348216, -158.962, -1.53726, -1.31656, -0.220692, -0.00184444
16.3175, 0.0332581, 0.000226662, -158.89, -1.53725, -1.31654, -0.220708, -0.00184473
16.3212, 0.03323, -0.000186498, -158.817, -1.53725, -1.31652, -0.220725, -0.00184503
16.325, 0.0336067, -0.000369168, -158.745, -1.53724, -1.3165, -0.220742, -0.00184532
16.3287, 0.0339184, -9.08603e-05, -158.672, -1.53724, -1.31648, -0.220758, -0.00184561
16.3325, 0.0337779, 0.000297182, -158.6, -1.53723, -1.31646, -0.220775, -0.00184591
16.3362, 0.0333684, 0.000305859, -158.528, -1.53723, -1.31644, -0.220792, -0.0018462
16.34, 0.0332116, -7.55827e-05, -158.455, -1.53722, -1.31641, -0.220808, -0.00184649
16.3438, 0.0335106, -0.00036701, -158.383, -1.53722, -1.31639, -0.220825, -0.00184679
16.3475, 0.0338951, -0.000202068, -158.311, -1.53721, -1.31637, -0.220842, -0.00184708
16.3513, 0.033888, 0.000211823, -158.238, -1.53721, -1.31635, -0.220858, -0.00184737
16.355, 0.0335042, 0.00035502, -158.166, -1.5372, -1.31633, -0.220875, -0.00184767
16.3588, 0.0332312, 4.80534e-05, -158.094, -1.5372, -1.31631, -0.220892, -0.00184796
16.3625, 0.0334169, -0.000324174, -158.022, -1.53719, -1.31629, -0.220908, -0.00184825
16.3663, 0.0338344, -0.000295535, -157.95, -1.53719, -1.31626, -0.220925, -0.00184854
16.37, 0.0339671, 9.79432e-05, -157.878, -1.53718, -1.31624, -0.220942, -0.00184884
16.3738, 0.0336551, 0.000364171, -157.806, -1.53718, -1.31622, -0.220959, -0.00184913
16.3775, 0.0332942, 0.000170651, -157.734, -1.53718, -1.3162, -0.220975, -0.00184942
16.3813, 0.0333407, -0.000240849, -157.662, -1.53717, -1.31618, -0.220992, -0.00184972
16.3851, 0.0337423, -0.000357026, -157.59, -1.53717, -1.31616, -0.221009, -0.00185001
16.3888, 0.0340041, -3.32568e-05, -157.518, -1.53716, -1.31614, -0.221026, -0.0018503
16.3926, 0.0338061, 0.000327104, -157.447, -1.53716, -1.31611, -0.221042, -0.00185059
16.3963, 0.0334006, 0.000275706, -157.375, -1.53715, -1.31609, -0.221059, -0.00185089
16.4001, 0.0332976, -0.000123347, -157.303, -1.53715, -1.31607, -0.221076, -0.00185118
16.4038, 0.0336307, -0.000374211, -157.231, -1.53714, -1.31605, -0.221092, -0.00185147
16.4076, 0.0339921, -0.000165616, -157.16, -1.53714, -1.31603, -0.221109, -0.00185177
16.4113, 0.0339393, 0.00024352, -157.088, -1.53713, -1.31601, -0.221126, -0.00185206
16.4151, 0.0335439, 0.000346131, -157.017, -1.53713, -1.31599, -0.221143, -0.00185235
16.4188, 0.0333012, 1.53361e-05, -156.945, -1.53712, -1.31596, -0.22116, -0.00185264
16.4226, 0.0335173, -0.000339411, -156.874, -1.53712, -1.31594, -0.221176, -0.00185294
16.4263, 0.0339305, -0.000279595, -156.802, -1.53711, -1.31592, -0.221193, -0.00185323
16.4301, 0.0340361, 0.000120681, -156.731, -1.53711, -1.3159, -0.22121, -0.00185352
16.4339, 0.0337098, 0.000367253, -156.659, -1.53711, -1.31588, -0.221227, -0.00185382
16.4376, 0.0333598, 0.000156154, -156.588, -1.5371, -1.31586, -0.221243, -0.00185411
16.4414, 0.0334232, -0.000252269, -156.517, -1.5371, -1.31584, -0.22126, -0.0018544
16.4451, 0.0338274, -0.000355096, -156.445, -1.53709, -1.31581, -0.221277, -0.00185469
16.4489, 0.0340807, -2.60064e-05, -156.374, -1.53709, -1.31579, -0.221294, -0.00185499
16.4526, 0.0338776, 0.000330268, -156.303, -1.53708, -1.31577, -0.221311, -0.00185528
16.4564, 0.0334735, 0.000276161, -156.232, -1.53708, -1.31575, -0.221327, -0.00185557
16.4601, 0.03337, -0.000121702, -156.161, -1.53707, -1.31573, -0.221344, -0.00185587
16.4639, 0.0336997, -0.00037529, -156.089, -1.53707, -1.31571, -0.221361, -0.00185616
16.4676, 0.0340639, -0.000174002, -156.018, -1.53706, -1.31569, -0.221378, -0.00185645
16.4714, 0.0340226, 0.000235493, -155.947, -1.53706, -1.31566, -0.221395, -0.00185674
16.4751, 0.0336321, 0.000352192, -155.876, -1.53705, -1.31564, -0.221412, -0.00185704
16.4789, 0.0333756, 3.36358e-05, -155.805, -1.53705, -1.31562, -0.221428, -0.00185733
16.4827, 0.0335719, -0.000330905, -155.735, -1.53705, -1.3156, -0.221445, -0.00185762
16.4864, 0.0339869, -0.000296589, -155.664, -1.53704, -1.31558, -0.221462, -0.00185791
16.4902, 0.0341201, 9.45109e-05, -155.593, -1.53704, -1.31556, -0.221479, -0.00185821
16.4939, 0.0338151, 0.000365733, -155.522, -1.53703, -1.31554, -0.221496, -0.0018585
16.4977, 0.033449, 0.000187002, -155.451, -1.53703, -1.31551, -0.221513, -0.00185879
16.5014, 0.0334728, -0.000224031, -155.381, -1.53702, -1.31549, -0.22153, -0.00185909
16.5052, 0.0338629, -0.000367708, -155.31, -1.53702, -1.31547, -0.221546, -0.00185938
16.5089, 0.0341511, -6.97221e-05, -155.239, -1.53701, -1.31545, -0.221563, -0.00185967
16.5127, 0.0339933, 0.000308108, -155.169, -1.53701, -1.31543, -0.22158, -0.00185996
16.5164, 0.0335868, 0.000307677, -155.098, -1.537, -1.31541, -0.221597, -0.00186026
16.5202, 0.0334297, -7.02644e-05, -155.027, -1.537, -1.31538, -0.221614, -0.00186055
16.5239, 0.0337176, -0.000368035, -154.957, -1.53699, -1.31536, -0.221631, -0.00186084
16.5277, 0.0341077, -0.000225562, -154.886, -1.53699, -1.31534, -0.221648, -0.00186113
16.5316, 0.0341263, 0.000197647, -154.814, -1.53698, -1.31532, -0.221665, -0.00186144
16.5355, 0.0337411, 0.000362457, -154.741, -1.53698, -1.3153, -0.221683, -0.00186174
16.5394, 0.0334519, 5.77749e-05, -154.668, -1.53698, -1.31528, -0.2217, -0.00186204
16.5432, 0.0336351, -0.000326091, -154.595, -1.53697, -1.31525, -0.221718, -0.00186234
16.5471, 0.0340623, -0.000298015, -154.522, -1.53697, -1.31523, -0.221735, -0.00186265
16.551, 0.0341933, 0.00010594, -154.45, -1.53696, -1.31521, -0.221753, -0.00186295
16.5549, 0.0338671, 0.000369677, -154.377, -1.53696, -1.31519, -0.22177, -0.00186325
16.5588, 0.0335062, 0.000156686, -154.305, -1.53695, -1.31516, -0.221788, -0.00186356
16.5627, 0.0335769, -0.000261243, -154.232, -1.53695, -1.31514, -0.221805, -0.00186386
16.5665, 0.033995, -0.000351567, -154.159, -1.53694, -1.31512, -0.221823, -0.00186416
16.5704, 0.0342342, 5.50714e-07, -154.087, -1.53694, -1.3151, -0.22184, -0.00186446
16.5743, 0.0339964, 0.000347047, -154.015, -1.53693, -1.31507, -0.221858, -0.00186477
16.5782, 0.0335901, 0.000247575, -153.942, -1.53693, -1.31505, -0.221875, -0.00186507
16.5821, 0.0335373, -0.000171355, -153.87, -1.53692, -1.31503, -0.221893, -0.00186537
16.586, 0.0339109, -0.00037808, -153.797, -1.53692, -1.31501, -0.221911, -0.00186567
16.5898, 0.0342431, -0.000110634, -153.725, -1.53691, -1.31499, -0.221928, -0.00186598
16.5937, 0.0341191, 0.000292005, -153.653, -1.53691, -1.31496, -0.221946, -0.00186628
16.5976, 0.0337022, 0.000320196, -153.581, -1.5369, -1.31494, -0.221963, -0.00186658
16.6015, 0.0335256, -6.1534e-05, -153.509, -1.5369, -1.31492, -0.221981, -0.00186688
16.6054, 0.0338184, -0.00037068, -153.436, -1.53689, -1.3149, -0.221998, -0.00186719
16.6093, 0.0342167, -0.000216999, -153.364, -1.53689, -1.31487, -0.222016, -0.00186749
16.6132, 0.034224, 0.000205433, -153.292, -1.53688, -1.31485, -0.222034, -0.00186779
16.617, 0.0338373, 0.000364077, -153.22, -1.53688, -1.31483, -0.222051, -0.00186809
16.6209, 0.0335497, 5.92814e-05, -153.148, -1.53688, -1.31481, -0.222069, -0.0018684
16.6248, 0.033729, -0.000325219, -153.076, -1.53687, -1.31478, -0.222086, -0.0018687
16.6287, 0.0341555, -0.00030599, -153.004, -1.53687, -1.31476, -0.222104, -0.001869
16.6326, 0.0342993, 9.26114e-05, -152.933, -1.53686, -1.31474, -0.222122, -0.0018693
16.6365, 0.033986, 0.000370104, -152.861, -1.53686, -1.31472, -0.222139, -0.00186961
16.6403, 0.0336147, 0.000178554, -152.789, -1.53685, -1.31469, -0.222157, -0.00186991
16.6442, 0.0336566, -0.000241784, -152.717, -1.53685, -1.31467, -0.222174, -0.00187021
16.6481, 0.034065, -0.000364536, -152.645, -1.53684, -1.31465, -0.222192, -0.00187052
16.652, 0.0343347, -3.63005e-05, -152.574, -1.53684, -1.31463, -0.22221, -0.00187082
16.6559, 0.0341346, 0.000332424, -152.502, -1.53683, -1.31461, -0.222227, -0.00187112
16.6598, 0.0337208, 0.000281129, -152.431, -1.53683, -1.31458, -0.222245, -0.00187142
16.6636, 0.0336156, -0.000125958, -152.359, -1.53682, -1.31456, -0.222263, -0.00187172
16.6675, 0.0339559, -0.000381098, -152.288, -1.53682, -1.31454, -0.22228, -0.00187203
16.6714, 0.0343235, -0.000166531, -152.216, -1.53681, -1.31452, -0.222298, -0.00187233
16.6753, 0.0342666, 0.000250415, -152.145, -1.53681, -1.31449, -0.222316, -0.00187263
16.6792, 0.0338621, 0.000351083, -152.073, -1.5368, -1.31447, -0.222333, -0.00187293
16.6831, 0.0336187, 1.05487e-05, -152.002, -1.5368, -1.31445, -0.222351, -0.00187324
16.6869, 0.0338444, -0.000348135, -151.93, -1.5368, -1.31443, -0.222369, -0.00187354
16.6908, 0.0342648, -0.000279984, -151.859, -1.53679, -1.3144, -0.222386, -0.00187384
16.6947, 0.0343645, 0.000130289, -151.788, -1.53679, -1.31438, -0.222404, -0.00187414
16.6986, 0.0340261, 0.000374363, -151.717, -1.53678, -1.31436, -0.222422, -0.00187445
16.7025, 0.0336744, 0.000150291, -151.646, -1.53678, -1.31434, -0.222439, -0.00187475
16.7064, 0.0337501, -0.000264608, -151.574, -1.53677, -1.31431, -0.222457, -0.00187505
16.7103, 0.0341652, -0.000357649, -151.503, -1.53677, -1.31429, -0.222475, -0.00187535
16.7141, 0.034413, -1.4167e-05, -151.432, -1.53676, -1.31427, -0.222492, -0.00187566
16.718, 0.0341937, 0.000341947, -151.361, -1.53676, -1.31425, -0.22251, -0.00187596
16.7219, 0.0337837, 0.000271829, -151.29, -1.53675, -1.31422, -0.222528, -0.00187626
16.7258, 0.0336937, -0.000137938, -151.219, -1.53675, -1.3142, -0.222546, -0.00187656
16.7297, 0.03404, -0.000383021, -151.148, -1.53674, -1.31418, -0.222563, -0.00187687
16.7336, 0.0344025, -0.000162244, -151.078, -1.53674, -1.31416, -0.222581, -0.00187717
16.7374, 0.0343417, 0.000252949, -151.007, -1.53673, -1.31414, -0.222599, -0.00187747
16.7413, 0.0339381, 0.000352906, -150.936, -1.53673, -1.31411, -0.222617, -0.00187777
16.7452, 0.0336928, 1.52461e-05, -150.865, -1.53672, -1.31409, -0.222634, -0.00187807
16.7491, 0.0339118, -0.000346075, -150.794, -1.53672, -1.31407, -0.222652, -0.00187838
16.753, 0.0343326, -0.000288726, -150.724, -1.53672, -1.31405, -0.22267, -0.00187868
16.7569, 0.0344461, 0.000116893, -150.653, -1.53671, -1.31402, -0.222688, -0.00187898
16.7607, 0.0341195, 0.000374851, -150.583, -1.53671, -1.314, -0.222705, -0.00187928
16.7646, 0.0337576, 0.000170243, -150.512, -1.5367, -1.31398, -0.222723, -0.00187959
16.7685, 0.0338077, -0.000247007, -150.441, -1.5367, -1.31396, -0.222741, -0.00187989
16.7724, 0.0342142, -0.00036811, -150.371, -1.53669, -1.31393, -0.222759, -0.00188019
16.7763, 0.0344874, -4.57373e-05, -150.3, -1.53669, -1.31391, -0.222776, -0.00188049
16.7802, 0.0343006, 0.00032749, -150.23, -1.53668, -1.31389, -0.222794, -0.0018808
16.784, 0.0338869, 0.000297683, -150.16, -1.53668, -1.31387, -0.222812, -0.0018811
16.7879, 0.0337548, -9.86908e-05, -150.089, -1.53667, -1.31384, -0.22283, -0.0018814
16.7918, 0.0340702, -0.000380198, -150.019, -1.53667, -1.31382, -0.222848, -0.0018817
16.7957, 0.0344558, -0.000205445, -149.949, -1.53666, -1.3138, -0.222865, -0.001882
16.7996, 0.03445, 0.000213479, -149.879, -1.53666, -1.31378, -0.222883, -0.00188231
16.8035, 0.0340657, 0.000369108, -149.808, -1.53665, -1.31375, -0.222901, -0.00188261
16.8074, 0.0337738, 7.33041e-05, -149.738, -1.53665, -1.31373, -0.222919, -0.00188291
16.8112, 0.0339328, -0.000316026, -149.668, -1.53664, -1.31371, -0.222937, -0.00188321
16.8151, 0.0343559, -0.000328529, -149.598, -1.53664, -1.31369, -0.222955, -0.00188351
16.819, 0.034538, 5.06404e-05, -149.528, -1.53664, -1.31366, -0.222972, -0.00188382
16.8229, 0.0342652, 0.000363968, -149.458, -1.53663, -1.31364, -0.22299, -0.00188412
16.8268, 0.0338721, 0.000233955, -149.388, -1.53663, -1.31362, -0.223008, -0.00188442
16.8308, 0.0338464, -0.00019783, -149.315, -1.53662, -1.31359, -0.223027, -0.00188473
16.8348, 0.0342438, -0.00038021, -149.243, -1.53662, -1.31357, -0.223045, -0.00188505
16.8389, 0.034559, -7.86287e-05, -149.17, -1.53661, -1.31355, -0.223064, -0.00188536
16.8429, 0.0343931, 0.000319001, -149.097, -1.53661, -1.31352, -0.223082, -0.00188568
16.847, 0.0339656, 0.000301891, -149.025, -1.5366, -1.3135, -0.223101, -0.00188599
16.851, 0.0338314, -0.000107818, -148.952, -1.5366, -1.31348, -0.223119, -0.0018863
16.855, 0.0341687, -0.000384598, -148.88, -1.53659, -1.31345, -0.223138, -0.00188662
16.8591, 0.0345513, -0.000173906, -148.808, -1.53659, -1.31343, -0.223157, -0.00188693
16.8631, 0.0344957, 0.000254337, -148.735, -1.53658, -1.31341, -0.223175, -0.00188725
16.8671, 0.0340793, 0.000352322, -148.663, -1.53658, -1.31338, -0.223194, -0.00188756
16.8712, 0.0338406, -5.01365e-06, -148.591, -1.53657, -1.31336, -0.223212, -0.00188787
16.8752, 0.0340905, -0.000361223, -148.519, -1.53657, -1.31334, -0.223231, -0.00188819
16.8792, 0.0345161, -0.000261898, -148.446, -1.53656, -1.31331, -0.22325, -0.0018885
16.8833, 0.034581, 0.000166148, -148.374, -1.53656, -1.31329, -0.223268, -0.00188882
16.8873, 0.0342089, 0.000377646, -148.302, -1.53655, -1.31327, -0.223287, -0.00188913
16.8914, 0.0338796, 0.00010359, -148.23, -1.53655, -1.31324, -0.223305, -0.00188944
16.8954, 0.0340178, -0.000307379, -148.158, -1.53654, -1.31322, -0.223324, -0.00188976
16.8994, 0.0344539, -0.000333177, -148.086, -1.53654, -1.3132, -0.223343, -0.00189007
16.9035, 0.0346404, 5.87477e-05, -148.014, -1.53653, -1.31317, -0.223361, -0.00189038
16.9075, 0.034347, 0.000371215, -147.942, -1.53653, -1.31315, -0.22338, -0.0018907
16.9115, 0.0339518, 0.000208385, -147.87, -1.53652, -1.31313, -0.223399, -0.00189101
16.9156, 0.0339612, -0.000223386, -147.798, -1.53652, -1.3131, -0.223417, -0.00189133
16.9196, 0.0343692, -0.000377873, -147.727, -1.53652, -1.31308, -0.223436, -0.00189164
16.9236, 0.034666, -5.99951e-05, -147.655, -1.53651, -1.31306, -0.223455, -0.00189195
16.9277, 0.0344831, 0.000328653, -147.583, -1.53651, -1.31303, -0.223473, -0.00189227
16.9317, 0.0340575, 0.000297751, -147.511, -1.5365, -1.31301, -0.223492, -0.00189258
16.9358, 0.0339318, -0.000113535, -147.44, -1.5365, -1.31299, -0.223511, -0.00189289
16.9398, 0.0342702, -0.000387055, -147.368, -1.53649, -1.31296, -0.223529, -0.00189321
16.9438, 0.0346528, -0.000178723, -147.297, -1.53649, -1.31294, -0.223548, -0.00189352
16.9479, 0.0346045, 0.000249294, -147.225, -1.53648, -1.31291, -0.223567, -0.00189384
16.9519, 0.0341923, 0.000359244, -147.154, -1.53648, -1.31289, -0.223586, -0.00189415
16.9559, 0.0339397, 1.33082e-05, -147.082, -1.53647, -1.31287, -0.223604, -0.00189446
16.96, 0.0341694, -0.000354484, -147.011, -1.53647, -1.31284, -0.223623, -0.00189478
16.964, 0.0345993, -0.000283326, -146.939, -1.53646, -1.31282, -0.223642, -0.00189509
16.968, 0.0346972, 0.000137465, -146.868, -1.53646, -1.3128, -0.22366, -0.0018954
16.9721, 0.0343468, 0.000381406, -146.797, -1.53645, -1.31277, -0.223679, -0.00189572
16.9761, 0.0339922, 0.000143757, -146.726, -1.53645, -1.31275, -0.223698, -0.00189603
16.9802, 0.0340822, -0.000278494, -146.654, -1.53644, -1.31273, -0.223717, -0.00189635
16.9842, 0.0345102, -0.000358488, -146.583, -1.53644, -1.3127, -0.223735, -0.00189666
16.9882, 0.0347485, 3.28543e-06, -146.512, -1.53643, -1.31268, -0.223754, -0.00189697
16.9923, 0.0345064, 0.000356041, -146.441, -1.53643, -1.31266, -0.223773, -0.00189729
16.9963, 0.0340914, 0.000260856, -146.37, -1.53642, -1.31263, -0.223792, -0.0018976
17.0003, 0.0340254, -0.000163676, -146.299, -1.53642, -1.31261, -0.22381, -0.00189791
17.0044, 0.0343962, -0.000390038, -146.228, -1.53641, -1.31259, -0.223829, -0.00189823
17.0084, 0.0347492, -0.000137415, -146.157, -1.53641, -1.31256, -0.223848, -0.00189854
17.0124, 0.0346527, 0.000280658, -146.086, -1.5364, -1.31254, -0.223867, -0.00189885
17.0165, 0.0342324, 0.000346116, -146.015, -1.5364, -1.31251, -0.223886, -0.00189917
17.0205, 0.0340147, -2.18611e-05, -145.945, -1.5364, -1.31249, -0.223904, -0.00189948
17.0246, 0.0342746, -0.000367898, -145.874, -1.53639, -1.31247, -0.223923, -0.00189979
17.0286, 0.0346966, -0.000264396, -145.803, -1.53639, -1.31244, -0.223942, -0.00190011
17.0326, 0.0347654, 0.00016058, -145.732, -1.53638, -1.31242, -0.223961, -0.00190042
17.0367, 0.0344022, 0.000382577, -145.662, -1.53638, -1.3124, -0.22398, -0.00190073
17.0407, 0.0340609, 0.000128092, -145.591, -1.53637, -1.31237, -0.223998, -0.00190105
17.0447, 0.0341675, -0.000289184, -145.52, -1.53637, -1.31235, -0.224017, -0.00190136
17.0488, 0.0345965, -0.00035572, -145.45, -1.53636, -1.31233, -0.224036, -0.00190168
17.0528, 0.0348262, 1.0064e-05, -145.379, -1.53636, -1.3123, -0.224055, -0.00190199
17.0568, 0.0345803, 0.000358597, -145.309, -1.53635, -1.31228, -0.224074, -0.0019023
17.0609, 0.0341668, 0.000262147, -145.239, -1.53635, -1.31226, -0.224093, -0.00190262
17.0649, 0.0340987, -0.000160739, -145.168, -1.53634, -1.31223, -0.224111, -0.00190293
17.069, 0.034465, -0.000391754, -145.098, -1.53634, -1.31221, -0.22413, -0.00190324
17.073, 0.0348228, -0.000148236, -145.028, -1.53633, -1.31218, -0.224149, -0.00190356
17.077, 0.0347404, 0.000271677, -144.957, -1.53633, -1.31216, -0.224168, -0.00190387
17.0811, 0.0343245, 0.00035474, -144.887, -1.53632, -1.31214, -0.224187, -0.00190418
17.0851, 0.0340889, -2.45504e-07, -144.817, -1.53632, -1.31211, -0.224206, -0.0019045
17.0891, 0.0343267, -0.000359952, -144.747, -1.53631, -1.31209, -0.224225, -0.00190481
17.0932, 0.0347535, -0.000285952, -144.677, -1.53631, -1.31207, -0.224243, -0.00190512
17.0972, 0.0348553, 0.000131352, -144.606, -1.53631, -1.31204, -0.224262, -0.00190544
17.1012, 0.0345141, 0.000383982, -144.536, -1.5363, -1.31202, -0.224281, -0.00190575
17.1053, 0.0341509, 0.000164924, -144.466, -1.5363, -1.312, -0.2243, -0.00190606
17.1093, 0.0342125, -0.00025943, -144.396, -1.53629, -1.31197, -0.224319, -0.00190638
17.1134, 0.0346297, -0.000373946, -144.327, -1.53629, -1.31195, -0.224338, -0.00190669
17.1174, 0.0349021, -3.99749e-05, -144.257, -1.53628, -1.31192, -0.224357, -0.001907
17.1214, 0.0347055, 0.000337569, -144.187, -1.53628, -1.3119, -0.224376, -0.00190732
17.1255, 0.0342839, 0.000301649, -144.117, -1.53627, -1.31188, -0.224395, -0.00190763
17.1295, 0.0341531, -0.000104011, -144.047, -1.53627, -1.31185, -0.224414, -0.00190794
17.1335, 0.0344767, -0.000388965, -143.978, -1.53626, -1.31183, -0.224433, -0.00190826
17.1376, 0.0348693, -0.000209258, -143.908, -1.53626, -1.31181, -0.224451, -0.00190857
17.1416, 0.034863, 0.000218007, -143.838, -1.53625, -1.31178, -0.22447, -0.00190888
17.1456, 0.0344714, 0.000377689, -143.769, -1.53625, -1.31176, -0.224489, -0.0019092
17.1497, 0.034172, 7.76785e-05, -143.699, -1.53624, -1.31174, -0.224508, -0.00190951
17.1537, 0.0343306, -0.000320733, -143.629, -1.53624, -1.31171, -0.224527, -0.00190982
17.1578, 0.034762, -0.000338525, -143.56, -1.53623, -1.31169, -0.224546, -0.00191014
17.1618, 0.0349534, 4.54054e-05, -143.491, -1.53623, -1.31166, -0.224565, -0.00191045
17.1658, 0.034681, 0.000370023, -143.421, -1.53622, -1.31164, -0.224584, -0.00191076
17.1699, 0.0342774, 0.000246136, -143.352, -1.53622, -1.31162, -0.224603, -0.00191108
17.1741, 0.0342407, -0.000194046, -143.28, -1.53622, -1.31159, -0.224623, -0.0019114
17.1783, 0.0346418, -0.000390169, -143.207, -1.53621, -1.31157, -0.224643, -0.00191173
17.1825, 0.0349716, -9.04271e-05, -143.135, -1.53621, -1.31154, -0.224663, -0.00191205
17.1867, 0.0348131, 0.000320264, -143.063, -1.5362, -1.31152, -0.224682, -0.00191238
17.1909, 0.0343761, 0.000315253, -142.991, -1.5362, -1.31149, -0.224702, -0.00191271
17.1951, 0.0342268, -9.88409e-05, -142.919, -1.53619, -1.31147, -0.224722, -0.00191303
17.1993, 0.0345624, -0.0003918, -142.847, -1.53619, -1.31144, -0.224742, -0.00191336
17.2035, 0.0349598, -0.000189047, -142.775, -1.53618, -1.31142, -0.224762, -0.00191368
17.2077, 0.0349175, 0.00025012, -142.703, -1.53618, -1.31139, -0.224781, -0.00191401
17.2119, 0.0344959, 0.000364968, -142.632, -1.53617, -1.31137, -0.224801, -0.00191434
17.2161, 0.0342392, 9.18334e-06, -142.56, -1.53617, -1.31135, -0.224821, -0.00191466
17.2203, 0.0344807, -0.00036363, -142.488, -1.53616, -1.31132, -0.224841, -0.00191499
17.2245, 0.0349188, -0.000278823, -142.416, -1.53616, -1.3113, -0.224861, -0.00191531
17.2287, 0.0350024, 0.000155493, -142.345, -1.53615, -1.31127, -0.22488, -0.00191564
17.2329, 0.0346317, 0.000387174, -142.273, -1.53615, -1.31125, -0.2249, -0.00191597
17.2371, 0.0342837, 0.00012215, -142.201, -1.53614, -1.31122, -0.22492, -0.00191629
17.2413, 0.0344062, -0.000303103, -142.13, -1.53614, -1.3112, -0.22494, -0.00191662
17.2455, 0.0348498, -0.000349499, -142.058, -1.53613, -1.31117, -0.22496, -0.00191694
17.2497, 0.0350587, 4.15116e-05, -141.987, -1.53613, -1.31115, -0.22498, -0.00191727
17.2539, 0.034775, 0.000374972, -141.916, -1.53612, -1.31112, -0.225, -0.0019176
17.2581, 0.0343637, 0.000229383, -141.844, -1.53612, -1.3111, -0.22502, -0.00191792
17.2623, 0.0343505, -0.000211117, -141.773, -1.53611, -1.31107, -0.225039, -0.00191825
17.2665, 0.034758, -0.000390516, -141.702, -1.53611, -1.31105, -0.225059, -0.00191857
17.2707, 0.0350783, -8.27859e-05, -141.63, -1.5361, -1.31102, -0.225079, -0.0019189
17.2749, 0.0349142, 0.000324178, -141.559, -1.5361, -1.311, -0.225099, -0.00191922
17.2791, 0.0344785, 0.000318157, -141.488, -1.53609, -1.31097, -0.225119, -0.00191955
17.2833, 0.0343254, -9.30452e-05, -141.417, -1.53609, -1.31095, -0.225139, -0.00191988
17.2875, 0.0346531, -0.000392621, -141.346, -1.53608, -1.31092, -0.225159, -0.0019202
17.2917, 0.0350562, -0.000204627, -141.275, -1.53608, -1.3109, -0.225179, -0.00192053
17.2959, 0.0350352, 0.000234905, -141.204, -1.53607, -1.31087, -0.225199, -0.00192085
17.3001, 0.0346228, 0.000375135, -141.133, -1.53607, -1.31085, -0.225219, -0.00192118
17.3043, 0.0343415, 4.06984e-05, -141.062, -1.53606, -1.31083, -0.225239, -0.00192151
17.3085, 0.0345491, -0.000349852, -140.991, -1.53606, -1.3108, -0.225258, -0.00192183
17.3127, 0.034992, -0.000308466, -140.92, -1.53605, -1.31078, -0.225278, -0.00192216
17.317, 0.0351231, 0.000112929, -140.849, -1.53605, -1.31075, -0.225298, -0.00192248
17.3212, 0.0347852, 0.000388479, -140.778, -1.53604, -1.31073, -0.225318, -0.00192281
17.3254, 0.0344056, 0.000174874, -140.708, -1.53604, -1.3107, -0.225338, -0.00192313
17.3296, 0.0344632, -0.000261626, -140.637, -1.53603, -1.31068, -0.225358, -0.00192346
17.3338, 0.0348919, -0.000377872, -140.566, -1.53603, -1.31065, -0.225378, -0.00192379
17.338, 0.0351648, -2.95807e-05, -140.496, -1.53603, -1.31063, -0.225398, -0.00192411
17.3422, 0.0349491, 0.000350452, -140.425, -1.53602, -1.3106, -0.225418, -0.00192444
17.3464, 0.0345187, 0.000290701, -140.355, -1.53602, -1.31058, -0.225438, -0.00192476
17.3506, 0.0344133, -0.000134492, -140.284, -1.53601, -1.31055, -0.225458, -0.00192509
17.3548, 0.0347692, -0.000398302, -140.214, -1.53601, -1.31053, -0.225478, -0.00192541
17.359, 0.0351517, -0.000174399, -140.143, -1.536, -1.3105, -0.225498, -0.00192574
17.3632, 0.0350939, 0.000260099, -140.073, -1.536, -1.31048, -0.225518, -0.00192606
17.3674, 0.0346734, 0.000368373, -140.003, -1.53599, -1.31045, -0.225538, -0.00192639
17.3716, 0.0344153, 1.70133e-05, -139.932, -1.53599, -1.31043, -0.225558, -0.00192672
17.3758, 0.0346438, -0.000360463, -139.862, -1.53598, -1.3104, -0.225578, -0.00192704
17.38, 0.0350829, -0.000299033, -139.792, -1.53598, -1.31038, -0.225598, -0.00192737
17.3842, 0.0351981, 0.000125407, -139.722, -1.53597, -1.31035, -0.225618, -0.00192769
17.3884, 0.0348538, 0.000390689, -139.652, -1.53597, -1.31033, -0.225639, -0.00192802
17.3926, 0.0344793, 0.000170994, -139.581, -1.53596, -1.3103, -0.225659, -0.00192834
17.3968, 0.0345402, -0.000263681, -139.511, -1.53596, -1.31028, -0.225679, -0.00192867
17.401, 0.0349674, -0.000380106, -139.441, -1.53595, -1.31025, -0.225699, -0.001929
17.4052, 0.0352432, -3.58389e-05, -139.371, -1.53595, -1.31023, -0.225719, -0.00192932
17.4094, 0.0350358, 0.00034735, -139.301, -1.53594, -1.3102, -0.225739, -0.00192965
17.4136, 0.0346052, 0.000300744, -139.232, -1.53594, -1.31018, -0.225759, -0.00192997
17.4178, 0.0344836, -0.000118411, -139.162, -1.53593, -1.31015, -0.225779, -0.0019303
17.422, 0.0348251, -0.000398092, -139.092, -1.53593, -1.31013, -0.225799, -0.00193062
17.4262, 0.0352187, -0.000197225, -139.022, -1.53592, -1.3101, -0.225819, -0.00193095
17.4304, 0.0351905, 0.000239046, -138.952, -1.53592, -1.31008, -0.225839, -0.00193127
17.4346, 0.034781, 0.000379314, -138.883, -1.53591, -1.31005, -0.225859, -0.0019316
17.4388, 0.0344945, 5.31352e-05, -138.813, -1.53591, -1.31003, -0.22588, -0.00193192
17.443, 0.034685, -0.000342689, -138.743, -1.5359, -1.31, -0.2259, -0.00193225
17.4472, 0.0351267, -0.000327407, -138.674, -1.5359, -1.30998, -0.22592, -0.00193258
17.4514, 0.0352892, 8.01466e-05, -138.604, -1.53589, -1.30995, -0.22594, -0.0019329
17.4556, 0.0349816, 0.000385627, -138.535, -1.53589, -1.30993, -0.22596, -0.00193323
17.4598, 0.0345826, 0.000219112, -138.465, -1.53589, -1.30991, -0.22598, -0.00193355
17.464, 0.0345809, -0.000217559, -138.396, -1.53588, -1.30988, -0.226, -0.00193388
17.4682, 0.034984, -0.000396245, -138.327, -1.53588, -1.30986, -0.226021, -0.0019342
17.4724, 0.0353106, -0.000101288, -138.257, -1.53587, -1.30983, -0.226041, -0.00193453
17.4766, 0.0351723, 0.00031099, -138.188, -1.53587, -1.30981, -0.226061, -0.00193485
17.4808, 0.034742, 0.000343379, -138.119, -1.53586, -1.30978, -0.226081, -0.00193518
17.4851, 0.034544, -4.28636e-05, -138.049, -1.53586, -1.30976, -0.226101, -0.0019355
17.4893, 0.0348223, -0.00038253, -137.98, -1.53585, -1.30973, -0.226121, -0.00193583
17.4935, 0.0352476, -0.000267181, -137.911, -1.53585, -1.30971, -0.226142, -0.00193615
17.4978, 0.035307, 0.000179903, -137.839, -1.53584, -1.30968, -0.226163, -0.00193649
17.5022, 0.0349143, 0.000391313, -137.768, -1.53584, -1.30965, -0.226184, -0.00193683
17.5065, 0.034579, 9.64673e-05, -137.696, -1.53583, -1.30963, -0.226205, -0.00193717
17.5109, 0.0347362, -0.000327175, -137.625, -1.53583, -1.3096, -0.226225, -0.00193751
17.5153, 0.0351912, -0.000338082, -137.553, -1.53582, -1.30958, -0.226246, -0.00193784
17.5196, 0.035369, 7.74512e-05, -137.482, -1.53582, -1.30955, -0.226267, -0.00193818
17.524, 0.0350493, 0.000389069, -137.41, -1.53581, -1.30952, -0.226288, -0.00193852
17.5283, 0.0346462, 0.000199639, -137.339, -1.53581, -1.3095, -0.226309, -0.00193886
17.5327, 0.0346793, -0.000249339, -137.267, -1.5358, -1.30947, -0.22633, -0.00193919
17.5371, 0.0351126, -0.000386505, -137.196, -1.5358, -1.30945, -0.226351, -0.00193953
17.5414, 0.0354014, -3.76833e-05, -137.125, -1.53579, -1.30942, -0.226372, -0.00193987
17.5458, 0.0351853, 0.000353875, -137.054, -1.53579, -1.30939, -0.226394, -0.00194021
17.5501, 0.034745, 0.000291351, -136.982, -1.53578, -1.30937, -0.226415, -0.00194054
17.5545, 0.0346451, -0.000145743, -136.911, -1.53578, -1.30934, -0.226436, -0.00194088
17.5589, 0.0350181, -0.000403643, -136.84, -1.53577, -1.30932, -0.226457, -0.00194122
17.5632, 0.035398, -0.000156141, -136.769, -1.53577, -1.30929, -0.226478, -0.00194155
17.5676, 0.0353109, 0.000283599, -136.698, -1.53576, -1.30926, -0.226499, -0.00194189
17.5719, 0.0348732, 0.000360096, -136.627, -1.53576, -1.30924, -0.22652, -0.00194223
17.5763, 0.0346436, -2.29594e-05, -136.556, -1.53575, -1.30921, -0.226541, -0.00194257
17.5807, 0.0349177, -0.000382405, -136.485, -1.53575, -1.30919, -0.226562, -0.0019429
17.585, 0.0353561, -0.000265545, -136.414, -1.53574, -1.30916, -0.226583, -0.00194324
17.5894, 0.0354133, 0.000180287, -136.343, -1.53574, -1.30913, -0.226604, -0.00194358
17.5938, 0.0350238, 0.00039441, -136.273, -1.53573, -1.30911, -0.226625, -0.00194392
17.5981, 0.0346833, 0.000108026, -136.202, -1.53573, -1.30908, -0.226646, -0.00194425
17.6025, 0.0348252, -0.000319191, -136.131, -1.53572, -1.30906, -0.226667, -0.00194459
17.6068, 0.0352775, -0.000351555, -136.061, -1.53572, -1.30903, -0.226688, -0.00194493
17.6112, 0.0354796, 5.12248e-05, -135.99, -1.53571, -1.309, -0.22671, -0.00194527
17.6156, 0.035185, 0.00038484, -135.919, -1.53571, -1.30898, -0.226731, -0.0019456
17.6199, 0.0347683, 0.000232234, -135.849, -1.5357, -1.30895, -0.226752, -0.00194594
17.6243, 0.0347564, -0.000215668, -135.778, -1.5357, -1.30893, -0.226773, -0.00194628
17.6286, 0.0351699, -0.000399721, -135.708, -1.53569, -1.3089, -0.226794, -0.00194661
17.633, 0.0354991, -9.06184e-05, -135.638, -1.53569, -1.30887, -0.226815, -0.00194695
17.6374, 0.0353402, 0.000326287, -135.567, -1.53568, -1.30885, -0.226836, -0.00194729
17.6417, 0.0348972, 0.000332082, -135.497, -1.53568, -1.30882, -0.226858, -0.00194763
17.6461, 0.0347273, -8.01705e-05, -135.427, -1.53567, -1.3088, -0.226879, -0.00194796
17.6504, 0.0350474, -0.00039809, -135.356, -1.53567, -1.30877, -0.2269, -0.0019483
17.6548, 0.035466, -0.000227176, -135.286, -1.53566, -1.30874, -0.226921, -0.00194864
17.6592, 0.0354701, 0.000220324, -135.216, -1.53566, -1.30872, -0.226942, -0.00194898
17.6635, 0.0350609, 0.000389863, -135.146, -1.53565, -1.30869, -0.226963, -0.00194931
17.6679, 0.0347513, 7.17952e-05, -135.076, -1.53565, -1.30867, -0.226985, -0.00194965
17.6722, 0.03493, -0.000340254, -135.006, -1.53565, -1.30864, -0.227006, -0.00194999
17.6766, 0.035382, -0.000337184, -134.936, -1.53564, -1.30861, -0.227027, -0.00195032
17.681, 0.0355553, 7.69325e-05, -134.866, -1.53564, -1.30859, -0.227048, -0.00195066
17.6853, 0.0352423, 0.000391162, -134.796, -1.53563, -1.30856, -0.227069, -0.001951
17.6897, 0.0348351, 0.000218448, -134.726, -1.53563, -1.30853, -0.227091, -0.00195134
17.694, 0.0348409, -0.000228289, -134.656, -1.53562, -1.30851, -0.227112, -0.00195167
17.6984, 0.0352583, -0.000399502, -134.586, -1.53562, -1.30848, -0.227133, -0.00195201
17.7028, 0.0355802, -8.50351e-05, -134.517, -1.53561, -1.30846, -0.227154, -0.00195235
17.7071, 0.0354176, 0.000328777, -134.447, -1.53561, -1.30843, -0.227176, -0.00195268
17.7115, 0.0349761, 0.000334396, -134.377, -1.5356, -1.3084, -0.227197, -0.00195302
17.7158, 0.0348029, -7.47725e-05, -134.308, -1.5356, -1.30838, -0.227218, -0.00195336
17.7202, 0.0351158, -0.000397586, -134.238, -1.53559, -1.30835, -0.227239, -0.00195369
17.7246, 0.0355376, -0.000239325, -134.168, -1.53559, -1.30833, -0.227261, -0.00195403
17.7289, 0.035559, 0.000206297, -134.099, -1.53558, -1.3083, -0.227282, -0.00195437
17.7333, 0.03516, 0.000395106, -134.03, -1.53558, -1.30827, -0.227303, -0.00195471
17.7377, 0.0348335, 9.70227e-05, -133.96, -1.53557, -1.30825, -0.227324, -0.00195504
17.742, 0.0349832, -0.000324401, -133.891, -1.53557, -1.30822, -0.227346, -0.00195538
17.7464, 0.0354324, -0.000356067, -133.821, -1.53556, -1.3082, -0.227367, -0.00195572
17.7507, 0.0356405, 4.02492e-05, -133.752, -1.53556, -1.30817, -0.227388, -0.00195605
17.7551, 0.0353607, 0.000382674, -133.683, -1.53555, -1.30814, -0.22741, -0.00195639
17.7595, 0.0349389, 0.000255554, -133.614, -1.53555, -1.30812, -0.227431, -0.00195673
17.7638, 0.0348927, -0.000186583, -133.544, -1.53554, -1.30809, -0.227452, -0.00195706
17.7682, 0.0352837, -0.000407752, -133.475, -1.53554, -1.30806, -0.227474, -0.0019574
17.7725, 0.0356441, -0.00014037, -133.406, -1.53553, -1.30804, -0.227495, -0.00195774
17.7769, 0.0355439, 0.000291794, -133.337, -1.53553, -1.30801, -0.227516, -0.00195808
17.7813, 0.0351104, 0.000366395, -133.268, -1.53552, -1.30799, -0.227538, -0.00195841
17.7856, 0.0348731, -6.36057e-06, -133.199, -1.53552, -1.30796, -0.227559, -0.00195875
17.79, 0.0351238, -0.000376527, -133.13, -1.53551, -1.30793, -0.22758, -0.00195909
17.7943, 0.035566, -0.000298038, -133.061, -1.53551, -1.30791, -0.227602, -0.00195942
17.7987, 0.0356729, 0.000134262, -132.992, -1.5355, -1.30788, -0.227623, -0.00195976
17.8031, 0.035322, 0.000400116, -132.924, -1.5355, -1.30785, -0.227645, -0.0019601
17.8074, 0.0349412, 0.000180168, -132.855, -1.53549, -1.30783, -0.227666, -0.00196043
17.8118, 0.0349935, -0.000261129, -132.786, -1.53549, -1.3078, -0.227687, -0.00196077
17.8161, 0.0354216, -0.000394263, -132.717, -1.53548, -1.30778, -0.227709, -0.00196111
17.8205, 0.035718, -5.99282e-05, -132.649, -1.53548, -1.30775, -0.22773, -0.00196144
17.8249, 0.0355337, 0.000341205, -132.58, -1.53548, -1.30772, -0.227751, -0.00196178
17.8292, 0.0350953, 0.000329248, -132.512, -1.53547, -1.3077, -0.227773, -0.00196212
17.8336, 0.0349327, -8.11807e-05, -132.443, -1.53547, -1.30767, -0.227794, -0.00196245
17.8379, 0.0352456, -0.000399714, -132.375, -1.53546, -1.30764, -0.227816, -0.00196279
17.8423, 0.0356661, -0.00024645, -132.306, -1.53546, -1.30762, -0.227837, -0.00196313
17.8467, 0.0356987, 0.000195571, -132.238, -1.53545, -1.30759, -0.227859, -0.00196346
17.851, 0.0353107, 0.000399802, -132.169, -1.53545, -1.30757, -0.22788, -0.0019638
17.8554, 0.0349697, 0.000123482, -132.101, -1.53544, -1.30754, -0.227902, -0.00196414
17.8597, 0.0350867, -0.000304591, -132.033, -1.53544, -1.30751, -0.227923, -0.00196447
17.8643, 0.0355443, -0.000368612, -131.962, -1.53543, -1.30749, -0.227945, -0.00196482
17.8688, 0.0357749, 2.88291e-05, -131.891, -1.53543, -1.30746, -0.227968, -0.00196517
17.8733, 0.0354932, 0.00038464, -131.82, -1.53542, -1.30743, -0.22799, -0.00196552
17.8778, 0.0350619, 0.000249132, -131.75, -1.53542, -1.3074, -0.228012, -0.00196587
17.8824, 0.035032, -0.000206282, -131.679, -1.53541, -1.30738, -0.228034, -0.00196622
17.8869, 0.0354472, -0.000406889, -131.608, -1.53541, -1.30735, -0.228057, -0.00196657
17.8914, 0.0357903, -0.000100023, -131.538, -1.5354, -1.30732, -0.228079, -0.00196692
17.8959, 0.0356356, 0.00032761, -131.467, -1.5354, -1.3073, -0.228101, -0.00196727
17.9005, 0.0351843, 0.000337999, -131.397, -1.53539, -1.30727, -0.228124, -0.00196762
17.905, 0.03501, -8.16443e-05, -131.326, -1.53539, -1.30724, -0.228146, -0.00196797
17.9095, 0.0353377, -0.00040416, -131.256, -1.53538, -1.30721, -0.228168, -0.00196832
17.914, 0.0357621, -0.000225064, -131.186, -1.53538, -1.30719, -0.228191, -0.00196867
17.9186, 0.0357577, 0.000230876, -131.115, -1.53537, -1.30716, -0.228213, -0.00196901
17.9231, 0.0353364, 0.000392651, -131.045, -1.53537, -1.30713, -0.228235, -0.00196936
17.9276, 0.0350317, 5.81093e-05, -130.975, -1.53536, -1.3071, -0.228258, -0.00196971
17.9321, 0.0352305, -0.000354374, -130.905, -1.53536, -1.30708, -0.22828, -0.00197006
17.9367, 0.0356905, -0.000329798, -130.835, -1.53535, -1.30705, -0.228302, -0.00197041
17.9412, 0.0358439, 0.00010089, -130.765, -1.53535, -1.30702, -0.228325, -0.00197076
17.9457, 0.0355061, 0.000400754, -130.694, -1.53534, -1.30699, -0.228347, -0.00197111
17.9502, 0.035104, 0.000196593, -130.624, -1.53534, -1.30697, -0.22837, -0.00197146
17.9548, 0.035144, -0.000257335, -130.555, -1.53533, -1.30694, -0.228392, -0.00197181
17.9593, 0.0355822, -0.000396852, -130.485, -1.53533, -1.30691, -0.228414, -0.00197216
17.9638, 0.0358806, -4.89922e-05, -130.415, -1.53532, -1.30689, -0.228437, -0.00197251
17.9683, 0.0356753, 0.000354506, -130.345, -1.53532, -1.30686, -0.228459, -0.00197285
17.9728, 0.0352272, 0.000313682, -130.275, -1.53531, -1.30683, -0.228482, -0.0019732
17.9774, 0.0350972, -0.000120619, -130.205, -1.53531, -1.3068, -0.228504, -0.00197355
17.9819, 0.035452, -0.000411055, -130.136, -1.5353, -1.30678, -0.228526, -0.0019739
17.9864, 0.035859, -0.000198913, -130.066, -1.5353, -1.30675, -0.228549, -0.00197425
17.9909, 0.0358219, 0.000253604, -129.996, -1.53529, -1.30672, -0.228571, -0.0019746
17.9955, 0.0353929, 0.000388325, -129.927, -1.53529, -1.30669, -0.228594, -0.00197495
18, 0.0351069, 3.95138e-05, -129.857, -1.53528, -1.30667, -0.228616, -0.0019753
18.0045, 0.0353218, -0.000363177, -129.788, -1.53528, -1.30664, -0.228639, -0.00197565
18.009, 0.0357792, -0.000324565, -129.718, -1.53527, -1.30661, -0.228661, -0.001976
18.0136, 0.035923, 0.000107591, -129.649, -1.53527, -1.30658, -0.228684, -0.00197634
18.0181, 0.0355831, 0.000402635, -129.579, -1.53526, -1.30656, -0.228706, -0.00197669
18.0226, 0.0351826, 0.000198919, -129.51, -1.53526, -1.30653, -0.228729, -0.00197704
18.0271, 0.0352182, -0.000253648, -129.441, -1.53525, -1.3065, -0.228751, -0.00197739
18.0317, 0.035652, -0.000401049, -129.372, -1.53525, -1.30647, -0.228774, -0.00197774
18.0362, 0.0359594, -6.33037e-05, -129.302, -1.53524, -1.30645, -0.228796, -0.00197809
18.0407, 0.035771, 0.000346686, -129.233, -1.53524, -1.30642, -0.228819, -0.00197844
18.0452, 0.0353232, 0.000328566, -129.164, -1.53523, -1.30639, -0.228841, -0.00197879
18.0498, 0.035168, -9.52473e-05, -129.095, -1.53523, -1.30636, -0.228864, -0.00197914
18.0543, 0.0355003, -0.000408258, -129.026, -1.53522, -1.30634, -0.228886, -0.00197948
18.0588, 0.0359213, -0.000229682, -128.957, -1.53522, -1.30631, -0.228909, -0.00197983
18.0633, 0.0359252, 0.000223013, -128.888, -1.53521, -1.30628, -0.228931, -0.00198018
18.0679, 0.0355135, 0.000399823, -128.819, -1.53521, -1.30625, -0.228954, -0.00198053
18.0724, 0.0351921, 8.64339e-05, -128.75, -1.5352, -1.30623, -0.228976, -0.00198088
18.0769, 0.0353564, -0.000336887, -128.681, -1.5352, -1.3062, -0.228999, -0.00198123
18.0814, 0.0358131, -0.000357402, -128.613, -1.53519, -1.30617, -0.229022, -0.00198158
18.0859, 0.0360153, 4.93885e-05, -128.544, -1.53519, -1.30614, -0.229044, -0.00198193
18.0905, 0.0357247, 0.000391447, -128.475, -1.53518, -1.30612, -0.229067, -0.00198227
18.095, 0.0352986, 0.000255765, -128.407, -1.53518, -1.30609, -0.229089, -0.00198262
18.0995, 0.035257, -0.000193586, -128.338, -1.53517, -1.30606, -0.229112, -0.00198297
18.104, 0.0356557, -0.000414761, -128.269, -1.53517, -1.30603, -0.229135, -0.00198332
18.1086, 0.0360201, -0.000141622, -128.201, -1.53516, -1.30601, -0.229157, -0.00198367
18.1131, 0.0359178, 0.000296845, -128.132, -1.53516, -1.30598, -0.22918, -0.00198402
18.1176, 0.035478, 0.000373538, -128.064, -1.53515, -1.30595, -0.229202, -0.00198437
18.1221, 0.035235, -3.33337e-06, -127.995, -1.53515, -1.30592, -0.229225, -0.00198472
18.1267, 0.0354859, -0.000381318, -127.927, -1.53514, -1.3059, -0.229248, -0.00198506
18.1312, 0.0359356, -0.000307434, -127.859, -1.53514, -1.30587, -0.22927, -0.00198541
18.1357, 0.0360513, 0.000129483, -127.79, -1.53513, -1.30584, -0.229293, -0.00198576
18.1402, 0.0357008, 0.000406519, -127.722, -1.53513, -1.30581, -0.229316, -0.00198611
18.1448, 0.0353091, 0.000192749, -127.654, -1.53513, -1.30579, -0.229338, -0.00198646
18.1493, 0.0353498, -0.000256205, -127.586, -1.53512, -1.30576, -0.229361, -0.00198681
18.1538, 0.0357797, -0.000404668, -127.518, -1.53512, -1.30573, -0.229384, -0.00198716
18.1583, 0.0360921, -7.59872e-05, -127.45, -1.53511, -1.3057, -0.229406, -0.0019875
18.1629, 0.035921, 0.000338152, -127.381, -1.53511, -1.30568, -0.229429, -0.00198785
18.1674, 0.0354761, 0.000345131, -127.313, -1.5351, -1.30565, -0.229452, -0.0019882
18.1719, 0.035292, -6.29951e-05, -127.246, -1.5351, -1.30562, -0.229475, -0.00198855
18.1764, 0.0355929, -0.000401402, -127.178, -1.53509, -1.30559, -0.229497, -0.0019889
18.181, 0.0360273, -0.000268824, -127.11, -1.53509, -1.30557, -0.22952, -0.00198925
18.1855, 0.0360861, 0.000177253, -127.042, -1.53508, -1.30554, -0.229543, -0.0019896
18.19, 0.0357059, 0.000408548, -126.974, -1.53508, -1.30551, -0.229565, -0.00198994
18.1945, 0.0353424, 0.00015173, -126.906, -1.53507, -1.30548, -0.229588, -0.00199029
18.199, 0.0354308, -0.000289367, -126.839, -1.53507, -1.30546, -0.229611, -0.00199064
18.2036, 0.0358721, -0.000393958, -126.771, -1.53506, -1.30543, -0.229634, -0.00199099
18.2081, 0.0361514, -3.90084e-05, -126.703, -1.53506, -1.3054, -0.229656, -0.00199134
18.2126, 0.0359455, 0.000356928, -126.636, -1.53505, -1.30537, -0.229679, -0.00199169
18.2171, 0.0355029, 0.000327826, -126.568, -1.53505, -1.30535, -0.229702, -0.00199203
18.2217, 0.0353499, -9.17193e-05, -126.501, -1.53504, -1.30532, -0.229725, -0.00199238
18.2262, 0.0356717, -0.000408529, -126.433, -1.53504, -1.30529, -0.229748, -0.00199273
18.2307, 0.0360959, -0.000250897, -126.366, -1.53503, -1.30526, -0.22977, -0.00199308
18.2352, 0.0361307, 0.000195934, -126.298, -1.53503, -1.30523, -0.229793, -0.00199343
18.2398, 0.0357415, 0.000408318, -126.231, -1.53502, -1.30521, -0.229816, -0.00199378
18.2443, 0.0353897, 0.000137929, -126.164, -1.53502, -1.30518, -0.229839, -0.00199412
18.2488, 0.0354923, -0.000298685, -126.096, -1.53501, -1.30515, -0.229862, -0.00199447
18.2535, 0.0359555, -0.000383043, -126.026, -1.53501, -1.30512, -0.229885, -0.00199484
18.2583, 0.0362072, 1.20241e-05, -125.956, -1.535, -1.30509, -0.229909, -0.0019952
18.263, 0.0359357, 0.000386645, -125.885, -1.535, -1.30506, -0.229933, -0.00199557
18.2678, 0.0354907, 0.000267601, -125.815, -1.53499, -1.30504, -0.229957, -0.00199593
18.2725, 0.0354403, -0.000194544, -125.745, -1.53499, -1.30501, -0.229981, -0.0019963
18.2772, 0.0358541, -0.000416916, -125.675, -1.53498, -1.30498, -0.230005, -0.00199666
18.282, 0.0362171, -0.000119607, -125.605, -1.53498, -1.30495, -0.230029, -0.00199703
18.2867, 0.0360788, 0.000322938, -125.534, -1.53497, -1.30492, -0.230053, -0.00199739
18.2914, 0.0356199, 0.000354337, -125.464, -1.53497, -1.30489, -0.230077, -0.00199775
18.2962, 0.0354231, -6.45544e-05, -125.394, -1.53496, -1.30486, -0.230101, -0.00199812
18.3009, 0.0357416, -0.000407912, -125.324, -1.53496, -1.30483, -0.230125, -0.00199848
18.3056, 0.0361821, -0.000245467, -125.255, -1.53495, -1.3048, -0.230149, -0.00199885
18.3104, 0.0361994, 0.000219033, -125.185, -1.53495, -1.30477, -0.230173, -0.00199921
18.3151, 0.0357784, 0.00040437, -125.115, -1.53494, -1.30475, -0.230197, -0.00199958
18.3198, 0.0354519, 7.91512e-05, -125.045, -1.53494, -1.30472, -0.230221, -0.00199994
18.3246, 0.0356336, -0.000350272, -124.975, -1.53493, -1.30469, -0.230245, -0.00200031
18.3293, 0.0361029, -0.000348288, -124.906, -1.53493, -1.30466, -0.230269, -0.00200067
18.3341, 0.0362811, 8.23144e-05, -124.836, -1.53492, -1.30463, -0.230293, -0.00200104
18.3388, 0.035953, 0.000405273, -124.767, -1.53492, -1.3046, -0.230317, -0.0020014
18.3435, 0.0355331, 0.000219095, -124.697, -1.53491, -1.30457, -0.230341, -0.00200176
18.3483, 0.0355494, -0.000244575, -124.627, -1.53491, -1.30454, -0.230365, -0.00200213
18.353, 0.0359875, -0.000410135, -124.558, -1.5349, -1.30451, -0.230389, -0.00200249
18.3577, 0.0363103, -7.256e-05, -124.489, -1.5349, -1.30448, -0.230413, -0.00200286
18.3625, 0.0361242, 0.00034968, -124.419, -1.53489, -1.30445, -0.230437, -0.00200322
18.3672, 0.0356662, 0.00033409, -124.35, -1.53489, -1.30443, -0.230461, -0.00200359
18.3719, 0.0355087, -9.9728e-05, -124.281, -1.53488, -1.3044, -0.230485, -0.00200395
18.3767, 0.0358523, -0.000415758, -124.211, -1.53488, -1.30437, -0.230509, -0.00200431
18.3814, 0.0362789, -0.000224231, -124.142, -1.53487, -1.30434, -0.230533, -0.00200468
18.3861, 0.0362688, 0.00023842, -124.073, -1.53487, -1.30431, -0.230557, -0.00200504
18.3909, 0.0358411, 0.000402377, -124.004, -1.53486, -1.30428, -0.230582, -0.00200541
18.3956, 0.0355282, 6.62108e-05, -123.935, -1.53486, -1.30425, -0.230606, -0.00200577
18.4004, 0.0357208, -0.000356623, -123.866, -1.53485, -1.30422, -0.23063, -0.00200614
18.4051, 0.0361881, -0.000347014, -123.797, -1.53485, -1.30419, -0.230654, -0.0020065
18.4098, 0.0363631, 8.29095e-05, -123.728, -1.53484, -1.30416, -0.230678, -0.00200686
18.4146, 0.0360377, 0.00040611, -123.659, -1.53484, -1.30413, -0.230702, -0.00200723
18.4193, 0.0356167, 0.000227108, -123.59, -1.53483, -1.30411, -0.230726, -0.00200759
18.424, 0.0356211, -0.00023483, -123.521, -1.53483, -1.30408, -0.23075, -0.00200796
18.4288, 0.0360512, -0.000415231, -123.452, -1.53482, -1.30405, -0.230775, -0.00200832
18.4335, 0.036388, -9.41862e-05, -123.384, -1.53482, -1.30402, -0.230799, -0.00200869
18.4382, 0.0362271, 0.000336521, -123.315, -1.53481, -1.30399, -0.230823, -0.00200905
18.443, 0.0357709, 0.00035226, -123.246, -1.53481, -1.30396, -0.230847, -0.00200941
18.4477, 0.0355808, -6.57758e-05, -123.178, -1.5348, -1.30393, -0.230871, -0.00200978
18.4524, 0.0358937, -0.00040913, -123.109, -1.5348, -1.3039, -0.230896, -0.00201014
18.4572, 0.0363353, -0.00026095, -123.041, -1.53479, -1.30387, -0.23092, -0.00201051
18.4619, 0.0363759, 0.000198606, -122.972, -1.53479, -1.30384, -0.230944, -0.00201087
18.4667, 0.0359726, 0.000412366, -122.904, -1.53478, -1.30381, -0.230968, -0.00201123
18.4714, 0.0356202, 0.000121749, -122.835, -1.53478, -1.30378, -0.230992, -0.0020116
18.4761, 0.0357508, -0.000321334, -122.767, -1.53477, -1.30376, -0.231017, -0.00201196
18.4809, 0.0362122, -0.000381402, -122.699, -1.53477, -1.30373, -0.231041, -0.00201233
18.4856, 0.0364533, 1.37237e-05, -122.631, -1.53476, -1.3037, -0.231065, -0.00201269
18.4903, 0.0361895, 0.000387188, -122.562, -1.53476, -1.30367, -0.231089, -0.00201305
18.4951, 0.035745, 0.00028911, -122.494, -1.53475, -1.30364, -0.231114, -0.00201342
18.4998, 0.0356609, -0.000162072, -122.426, -1.53475, -1.30361, -0.231138, -0.00201378
18.5045, 0.036044, -0.000423606, -122.358, -1.53474, -1.30358, -0.231162, -0.00201415
18.5093, 0.0364397, -0.000181532, -122.29, -1.53474, -1.30355, -0.231186, -0.00201451
18.514, 0.0363791, 0.000273245, -122.222, -1.53473, -1.30352, -0.231211, -0.00201487
18.5187, 0.0359413, 0.000395392, -122.154, -1.53473, -1.30349, -0.231235, -0.00201524
18.5235, 0.0356568, 3.89259e-05, -122.086, -1.53472, -1.30346, -0.231259, -0.0020156
18.5282, 0.0358718, -0.000369278, -122.018, -1.53472, -1.30343, -0.231284, -0.00201597
18.533, 0.0363348, -0.000341308, -121.95, -1.53471, -1.3034, -0.231308, -0.00201633
18.5377, 0.0364988, 8.90516e-05, -121.883, -1.53471, -1.30337, -0.231332, -0.00201669
18.5424, 0.0361742, 0.000408114, -121.815, -1.5347, -1.30335, -0.231357, -0.00201706
18.5472, 0.0357543, 0.000235781, -121.747, -1.5347, -1.30332, -0.231381, -0.00201742
18.5519, 0.0357449, -0.000222358, -121.679, -1.53469, -1.30329, -0.231405, -0.00201779
18.5566, 0.0361626, -0.000421206, -121.612, -1.53469, -1.30326, -0.23143, -0.00201815
18.5614, 0.0365168, -0.000124753, -121.544, -1.53468, -1.30323, -0.231454, -0.00201851
18.5661, 0.0363929, 0.000314692, -121.477, -1.53468, -1.3032, -0.231478, -0.00201888
18.5708, 0.0359442, 0.000375942, -121.409, -1.53467, -1.30317, -0.231503, -0.00201924
18.5756, 0.0357083, -1.32115e-05, -121.342, -1.53467, -1.30314, -0.231527, -0.00201961
18.5803, 0.0359701, -0.000391846, -121.274, -1.53466, -1.30311, -0.231551, -0.00201997
18.5851, 0.0364254, -0.000312352, -121.207, -1.53466, -1.30308, -0.231576, -0.00202033
18.5898, 0.0365422, 0.000130962, -121.14, -1.53465, -1.30305, -0.2316, -0.0020207
18.5945, 0.0361888, 0.000414714, -121.072, -1.53465, -1.30302, -0.231625, -0.00202106
18.5993, 0.035788, 0.000204597, -121.005, -1.53464, -1.30299, -0.231649, -0.00202142
18.604, 0.0358176, -0.000251513, -120.938, -1.53464, -1.30296, -0.231674, -0.00202179
18.6087, 0.0362482, -0.000416843, -120.871, -1.53463, -1.30293, -0.231698, -0.00202215
18.6135, 0.0365792, -9.73752e-05, -120.804, -1.53463, -1.30291, -0.231722, -0.00202252
18.6182, 0.0364279, 0.000331374, -120.737, -1.53462, -1.30288, -0.231747, -0.00202288
18.6229, 0.035978, 0.000366441, -120.67, -1.53462, -1.30285, -0.231771, -0.00202324
18.6277, 0.0357627, -3.289e-05, -120.603, -1.53461, -1.30282, -0.231796, -0.00202361
18.6324, 0.0360396, -0.000398779, -120.536, -1.53461, -1.30279, -0.23182, -0.00202397
18.6371, 0.0364901, -0.000303401, -120.469, -1.5346, -1.30276, -0.231845, -0.00202433
18.642, 0.0365879, 0.00015664, -120.4, -1.5346, -1.30273, -0.23187, -0.00202471
18.6469, 0.036203, 0.000417477, -120.33, -1.53459, -1.3027, -0.231895, -0.00202509
18.6518, 0.0358183, 0.000156598, -120.261, -1.53459, -1.30267, -0.231921, -0.00202546
18.6567, 0.0359154, -0.000303188, -120.192, -1.53458, -1.30264, -0.231946, -0.00202584
18.6616, 0.0363804, -0.000394097, -120.123, -1.53458, -1.30261, -0.231971, -0.00202621
18.6665, 0.0366457, -4.31187e-06, -120.055, -1.53457, -1.30258, -0.231997, -0.00202659
18.6714, 0.0363909, 0.000385549, -119.986, -1.53457, -1.30255, -0.232022, -0.00202697
18.6763, 0.0359363, 0.000295654, -119.917, -1.53456, -1.30252, -0.232047, -0.00202734
18.6812, 0.0358472, -0.000163076, -119.848, -1.53456, -1.30248, -0.232073, -0.00202772
18.6861, 0.036239, -0.000426894, -119.779, -1.53455, -1.30245, -0.232098, -0.00202809
18.691, 0.0366368, -0.000172253, -119.711, -1.53455, -1.30242, -0.232124, -0.00202847
18.6959, 0.0365591, 0.000288283, -119.642, -1.53454, -1.30239, -0.232149, -0.00202884
18.7008, 0.0361078, 0.000390605, -119.573, -1.53454, -1.30236, -0.232174, -0.00202922
18.7057, 0.0358413, 9.84467e-06, -119.505, -1.53453, -1.30233, -0.2322, -0.0020296
18.7106, 0.0360914, -0.000388291, -119.436, -1.53453, -1.3023, -0.232225, -0.00202997
18.7155, 0.0365585, -0.00031775, -119.368, -1.53452, -1.30227, -0.232251, -0.00203035
18.7204, 0.0366789, 0.000135039, -119.299, -1.53452, -1.30224, -0.232276, -0.00203072
18.7253, 0.0363124, 0.000418117, -119.231, -1.53451, -1.30221, -0.232302, -0.0020311
18.7302, 0.0359116, 0.000187105, -119.163, -1.53451, -1.30218, -0.232327, -0.00203147
18.7351, 0.03597, -0.000276685, -119.094, -1.5345, -1.30215, -0.232352, -0.00203185
18.74, 0.0364224, -0.000409742, -119.026, -1.5345, -1.30212, -0.232378, -0.00203223
18.7449, 0.0367257, -5.09124e-05, -118.958, -1.53449, -1.30209, -0.232403, -0.0020326
18.7498, 0.0365185, 0.000364435, -118.89, -1.53449, -1.30206, -0.232429, -0.00203298
18.7547, 0.0360583, 0.000333316, -118.822, -1.53448, -1.30203, -0.232454, -0.00203335
18.7596, 0.035908, -0.000106233, -118.754, -1.53448, -1.302, -0.23248, -0.00203373
18.7644, 0.0362552, -0.0004227, -118.686, -1.53447, -1.30197, -0.232505, -0.0020341
18.7693, 0.0366862, -0.000234164, -118.618, -1.53447, -1.30194, -0.232531, -0.00203448
18.7742, 0.0366874, 0.000231559, -118.55, -1.53446, -1.30191, -0.232556, -0.00203486
18.7791, 0.0362637, 0.000413158, -118.482, -1.53446, -1.30187, -0.232582, -0.00203523
18.784, 0.0359315, 9.23352e-05, -118.414, -1.53445, -1.30184, -0.232607, -0.00203561
18.7889, 0.0360962, -0.000344745, -118.346, -1.53445, -1.30181, -0.232633, -0.00203598
18.7938, 0.0365655, -0.00037303, -118.278, -1.53444, -1.30178, -0.232659, -0.00203636
18.7987, 0.0367822, 4.1043e-05, -118.211, -1.53444, -1.30175, -0.232684, -0.00203673
18.8036, 0.0364927, 0.000400768, -118.143, -1.53443, -1.30172, -0.23271, -0.00203711
18.8085, 0.0360502, 0.000275473, -118.075, -1.53443, -1.30169, -0.232735, -0.00203748
18.8134, 0.0359901, -0.000184527, -118.008, -1.53442, -1.30166, -0.232761, -0.00203786
18.8183, 0.0363899, -0.00042926, -117.94, -1.53442, -1.30163, -0.232786, -0.00203824
18.8232, 0.0367779, -0.000166787, -117.873, -1.53441, -1.3016, -0.232812, -0.00203861
18.8281, 0.0366974, 0.000289423, -117.805, -1.53441, -1.30157, -0.232838, -0.00203899
18.833, 0.0362508, 0.000395719, -117.738, -1.5344, -1.30154, -0.232863, -0.00203936
18.8379, 0.0359758, 2.59305e-05, -117.67, -1.5344, -1.30151, -0.232889, -0.00203974
18.8428, 0.0362051, -0.000379877, -117.603, -1.53439, -1.30148, -0.232914, -0.00204011
18.8477, 0.0366719, -0.000339722, -117.536, -1.53439, -1.30145, -0.23294, -0.00204049
18.8526, 0.0368281, 9.83316e-05, -117.469, -1.53438, -1.30142, -0.232966, -0.00204086
18.8575, 0.0364947, 0.000414722, -117.401, -1.53438, -1.30138, -0.232991, -0.00204124
18.8624, 0.036073, 0.000234958, -117.334, -1.53437, -1.30135, -0.233017, -0.00204161
18.8673, 0.0360676, -0.000227863, -117.267, -1.53437, -1.30132, -0.233043, -0.00204199
18.8722, 0.0364906, -0.000426611, -117.2, -1.53436, -1.30129, -0.233068, -0.00204237
18.8771, 0.036848, -0.000126944, -117.133, -1.53436, -1.30126, -0.233094, -0.00204274
18.882, 0.0367244, 0.000317298, -117.066, -1.53435, -1.30123, -0.23312, -0.00204312
18.8869, 0.0362718, 0.000382671, -116.999, -1.53435, -1.3012, -0.233145, -0.00204349
18.8917, 0.0360289, -7.38608e-06, -116.932, -1.53434, -1.30117, -0.233171, -0.00204387
18.8966, 0.036287, -0.000393893, -116.865, -1.53434, -1.30114, -0.233197, -0.00204424
18.9015, 0.0367483, -0.000322955, -116.798, -1.53433, -1.30111, -0.233223, -0.00204462
18.9064, 0.0368773, 0.000121756, -116.732, -1.53433, -1.30108, -0.233248, -0.00204499
18.9113, 0.036529, 0.000418684, -116.665, -1.53432, -1.30105, -0.233274, -0.00204537
18.9162, 0.0361174, 0.000220341, -116.598, -1.53432, -1.30102, -0.2333, -0.00204574
18.9211, 0.0361299, -0.000240808, -116.532, -1.53431, -1.30099, -0.233326, -0.00204612
18.926, 0.0365572, -0.000425705, -116.465, -1.53431, -1.30096, -0.233351, -0.00204649
18.9309, 0.036906, -0.000118817, -116.398, -1.5343, -1.30092, -0.233377, -0.00204687
18.9358, 0.0367755, 0.000321533, -116.332, -1.5343, -1.30089, -0.233403, -0.00204724
18.9407, 0.0363239, 0.00038229, -116.265, -1.53429, -1.30086, -0.233429, -0.00204762
18.9456, 0.0360829, -6.86347e-06, -116.199, -1.53429, -1.30083, -0.233454, -0.00204799
18.9505, 0.0363381, -0.000393113, -116.133, -1.53428, -1.3008, -0.23348, -0.00204837
18.9554, 0.0367985, -0.000327934, -116.066, -1.53428, -1.30077, -0.233506, -0.00204874
18.9603, 0.0369355, 0.000112602, -116, -1.53427, -1.30074, -0.233532, -0.00204912
18.9652, 0.0365965, 0.000417592, -115.934, -1.53427, -1.30071, -0.233558, -0.00204949
18.9701, 0.0361801, 0.00023409, -115.867, -1.53426, -1.30068, -0.233583, -0.00204987
18.975, 0.0361737, -0.000225184, -115.801, -1.53426, -1.30065, -0.233609, -0.00205024
18.9799, 0.0365901, -0.000429341, -115.735, -1.53425, -1.30062, -0.233635, -0.00205062
18.9848, 0.0369539, -0.00014302, -115.669, -1.53425, -1.30059, -0.233661, -0.00205099
18.9897, 0.0368515, 0.000303157, -115.603, -1.53424, -1.30055, -0.233687, -0.00205137
18.9948, 0.0363868, 0.0003868, -115.534, -1.53424, -1.30052, -0.233714, -0.00205176
18.9999, 0.0361372, -1.65391e-05, -115.465, -1.53423, -1.30049, -0.233741, -0.00205215
19.005, 0.0364193, -0.000404836, -115.396, -1.53423, -1.30046, -0.233768, -0.00205255
19.0101, 0.0368887, -0.000295701, -115.327, -1.53422, -1.30043, -0.233795, -0.00205294
19.0153, 0.036969, 0.000175008, -115.258, -1.53422, -1.30039, -0.233822, -0.00205333
19.0204, 0.0365675, 0.000423434, -115.19, -1.53421, -1.30036, -0.233849, -0.00205372
19.0255, 0.0361882, 0.000142107, -115.121, -1.53421, -1.30033, -0.233876, -0.00205411
19.0306, 0.0363067, -0.000320492, -115.052, -1.5342, -1.3003, -0.233903, -0.00205451
19.0357, 0.0367825, -0.00039253, -114.984, -1.5342, -1.30026, -0.233931, -0.0020549
19.0409, 0.0370343, 1.45882e-05, -114.915, -1.53419, -1.30023, -0.233958, -0.00205529
19.046, 0.0367581, 0.000398396, -114.846, -1.53419, -1.3002, -0.233985, -0.00205568
19.0511, 0.036301, 0.000286107, -114.778, -1.53418, -1.30017, -0.234012, -0.00205607
19.0562, 0.0362319, -0.000183668, -114.709, -1.53417, -1.30014, -0.234039, -0.00205646
19.0613, 0.0366418, -0.000433136, -114.641, -1.53417, -1.3001, -0.234066, -0.00205686
19.0664, 0.0370333, -0.00015615, -114.573, -1.53416, -1.30007, -0.234093, -0.00205725
19.0716, 0.0369324, 0.000307052, -114.504, -1.53416, -1.30004, -0.234121, -0.00205764
19.0767, 0.0364696, 0.000388709, -114.436, -1.53415, -1.30001, -0.234148, -0.00205803
19.0818, 0.0362179, -1.07963e-05, -114.368, -1.53415, -1.29997, -0.234175, -0.00205842
19.0869, 0.0364913, -0.000402527, -114.3, -1.53414, -1.29994, -0.234202, -0.00205882
19.092, 0.0369615, -0.000307997, -114.232, -1.53414, -1.29991, -0.234229, -0.00205921
19.0971, 0.037061, 0.00015701, -114.163, -1.53413, -1.29988, -0.234256, -0.0020596
19.1023, 0.036675, 0.000425359, -114.095, -1.53413, -1.29984, -0.234284, -0.00205999
19.1074, 0.0362803, 0.000170483, -114.027, -1.53412, -1.29981, -0.234311, -0.00206038
19.1125, 0.0363631, -0.000297129, -113.96, -1.53412, -1.29978, -0.234338, -0.00206077
19.1176, 0.0368287, -0.000409121, -113.892, -1.53411, -1.29975, -0.234365, -0.00206117
19.1227, 0.0371178, -2.98903e-05, -113.824, -1.53411, -1.29972, -0.234393, -0.00206156
19.1279, 0.0368862, 0.000380305, -113.756, -1.5341, -1.29968, -0.23442, -0.00206195
19.133, 0.0364212, 0.000324617, -113.688, -1.5341, -1.29965, -0.234447, -0.00206234
19.1381, 0.0362917, -0.000129144, -113.62, -1.53409, -1.29962, -0.234474, -0.00206273
19.1432, 0.0366602, -0.000432187, -113.553, -1.53409, -1.29959, -0.234502, -0.00206312
19.1483, 0.0370874, -0.000218782, -113.485, -1.53408, -1.29955, -0.234529, -0.00206352
19.1534, 0.0370643, 0.000253206, -113.418, -1.53408, -1.29952, -0.234556, -0.00206391
19.1586, 0.0366252, 0.000414893, -113.35, -1.53407, -1.29949, -0.234584, -0.0020643
19.1637, 0.0363052, 7.19836e-05, -113.282, -1.53407, -1.29946, -0.234611, -0.00206469
19.1688, 0.036495, -0.000362789, -113.215, -1.53406, -1.29942, -0.234638, -0.00206508
19.1739, 0.0369723, -0.000367201, -113.148, -1.53406, -1.29939, -0.234666, -0.00206547
19.179, 0.0371704, 6.36262e-05, -113.08, -1.53405, -1.29936, -0.234693, -0.00206586
19.1842, 0.0368582, 0.000412968, -113.013, -1.53405, -1.29933, -0.23472, -0.00206626
19.1893, 0.0364161, 0.000262695, -112.946, -1.53404, -1.29929, -0.234748, -0.00206665
19.1944, 0.036379, -0.000207002, -112.878, -1.53404, -1.29926, -0.234775, -0.00206704
19.1995, 0.0367969, -0.000434717, -112.811, -1.53403, -1.29923, -0.234802, -0.00206743
19.2046, 0.0371767, -0.00014895, -112.744, -1.53403, -1.2992, -0.23483, -0.00206782
19.2097, 0.0370718, 0.000309142, -112.677, -1.53402, -1.29916, -0.234857, -0.00206821
19.2149, 0.0366137, 0.000393894, -112.61, -1.53402, -1.29913, -0.234885, -0.0020686
19.22, 0.0363536, 4.86062e-06, -112.543, -1.53401, -1.2991, -0.234912, -0.002069
19.2251, 0.0366066, -0.000395213, -112.476, -1.53401, -1.29907, -0.234939, -0.00206939
19.2302, 0.0370778, -0.000331425, -112.409, -1.534, -1.29903, -0.234967, -0.00206978
19.2353, 0.0372143, 0.000120122, -112.342, -1.534, -1.299, -0.234994, -0.00207017
19.2405, 0.0368608, 0.000424185, -112.275, -1.53399, -1.29897, -0.235022, -0.00207056
19.2456, 0.0364421, 0.000221133, -112.209, -1.53399, -1.29894, -0.235049, -0.00207095
19.2507, 0.0364591, -0.000248519, -112.142, -1.53398, -1.2989, -0.235077, -0.00207134
19.2558, 0.0368973, -0.000429972, -112.075, -1.53398, -1.29887, -0.235104, -0.00207173
19.2609, 0.0372454, -0.000109502, -112.008, -1.53397, -1.29884, -0.235132, -0.00207213
19.266, 0.0370994, 0.000334794, -111.942, -1.53397, -1.29881, -0.235159, -0.00207252
19.2712, 0.0366375, 0.000379865, -111.875, -1.53396, -1.29877, -0.235187, -0.00207291
19.2763, 0.0364091, -2.687e-05, -111.809, -1.53396, -1.29874, -0.235214, -0.0020733
19.2814, 0.0366882, -0.000407249, -111.742, -1.53395, -1.29871, -0.235242, -0.00207369
19.2865, 0.0371527, -0.000315029, -111.676, -1.53395, -1.29868, -0.235269, -0.00207408
19.2916, 0.037264, 0.000141218, -111.609, -1.53394, -1.29864, -0.235297, -0.00207447
19.2967, 0.0368981, 0.000426968, -111.543, -1.53393, -1.29861, -0.235324, -0.00207486
19.3019, 0.0364893, 0.000208217, -111.477, -1.53393, -1.29858, -0.235352, -0.00207526
19.307, 0.0365211, -0.000258954, -111.411, -1.53392, -1.29855, -0.235379, -0.00207565
19.3121, 0.0369619, -0.000429091, -111.344, -1.53392, -1.29851, -0.235407, -0.00207604
19.3172, 0.0373032, -0.000104168, -111.278, -1.53391, -1.29848, -0.235434, -0.00207643
19.3223, 0.0371536, 0.000336908, -111.212, -1.53391, -1.29845, -0.235462, -0.00207682
19.3275, 0.0366934, 0.000380912, -111.146, -1.5339, -1.29841, -0.23549, -0.00207721
19.3326, 0.0364637, -2.28704e-05, -111.08, -1.5339, -1.29838, -0.235517, -0.0020776
19.3377, 0.0367367, -0.000405244, -111.014, -1.53389, -1.29835, -0.235545, -0.00207799
19.3428, 0.0372011, -0.000322834, -110.948, -1.53389, -1.29832, -0.235572, -0.00207838
19.3479, 0.0373246, 0.000128399, -110.882, -1.53388, -1.29828, -0.2356, -0.00207878
19.353, 0.0369706, 0.000425924, -110.816, -1.53388, -1.29825, -0.235628, -0.00207917
19.3582, 0.0365545, 0.000225997, -110.75, -1.53387, -1.29822, -0.235655, -0.00207956
19.3633, 0.0365627, -0.000239996, -110.685, -1.53387, -1.29819, -0.235683, -0.00207995
19.3684, 0.0369911, -0.000434272, -110.619, -1.53386, -1.29815, -0.235711, -0.00208034
19.3735, 0.0373514, -0.000133278, -110.553, -1.53386, -1.29812, -0.235738, -0.00208073
19.3786, 0.0372348, 0.000316003, -110.488, -1.53385, -1.29809, -0.235766, -0.00208112
19.3839, 0.0367649, 0.000389516, -110.419, -1.53385, -1.29805, -0.235795, -0.00208153
19.3893, 0.0365185, -1.99134e-05, -110.351, -1.53384, -1.29802, -0.235823, -0.00208193
19.3946, 0.0368035, -0.000410458, -110.284, -1.53384, -1.29799, -0.235852, -0.00208234
19.3999, 0.0372771, -0.000304406, -110.216, -1.53383, -1.29795, -0.235881, -0.00208274
19.4052, 0.0373668, 0.000168189, -110.148, -1.53383, -1.29792, -0.23591, -0.00208315
19.4105, 0.0369699, 0.000430146, -110.08, -1.53382, -1.29788, -0.235938, -0.00208355
19.4158, 0.036577, 0.000162277, -110.012, -1.53382, -1.29785, -0.235967, -0.00208396
19.4211, 0.036673, -0.000308677, -109.944, -1.53381, -1.29782, -0.235996, -0.00208436
19.4264, 0.037147, -0.000409576, -109.877, -1.53381, -1.29778, -0.236025, -0.00208477
19.4317, 0.0374288, -1.81608e-05, -109.809, -1.5338, -1.29775, -0.236054, -0.00208518
19.437, 0.0371829, 0.000389951, -109.742, -1.5338, -1.29771, -0.236082, -0.00208558
19.4423, 0.0367143, 0.000319876, -109.674, -1.53379, -1.29768, -0.236111, -0.00208599
19.4476, 0.036597, -0.000143044, -109.607, -1.53379, -1.29765, -0.23614, -0.00208639
19.453, 0.0369789, -0.000438328, -109.539, -1.53378, -1.29761, -0.236169, -0.0020868
19.4583, 0.0374043, -0.000209261, -109.472, -1.53378, -1.29758, -0.236198, -0.0020872
19.4636, 0.0373657, 0.000267092, -109.404, -1.53377, -1.29754, -0.236227, -0.00208761
19.4689, 0.0369165, 0.000416025, -109.337, -1.53377, -1.29751, -0.236255, -0.00208801
19.4742, 0.0366044, 5.84515e-05, -109.27, -1.53376, -1.29748, -0.236284, -0.00208842
19.4795, 0.0368111, -0.000374851, -109.203, -1.53376, -1.29744, -0.236313, -0.00208882
19.4848, 0.0372938, -0.000362978, -109.135, -1.53375, -1.29741, -0.236342, -0.00208923
19.4901, 0.0374789, 7.9366e-05, -109.068, -1.53375, -1.29737, -0.236371, -0.00208963
19.4954, 0.0371508, 0.000421213, -109.001, -1.53374, -1.29734, -0.2364, -0.00209004
19.5007, 0.0367094, 0.000253112, -108.934, -1.53373, -1.29731, -0.236429, -0.00209044
19.506, 0.0366891, -0.000223246, -108.867, -1.53373, -1.29727, -0.236458, -0.00209085
19.5114, 0.03712, -0.000438096, -108.8, -1.53372, -1.29724, -0.236487, -0.00209125
19.5167, 0.0374932, -0.000135148, -108.733, -1.53372, -1.2972, -0.236516, -0.00209166
19.522, 0.0373698, 0.000323705, -108.667, -1.53371, -1.29717, -0.236545, -0.00209206
19.5273, 0.0369034, 0.000391573, -108.6, -1.53371, -1.29714, -0.236574, -0.00209247
19.5326, 0.0366557, -1.19163e-05, -108.533, -1.5337, -1.2971, -0.236603, -0.00209287
19.5379, 0.036927, -0.000406568, -108.466, -1.5337, -1.29707, -0.236632, -0.00209328
19.5432, 0.0374007, -0.000323706, -108.4, -1.53369, -1.29703, -0.236661, -0.00209368
19.5485, 0.0375208, 0.000137872, -108.333, -1.53369, -1.297, -0.23669, -0.00209409
19.5538, 0.0371514, 0.0004308, -108.266, -1.53368, -1.29696, -0.236719, -0.00209449
19.5591, 0.0367364, 0.000208517, -108.2, -1.53368, -1.29693, -0.236748, -0.0020949
19.5644, 0.0367726, -0.000265608, -108.133, -1.53367, -1.2969, -0.236777, -0.0020953
19.5697, 0.0372229, -0.00043132, -108.067, -1.53367, -1.29686, -0.236806, -0.00209571
19.5751, 0.0375616, -9.34386e-05, -108.001, -1.53366, -1.29683, -0.236835, -0.00209611
19.5804, 0.0373957, 0.0003493, -107.934, -1.53366, -1.29679, -0.236864, -0.00209652
19.5857, 0.0369271, 0.000375582, -107.868, -1.53365, -1.29676, -0.236893, -0.00209692
19.591, 0.0367132, -4.50536e-05, -107.802, -1.53365, -1.29673, -0.236922, -0.00209733
19.5963, 0.037011, -0.000418031, -107.736, -1.53364, -1.29669, -0.236951, -0.00209773
19.6016, 0.0374765, -0.000305769, -107.669, -1.53364, -1.29666, -0.23698, -0.00209814
19.6069, 0.03757, 0.000159629, -107.603, -1.53363, -1.29662, -0.237009, -0.00209854
19.6122, 0.0371884, 0.000432898, -107.537, -1.53363, -1.29659, -0.237038, -0.00209895
19.6175, 0.0367845, 0.00019466, -107.471, -1.53362, -1.29655, -0.237067, -0.00209935
19.6228, 0.0368361, -0.000276216, -107.405, -1.53362, -1.29652, -0.237097, -0.00209976
19.6281, 0.0372885, -0.000429994, -107.339, -1.53361, -1.29649, -0.237126, -0.00210016
19.6334, 0.0376199, -8.77728e-05, -107.273, -1.53361, -1.29645, -0.237155, -0.00210057
19.6388, 0.0374504, 0.000351427, -107.207, -1.5336, -1.29642, -0.237184, -0.00210097
19.6441, 0.0369838, 0.000376666, -107.142, -1.5336, -1.29638, -0.237213, -0.00210138
19.6494, 0.0367684, -4.09223e-05, -107.076, -1.53359, -1.29635, -0.237242, -0.00210178
19.6547, 0.0370598, -0.000416216, -107.01, -1.53359, -1.29631, -0.237271, -0.00210219
19.66, 0.0375256, -0.000314197, -106.945, -1.53358, -1.29628, -0.237301, -0.00210259
19.6653, 0.0376321, 0.000146464, -106.879, -1.53358, -1.29625, -0.23733, -0.002103
19.6706, 0.0372624, 0.000432503, -106.813, -1.53357, -1.29621, -0.237359, -0.0021034
19.6759, 0.0368501, 0.000213609, -106.748, -1.53357, -1.29618, -0.237388, -0.00210381
19.6812, 0.036877, -0.000257004, -106.682, -1.53356, -1.29614, -0.237418, -0.00210421
19.6865, 0.0373175, -0.000436473, -106.617, -1.53356, -1.29611, -0.237447, -0.00210461
19.6918, 0.0376696, -0.000118442, -106.551, -1.53355, -1.29607, -0.237476, -0.00210502
19.6972, 0.0375343, 0.000330663, -106.486, -1.53355, -1.29604, -0.237505, -0.00210542
19.7025, 0.0370734, 0.000394611, -106.421, -1.53354, -1.29601, -0.237535, -0.00210583
19.7078, 0.0368222, 4.36862e-07, -106.356, -1.53354, -1.29597, -0.237564, -0.00210623
19.7131, 0.0370743, -0.000399373, -106.29, -1.53353, -1.29594, -0.237593, -0.00210664
19.7184, 0.0375462, -0.000346891, -106.225, -1.53353, -1.2959, -0.237622, -0.00210704
19.7237, 0.0377036, 9.73159e-05, -106.16, -1.53352, -1.29587, -0.237652, -0.00210745
19.729, 0.0373727, 0.000425141, -106.095, -1.53351, -1.29583, -0.237681, -0.00210785
19.7343, 0.0369377, 0.000262479, -106.03, -1.53351, -1.2958, -0.23771, -0.00210826
19.7396, 0.0369005, -0.000204614, -105.965, -1.5335, -1.29576, -0.23774, -0.00210866
19.7449, 0.0373088, -0.000443734, -105.9, -1.5335, -1.29573, -0.237769, -0.00210906
19.7502, 0.0377033, -0.000183071, -105.835, -1.53349, -1.2957, -0.237798, -0.00210947
19.7555, 0.0376414, 0.000280527, -105.77, -1.53349, -1.29566, -0.237828, -0.00210987
19.7611, 0.0371807, 0.00041502, -105.703, -1.53348, -1.29563, -0.237858, -0.00211029
19.7666, 0.0368798, 3.91623e-05, -105.635, -1.53348, -1.29559, -0.237889, -0.00211071
19.7721, 0.0371105, -0.000389803, -105.568, -1.53347, -1.29555, -0.237919, -0.00211114
19.7776, 0.0375987, -0.000351153, -105.501, -1.53347, -1.29552, -0.23795, -0.00211156
19.7832, 0.0377585, 0.000107776, -105.434, -1.53346, -1.29548, -0.237981, -0.00211198
19.7887, 0.0374032, 0.000430773, -105.366, -1.53346, -1.29545, -0.238011, -0.0021124
19.7942, 0.0369694, 0.000227259, -105.299, -1.53345, -1.29541, -0.238042, -0.00211282
19.7997, 0.0369877, -0.000256319, -105.232, -1.53345, -1.29537, -0.238072, -0.00211324
19.8052, 0.0374419, -0.000436033, -105.165, -1.53344, -1.29534, -0.238103, -0.00211366
19.8108, 0.0377903, -9.55434e-05, -105.098, -1.53344, -1.2953, -0.238134, -0.00211408
19.8163, 0.0376198, 0.000354592, -105.031, -1.53343, -1.29527, -0.238164, -0.0021145
19.8218, 0.0371423, 0.000372824, -104.964, -1.53343, -1.29523, -0.238195, -0.00211492
19.8273, 0.0369382, -6.22984e-05, -104.897, -1.53342, -1.2952, -0.238226, -0.00211534
19.8328, 0.0372584, -0.00042811, -104.831, -1.53342, -1.29516, -0.238256, -0.00211576
19.8384, 0.0377248, -0.000286174, -104.764, -1.53341, -1.29512, -0.238287, -0.00211618
19.8439, 0.0377851, 0.000193018, -104.697, -1.53341, -1.29509, -0.238318, -0.0021166
19.8494, 0.0373738, 0.000435983, -104.63, -1.5334, -1.29505, -0.238349, -0.00211702
19.8549, 0.0369891, 0.000152712, -104.564, -1.5334, -1.29502, -0.238379, -0.00211744
19.8605, 0.0370962, -0.000318202, -104.497, -1.53339, -1.29498, -0.23841, -0.00211786
19.866, 0.0375732, -0.000415251, -104.431, -1.53338, -1.29494, -0.238441, -0.00211828
19.8715, 0.0378579, -2.32944e-05, -104.364, -1.53338, -1.29491, -0.238471, -0.0021187
19.877, 0.0376183, 0.000391002, -104.298, -1.53337, -1.29487, -0.238502, -0.00211912
19.8825, 0.0371456, 0.00033547, -104.231, -1.53337, -1.29484, -0.238533, -0.00211954
19.8881, 0.0370073, -0.000123486, -104.165, -1.53336, -1.2948, -0.238564, -0.00211996
19.8936, 0.037373, -0.000441468, -104.099, -1.53336, -1.29476, -0.238595, -0.00212038
19.8991, 0.0378155, -0.000242186, -104.033, -1.53335, -1.29473, -0.238625, -0.00212081
19.9046, 0.0378175, 0.000238133, -103.966, -1.53335, -1.29469, -0.238656, -0.00212123
19.9102, 0.0373834, 0.000431836, -103.9, -1.53334, -1.29466, -0.238687, -0.00212165
19.9157, 0.0370319, 0.000110704, -103.834, -1.53334, -1.29462, -0.238718, -0.00212207
19.9212, 0.0371833, -0.000346239, -103.768, -1.53333, -1.29458, -0.238749, -0.00212249
19.9267, 0.037665, -0.000400949, -103.702, -1.53333, -1.29455, -0.23878, -0.00212291
19.9322, 0.0379163, 1.04512e-05, -103.636, -1.53332, -1.29451, -0.23881, -0.00212333
19.9378, 0.0376484, 0.000404252, -103.57, -1.53332, -1.29448, -0.238841, -0.00212375
19.9433, 0.0371824, 0.000318485, -103.504, -1.53331, -1.29444, -0.238872, -0.00212417
19.9488, 0.0370705, -0.000145805, -103.439, -1.53331, -1.2944, -0.238903, -0.00212459
19.9543, 0.0374495, -0.000444743, -103.373, -1.5333, -1.29437, -0.238934, -0.00212501
19.9598, 0.0378817, -0.000229014, -103.307, -1.5333, -1.29433, -0.238965, -0.00212543
19.9654, 0.0378684, 0.000248859, -103.241, -1.53329, -1.2943, -0.238996, -0.00212585
19.9709, 0.0374317, 0.000431133, -103.176, -1.53329, -1.29426, -0.239027, -0.00212627
19.9764, 0.0370869, 0.000105766, -103.11, -1.53328, -1.29422, -0.239058, -0.00212669
19.9819, 0.0372413, -0.000347978, -103.045, -1.53328, -1.29419, -0.239089, -0.00212711
19.9875, 0.0377208, -0.000402461, -102.979, -1.53327, -1.29415, -0.23912, -0.00212753
19.993, 0.0379742, 5.11959e-06, -102.914, -1.53327, -1.29411, -0.239151, -0.00212795
19.9985, 0.0377139, 0.000401476, -102.848, -1.53326, -1.29408, -0.239181, -0.00212837
20.004, 0.037248, 0.000327413, -102.783, -1.53325, -1.29404, -0.239212, -0.00212879
20.0095, 0.0371219, -0.000130811, -102.718, -1.53325, -1.29401, -0.239243, -0.00212921
20.0151, 0.037487, -0.000443067, -102.652, -1.53324, -1.29397, -0.239275, -0.00212963
20.0206, 0.0379271, -0.000248989, -102.587, -1.53324, -1.29393, -0.239306, -0.00213005
20.0261, 0.0379405, 0.000226992, -102.522, -1.53323, -1.2939, -0.239337, -0.00213047
20.0316, 0.0375183, 0.000436211, -102.457, -1.53323, -1.29386, -0.239368, -0.00213089
20.0371, 0.0371527, 0.000138236, -102.392, -1.53322, -1.29383, -0.239399, -0.00213131
20.0427, 0.0372698, -0.000323843, -102.327, -1.53322, -1.29379, -0.23943, -0.00213173
20.0484, 0.0377588, -0.000412047, -102.259, -1.53321, -1.29375, -0.239462, -0.00213216
20.0541, 0.0380323, -2.21137e-07, -102.192, -1.53321, -1.29371, -0.239494, -0.0021326
20.0599, 0.0377619, 0.000406347, -102.124, -1.5332, -1.29368, -0.239527, -0.00213303
20.0656, 0.0372857, 0.000309917, -102.057, -1.5332, -1.29364, -0.239559, -0.00213347
20.0713, 0.0371928, -0.000171074, -101.99, -1.53319, -1.2936, -0.239591, -0.00213391
20.0771, 0.0376028, -0.000448748, -101.922, -1.53319, -1.29356, -0.239624, -0.00213434
20.0828, 0.0380215, -0.000184568, -101.855, -1.53318, -1.29353, -0.239656, -0.00213478
20.0886, 0.0379452, 0.000298984, -101.788, -1.53318, -1.29349, -0.239688, -0.00213521
20.0943, 0.0374738, 0.000413143, -101.721, -1.53317, -1.29345, -0.239721, -0.00213565
20.1, 0.0371872, 1.95178e-05, -101.654, -1.53317, -1.29341, -0.239753, -0.00213609
20.1058, 0.0374398, -0.000403392, -101.587, -1.53316, -1.29337, -0.239785, -0.00213652
20.1115, 0.037931, -0.000342639, -101.52, -1.53315, -1.29334, -0.239818, -0.00213696
20.1172, 0.038072, 0.00012766, -101.453, -1.53315, -1.2933, -0.23985, -0.00213739
20.123, 0.037699, 0.000438008, -101.386, -1.53314, -1.29326, -0.239883, -0.00213783
20.1287, 0.0372698, 0.000213498, -101.319, -1.53314, -1.29322, -0.239915, -0.00213826
20.1344, 0.0373089, -0.000274272, -101.253, -1.53313, -1.29319, -0.239947, -0.0021387
20.1402, 0.0377752, -0.000436896, -101.186, -1.53313, -1.29315, -0.23998, -0.00213914
20.1459, 0.0381129, -7.88775e-05, -101.119, -1.53312, -1.29311, -0.240012, -0.00213957
20.1516, 0.0379225, 0.000368546, -101.053, -1.53312, -1.29307, -0.240045, -0.00214001
20.1574, 0.0374396, 0.000367696, -100.986, -1.53311, -1.29303, -0.240077, -0.00214044
20.1631, 0.0372505, -7.99133e-05, -100.919, -1.53311, -1.293, -0.24011, -0.00214088
20.1688, 0.0375879, -0.000437246, -100.853, -1.5331, -1.29296, -0.240142, -0.00214131
20.1746, 0.0380536, -0.000276578, -100.787, -1.5331, -1.29292, -0.240175, -0.00214175
20.1803, 0.0380969, 0.000209373, -100.72, -1.53309, -1.29288, -0.240207, -0.00214219
20.1861, 0.0376728, 0.000439787, -100.654, -1.53309, -1.29285, -0.24024, -0.00214262
20.1918, 0.0372942, 0.000140051, -100.588, -1.53308, -1.29281, -0.240272, -0.00214306
20.1975, 0.0374185, -0.000332051, -100.521, -1.53307, -1.29277, -0.240305, -0.00214349
20.2033, 0.0379034, -0.000414398, -100.455, -1.53307, -1.29273, -0.240338, -0.00214393
20.209, 0.0381784, -9.53366e-06, -100.389, -1.53306, -1.29269, -0.24037, -0.00214436
20.2147, 0.0379234, 0.000401218, -100.323, -1.53306, -1.29266, -0.240403, -0.0021448
20.2205, 0.0374478, 0.000330663, -100.257, -1.53305, -1.29262, -0.240435, -0.00214523
20.2262, 0.0373215, -0.00013706, -100.191, -1.53305, -1.29258, -0.240468, -0.00214567
20.2319, 0.0376998, -0.00044804, -100.125, -1.53304, -1.29254, -0.240501, -0.00214611
20.2377, 0.0381413, -0.000234908, -100.059, -1.53304, -1.2925, -0.240533, -0.00214654
20.2434, 0.0381309, 0.000250119, -99.9931, -1.53303, -1.29247, -0.240566, -0.00214698
20.2491, 0.0376876, 0.000434812, -99.9273, -1.53303, -1.29243, -0.240599, -0.00214741
20.2549, 0.0373403, 0.000101997, -99.8616, -1.53302, -1.29239, -0.240631, -0.00214785
20.2606, 0.0375035, -0.000356208, -99.7959, -1.53302, -1.29235, -0.240664, -0.00214828
20.2664, 0.0379912, -0.000401272, -99.7302, -1.53301, -1.29231, -0.240697, -0.00214872
20.2721, 0.0382367, 1.92031e-05, -99.6646, -1.53301, -1.29228, -0.240729, -0.00214915
20.2778, 0.0379587, 0.000411774, -99.599, -1.533, -1.29224, -0.240762, -0.00214959
20.2836, 0.0374895, 0.000316832, -99.5335, -1.533, -1.2922, -0.240795, -0.00215002
20.2893, 0.0373842, -0.000154014, -99.4681, -1.53299, -1.29216, -0.240827, -0.00215046
20.295, 0.0377714, -0.00045032, -99.4026, -1.53299, -1.29212, -0.24086, -0.0021509
20.3008, 0.038205, -0.000226589, -99.3373, -1.53298, -1.29209, -0.240893, -0.00215133
20.3065, 0.0381857, 0.000255828, -99.2719, -1.53297, -1.29205, -0.240926, -0.00215177
20.3122, 0.0377427, 0.000435092, -99.2067, -1.53297, -1.29201, -0.240959, -0.0021522
20.318, 0.0373976, 0.000103152, -99.1414, -1.53296, -1.29197, -0.240991, -0.00215264
20.3237, 0.0375572, -0.000353909, -99.0762, -1.53296, -1.29193, -0.241024, -0.00215307
20.3294, 0.0380418, -0.000405802, -99.0111, -1.53295, -1.2919, -0.241057, -0.00215351
20.3352, 0.0382957, 7.09802e-06, -98.946, -1.53295, -1.29186, -0.24109, -0.00215394
20.3409, 0.0380314, 0.000406431, -98.881, -1.53294, -1.29182, -0.241123, -0.00215438
20.3466, 0.0375611, 0.000330664, -98.816, -1.53294, -1.29178, -0.241155, -0.00215481
20.3524, 0.037434, -0.000132153, -98.751, -1.53293, -1.29174, -0.241188, -0.00215525
20.3581, 0.0378023, -0.000447878, -98.6861, -1.53293, -1.29171, -0.241221, -0.00215568
20.3639, 0.0382472, -0.000253066, -98.6213, -1.53292, -1.29167, -0.241254, -0.00215612
20.3696, 0.0382629, 0.000227545, -98.5565, -1.53292, -1.29163, -0.241287, -0.00215655
20.3753, 0.0378378, 0.000441368, -98.4917, -1.53291, -1.29159, -0.24132, -0.00215699
20.3811, 0.0374663, 0.000143336, -98.427, -1.53291, -1.29155, -0.241353, -0.00215742
20.3868, 0.0375803, -0.000324275, -98.3624, -1.5329, -1.29152, -0.241386, -0.00215786
20.3928, 0.0380735, -0.000418545, -98.2952, -1.5329, -1.29148, -0.24142, -0.00215831
20.3987, 0.0383546, -5.49653e-06, -98.2281, -1.53289, -1.29144, -0.241454, -0.00215876
20.4047, 0.0380863, 0.000408675, -98.161, -1.53289, -1.2914, -0.241488, -0.00215921
20.4106, 0.037604, 0.000317563, -98.094, -1.53288, -1.29136, -0.241523, -0.00215967
20.4166, 0.0375034, -0.000167014, -98.027, -1.53287, -1.29132, -0.241557, -0.00216012
20.4226, 0.0379134, -0.000453573, -97.9601, -1.53287, -1.29128, -0.241591, -0.00216057
20.4285, 0.0383406, -0.000193234, -97.8932, -1.53286, -1.29124, -0.241626, -0.00216102
20.4345, 0.0382717, 0.000296623, -97.8264, -1.53286, -1.2912, -0.24166, -0.00216148
20.4405, 0.0377976, 0.000420421, -97.7596, -1.53285, -1.29116, -0.241694, -0.00216193
20.4464, 0.0375007, 2.82987e-05, -97.6929, -1.53285, -1.29112, -0.241729, -0.00216238
20.4524, 0.0377474, -0.000403778, -97.6262, -1.53284, -1.29108, -0.241763, -0.00216283
20.4583, 0.0382449, -0.000352575, -97.5596, -1.53284, -1.29104, -0.241797, -0.00216328
20.4643, 0.0383977, 0.000119435, -97.493, -1.53283, -1.291, -0.241832, -0.00216374
20.4703, 0.0380282, 0.000441614, -97.4265, -1.53283, -1.29096, -0.241866, -0.00216419
20.4762, 0.0375893, 0.000225432, -97.36, -1.53282, -1.29092, -0.241901, -0.00216464
20.4822, 0.0376164, -0.000267996, -97.2936, -1.53281, -1.29088, -0.241935, -0.00216509
20.4882, 0.0380829, -0.000444491, -97.2272, -1.53281, -1.29084, -0.241969, -0.00216554
20.4941, 0.0384339, -9.22577e-05, -97.1609, -1.5328, -1.2908, -0.242004, -0.002166
20.5001, 0.0382547, 0.000365191, -97.0946, -1.5328, -1.29076, -0.242038, -0.00216645
20.5061, 0.0377671, 0.000379177, -97.0284, -1.53279, -1.29072, -0.242073, -0.0021669
20.512, 0.037562, -6.65369e-05, -96.9623, -1.53279, -1.29068, -0.242107, -0.00216735
20.518, 0.0378908, -0.000438227, -96.8961, -1.53278, -1.29064, -0.242142, -0.0021678
20.5239, 0.0383665, -0.000291886, -96.8301, -1.53278, -1.2906, -0.242176, -0.00216825
20.5299, 0.0384276, 0.000197238, -96.764, -1.53277, -1.29056, -0.242211, -0.00216871
20.5359, 0.0380082, 0.000445753, -96.6981, -1.53277, -1.29052, -0.242245, -0.00216916
20.5418, 0.0376146, 0.000158098, -96.6322, -1.53276, -1.29048, -0.24228, -0.00216961
20.5478, 0.037721, -0.000323067, -96.5663, -1.53276, -1.29044, -0.242314, -0.00217006
20.5538, 0.0382069, -0.000426101, -96.5005, -1.53275, -1.2904, -0.242349, -0.00217051
20.5597, 0.0385018, -2.92475e-05, -96.4347, -1.53275, -1.29036, -0.242383, -0.00217097
20.5657, 0.038263, 0.000396749, -96.369, -1.53274, -1.29032, -0.242418, -0.00217142
20.5716, 0.0377799, 0.000347799, -96.3033, -1.53273, -1.29028, -0.242453, -0.00217187
20.5776, 0.0376302, -0.000117676, -96.2377, -1.53273, -1.29024, -0.242487, -0.00217232
20.5836, 0.0379964, -0.000449744, -96.1721, -1.53272, -1.2902, -0.242522, -0.00217277
20.5895, 0.0384525, -0.000257086, -96.1066, -1.53272, -1.29016, -0.242557, -0.00217322
20.5955, 0.0384676, 0.000232803, -96.0411, -1.53271, -1.29012, -0.242591, -0.00217367
20.6015, 0.0380308, 0.000443419, -95.9757, -1.53271, -1.29008, -0.242626, -0.00217413
20.6074, 0.037662, 0.000127709, -95.9103, -1.5327, -1.29004, -0.24266, -0.00217458
20.6134, 0.0378001, -0.000343288, -95.845, -1.5327, -1.29, -0.242695, -0.00217503
20.6193, 0.0382889, -0.000417481, -95.7797, -1.53269, -1.28996, -0.24273, -0.00217548
20.6253, 0.0385621, -8.53154e-06, -95.7145, -1.53269, -1.28992, -0.242765, -0.00217593
20.6313, 0.0383069, 0.000404928, -95.6493, -1.53268, -1.28988, -0.242799, -0.00217638
20.6372, 0.0378281, 0.000340175, -95.5841, -1.53268, -1.28984, -0.242834, -0.00217684
20.6432, 0.0376905, -0.000126684, -95.5191, -1.53267, -1.2898, -0.242869, -0.00217729
20.6492, 0.0380601, -0.000451415, -95.454, -1.53266, -1.28976, -0.242903, -0.00217774
20.6551, 0.0385126, -0.000256456, -95.389, -1.53266, -1.28972, -0.242938, -0.00217819
20.6611, 0.0385283, 0.000231027, -95.3241, -1.53265, -1.28968, -0.242973, -0.00217864
20.667, 0.0380957, 0.00044498, -95.2592, -1.53265, -1.28964, -0.243008, -0.00217909
20.673, 0.0377229, 0.000137777, -95.1944, -1.53264, -1.2896, -0.243043, -0.00217954
20.679, 0.0378476, -0.000334304, -95.1296, -1.53264, -1.28956, -0.243077, -0.00218
20.6849, 0.038331, -0.000425243, -95.0648, -1.53263, -1.28952, -0.243112, -0.00218045
20.6909, 0.0386207, -3.05158e-05, -95.0001, -1.53263, -1.28948, -0.243147, -0.0021809
20.6969, 0.0383888, 0.000393988, -94.9355, -1.53262, -1.28944, -0.243182, -0.00218135
20.7028, 0.0379093, 0.000359216, -94.8709, -1.53262, -1.2894, -0.243217, -0.0021818
20.7088, 0.0377403, -9.4233e-05, -94.8064, -1.53261, -1.28936, -0.243252, -0.00218225
20.7147, 0.0380817, -0.000444734, -94.7419, -1.53261, -1.28932, -0.243287, -0.0021827
20.7207, 0.038547, -0.000290131, -94.6774, -1.5326, -1.28928, -0.243321, -0.00218315
20.7267, 0.0386088, 0.000191686, -94.613, -1.5326, -1.28924, -0.243356, -0.00218361
20.7326, 0.0382029, 0.000448627, -94.5487, -1.53259, -1.2892, -0.243391, -0.00218406
20.7386, 0.0378001, 0.000187155, -94.4843, -1.53259, -1.28916, -0.243426, -0.00218451
20.7446, 0.0378665, -0.000293406, -94.4201, -1.53258, -1.28912, -0.243461, -0.00218496
20.7505, 0.0383318, -0.000444552, -94.3559, -1.53257, -1.28908, -0.243496, -0.00218541
20.7565, 0.0386713, -9.45038e-05, -94.2917, -1.53257, -1.28904, -0.243531, -0.00218586
20.7624, 0.0385048, 0.000357719, -94.2276, -1.53256, -1.289, -0.243566, -0.00218631
20.7684, 0.0380283, 0.000397975, -94.1635, -1.53256, -1.28896, -0.243601, -0.00218676
20.7744, 0.037789, -1.88896e-05, -94.0995, -1.53255, -1.28892, -0.243636, -0.00218721
20.7803, 0.0380641, -0.000419607, -94.0356, -1.53255, -1.28888, -0.243671, -0.00218767
20.7863, 0.0385471, -0.000350402, -93.9716, -1.53254, -1.28884, -0.243706, -0.00218812
20.7923, 0.0386976, 0.000109821, -93.9078, -1.53254, -1.2888, -0.243741, -0.00218857
20.7982, 0.0383518, 0.000440619, -93.8439, -1.53253, -1.28876, -0.243776, -0.00218902
20.8042, 0.0379066, 0.000268916, -93.7802, -1.53253, -1.28872, -0.243811, -0.00218947
20.8102, 0.0378697, -0.000211112, -93.7164, -1.53252, -1.28868, -0.243846, -0.00218992
20.8161, 0.0382881, -0.000458741, -93.6528, -1.53252, -1.28864, -0.243881, -0.00219037
20.8221, 0.0386966, -0.000195901, -93.5891, -1.53251, -1.2886, -0.243917, -0.00219082
20.828, 0.0386426, 0.000281589, -93.5255, -1.53251, -1.28855, -0.243952, -0.00219127
20.8342, 0.0381743, 0.000433189, -93.4596, -1.5325, -1.28851, -0.243988, -0.00219174
20.8404, 0.037851, 6.01571e-05, -93.3936, -1.5325, -1.28847, -0.244025, -0.00219221
20.8466, 0.038066, -0.000390498, -93.3278, -1.53249, -1.28843, -0.244061, -0.00219268
20.8528, 0.0385681, -0.000380106, -93.2619, -1.53248, -1.28839, -0.244098, -0.00219315
20.859, 0.0387642, 7.836e-05, -93.1962, -1.53248, -1.28835, -0.244134, -0.00219361
20.8652, 0.0384274, 0.000437811, -93.1304, -1.53247, -1.2883, -0.244171, -0.00219408
20.8714, 0.0379658, 0.000270408, -93.0648, -1.53247, -1.28826, -0.244207, -0.00219455
20.8776, 0.0379349, -0.000224137, -92.9991, -1.53246, -1.28822, -0.244244, -0.00219502
20.8838, 0.0383773, -0.000458093, -92.9336, -1.53246, -1.28818, -0.24428, -0.00219549
20.89, 0.0387741, -0.00015429, -92.8681, -1.53245, -1.28814, -0.244317, -0.00219595
20.8961, 0.0386617, 0.000326704, -92.8026, -1.53245, -1.28809, -0.244354, -0.00219642
20.9023, 0.0381802, 0.000415586, -92.7372, -1.53244, -1.28805, -0.24439, -0.00219689
20.9085, 0.0379054, 7.823e-06, -92.6718, -1.53244, -1.28801, -0.244427, -0.00219736
20.9147, 0.0381678, -0.000414732, -92.6065, -1.53243, -1.28797, -0.244463, -0.00219783
20.9209, 0.0386638, -0.000354008, -92.5412, -1.53242, -1.28792, -0.2445, -0.00219829
20.9271, 0.0388156, 0.000117894, -92.476, -1.53242, -1.28788, -0.244537, -0.00219876
20.9333, 0.0384515, 0.000445626, -92.4109, -1.53241, -1.28784, -0.244573, -0.00219923
20.9395, 0.0380061, 0.000244539, -92.3458, -1.53241, -1.2878, -0.24461, -0.0021997
20.9457, 0.0380081, -0.000248862, -92.2807, -1.5324, -1.28776, -0.244647, -0.00220016
20.9519, 0.038461, -0.000456291, -92.2157, -1.5324, -1.28771, -0.244684, -0.00220063
20.9581, 0.0388407, -0.000135468, -92.1507, -1.53239, -1.28767, -0.24472, -0.0022011
20.9643, 0.03871, 0.00033809, -92.0858, -1.53239, -1.28763, -0.244757, -0.00220157
20.9704, 0.0382284, 0.000411607, -92.021, -1.53238, -1.28759, -0.244794, -0.00220204
20.9766, 0.0379639, -7.16636e-08, -91.9562, -1.53238, -1.28755, -0.244831, -0.0022025
20.9828, 0.0382303, -0.000417148, -91.8914, -1.53237, -1.2875, -0.244867, -0.00220297
20.989, 0.0387235, -0.000354782, -91.8267, -1.53237, -1.28746, -0.244904, -0.00220344
20.9952, 0.0388769, 0.000113987, -91.762, -1.53236, -1.28742, -0.244941, -0.00220391
21.0014, 0.0385192, 0.000445066, -91.6974, -1.53235, -1.28738, -0.244978, -0.00220437
21.0076, 0.0380717, 0.000255221, -91.6329, -1.53235, -1.28733, -0.245015, -0.00220484
21.0138, 0.0380582, -0.000235278, -91.5684, -1.53234, -1.28729, -0.245052, -0.00220531
21.02, 0.0385001, -0.000459426, -91.5039, -1.53234, -1.28725, -0.245088, -0.00220578
21.0262, 0.038893, -0.000158981, -91.4395, -1.53233, -1.28721, -0.245125, -0.00220624
21.0324, 0.0387906, 0.000319165, -91.3751, -1.53233, -1.28717, -0.245162, -0.00220671
21.0388, 0.0383008, 0.000418032, -91.3086, -1.53232, -1.28712, -0.2452, -0.0022072
21.0452, 0.0380226, 4.01231e-07, -91.2421, -1.53232, -1.28708, -0.245239, -0.00220768
21.0516, 0.038302, -0.000423541, -91.1756, -1.53231, -1.28703, -0.245277, -0.00220816
21.058, 0.0388046, -0.000337191, -91.1093, -1.53231, -1.28699, -0.245315, -0.00220865
21.0644, 0.0389252, 0.000153746, -91.0429, -1.5323, -1.28695, -0.245353, -0.00220913
21.0708, 0.0385245, 0.000452088, -90.9766, -1.53229, -1.2869, -0.245392, -0.00220961
21.0772, 0.0380962, 0.000195931, -90.9104, -1.53229, -1.28686, -0.24543, -0.0022101
21.0836, 0.0381663, -0.000303518, -90.8442, -1.53228, -1.28682, -0.245468, -0.00221058
21.09, 0.038656, -0.000441281, -90.7781, -1.53228, -1.28677, -0.245506, -0.00221106
21.0964, 0.0389794, -5.12329e-05, -90.712, -1.53227, -1.28673, -0.245545, -0.00221155
21.1028, 0.0387528, 0.000394963, -90.646, -1.53227, -1.28668, -0.245583, -0.00221203
21.1093, 0.0382569, 0.000359125, -90.5801, -1.53226, -1.28664, -0.245621, -0.00221252
21.1157, 0.0380959, -0.000114982, -90.5141, -1.53226, -1.2866, -0.24566, -0.002213
21.1221, 0.0384697, -0.000456518, -90.4483, -1.53225, -1.28655, -0.245698, -0.00221348
21.1285, 0.0389352, -0.000255358, -90.3825, -1.53224, -1.28651, -0.245737, -0.00221397
21.1349, 0.0389404, 0.000246467, -90.3167, -1.53224, -1.28646, -0.245775, -0.00221445
21.1413, 0.0384863, 0.000447284, -90.251, -1.53223, -1.28642, -0.245813, -0.00221493
21.1477, 0.0381234, 0.000107166, -90.1854, -1.53223, -1.28638, -0.245852, -0.00221542
21.1541, 0.038292, -0.000366722, -90.1198, -1.53222, -1.28633, -0.24589, -0.0022159
21.1605, 0.0387967, -0.000408598, -90.0542, -1.53222, -1.28629, -0.245929, -0.00221638
21.1669, 0.039042, 3.0898e-05, -89.9887, -1.53221, -1.28624, -0.245967, -0.00221687
21.1733, 0.0387429, 0.000427939, -89.9233, -1.53221, -1.2862, -0.246006, -0.00221735
21.1797, 0.0382621, 0.000310528, -89.8579, -1.5322, -1.28616, -0.246044, -0.00221783
21.1861, 0.0381774, -0.000181256, -89.7926, -1.5322, -1.28611, -0.246083, -0.00221832
21.1925, 0.0385951, -0.00046375, -89.7273, -1.53219, -1.28607, -0.246121, -0.0022188
21.199, 0.0390265, -0.00020267, -89.6621, -1.53218, -1.28602, -0.24616, -0.00221928
21.2054, 0.0389677, 0.000292472, -89.5969, -1.53218, -1.28598, -0.246198, -0.00221977
21.2118, 0.0384954, 0.000436489, -89.5318, -1.53217, -1.28594, -0.246237, -0.00222025
21.2182, 0.0381737, 5.99455e-05, -89.4667, -1.53217, -1.28589, -0.246275, -0.00222073
21.2246, 0.0383879, -0.000392838, -89.4017, -1.53216, -1.28585, -0.246314, -0.00222122
21.231, 0.0388917, -0.000388997, -89.3367, -1.53216, -1.2858, -0.246353, -0.0022217
21.2374, 0.0390991, 6.63453e-05, -89.2718, -1.53215, -1.28576, -0.246391, -0.00222218
21.2438, 0.0387736, 0.000438198, -89.2069, -1.53215, -1.28572, -0.24643, -0.00222267
21.2502, 0.0383037, 0.000290834, -89.1421, -1.53214, -1.28567, -0.246469, -0.00222315
21.2566, 0.0382462, -0.000202553, -89.0773, -1.53213, -1.28563, -0.246507, -0.00222363
21.263, 0.0386741, -0.000464714, -89.0126, -1.53213, -1.28558, -0.246546, -0.00222411
21.2694, 0.0390935, -0.000189887, -88.948, -1.53212, -1.28554, -0.246585, -0.0022246
21.2758, 0.0390219, 0.00030075, -88.8834, -1.53212, -1.2855, -0.246623, -0.00222508
21.2823, 0.0385495, 0.000435565, -88.8188, -1.53211, -1.28545, -0.246662, -0.00222556
21.2887, 0.0382328, 5.82545e-05, -88.7543, -1.53211, -1.28541, -0.246701, -0.00222605
21.2951, 0.0384456, -0.00039225, -88.6899, -1.5321, -1.28536, -0.24674, -0.00222653
21.3015, 0.0389467, -0.000393285, -88.6255, -1.5321, -1.28532, -0.246778, -0.00222701
21.3079, 0.0391616, 5.57281e-05, -88.5611, -1.53209, -1.28527, -0.246817, -0.0022275
21.3143, 0.0388483, 0.000434685, -88.4968, -1.53209, -1.28523, -0.246856, -0.00222798
21.3207, 0.0383758, 0.000305819, -88.4326, -1.53208, -1.28519, -0.246895, -0.00222846
21.3271, 0.0382959, -0.000181463, -88.3684, -1.53207, -1.28514, -0.246933, -0.00222894
21.3335, 0.0387064, -0.0004651, -88.3042, -1.53207, -1.2851, -0.246972, -0.00222943
21.3399, 0.0391403, -0.000218929, -88.2401, -1.53206, -1.28505, -0.247011, -0.00222991
21.3463, 0.0391052, 0.000273348, -88.1761, -1.53206, -1.28501, -0.24705, -0.00223039
21.3527, 0.0386482, 0.000446273, -88.1121, -1.53205, -1.28496, -0.247089, -0.00223087
21.3591, 0.0383001, 0.000102042, -88.0481, -1.53205, -1.28492, -0.247128, -0.00223136
21.3655, 0.0384655, -0.000364483, -87.9843, -1.53204, -1.28488, -0.247167, -0.00223184
21.372, 0.0389608, -0.000419667, -87.9204, -1.53204, -1.28483, -0.247206, -0.00223232
21.3784, 0.039226, -1.07339e-06, -87.8566, -1.53203, -1.28479, -0.247245, -0.00223281
21.3848, 0.0389653, 0.000413211, -87.7929, -1.53203, -1.28474, -0.247284, -0.00223329
21.3912, 0.0384824, 0.00035131, -87.7292, -1.53202, -1.2847, -0.247322, -0.00223377
21.3976, 0.0383332, -0.000115684, -87.6656, -1.53202, -1.28465, -0.247361, -0.00223425
21.404, 0.0386928, -0.000456655, -87.602, -1.53201, -1.28461, -0.2474, -0.00223474
21.4104, 0.0391587, -0.000284921, -87.5384, -1.532, -1.28456, -0.247439, -0.00223522
21.4168, 0.0392088, 0.000204184, -87.475, -1.532, -1.28452, -0.247479, -0.0022357
21.4232, 0.0387933, 0.000456709, -87.4115, -1.53199, -1.28448, -0.247518, -0.00223618
21.4296, 0.0383884, 0.000187598, -87.3481, -1.53199, -1.28443, -0.247557, -0.00223667
21.436, 0.0384573, -0.000298649, -87.2848, -1.53198, -1.28439, -0.247596, -0.00223715
21.4424, 0.0389277, -0.000453606, -87.2215, -1.53198, -1.28434, -0.247635, -0.00223763
21.4488, 0.0392755, -0.00010331, -87.1583, -1.53197, -1.2843, -0.247674, -0.00223811
21.4553, 0.039116, 0.000357662, -87.0951, -1.53197, -1.28425, -0.247713, -0.0022386
21.4617, 0.038635, 0.000411551, -87.032, -1.53196, -1.28421, -0.247752, -0.00223908
21.4681, 0.0383785, -1.47834e-06, -86.9689, -1.53196, -1.28416, -0.247791, -0.00223956
21.4745, 0.0386394, -0.000418184, -86.9059, -1.53195, -1.28412, -0.24783, -0.00224004
21.4809, 0.0391311, -0.000372493, -86.8429, -1.53195, -1.28408, -0.24787, -0.00224053
21.4873, 0.0393102, 8.38739e-05, -86.78, -1.53194, -1.28403, -0.247909, -0.00224101
21.4937, 0.0389832, 0.00044121, -86.7171, -1.53193, -1.28399, -0.247948, -0.00224149
21.5001, 0.0385212, 0.000301553, -86.6543, -1.53193, -1.28394, -0.247987, -0.00224197
21.5068, 0.0384535, -0.0001993, -86.5888, -1.53192, -1.2839, -0.248028, -0.00224248
21.5135, 0.0388883, -0.000467171, -86.5233, -1.53192, -1.28385, -0.248069, -0.00224298
21.5202, 0.0393114, -0.000181876, -86.458, -1.53191, -1.2838, -0.24811, -0.00224348
21.5268, 0.039224, 0.000314957, -86.3927, -1.53191, -1.28376, -0.248151, -0.00224398
21.5335, 0.0387377, 0.000430202, -86.3274, -1.5319, -1.28371, -0.248192, -0.00224449
21.5402, 0.0384392, 2.70426e-05, -86.2622, -1.5319, -1.28366, -0.248233, -0.00224499
21.5469, 0.0386901, -0.000414048, -86.197, -1.53189, -1.28362, -0.248274, -0.00224549
21.5536, 0.0391982, -0.000368817, -86.1319, -1.53188, -1.28357, -0.248315, -0.002246
21.5602, 0.0393666, 0.000108389, -86.0669, -1.53188, -1.28352, -0.248356, -0.0022465
21.5669, 0.0390029, 0.00045138, -86.0019, -1.53187, -1.28348, -0.248397, -0.002247
21.5736, 0.0385449, 0.000254363, -85.937, -1.53187, -1.28343, -0.248438, -0.0022475
21.5803, 0.0385406, -0.000249038, -85.8721, -1.53186, -1.28338, -0.248479, -0.00224801
21.587, 0.0390012, -0.000464163, -85.8072, -1.53186, -1.28334, -0.24852, -0.00224851
21.5937, 0.0393895, -0.000137813, -85.7425, -1.53185, -1.28329, -0.248561, -0.00224901
21.6003, 0.0392551, 0.000345056, -85.6777, -1.53185, -1.28324, -0.248602, -0.00224951
21.607, 0.0387633, 0.000416526, -85.6131, -1.53184, -1.2832, -0.248643, -0.00225002
21.6137, 0.0384985, -6.74287e-06, -85.5485, -1.53183, -1.28315, -0.248685, -0.00225052
21.6204, 0.0387774, -0.000427768, -85.4839, -1.53183, -1.2831, -0.248726, -0.00225102
21.6271, 0.0392792, -0.000353563, -85.4194, -1.53182, -1.28306, -0.248767, -0.00225152
21.6338, 0.0394232, 0.000128401, -85.3549, -1.53182, -1.28301, -0.248808, -0.00225203
21.6404, 0.0390483, 0.000454716, -85.2905, -1.53181, -1.28296, -0.248849, -0.00225253
21.6471, 0.0385989, 0.000245053, -85.2262, -1.53181, -1.28292, -0.248891, -0.00225303
21.6538, 0.0386049, -0.000255646, -85.1619, -1.5318, -1.28287, -0.248932, -0.00225353
21.6605, 0.0390652, -0.000464623, -85.0976, -1.5318, -1.28282, -0.248973, -0.00225404
21.6672, 0.0394509, -0.000139573, -85.0334, -1.53179, -1.28278, -0.249014, -0.00225454
21.6739, 0.0393211, 0.000341702, -84.9693, -1.53178, -1.28273, -0.249056, -0.00225504
21.6805, 0.0388334, 0.000421484, -84.9052, -1.53178, -1.28268, -0.249097, -0.00225554
21.6872, 0.0385588, 8.06043e-06, -84.8412, -1.53177, -1.28263, -0.249138, -0.00225605
21.6939, 0.0388206, -0.000420253, -84.7772, -1.53177, -1.28259, -0.24918, -0.00225655
21.7006, 0.0393224, -0.0003693, -84.7133, -1.53176, -1.28254, -0.249221, -0.00225705
21.7073, 0.0394921, 0.000101516, -84.6494, -1.53176, -1.28249, -0.249262, -0.00225755
21.714, 0.0391412, 0.000449874, -84.5856, -1.53175, -1.28245, -0.249304, -0.00225806
21.7206, 0.0386801, 0.000275684, -84.5218, -1.53175, -1.2824, -0.249345, -0.00225856
21.7273, 0.0386443, -0.000220412, -84.4581, -1.53174, -1.28235, -0.249387, -0.00225906
21.734, 0.0390806, -0.000469457, -84.3944, -1.53173, -1.28231, -0.249428, -0.00225956
21.7407, 0.0394952, -0.000186819, -84.3308, -1.53173, -1.28226, -0.24947, -0.00226006
21.7474, 0.0394207, 0.000303709, -84.2673, -1.53172, -1.28221, -0.249511, -0.00226057
21.7541, 0.0389491, 0.000441987, -84.2038, -1.53172, -1.28217, -0.249552, -0.00226107
21.7607, 0.0386248, 7.09373e-05, -84.1403, -1.53171, -1.28212, -0.249594, -0.00226157
21.7674, 0.0388229, -0.000386354, -84.0769, -1.53171, -1.28207, -0.249636, -0.00226207
21.7741, 0.0393237, -0.000409974, -84.0136, -1.5317, -1.28202, -0.249677, -0.00226257
21.7808, 0.0395646, 2.62375e-05, -83.9503, -1.5317, -1.28198, -0.249719, -0.00226308
21.7875, 0.039279, 0.000427103, -83.887, -1.53169, -1.28193, -0.24976, -0.00226358
21.7941, 0.0387973, 0.000338869, -83.8238, -1.53169, -1.28188, -0.249802, -0.00226408
21.8008, 0.0386706, -0.000137976, -83.7607, -1.53168, -1.28184, -0.249843, -0.00226458
21.8075, 0.0390475, -0.000464486, -83.6976, -1.53167, -1.28179, -0.249885, -0.00226508
21.8142, 0.0395086, -0.000272758, -83.6346, -1.53167, -1.28174, -0.249927, -0.00226559
21.8209, 0.0395407, 0.000220543, -83.5716, -1.53166, -1.2817, -0.249968, -0.00226609
21.8276, 0.0391145, 0.000460272, -83.5087, -1.53166, -1.28165, -0.25001, -0.00226659
21.8342, 0.0387155, 0.00017762, -83.4458, -1.53165, -1.2816, -0.250052, -0.00226709
21.8409, 0.0387971, -0.000309651, -83.383, -1.53165, -1.28155, -0.250093, -0.00226759
21.8479, 0.0392935, -0.000449893, -83.3177, -1.53164, -1.2815, -0.250137, -0.00226812
21.8548, 0.0396241, -5.66767e-05, -83.2525, -1.53164, -1.28146, -0.25018, -0.00226864
21.8618, 0.0394002, 0.000398522, -83.1873, -1.53163, -1.28141, -0.250223, -0.00226916
21.8687, 0.038897, 0.000371442, -83.1222, -1.53162, -1.28136, -0.250267, -0.00226968
21.8757, 0.0387224, -0.000104912, -83.0572, -1.53162, -1.28131, -0.25031, -0.0022702
21.8826, 0.0390908, -0.000462032, -82.9922, -1.53161, -1.28126, -0.250354, -0.00227072
21.8896, 0.0395697, -0.000274949, -82.9273, -1.53161, -1.28121, -0.250397, -0.00227124
21.8965, 0.0395962, 0.000233156, -82.8624, -1.5316, -1.28116, -0.250441, -0.00227177
21.9035, 0.0391463, 0.000458628, -82.7976, -1.5316, -1.28111, -0.250484, -0.00227229
21.9104, 0.0387608, 0.000134574, -82.7328, -1.53159, -1.28106, -0.250528, -0.00227281
21.9174, 0.0389025, -0.000354592, -82.6681, -1.53158, -1.28101, -0.250571, -0.00227333
21.9243, 0.03941, -0.000430347, -82.6035, -1.53158, -1.28096, -0.250615, -0.00227385
21.9312, 0.0396902, -3.85823e-06, -82.5389, -1.53157, -1.28092, -0.250658, -0.00227437
21.9382, 0.0394198, 0.000421361, -82.4743, -1.53157, -1.28087, -0.250702, -0.00227489
21.9451, 0.0389246, 0.000344724, -82.4099, -1.53156, -1.28082, -0.250745, -0.00227542
21.9521, 0.0387937, -0.000142945, -82.3454, -1.53156, -1.28077, -0.250789, -0.00227594
21.959, 0.0391868, -0.000468542, -82.2811, -1.53155, -1.28072, -0.250833, -0.00227646
21.966, 0.039649, -0.000250601, -82.2167, -1.53154, -1.28067, -0.250876, -0.00227698
21.9729, 0.0396456, 0.000254936, -82.1525, -1.53154, -1.28062, -0.25092, -0.0022775
21.9799, 0.0391879, 0.000456644, -82.0883, -1.53153, -1.28057, -0.250964, -0.00227802
21.9868, 0.0388174, 0.000119493, -82.0241, -1.53153, -1.28052, -0.251007, -0.00227854
21.9938, 0.0389725, -0.000362672, -81.96, -1.53152, -1.28047, -0.251051, -0.00227906
22.0007, 0.0394784, -0.000428318, -81.896, -1.53152, -1.28042, -0.251095, -0.00227959
22.0077, 0.0397529, -1.7539e-06, -81.832, -1.53151, -1.28037, -0.251138, -0.00228011
22.0146, 0.0394843, 0.00042108, -81.768, -1.53151, -1.28032, -0.251182, -0.00228063
22.0216, 0.0389912, 0.00035, -81.7042, -1.5315, -1.28027, -0.251226, -0.00228115
22.0285, 0.0388514, -0.000131964, -81.6403, -1.53149, -1.28022, -0.25127, -0.00228167
22.0355, 0.0392324, -0.000467019, -81.5766, -1.53149, -1.28018, -0.251314, -0.00228219
22.0424, 0.0397, -0.000268589, -81.5128, -1.53148, -1.28013, -0.251357, -0.00228271
22.0494, 0.0397216, 0.00023376, -81.4492, -1.53148, -1.28008, -0.251401, -0.00228323
22.0563, 0.0392793, 0.000461254, -81.3856, -1.53147, -1.28003, -0.251445, -0.00228375
22.0633, 0.0388888, 0.000152784, -81.322, -1.53147, -1.27998, -0.251489, -0.00228427
22.0702, 0.0390047, -0.00033671, -81.2585, -1.53146, -1.27993, -0.251533, -0.0022848
22.0771, 0.0394998, -0.000445802, -81.1951, -1.53146, -1.27988, -0.251577, -0.00228532
22.0841, 0.0398131, -5.01905e-05, -81.1317, -1.53145, -1.27983, -0.251621, -0.00228584
22.091, 0.0395931, 0.000397087, -81.0683, -1.53144, -1.27978, -0.251665, -0.00228636
22.098, 0.0390982, 0.000385344, -81.005, -1.53144, -1.27973, -0.251709, -0.00228688
22.1049, 0.0388993, -7.13238e-05, -80.9418, -1.53143, -1.27968, -0.251753, -0.0022874
22.1119, 0.0392287, -0.000452358, -80.8786, -1.53143, -1.27963, -0.251797, -0.00228792
22.1188, 0.0397175, -0.000324718, -80.8155, -1.53142, -1.27958, -0.251841, -0.00228844
22.126, 0.0398097, 0.000183651, -80.7502, -1.53142, -1.27953, -0.251886, -0.00228898
22.1332, 0.0393831, 0.000464161, -80.6849, -1.53141, -1.27948, -0.251932, -0.00228952
22.1404, 0.0389601, 0.000178716, -80.6196, -1.5314, -1.27943, -0.251978, -0.00229006
22.1476, 0.0390572, -0.000327997, -80.5544, -1.5314, -1.27938, -0.252023, -0.0022906
22.1548, 0.0395638, -0.000446104, -80.4893, -1.53139, -1.27932, -0.252069, -0.00229114
22.162, 0.0398777, -3.42917e-05, -80.4242, -1.53139, -1.27927, -0.252115, -0.00229168
22.1692, 0.0396295, 0.000412698, -80.3592, -1.53138, -1.27922, -0.25216, -0.00229222
22.1764, 0.0391242, 0.000359417, -80.2943, -1.53138, -1.27917, -0.252206, -0.00229276
22.1836, 0.0389734, -0.00012968, -80.2294, -1.53137, -1.27912, -0.252252, -0.0022933
22.1908, 0.0393636, -0.000469811, -80.1645, -1.53136, -1.27907, -0.252298, -0.00229384
22.198, 0.0398354, -0.000255552, -80.0997, -1.53136, -1.27901, -0.252344, -0.00229438
22.2052, 0.0398338, 0.000257118, -80.035, -1.53135, -1.27896, -0.252389, -0.00229491
22.2124, 0.0393681, 0.000458099, -79.9703, -1.53135, -1.27891, -0.252435, -0.00229545
22.2196, 0.0389989, 0.000109193, -79.9057, -1.53134, -1.27886, -0.252481, -0.00229599
22.2268, 0.0391706, -0.000375066, -79.8412, -1.53134, -1.27881, -0.252527, -0.00229653
22.234, 0.0396859, -0.00042109, -79.7767, -1.53133, -1.27876, -0.252573, -0.00229707
22.2412, 0.0399417, 2.48782e-05, -79.7122, -1.53132, -1.27871, -0.252619, -0.00229761
22.2484, 0.0396433, 0.000435571, -79.6478, -1.53132, -1.27865, -0.252665, -0.00229815
22.2556, 0.0391499, 0.000326857, -79.5835, -1.53131, -1.2786, -0.252711, -0.00229869
22.2628, 0.0390495, -0.000172496, -79.5192, -1.53131, -1.27855, -0.252757, -0.00229923
22.27, 0.0394662, -0.000474889, -79.455, -1.5313, -1.2785, -0.252803, -0.00229977
22.2772, 0.0399168, -0.000225659, -79.3909, -1.5313, -1.27845, -0.252849, -0.00230031
22.2844, 0.0398797, 0.000282214, -79.3268, -1.53129, -1.27839, -0.252895, -0.00230085
22.2916, 0.0394059, 0.000453885, -79.2627, -1.53128, -1.27834, -0.252941, -0.00230138
22.2988, 0.0390563, 8.92246e-05, -79.1987, -1.53128, -1.27829, -0.252987, -0.00230192
22.306, 0.0392455, -0.000385352, -79.1348, -1.53127, -1.27824, -0.253033, -0.00230246
22.3132, 0.0397588, -0.000416602, -79.0709, -1.53127, -1.27819, -0.253079, -0.002303
22.3204, 0.0400049, 3.1152e-05, -79.0071, -1.53126, -1.27814, -0.253125, -0.00230354
22.3276, 0.039705, 0.000436854, -78.9433, -1.53126, -1.27808, -0.253172, -0.00230408
22.3348, 0.0392144, 0.000329804, -78.8796, -1.53125, -1.27803, -0.253218, -0.00230462
22.342, 0.0391085, -0.000165161, -78.816, -1.53124, -1.27798, -0.253264, -0.00230516
22.3492, 0.0395158, -0.000474749, -78.7524, -1.53124, -1.27793, -0.25331, -0.0023057
22.3564, 0.0399715, -0.000241571, -78.6888, -1.53123, -1.27788, -0.253356, -0.00230623
22.3636, 0.0399563, 0.000264504, -78.6253, -1.53123, -1.27782, -0.253403, -0.00230677
22.3708, 0.039495, 0.000460035, -78.5619, -1.53122, -1.27777, -0.253449, -0.00230731
22.378, 0.0391255, 0.000120582, -78.4985, -1.53122, -1.27772, -0.253495, -0.00230785
22.3852, 0.0392786, -0.000363079, -78.4352, -1.53121, -1.27767, -0.253541, -0.00230839
22.3924, 0.0397843, -0.000435945, -78.372, -1.5312, -1.27762, -0.253588, -0.00230893
22.3996, 0.0400694, -1.52136e-05, -78.3088, -1.5312, -1.27756, -0.253634, -0.00230947
22.4068, 0.0398145, 0.000417123, -78.2456, -1.53119, -1.27751, -0.25368, -0.00231
22.414, 0.0393182, 0.000367286, -78.1825, -1.53119, -1.27746, -0.253727, -0.00231054
22.4212, 0.0391532, -0.000107116, -78.1195, -1.53118, -1.27741, -0.253773, -0.00231108
22.4284, 0.0395134, -0.000465165, -78.0565, -1.53118, -1.27736, -0.25382, -0.00231162
22.4356, 0.0399947, -0.000299902, -77.9936, -1.53117, -1.2773, -0.253866, -0.00231216
22.4428, 0.0400568, 0.000200169, -77.9307, -1.53117, -1.27725, -0.253913, -0.0023127
22.45, 0.0396365, 0.000467501, -77.8679, -1.53116, -1.2772, -0.253959, -0.00231324
22.4572, 0.0392166, 0.000199797, -77.8051, -1.53115, -1.27715, -0.254005, -0.00231377
22.4644, 0.0392784, -0.000299414, -77.7424, -1.53115, -1.2771, -0.254052, -0.00231431
22.4716, 0.0397576, -0.00046618, -77.6797, -1.53114, -1.27704, -0.254099, -0.00231485
22.4788, 0.0401197, -0.000113052, -77.6171, -1.53114, -1.27699, -0.254145, -0.00231539
22.486, 0.0399636, 0.000361609, -77.5546, -1.53113, -1.27694, -0.254192, -0.00231593
22.4932, 0.039472, 0.000424062, -77.4921, -1.53113, -1.27689, -0.254238, -0.00231647
22.5004, 0.0392035, 4.88823e-06, -77.4297, -1.53112, -1.27684, -0.254285, -0.002317
22.5076, 0.0394649, -0.000425311, -77.3673, -1.53111, -1.27678, -0.254331, -0.00231754
22.5148, 0.0399692, -0.000385053, -77.305, -1.53111, -1.27673, -0.254378, -0.00231808
22.522, 0.0401585, 7.98883e-05, -77.2427, -1.5311, -1.27668, -0.254425, -0.00231862
22.5292, 0.0398285, 0.000449961, -77.1805, -1.5311, -1.27663, -0.254471, -0.00231916
22.5364, 0.0393539, 0.000312942, -77.1183, -1.53109, -1.27657, -0.254518, -0.00231969
22.5439, 0.0392778, -0.000197558, -77.0537, -1.53109, -1.27652, -0.254567, -0.00232025
22.5514, 0.0397174, -0.000478397, -76.9892, -1.53108, -1.27647, -0.254615, -0.00232081
22.5589, 0.0401553, -0.000195447, -76.9247, -1.53107, -1.27641, -0.254664, -0.00232137
22.5664, 0.0400776, 0.000313924, -76.8602, -1.53107, -1.27636, -0.254713, -0.00232193
22.5739, 0.0395843, 0.000444506, -76.7958, -1.53106, -1.2763, -0.254761, -0.00232249
22.5814, 0.0392679, 4.20574e-05, -76.7315, -1.53106, -1.27625, -0.25481, -0.00232305
22.5889, 0.0395095, -0.000416127, -76.6673, -1.53105, -1.27619, -0.254859, -0.00232361
22.5964, 0.0400295, -0.00038832, -76.603, -1.53105, -1.27614, -0.254907, -0.00232417
22.6039, 0.0402206, 9.18887e-05, -76.5389, -1.53104, -1.27608, -0.254956, -0.00232473
22.6113, 0.0398648, 0.000457804, -76.4748, -1.53103, -1.27603, -0.255005, -0.00232529
22.6188, 0.0393886, 0.000278975, -76.4108, -1.53103, -1.27597, -0.255054, -0.00232585
22.6263, 0.0393585, -0.000233594, -76.3468, -1.53102, -1.27592, -0.255103, -0.00232641
22.6338, 0.039816, -0.000477958, -76.2829, -1.53102, -1.27587, -0.255151, -0.00232697
22.6413, 0.040231, -0.000168252, -76.219, -1.53101, -1.27581, -0.2552, -0.00232753
22.6488, 0.040125, 0.000332329, -76.1552, -1.531, -1.27576, -0.255249, -0.00232809
22.6563, 0.0396293, 0.000438758, -76.0915, -1.531, -1.2757, -0.255298, -0.00232865
22.6638, 0.0393295, 2.75344e-05, -76.0278, -1.53099, -1.27565, -0.255347, -0.00232921
22.6713, 0.0395811, -0.000421599, -75.9642, -1.53099, -1.27559, -0.255396, -0.00232977
22.6788, 0.0400974, -0.000386307, -75.9006, -1.53098, -1.27554, -0.255445, -0.00233033
22.6863, 0.0402851, 9.16423e-05, -75.8371, -1.53098, -1.27548, -0.255494, -0.00233089
22.6938, 0.0399339, 0.000457406, -75.7737, -1.53097, -1.27543, -0.255543, -0.00233144
22.7012, 0.0394578, 0.000287742, -75.7103, -1.53096, -1.27537, -0.255592, -0.002332
22.7087, 0.0394141, -0.000220358, -75.6469, -1.53096, -1.27532, -0.255641, -0.00233256
22.7162, 0.0398591, -0.000479903, -75.5837, -1.53095, -1.27526, -0.25569, -0.00233312
22.7237, 0.0402858, -0.000192192, -75.5204, -1.53095, -1.27521, -0.255739, -0.00233368
22.7312, 0.0402099, 0.000310794, -75.4573, -1.53094, -1.27515, -0.255788, -0.00233424
22.7387, 0.039726, 0.000450765, -75.3942, -1.53094, -1.2751, -0.255837, -0.0023348
22.7462, 0.0393965, 6.77366e-05, -75.3311, -1.53093, -1.27504, -0.255887, -0.00233536
22.7537, 0.0396053, -0.00039864, -75.2681, -1.53092, -1.27499, -0.255936, -0.00233592
22.7612, 0.0401191, -0.000414765, -75.2052, -1.53092, -1.27493, -0.255985, -0.00233648
22.7687, 0.0403572, 3.70246e-05, -75.1423, -1.53091, -1.27488, -0.256034, -0.00233704
22.7762, 0.040055, 0.000440711, -75.0795, -1.53091, -1.27482, -0.256083, -0.0023376
22.7836, 0.0395641, 0.00033669, -75.0168, -1.5309, -1.27477, -0.256133, -0.00233815
22.7911, 0.0394495, -0.000155912, -74.9541, -1.5309, -1.27471, -0.256182, -0.00233871
22.7986, 0.0398471, -0.000477187, -74.8914, -1.53089, -1.27466, -0.256231, -0.00233927
22.8061, 0.0403119, -0.000263229, -74.8288, -1.53088, -1.2746, -0.25628, -0.00233983
22.8136, 0.0403241, 0.000242872, -74.7663, -1.53088, -1.27455, -0.25633, -0.00234039
22.8211, 0.0398771, 0.000468618, -74.7038, -1.53087, -1.27449, -0.256379, -0.00234095
22.8286, 0.0394827, 0.000159729, -74.6414, -1.53087, -1.27444, -0.256429, -0.00234151
22.8361, 0.0395915, -0.000334821, -74.579, -1.53086, -1.27438, -0.256478, -0.00234207
22.8439, 0.0401073, -0.000451287, -74.5142, -1.53086, -1.27433, -0.256529, -0.00234265
22.8517, 0.0404225, -2.9972e-05, -74.4495, -1.53085, -1.27427, -0.256581, -0.00234323
22.8595, 0.0401653, 0.000421259, -74.3848, -1.53084, -1.27421, -0.256632, -0.00234381
22.8673, 0.0396527, 0.000360181, -74.3202, -1.53084, -1.27415, -0.256684, -0.00234439
22.875, 0.0395073, -0.000139122, -74.2556, -1.53083, -1.2741, -0.256735, -0.00234497
22.8828, 0.0399096, -0.000477871, -74.1911, -1.53083, -1.27404, -0.256787, -0.00234555
22.8906, 0.0403848, -0.000251185, -74.1267, -1.53082, -1.27398, -0.256838, -0.00234613
22.8984, 0.0403723, 0.000269334, -74.0623, -1.53081, -1.27392, -0.25689, -0.00234671
22.9062, 0.0398949, 0.000462605, -73.998, -1.53081, -1.27387, -0.256941, -0.0023473
22.914, 0.0395286, 9.90764e-05, -73.9337, -1.5308, -1.27381, -0.256993, -0.00234788
22.9218, 0.0397157, -0.000388264, -73.8695, -1.5308, -1.27375, -0.257045, -0.00234846
22.9296, 0.0402402, -0.000420862, -73.8054, -1.53079, -1.27369, -0.257096, -0.00234904
22.9374, 0.0404871, 3.91659e-05, -73.7413, -1.53078, -1.27364, -0.257148, -0.00234962
22.9452, 0.0401717, 0.00044676, -73.6773, -1.53078, -1.27358, -0.2572, -0.0023502
22.953, 0.0396745, 0.000320533, -73.6133, -1.53077, -1.27352, -0.257251, -0.00235078
22.9608, 0.0395891, -0.000189764, -73.5494, -1.53077, -1.27346, -0.257303, -0.00235136
22.9686, 0.0400224, -0.000482576, -73.4856, -1.53076, -1.27341, -0.257355, -0.00235194
22.9763, 0.0404709, -0.000213983, -73.4218, -1.53076, -1.27335, -0.257407, -0.00235252
22.9841, 0.040415, 0.000299765, -73.3581, -1.53075, -1.27329, -0.257458, -0.0023531
22.9919, 0.0399279, 0.000456078, -73.2944, -1.53074, -1.27323, -0.25751, -0.00235368
22.9997, 0.0395873, 7.26163e-05, -73.2308, -1.53074, -1.27318, -0.257562, -0.00235426
23.0075, 0.0397978, -0.000401644, -73.1673, -1.53073, -1.27312, -0.257614, -0.00235484
23.0153, 0.0403197, -0.000413236, -73.1038, -1.53073, -1.27306, -0.257666, -0.00235542
23.0231, 0.0405514, 5.05608e-05, -73.0404, -1.53072, -1.273, -0.257718, -0.002356
23.0309, 0.0402307, 0.000449512, -72.9771, -1.53071, -1.27294, -0.25777, -0.00235659
23.0387, 0.0397378, 0.000320434, -72.9138, -1.53071, -1.27289, -0.257822, -0.00235717
23.0465, 0.0396512, -0.000186114, -72.8505, -1.5307, -1.27283, -0.257874, -0.00235775
23.0543, 0.0400773, -0.000483076, -72.7874, -1.5307, -1.27277, -0.257926, -0.00235833
23.0621, 0.0405294, -0.00022756, -72.7242, -1.53069, -1.27271, -0.257978, -0.00235891
23.0698, 0.0404925, 0.000284599, -72.6612, -1.53068, -1.27266, -0.25803, -0.00235949
23.0776, 0.0400166, 0.000462801, -72.5982, -1.53068, -1.2726, -0.258082, -0.00236007
23.0854, 0.0396568, 0.000102598, -72.5352, -1.53067, -1.27254, -0.258134, -0.00236065
23.0932, 0.0398328, -0.000381311, -72.4724, -1.53067, -1.27248, -0.258186, -0.00236123
23.101, 0.0403486, -0.000433701, -72.4095, -1.53066, -1.27242, -0.258238, -0.00236181
23.1088, 0.0406195, 4.67194e-06, -72.3468, -1.53066, -1.27237, -0.25829, -0.00236239
23.1166, 0.0403429, 0.000431726, -72.2841, -1.53065, -1.27231, -0.258342, -0.00236297
23.1244, 0.0398422, 0.000359953, -72.2214, -1.53064, -1.27225, -0.258395, -0.00236355
23.1322, 0.039695, -0.000127966, -72.1588, -1.53064, -1.27219, -0.258447, -0.00236413
23.14, 0.040075, -0.000476024, -72.0963, -1.53063, -1.27213, -0.258499, -0.00236471
23.1478, 0.0405559, -0.000288973, -72.0338, -1.53063, -1.27208, -0.258551, -0.00236529
23.1556, 0.0405987, 0.000220028, -71.9714, -1.53062, -1.27202, -0.258604, -0.00236587
23.1634, 0.0401621, 0.00047383, -71.9091, -1.53061, -1.27196, -0.258656, -0.00236645
23.1711, 0.0397474, 0.000185833, -71.8468, -1.53061, -1.2719, -0.258708, -0.00236703
23.1789, 0.0398294, -0.000317784, -71.7846, -1.5306, -1.27184, -0.258761, -0.00236761
23.1867, 0.0403212, -0.000468816, -71.7224, -1.5306, -1.27178, -0.258813, -0.00236819
23.1945, 0.0406751, -9.78708e-05, -71.6603, -1.53059, -1.27173, -0.258865, -0.00236877
23.2023, 0.0405, 0.000377178, -71.5982, -1.53059, -1.27167, -0.258918, -0.00236935
23.2101, 0.0399998, 0.000423024, -71.5362, -1.53058, -1.27161, -0.25897, -0.00236993
23.2179, 0.0397421, -1.09349e-05, -71.4743, -1.53057, -1.27155, -0.259023, -0.00237051
23.2257, 0.0400212, -0.000438343, -71.4124, -1.53057, -1.27149, -0.259075, -0.00237109
23.2335, 0.0405308, -0.000381795, -71.3506, -1.53056, -1.27144, -0.259128, -0.00237167
23.2413, 0.0407086, 9.47672e-05, -71.2888, -1.53056, -1.27138, -0.25918, -0.00237225
23.2491, 0.0403636, 0.000459908, -71.2271, -1.53055, -1.27132, -0.259233, -0.00237282
23.2569, 0.0398868, 0.000307862, -71.1654, -1.53055, -1.27126, -0.259285, -0.0023734
23.2649, 0.0398216, -0.000208194, -71.1017, -1.53054, -1.2712, -0.25934, -0.002374
23.273, 0.0402682, -0.000485363, -71.0381, -1.53053, -1.27114, -0.259394, -0.0023746
23.281, 0.0407082, -0.000198507, -70.9746, -1.53053, -1.27108, -0.259449, -0.0023752
23.2891, 0.0406326, 0.000315008, -70.9111, -1.53052, -1.27102, -0.259503, -0.0023758
23.2971, 0.0401377, 0.000453562, -70.8476, -1.53052, -1.27096, -0.259558, -0.0023764
23.3052, 0.0398098, 5.58431e-05, -70.7843, -1.53051, -1.2709, -0.259612, -0.002377
23.3132, 0.0400381, -0.000413053, -70.721, -1.5305, -1.27084, -0.259667, -0.0023776
23.3213, 0.0405626, -0.000406644, -70.6577, -1.5305, -1.27078, -0.259721, -0.0023782
23.3294, 0.0407795, 6.67786e-05, -70.5945, -1.53049, -1.27072, -0.259776, -0.0023788
23.3374, 0.0404443, 0.000456523, -70.5314, -1.53049, -1.27066, -0.25983, -0.00237939
23.3455, 0.0399535, 0.000310778, -70.4683, -1.53048, -1.2706, -0.259885, -0.00237999
23.3535, 0.0398825, -0.000200774, -70.4053, -1.53047, -1.27053, -0.25994, -0.00238059
23.3616, 0.0403195, -0.000486176, -70.3424, -1.53047, -1.27047, -0.259994, -0.00238119
23.3696, 0.040766, -0.000216458, -70.2795, -1.53046, -1.27041, -0.260049, -0.00238179
23.3777, 0.0407144, 0.000296615, -70.2167, -1.53046, -1.27035, -0.260104, -0.00238239
23.3858, 0.0402317, 0.000462378, -70.1539, -1.53045, -1.27029, -0.260158, -0.00238299
23.3938, 0.0398799, 9.10661e-05, -70.0912, -1.53044, -1.27023, -0.260213, -0.00238359
23.4019, 0.0400689, -0.000390576, -70.0286, -1.53044, -1.27017, -0.260268, -0.00238418
23.4099, 0.0405881, -0.000430936, -69.966, -1.53043, -1.27011, -0.260323, -0.00238478
23.418, 0.0408502, 1.53202e-05, -69.9035, -1.53043, -1.27005, -0.260378, -0.00238538
23.426, 0.0405633, 0.000438042, -69.841, -1.53042, -1.26999, -0.260433, -0.00238598
23.4341, 0.0400619, 0.000355632, -69.7787, -1.53042, -1.26993, -0.260487, -0.00238658
23.4421, 0.0399235, -0.000137249, -69.7163, -1.53041, -1.26987, -0.260542, -0.00238718
23.4502, 0.0403113, -0.000480075, -69.654, -1.5304, -1.26981, -0.260597, -0.00238777
23.4583, 0.0407913, -0.000284389, -69.5918, -1.5304, -1.26975, -0.260652, -0.00238837
23.4663, 0.0408265, 0.000227287, -69.5297, -1.53039, -1.26968, -0.260707, -0.00238897
23.4744, 0.0403847, 0.000476034, -69.4676, -1.53039, -1.26962, -0.260762, -0.00238957
23.4824, 0.0399718, 0.00018163, -69.4055, -1.53038, -1.26956, -0.260817, -0.00239017
23.4905, 0.0400597, -0.000323231, -69.3436, -1.53037, -1.2695, -0.260872, -0.00239077
23.4985, 0.0405551, -0.000470267, -69.2816, -1.53037, -1.26944, -0.260928, -0.00239136
23.5066, 0.0409075, -9.50134e-05, -69.2198, -1.53036, -1.26938, -0.260983, -0.00239196
23.5146, 0.0407286, 0.000380804, -69.158, -1.53036, -1.26932, -0.261038, -0.00239256
23.5227, 0.0402262, 0.00042434, -69.0963, -1.53035, -1.26926, -0.261093, -0.00239316
23.5308, 0.039969, -1.22593e-05, -69.0346, -1.53035, -1.2692, -0.261148, -0.00239376
23.5388, 0.04025, -0.000440912, -68.973, -1.53034, -1.26914, -0.261203, -0.00239435
23.5469, 0.0407617, -0.000384082, -68.9114, -1.53033, -1.26907, -0.261259, -0.00239495
23.5549, 0.0409409, 9.41061e-05, -68.8499, -1.53033, -1.26901, -0.261314, -0.00239555
23.563, 0.0405958, 0.000461826, -68.7885, -1.53032, -1.26895, -0.261369, -0.00239615
23.571, 0.0401164, 0.000311584, -68.7271, -1.53032, -1.26889, -0.261424, -0.00239675
23.5794, 0.0400478, -0.000206562, -68.6636, -1.53031, -1.26883, -0.261482, -0.00239737
23.5877, 0.0404948, -0.000488011, -68.6002, -1.5303, -1.26876, -0.261539, -0.00239798
23.5961, 0.040939, -0.000202908, -68.5369, -1.5303, -1.2687, -0.261596, -0.0023986
23.6044, 0.0408671, 0.000313712, -68.4736, -1.53029, -1.26864, -0.261654, -0.00239922
23.6127, 0.0403711, 0.000457174, -68.4104, -1.53029, -1.26857, -0.261711, -0.00239984
23.6211, 0.040038, 6.06291e-05, -68.3472, -1.53028, -1.26851, -0.261768, -0.00240046
23.6294, 0.0402628, -0.000412664, -68.2842, -1.53027, -1.26845, -0.261826, -0.00240108
23.6377, 0.0407899, -0.000411724, -68.2211, -1.53027, -1.26838, -0.261883, -0.0024017
23.6461, 0.0410132, 6.14914e-05, -68.1582, -1.53026, -1.26832, -0.261941, -0.00240231
23.6544, 0.0406813, 0.00045718, -68.0953, -1.53026, -1.26826, -0.261998, -0.00240293
23.6628, 0.0401864, 0.000317233, -68.0324, -1.53025, -1.26819, -0.262056, -0.00240355
23.6711, 0.040108, -0.000195562, -67.9697, -1.53024, -1.26813, -0.262113, -0.00240417
23.6794, 0.0405428, -0.000488611, -67.9069, -1.53024, -1.26807, -0.262171, -0.00240479
23.6878, 0.0409956, -0.000224618, -67.8443, -1.53023, -1.268, -0.262229, -0.00240541
23.6961, 0.0409524, 0.000291666, -67.7817, -1.53023, -1.26794, -0.262286, -0.00240603
23.7044, 0.0404705, 0.000466781, -67.7192, -1.53022, -1.26788, -0.262344, -0.00240664
23.7128, 0.0401103, 0.000100559, -67.6567, -1.53021, -1.26781, -0.262402, -0.00240726
23.7211, 0.0402906, -0.000386747, -67.5943, -1.53021, -1.26775, -0.262459, -0.00240788
23.7295, 0.0408112, -0.000437974, -67.532, -1.5302, -1.26768, -0.262517, -0.0024085
23.7378, 0.0410843, 4.50676e-06, -67.4697, -1.5302, -1.26762, -0.262575, -0.00240912
23.7461, 0.040806, 0.000435728, -67.4075, -1.53019, -1.26756, -0.262633, -0.00240973
23.7545, 0.0403007, 0.000365309, -67.3454, -1.53018, -1.26749, -0.26269, -0.00241035
23.7628, 0.0401492, -0.000125854, -67.2833, -1.53018, -1.26743, -0.262748, -0.00241097
23.7712, 0.0405294, -0.000480243, -67.2212, -1.53017, -1.26737, -0.262806, -0.00241159
23.7795, 0.0410167, -0.000297092, -67.1593, -1.53017, -1.2673, -0.262864, -0.00241221
23.7878, 0.0410671, 0.000215663, -67.0974, -1.53016, -1.26724, -0.262922, -0.00241282
23.7962, 0.0406313, 0.000479072, -67.0355, -1.53015, -1.26717, -0.26298, -0.00241344
23.8045, 0.0402076, 0.000197011, -66.9737, -1.53015, -1.26711, -0.263038, -0.00241406
23.8128, 0.040279, -0.0003124, -66.912, -1.53014, -1.26705, -0.263096, -0.00241468
23.8212, 0.040771, -0.000477027, -66.8504, -1.53014, -1.26698, -0.263154, -0.0024153
23.8295, 0.0411383, -0.000113084, -66.7888, -1.53013, -1.26692, -0.263212, -0.00241591
23.8379, 0.0409768, 0.000371313, -66.7272, -1.53012, -1.26685, -0.26327, -0.00241653
23.8462, 0.0404746, 0.000434994, -66.6658, -1.53012, -1.26679, -0.263328, -0.00241715
23.8545, 0.0401987, 7.77772e-06, -66.6044, -1.53011, -1.26673, -0.263386, -0.00241777
23.8629, 0.0404625, -0.000433883, -66.543, -1.53011, -1.26666, -0.263445, -0.00241838
23.8712, 0.0409782, -0.000399199, -66.4817, -1.5301, -1.2666, -0.263503, -0.002419
23.8795, 0.0411799, 7.24229e-05, -66.4205, -1.5301, -1.26653, -0.263561, -0.00241962
23.8879, 0.0408513, 0.000457804, -66.3593, -1.53009, -1.26647, -0.263619, -0.00242024
23.8962, 0.0403633, 0.000331007, -66.2982, -1.53008, -1.26641, -0.263678, -0.00242086
23.9049, 0.0402701, -0.00018928, -66.2345, -1.53008, -1.26634, -0.263738, -0.0024215
23.9136, 0.0407116, -0.000490443, -66.1708, -1.53007, -1.26627, -0.263799, -0.00242214
23.9223, 0.0411692, -0.00021486, -66.1072, -1.53006, -1.2662, -0.26386, -0.00242279
23.9311, 0.0411072, 0.000309354, -66.0436, -1.53006, -1.26614, -0.263921, -0.00242343
23.9398, 0.0406072, 0.000460682, -65.9801, -1.53005, -1.26607, -0.263982, -0.00242408
23.9485, 0.0402687, 6.08353e-05, -65.9167, -1.53005, -1.266, -0.264043, -0.00242472
23.9572, 0.0404982, -0.000417076, -65.8533, -1.53004, -1.26594, -0.264104, -0.00242537
23.9659, 0.0410315, -0.000409618, -65.7901, -1.53003, -1.26587, -0.264165, -0.00242601
23.9746, 0.0412477, 7.35273e-05, -65.7268, -1.53003, -1.2658, -0.264227, -0.00242666
23.9833, 0.0409006, 0.000463957, -65.6637, -1.53002, -1.26573, -0.264288, -0.0024273
23.992, 0.0404055, 0.000304027, -65.6006, -1.53002, -1.26567, -0.264349, -0.00242795
24.0007, 0.0403494, -0.000218017, -65.5376, -1.53001, -1.2656, -0.26441, -0.00242859
24.0094, 0.0408041, -0.000491445, -65.4746, -1.53, -1.26553, -0.264471, -0.00242924
24.0181, 0.0412454, -0.000197756, -65.4117, -1.53, -1.26547, -0.264533, -0.00242988
24.0268, 0.0411665, 0.000319948, -65.3489, -1.52999, -1.2654, -0.264594, -0.00243052
24.0355, 0.0406672, 0.000459372, -65.2861, -1.52999, -1.26533, -0.264655, -0.00243117
24.0442, 0.0403349, 5.94246e-05, -65.2234, -1.52998, -1.26526, -0.264716, -0.00243181
24.053, 0.0405613, -0.000415492, -65.1608, -1.52997, -1.2652, -0.264778, -0.00243246
24.0617, 0.0410905, -0.000415952, -65.0982, -1.52997, -1.26513, -0.264839, -0.0024331
24.0704, 0.041318, 5.76594e-05, -65.0357, -1.52996, -1.26506, -0.264901, -0.00243374
24.0791, 0.0409891, 0.00045853, -64.9733, -1.52995, -1.26499, -0.264962, -0.00243439
24.0878, 0.0404903, 0.000325542, -64.9109, -1.52995, -1.26493, -0.265024, -0.00243503
24.0965, 0.0404019, -0.000187512, -64.8486, -1.52994, -1.26486, -0.265085, -0.00243568
24.1052, 0.0408314, -0.000491581, -64.7863, -1.52994, -1.26479, -0.265147, -0.00243632
24.1139, 0.0412931, -0.000239003, -64.7241, -1.52993, -1.26472, -0.265208, -0.00243697
24.1226, 0.0412662, 0.000280497, -64.662, -1.52992, -1.26465, -0.26527, -0.00243761
24.1313, 0.0407893, 0.000473756, -64.6, -1.52992, -1.26459, -0.265332, -0.00243825
24.14, 0.0404133, 0.000121327, -64.538, -1.52991, -1.26452, -0.265393, -0.0024389
24.1487, 0.0405723, -0.000375053, -64.4761, -1.52991, -1.26445, -0.265455, -0.00243954
24.1574, 0.0410917, -0.000451756, -64.4142, -1.5299, -1.26438, -0.265517, -0.00244018
24.1661, 0.0413892, -2.27159e-05, -64.3524, -1.52989, -1.26432, -0.265578, -0.00244083
24.1749, 0.0411355, 0.000425814, -64.2907, -1.52989, -1.26425, -0.26564, -0.00244147
24.1836, 0.0406251, 0.000387376, -64.229, -1.52988, -1.26418, -0.265702, -0.00244212
24.1923, 0.0404405, -9.37348e-05, -64.1674, -1.52988, -1.26411, -0.265764, -0.00244276
24.201, 0.0407956, -0.000475301, -64.1058, -1.52987, -1.26404, -0.265826, -0.0024434
24.2097, 0.0412972, -0.000328935, -64.0444, -1.52986, -1.26398, -0.265888, -0.00244405
24.2184, 0.0413893, 0.000180178, -63.9829, -1.52986, -1.26391, -0.26595, -0.00244469
24.2271, 0.0409764, 0.000481419, -63.9216, -1.52985, -1.26384, -0.266012, -0.00244533
24.2358, 0.0405277, 0.000238584, -63.8603, -1.52985, -1.26377, -0.266074, -0.00244598
24.2445, 0.0405504, -0.000276339, -63.7991, -1.52984, -1.2637, -0.266136, -0.00244662
24.2532, 0.041025, -0.000489383, -63.7379, -1.52983, -1.26364, -0.266198, -0.00244726
24.2619, 0.0414297, -0.000164328, -63.6768, -1.52983, -1.26357, -0.26626, -0.00244791
24.2706, 0.0413221, 0.000336994, -63.6158, -1.52982, -1.2635, -0.266322, -0.00244855
24.2797, 0.0408096, 0.000451965, -63.5525, -1.52982, -1.26343, -0.266386, -0.00244922
24.2887, 0.0404993, 2.56507e-05, -63.4892, -1.52981, -1.26336, -0.266451, -0.00244989
24.2978, 0.0407648, -0.000437285, -63.426, -1.5298, -1.26329, -0.266515, -0.00245055
24.3068, 0.0412992, -0.00039086, -63.3629, -1.5298, -1.26322, -0.26658, -0.00245122
24.3158, 0.0414802, 0.000109284, -63.2998, -1.52979, -1.26315, -0.266645, -0.00245189
24.3249, 0.0411032, 0.000474564, -63.2369, -1.52978, -1.26308, -0.266709, -0.00245256
24.3339, 0.0406187, 0.000276778, -63.1739, -1.52978, -1.263, -0.266774, -0.00245323
24.343, 0.0406015, -0.000251387, -63.1111, -1.52977, -1.26293, -0.266839, -0.00245389
24.352, 0.0410781, -0.000491962, -63.0483, -1.52977, -1.26286, -0.266904, -0.00245456
24.3611, 0.0414986, -0.000164832, -62.9856, -1.52976, -1.26279, -0.266969, -0.00245523
24.3701, 0.0413807, 0.000347885, -62.9229, -1.52975, -1.26272, -0.267033, -0.0024559
24.3791, 0.0408696, 0.000449743, -62.8604, -1.52975, -1.26265, -0.267098, -0.00245656
24.3882, 0.0405665, 2.33493e-05, -62.7978, -1.52974, -1.26258, -0.267163, -0.00245723
24.3972, 0.0408292, -0.000436288, -62.7354, -1.52974, -1.26251, -0.267228, -0.0024579
24.4063, 0.0413599, -0.000397584, -62.673, -1.52973, -1.26244, -0.267293, -0.00245857
24.4153, 0.0415526, 9.37809e-05, -62.6107, -1.52972, -1.26236, -0.267358, -0.00245923
24.4244, 0.0411931, 0.000470705, -62.5485, -1.52972, -1.26229, -0.267423, -0.0024599
24.4334, 0.040703, 0.000299866, -62.4863, -1.52971, -1.26222, -0.267488, -0.00246057
24.4424, 0.0406525, -0.000221474, -62.4242, -1.5297, -1.26215, -0.267553, -0.00246124
24.4515, 0.0411056, -0.00049508, -62.3621, -1.5297, -1.26208, -0.267619, -0.0024619
24.4605, 0.0415499, -0.000208426, -62.3001, -1.52969, -1.26201, -0.267684, -0.00246257
24.4696, 0.0414851, 0.000309968, -62.2382, -1.52969, -1.26194, -0.267749, -0.00246324
24.4786, 0.0409931, 0.000468641, -62.1764, -1.52968, -1.26187, -0.267814, -0.00246391
24.4877, 0.0406416, 8.776e-05, -62.1146, -1.52967, -1.26179, -0.267879, -0.00246457
24.4967, 0.0408366, -0.0003989, -62.0529, -1.52967, -1.26172, -0.267945, -0.00246524
24.5058, 0.0413629, -0.000439277, -61.9912, -1.52966, -1.26165, -0.26801, -0.00246591
24.5148, 0.0416308, 1.14092e-05, -61.9296, -1.52966, -1.26158, -0.268075, -0.00246657
24.5238, 0.0413453, 0.000442906, -61.8681, -1.52965, -1.26151, -0.268141, -0.00246724
24.5329, 0.0408363, 0.000368567, -61.8066, -1.52964, -1.26144, -0.268206, -0.00246791
24.5419, 0.0406843, -0.00012686, -61.7453, -1.52964, -1.26137, -0.268272, -0.00246857
24.551, 0.0410663, -0.000485701, -61.6839, -1.52963, -1.26129, -0.268337, -0.00246924
24.56, 0.0415594, -0.000305669, -61.6227, -1.52962, -1.26122, -0.268403, -0.00246991
24.5691, 0.0416181, 0.000210492, -61.5615, -1.52962, -1.26115, -0.268468, -0.00247058
24.5781, 0.0411844, 0.00048507, -61.5004, -1.52961, -1.26108, -0.268534, -0.00247124
24.5871, 0.0407502, 0.000212175, -61.4393, -1.52961, -1.26101, -0.2686, -0.00247191
24.5962, 0.0408059, -0.000303066, -61.3783, -1.5296, -1.26094, -0.268665, -0.00247258
24.6052, 0.0412953, -0.000487245, -61.3174, -1.52959, -1.26086, -0.268731, -0.00247324
24.6143, 0.041681, -0.000136641, -61.2565, -1.52959, -1.26079, -0.268797, -0.00247391
24.6233, 0.0415427, 0.000359161, -61.1957, -1.52958, -1.26072, -0.268862, -0.00247458
24.6324, 0.0410412, 0.000451512, -61.135, -1.52958, -1.26065, -0.268928, -0.00247524
24.6414, 0.0407375, 3.93155e-05, -61.0743, -1.52957, -1.26058, -0.268994, -0.00247591
24.6504, 0.0409727, -0.000422106, -61.0137, -1.52956, -1.2605, -0.26906, -0.00247657
24.6595, 0.0414935, -0.000425064, -60.9531, -1.52956, -1.26043, -0.269126, -0.00247724
24.6685, 0.0417341, 3.27042e-05, -60.8927, -1.52955, -1.26036, -0.269192, -0.00247791
24.6776, 0.041438, 0.000448437, -60.8322, -1.52955, -1.26029, -0.269258, -0.00247857
24.6866, 0.040937, 0.000367343, -60.7719, -1.52954, -1.26022, -0.269324, -0.00247924
24.696, 0.0407909, -0.000141135, -60.7093, -1.52953, -1.26014, -0.269392, -0.00247993
24.7054, 0.0411956, -0.000491242, -60.6467, -1.52953, -1.26007, -0.269461, -0.00248062
24.7148, 0.041686, -0.000275557, -60.5843, -1.52952, -1.25999, -0.269529, -0.00248132
24.7242, 0.0416991, 0.000254015, -60.5219, -1.52951, -1.25992, -0.269598, -0.00248201
24.7336, 0.041228, 0.000482327, -60.4595, -1.52951, -1.25984, -0.269667, -0.0024827
24.743, 0.0408265, 0.000145567, -60.3973, -1.5295, -1.25977, -0.269735, -0.00248339
24.7524, 0.040966, -0.000365766, -60.3351, -1.5295, -1.25969, -0.269804, -0.00248408
24.7617, 0.0414915, -0.000461252, -60.273, -1.52949, -1.25962, -0.269873, -0.00248477
24.7711, 0.0418042, -3.17814e-05, -60.2109, -1.52948, -1.25954, -0.269942, -0.00248547
24.7805, 0.0415522, 0.000427774, -60.1489, -1.52948, -1.25947, -0.270011, -0.00248616
24.7899, 0.041033, 0.000389968, -60.087, -1.52947, -1.25939, -0.27008, -0.00248685
24.7993, 0.0408491, -0.000100847, -60.0251, -1.52946, -1.25932, -0.270149, -0.00248754
24.8087, 0.0412172, -0.000482533, -59.9634, -1.52946, -1.25924, -0.270218, -0.00248823
24.8181, 0.0417231, -0.000319724, -59.9016, -1.52945, -1.25917, -0.270287, -0.00248892
24.8275, 0.0417973, 0.000200955, -59.84, -1.52945, -1.25909, -0.270356, -0.00248962
24.8369, 0.0413635, 0.0004867, -59.7784, -1.52944, -1.25901, -0.270425, -0.00249031
24.8463, 0.0409221, 0.000213706, -59.7169, -1.52943, -1.25894, -0.270494, -0.002491
24.8557, 0.0409803, -0.000307569, -59.6555, -1.52943, -1.25886, -0.270563, -0.00249169
24.8651, 0.0414782, -0.000487153, -59.5941, -1.52942, -1.25879, -0.270632, -0.00249238
24.8744, 0.0418599, -0.000123092, -59.5328, -1.52941, -1.25871, -0.270701, -0.00249307
24.8838, 0.0417026, 0.000373287, -59.4715, -1.52941, -1.25864, -0.270771, -0.00249376
24.8932, 0.0411914, 0.000443509, -59.4104, -1.5294, -1.25856, -0.27084, -0.00249445
24.9026, 0.0409077, 9.67713e-06, -59.3493, -1.5294, -1.25849, -0.270909, -0.00249514
24.912, 0.0411759, -0.000441064, -59.2882, -1.52939, -1.25841, -0.270979, -0.00249584
24.9214, 0.0417017, -0.000404617, -59.2272, -1.52938, -1.25834, -0.271048, -0.00249653
24.9308, 0.0419046, 7.72674e-05, -59.1663, -1.52938, -1.25826, -0.271117, -0.00249722
24.9402, 0.0415661, 0.000466711, -59.1055, -1.52937, -1.25818, -0.271187, -0.00249791
24.9496, 0.0410707, 0.000330809, -59.0447, -1.52937, -1.25811, -0.271256, -0.0024986
24.9593, 0.040983, -0.000196679, -58.9819, -1.52936, -1.25803, -0.271328, -0.00249931
24.969, 0.0414316, -0.000498545, -58.9191, -1.52935, -1.25795, -0.271401, -0.00250003
24.9788, 0.0418946, -0.00021975, -58.8563, -1.52935, -1.25787, -0.271473, -0.00250075
24.9885, 0.0418352, 0.000310759, -58.7937, -1.52934, -1.25779, -0.271545, -0.00250146
24.9982, 0.0413317, 0.000470027, -58.7311, -1.52933, -1.25772, -0.271617, -0.00250218
25.0079, 0.0409821, 7.23301e-05, -58.6686, -1.52933, -1.25764, -0.271689, -0.00250289
25.0177, 0.0412021, -0.000416322, -58.6061, -1.52932, -1.25756, -0.271761, -0.00250361
25.0274, 0.0417413, -0.000425688, -58.5438, -1.52931, -1.25748, -0.271834, -0.00250432
25.0371, 0.0419786, 5.4108e-05, -58.4815, -1.52931, -1.2574, -0.271906, -0.00250504
25.0469, 0.0416462, 0.000464424, -58.4192, -1.5293, -1.25732, -0.271978, -0.00250575
25.0566, 0.0411384, 0.000329469, -58.3571, -1.5293, -1.25724, -0.272051, -0.00250647
25.0663, 0.0410507, -0.000193342, -58.295, -1.52929, -1.25717, -0.272123, -0.00250718
25.076, 0.0414909, -0.000499055, -58.233, -1.52928, -1.25709, -0.272196, -0.0025079
25.0858, 0.0419575, -0.000235557, -58.171, -1.52928, -1.25701, -0.272268, -0.00250861
25.0955, 0.0419206, 0.00029259, -58.1091, -1.52927, -1.25693, -0.272341, -0.00250933
25.1052, 0.041431, 0.000478002, -58.0473, -1.52926, -1.25685, -0.272414, -0.00251004
25.115, 0.0410584, 0.000108805, -57.9856, -1.52926, -1.25677, -0.272486, -0.00251076
25.1247, 0.0412362, -0.000391218, -57.9239, -1.52925, -1.25669, -0.272559, -0.00251147
25.1344, 0.0417674, -0.000450565, -57.8623, -1.52924, -1.25661, -0.272632, -0.00251219
25.1441, 0.0420526, -2.54375e-06, -57.8008, -1.52924, -1.25653, -0.272704, -0.0025129
25.1539, 0.0417751, 0.00044186, -57.7394, -1.52923, -1.25645, -0.272777, -0.00251362
25.1636, 0.0412584, 0.000377871, -57.678, -1.52923, -1.25638, -0.27285, -0.00251433
25.1733, 0.041096, -0.00012084, -57.6167, -1.52922, -1.2563, -0.272923, -0.00251504
25.183, 0.041478, -0.000488998, -57.5554, -1.52921, -1.25622, -0.272996, -0.00251576
25.1928, 0.0419789, -0.000311107, -57.4942, -1.52921, -1.25614, -0.273069, -0.00251647
25.2025, 0.0420408, 0.000211085, -57.4331, -1.5292, -1.25606, -0.273142, -0.00251719
25.2122, 0.0416022, 0.000489298, -57.3721, -1.52919, -1.25598, -0.273215, -0.0025179
25.222, 0.0411638, 0.000211665, -57.3111, -1.52919, -1.2559, -0.273288, -0.00251862
25.2317, 0.0412239, -0.000309396, -57.2502, -1.52918, -1.25582, -0.273361, -0.00251933
25.2414, 0.0417213, -0.000490455, -57.1894, -1.52918, -1.25574, -0.273434, -0.00252004
25.2511, 0.0421066, -0.000130129, -57.1286, -1.52917, -1.25566, -0.273507, -0.00252076
25.2609, 0.0419576, 0.000368809, -57.0679, -1.52916, -1.25558, -0.27358, -0.00252147
25.2706, 0.0414484, 0.000451097, -57.0073, -1.52916, -1.2555, -0.273654, -0.00252219
25.2803, 0.0411518, 2.63316e-05, -56.9468, -1.52915, -1.25542, -0.273727, -0.0025229
25.2901, 0.0414031, -0.000433687, -56.8863, -1.52914, -1.25534, -0.2738, -0.00252362
25.2998, 0.0419299, -0.000420149, -56.8259, -1.52914, -1.25526, -0.273874, -0.00252433
25.3095, 0.042157, 5.09131e-05, -56.7655, -1.52913, -1.25518, -0.273947, -0.00252504
25.3192, 0.0418419, 0.000459489, -56.7052, -1.52913, -1.2551, -0.274021, -0.00252576
25.329, 0.041339, 0.000356464, -56.645, -1.52912, -1.25502, -0.274094, -0.00252647
25.3391, 0.0412147, -0.000165573, -56.5824, -1.52911, -1.25494, -0.274171, -0.00252721
25.3492, 0.041643, -0.000499099, -56.5198, -1.52911, -1.25486, -0.274247, -0.00252796
25.3594, 0.0421268, -0.00025242, -56.4574, -1.5291, -1.25478, -0.274324, -0.0025287
25.3695, 0.0421059, 0.000283743, -56.395, -1.52909, -1.25469, -0.274401, -0.00252944
25.3796, 0.0416135, 0.000480888, -56.3326, -1.52909, -1.25461, -0.274477, -0.00253019
25.3898, 0.0412336, 0.000109361, -56.2704, -1.52908, -1.25453, -0.274554, -0.00253093
25.3999, 0.0414167, -0.000396225, -56.2082, -1.52907, -1.25444, -0.274631, -0.00253167
25.41, 0.0419558, -0.000447022, -56.1461, -1.52907, -1.25436, -0.274708, -0.00253242
25.4201, 0.0422314, 1.49638e-05, -56.084, -1.52906, -1.25428, -0.274785, -0.00253316
25.4303, 0.0419319, 0.000452904, -56.022, -1.52905, -1.25419, -0.274862, -0.0025339
25.4404, 0.0414127, 0.000360061, -55.9602, -1.52905, -1.25411, -0.274939, -0.00253464
25.4505, 0.0412814, -0.000155142, -55.8983, -1.52904, -1.25403, -0.275016, -0.00253539
25.4607, 0.0416958, -0.000497906, -55.8366, -1.52904, -1.25394, -0.275093, -0.00253613
25.4708, 0.0421854, -0.000274323, -55.7749, -1.52903, -1.25386, -0.27517, -0.00253687
25.4809, 0.0421953, 0.000257621, -55.7133, -1.52902, -1.25378, -0.275247, -0.00253762
25.4911, 0.0417226, 0.000487708, -55.6518, -1.52902, -1.25369, -0.275324, -0.00253836
25.5012, 0.0413163, 0.000153511, -55.5903, -1.52901, -1.25361, -0.275402, -0.0025391
25.5113, 0.0414473, -0.000362262, -55.5289, -1.529, -1.25352, -0.275479, -0.00253984
25.5215, 0.0419724, -0.000471714, -55.4676, -1.529, -1.25344, -0.275556, -0.00254059
25.5316, 0.0423011, -5.13643e-05, -55.4064, -1.52899, -1.25336, -0.275634, -0.00254133
25.5417, 0.0420682, 0.00042066, -55.3452, -1.52898, -1.25327, -0.275711, -0.00254207
25.5518, 0.0415459, 0.000409774, -55.2841, -1.52898, -1.25319, -0.275789, -0.00254281
25.562, 0.0413324, -7.06006e-05, -55.2231, -1.52897, -1.2531, -0.275866, -0.00254356
25.5721, 0.0416749, -0.000477605, -55.1621, -1.52896, -1.25302, -0.275944, -0.0025443
25.5822, 0.0421939, -0.000353303, -55.1013, -1.52896, -1.25294, -0.276021, -0.00254504
25.5924, 0.042313, 0.000161425, -55.0404, -1.52895, -1.25285, -0.276099, -0.00254578
25.6025, 0.0419069, 0.000488591, -54.9797, -1.52895, -1.25277, -0.276176, -0.00254652
25.6126, 0.0414383, 0.000262573, -54.919, -1.52894, -1.25268, -0.276254, -0.00254727
25.6228, 0.0414377, -0.000262939, -54.8584, -1.52893, -1.2526, -0.276332, -0.00254801
25.6329, 0.0419118, -0.000501578, -54.7979, -1.52893, -1.25252, -0.27641, -0.00254875
25.643, 0.0423392, -0.000188602, -54.7375, -1.52892, -1.25243, -0.276488, -0.00254949
25.6532, 0.0422526, 0.000327261, -54.6771, -1.52891, -1.25235, -0.276565, -0.00255023
25.6637, 0.0417363, 0.000468002, -54.6145, -1.52891, -1.25226, -0.276646, -0.002551
25.6742, 0.0414009, 4.86153e-05, -54.5519, -1.5289, -1.25217, -0.276727, -0.00255177
25.6847, 0.0416496, -0.000434784, -54.4895, -1.52889, -1.25209, -0.276808, -0.00255254
25.6952, 0.042196, -0.000412845, -54.4271, -1.52889, -1.252, -0.276889, -0.00255331
25.7057, 0.042405, 8.74898e-05, -54.3648, -1.52888, -1.25191, -0.27697, -0.00255408
25.7163, 0.04204, 0.000478374, -54.3026, -1.52887, -1.25182, -0.277052, -0.00255485
25.7268, 0.0415372, 0.000302605, -54.2404, -1.52887, -1.25173, -0.277133, -0.00255562
25.7373, 0.0414918, -0.000233228, -54.1783, -1.52886, -1.25165, -0.277214, -0.00255639
25.7478, 0.0419633, -0.000503765, -54.1163, -1.52885, -1.25156, -0.277295, -0.00255716
25.7583, 0.0424096, -0.000194955, -54.0544, -1.52885, -1.25147, -0.277377, -0.00255793
25.7688, 0.0423205, 0.000333392, -53.9926, -1.52884, -1.25138, -0.277458, -0.0025587
25.7794, 0.0418079, 0.000468731, -53.9308, -1.52883, -1.2513, -0.277539, -0.00255947
25.7899, 0.041473, 5.55275e-05, -53.8691, -1.52883, -1.25121, -0.277621, -0.00256024
25.8004, 0.0417092, -0.000428238, -53.8075, -1.52882, -1.25112, -0.277702, -0.00256101
25.8109, 0.0422508, -0.00042545, -53.7459, -1.52882, -1.25103, -0.277784, -0.00256178
25.8214, 0.0424823, 5.95345e-05, -53.6845, -1.52881, -1.25094, -0.277866, -0.00256255
25.832, 0.0421464, 0.000469496, -53.6231, -1.5288, -1.25086, -0.277947, -0.00256332
25.8425, 0.0416363, 0.00033552, -53.5617, -1.5288, -1.25077, -0.278029, -0.00256409
25.853, 0.0415424, -0.000188112, -53.5005, -1.52879, -1.25068, -0.278111, -0.00256486
25.8635, 0.041978, -0.000503769, -53.4393, -1.52878, -1.25059, -0.278192, -0.00256563
25.874, 0.0424539, -0.000252985, -53.3782, -1.52878, -1.2505, -0.278274, -0.0025664
25.8845, 0.0424373, 0.000278265, -53.3172, -1.52877, -1.25041, -0.278356, -0.00256717
25.8951, 0.0419555, 0.000487635, -53.2562, -1.52876, -1.25033, -0.278438, -0.00256793
25.9056, 0.0415615, 0.000139264, -53.1954, -1.52876, -1.25024, -0.27852, -0.0025687
25.9161, 0.0417068, -0.000372568, -53.1346, -1.52875, -1.25015, -0.278602, -0.00256947
25.9266, 0.0422338, -0.000471349, -53.0738, -1.52874, -1.25006, -0.278684, -0.00257024
25.9371, 0.0425569, -4.71286e-05, -53.0132, -1.52874, -1.24997, -0.278766, -0.00257101
25.9476, 0.0423217, 0.00042327, -52.9526, -1.52873, -1.24988, -0.278848, -0.00257178
25.9582, 0.0417998, 0.000413503, -52.8921, -1.52872, -1.24979, -0.278931, -0.00257255
25.9687, 0.0415819, -6.43505e-05, -52.8317, -1.52872, -1.24971, -0.279013, -0.00257332
25.9792, 0.0419171, -0.000476768, -52.7713, -1.52871, -1.24962, -0.279095, -0.00257408
25.9897, 0.0424386, -0.000365385, -52.711, -1.52871, -1.24953, -0.279178, -0.00257485
26.0006, 0.0425685, 0.000163181, -52.6487, -1.5287, -1.24944, -0.279263, -0.00257565
26.0115, 0.0421445, 0.000492743, -52.5865, -1.52869, -1.24934, -0.279348, -0.00257644
26.0224, 0.0416737, 0.000236752, -52.5244, -1.52869, -1.24925, -0.279433, -0.00257724
26.0332, 0.0417156, -0.00030341, -52.4623, -1.52868, -1.24916, -0.279519, -0.00257803
26.0441, 0.0422279, -0.000495402, -52.4003, -1.52867, -1.24907, -0.279604, -0.00257883
26.055, 0.0426193, -0.000116022, -52.3384, -1.52867, -1.24898, -0.27969, -0.00257962
26.0659, 0.0424421, 0.000391576, -52.2766, -1.52866, -1.24888, -0.279775, -0.00258042
26.0768, 0.0419113, 0.000437247, -52.2148, -1.52865, -1.24879, -0.279861, -0.00258121
26.0877, 0.0416509, -3.08497e-05, -52.1532, -1.52865, -1.2487, -0.279947, -0.00258201
26.0985, 0.0419693, -0.000469833, -52.0916, -1.52864, -1.24861, -0.280032, -0.0025828
26.1094, 0.042505, -0.000372902, -52.03, -1.52863, -1.24851, -0.280118, -0.0025836
26.1203, 0.0426479, 0.000146945, -51.9686, -1.52863, -1.24842, -0.280204, -0.00258439
26.1312, 0.0422423, 0.000490958, -51.9072, -1.52862, -1.24833, -0.28029, -0.00258519
26.1421, 0.0417624, 0.000264862, -51.846, -1.52861, -1.24824, -0.280376, -0.00258598
26.1529, 0.0417654, -0.000271078, -51.7847, -1.52861, -1.24814, -0.280462, -0.00258677
26.1638, 0.0422543, -0.000503785, -51.7236, -1.5286, -1.24805, -0.280548, -0.00258757
26.1747, 0.0426779, -0.000168707, -51.6626, -1.52859, -1.24796, -0.280634, -0.00258836
26.1856, 0.042562, 0.000351533, -51.6016, -1.52859, -1.24787, -0.28072, -0.00258916
26.1965, 0.042047, 0.000465857, -51.5407, -1.52858, -1.24777, -0.280806, -0.00258995
26.2074, 0.0417247, 4.57627e-05, -51.4799, -1.52857, -1.24768, -0.280892, -0.00259075
26.2182, 0.0419665, -0.000432512, -51.4191, -1.52857, -1.24759, -0.280978, -0.00259154
26.2291, 0.0425055, -0.000429294, -51.3584, -1.52856, -1.24749, -0.281065, -0.00259233
26.24, 0.0427417, 5.05804e-05, -51.2978, -1.52855, -1.2474, -0.281151, -0.00259313
26.2509, 0.0424178, 0.000466862, -51.2373, -1.52855, -1.24731, -0.281237, -0.00259392
26.2618, 0.0419057, 0.000353088, -51.1769, -1.52854, -1.24722, -0.281324, -0.00259472
26.2726, 0.041786, -0.00016214, -51.1165, -1.52853, -1.24712, -0.28141, -0.00259551
26.2835, 0.0421986, -0.000502718, -51.0562, -1.52853, -1.24703, -0.281497, -0.0025963
26.2944, 0.0426899, -0.000289753, -50.996, -1.52852, -1.24694, -0.281584, -0.0025971
26.3053, 0.0427209, 0.000238639, -50.9358, -1.52851, -1.24684, -0.28167, -0.00259789
26.3162, 0.0422656, 0.000495611, -50.8758, -1.52851, -1.24675, -0.281757, -0.00259868
26.3271, 0.0418364, 0.000197453, -50.8158, -1.5285, -1.24666, -0.281844, -0.00259948
26.3379, 0.0419144, -0.000325127, -50.7559, -1.52849, -1.24656, -0.281931, -0.00260027
26.3488, 0.0424195, -0.000495643, -50.696, -1.52849, -1.24647, -0.282017, -0.00260106
26.3597, 0.0428023, -0.000127485, -50.6363, -1.52848, -1.24638, -0.282104, -0.00260186
26.3706, 0.0426502, 0.000373939, -50.5766, -1.52847, -1.24628, -0.282191, -0.00260265
26.3815, 0.0421382, 0.000459196, -50.517, -1.52847, -1.24619, -0.282278, -0.00260344
26.3923, 0.0418339, 3.61993e-05, -50.4574, -1.52846, -1.2461, -0.282365, -0.00260424
26.4032, 0.0420756, -0.000432492, -50.398, -1.52846, -1.246, -0.282453, -0.00260503
26.4141, 0.0426059, -0.00043678, -50.3386, -1.52845, -1.24591, -0.28254, -0.00260582
26.425, 0.0428554, 2.67752e-05, -50.2792, -1.52844, -1.24582, -0.282627, -0.00260662
26.4359, 0.0425614, 0.000454694, -50.22, -1.52844, -1.24572, -0.282714, -0.00260741
26.4468, 0.0420503, 0.000384412, -50.1608, -1.52843, -1.24563, -0.282802, -0.0026082
26.4581, 0.0418858, -0.000127163, -50.0995, -1.52842, -1.24553, -0.282892, -0.00260902
26.4693, 0.0422826, -0.000499051, -50.0383, -1.52842, -1.24543, -0.282983, -0.00260985
26.4806, 0.0427914, -0.000304687, -49.9771, -1.52841, -1.24534, -0.283074, -0.00261067
26.4919, 0.0428368, 0.000231836, -49.916, -1.5284, -1.24524, -0.283165, -0.00261149
26.5032, 0.0423757, 0.00049641, -49.855, -1.5284, -1.24514, -0.283256, -0.00261232
26.5145, 0.0419429, 0.000187993, -49.7941, -1.52839, -1.24504, -0.283347, -0.00261314
26.5258, 0.0420384, -0.000340971, -49.7333, -1.52838, -1.24495, -0.283438, -0.00261396
26.5371, 0.04256, -0.000489289, -49.6725, -1.52838, -1.24485, -0.283529, -0.00261478
26.5484, 0.0429232, -8.99097e-05, -49.6118, -1.52837, -1.24475, -0.28362, -0.0026156
26.5597, 0.0427253, 0.00040424, -49.5512, -1.52836, -1.24465, -0.283711, -0.00261643
26.571, 0.0421986, 0.000435497, -49.4907, -1.52836, -1.24455, -0.283802, -0.00261725
26.5823, 0.0419442, -3.01157e-05, -49.4302, -1.52835, -1.24446, -0.283893, -0.00261807
26.5936, 0.0422546, -0.000468375, -49.3699, -1.52834, -1.24436, -0.283985, -0.00261889
26.6048, 0.0427879, -0.000388233, -49.3096, -1.52834, -1.24426, -0.284076, -0.00261972
26.6161, 0.0429546, 0.000119332, -49.2493, -1.52833, -1.24416, -0.284168, -0.00262054
26.6274, 0.0425771, 0.000486892, -49.1892, -1.52832, -1.24406, -0.284259, -0.00262136
26.6387, 0.0420844, 0.000305622, -49.1291, -1.52832, -1.24397, -0.284351, -0.00262218
26.65, 0.0420316, -0.000221668, -49.0692, -1.52831, -1.24387, -0.284442, -0.002623
26.6613, 0.0424833, -0.000509621, -49.0093, -1.5283, -1.24377, -0.284534, -0.00262382
26.6726, 0.0429459, -0.000240416, -48.9494, -1.5283, -1.24367, -0.284626, -0.00262465
26.6839, 0.0429163, 0.000287383, -48.8897, -1.52829, -1.24357, -0.284718, -0.00262547
26.6952, 0.0424355, 0.000491924, -48.83, -1.52828, -1.24347, -0.284809, -0.00262629
26.7065, 0.0420404, 0.000149343, -48.7704, -1.52828, -1.24338, -0.284901, -0.00262711
26.7178, 0.042171, -0.000363332, -48.7109, -1.52827, -1.24328, -0.284993, -0.00262793
26.7295, 0.0427088, -0.000478475, -48.6494, -1.52826, -1.24317, -0.285088, -0.00262878
26.7411, 0.0430427, -4.51596e-05, -48.588, -1.52826, -1.24307, -0.285184, -0.00262963
26.7528, 0.0427943, 0.000433371, -48.5266, -1.52825, -1.24297, -0.285279, -0.00263048
26.7645, 0.04226, 0.000404078, -48.4653, -1.52824, -1.24287, -0.285375, -0.00263133
26.7762, 0.0420645, -9.79357e-05, -48.4042, -1.52824, -1.24277, -0.28547, -0.00263218
26.7879, 0.0424394, -0.000493995, -48.3431, -1.52823, -1.24266, -0.285566, -0.00263303
26.7996, 0.0429608, -0.000329852, -48.282, -1.52822, -1.24256, -0.285661, -0.00263388
26.8113, 0.0430391, 0.000205052, -48.2211, -1.52822, -1.24246, -0.285757, -0.00263473
26.8229, 0.0425937, 0.000498629, -48.1602, -1.52821, -1.24236, -0.285852, -0.00263558
26.8346, 0.0421414, 0.000216879, -48.0995, -1.5282, -1.24225, -0.285948, -0.00263643
26.8463, 0.0422044, -0.000318231, -48.0388, -1.5282, -1.24215, -0.286044, -0.00263728
26.858, 0.0427174, -0.000498827, -47.9782, -1.52819, -1.24205, -0.28614, -0.00263813
26.8697, 0.0431061, -0.000121404, -47.9176, -1.52818, -1.24195, -0.286236, -0.00263898
26.8814, 0.0429394, 0.000386198, -47.8572, -1.52818, -1.24184, -0.286332, -0.00263983
26.8931, 0.0424142, 0.000451543, -47.7968, -1.52817, -1.24174, -0.286428, -0.00264068
26.9047, 0.0421297, 2.34582e-06, -47.7365, -1.52816, -1.24164, -0.286524, -0.00264153
26.9164, 0.042412, -0.000456031, -47.6763, -1.52815, -1.24153, -0.28662, -0.00264237
26.9281, 0.042951, -0.000410463, -47.6162, -1.52815, -1.24143, -0.286717, -0.00264322
26.9398, 0.0431516, 8.67795e-05, -47.5561, -1.52814, -1.24133, -0.286813, -0.00264407
26.9515, 0.0427987, 0.000480368, -47.4962, -1.52813, -1.24123, -0.286909, -0.00264492
26.9632, 0.0422936, 0.000332992, -47.4363, -1.52813, -1.24112, -0.287006, -0.00264577
26.9749, 0.0422044, -0.000190385, -47.3765, -1.52812, -1.24102, -0.287102, -0.00264662
26.9865, 0.0426362, -0.000509474, -47.3167, -1.52811, -1.24092, -0.287199, -0.00264747
26.9982, 0.0431181, -0.000272487, -47.2571, -1.52811, -1.24081, -0.287295, -0.00264832
27.0099, 0.0431263, 0.000257934, -47.1975, -1.5281, -1.24071, -0.287392, -0.00264916
27.0216, 0.0426606, 0.000497906, -47.138, -1.52809, -1.24061, -0.287489, -0.00265001
27.0333, 0.0422403, 0.000185042, -47.0786, -1.52809, -1.2405, -0.287586, -0.00265086
27.045, 0.0423326, -0.000336766, -47.0193, -1.52808, -1.2404, -0.287683, -0.00265171
27.0571, 0.0428653, -0.000491192, -46.9576, -1.52807, -1.24029, -0.287784, -0.00265259
27.0693, 0.04323, -7.68435e-05, -46.8959, -1.52807, -1.24018, -0.287885, -0.00265348
27.0815, 0.0430087, 0.00042014, -46.8344, -1.52806, -1.24007, -0.287986, -0.00265436
27.0937, 0.0424693, 0.000419646, -46.7729, -1.52805, -1.23997, -0.288087, -0.00265524
27.1058, 0.0422486, -7.64056e-05, -46.7115, -1.52805, -1.23986, -0.288188, -0.00265613
27.118, 0.0426101, -0.000490583, -46.6502, -1.52804, -1.23975, -0.288289, -0.00265701
27.1302, 0.0431414, -0.00034324, -46.589, -1.52803, -1.23964, -0.288391, -0.00265789
27.1424, 0.0432358, 0.00019377, -46.5279, -1.52803, -1.23953, -0.288492, -0.00265878
27.1545, 0.0427937, 0.000500101, -46.4668, -1.52802, -1.23943, -0.288594, -0.00265966
27.1667, 0.0423331, 0.000223958, -46.4059, -1.52801, -1.23932, -0.288695, -0.00266054
27.1789, 0.0423906, -0.000316105, -46.345, -1.52801, -1.23921, -0.288797, -0.00266143
27.1911, 0.0429069, -0.000500946, -46.2842, -1.528, -1.2391, -0.288899, -0.00266231
27.2032, 0.0432987, -0.000120393, -46.2235, -1.52799, -1.23899, -0.289001, -0.00266319
27.2154, 0.0431277, 0.000390259, -46.1629, -1.52798, -1.23888, -0.289102, -0.00266408
27.2276, 0.0425977, 0.000450018, -46.1023, -1.52798, -1.23877, -0.289204, -0.00266496
27.2398, 0.0423187, -7.64535e-06, -46.0419, -1.52797, -1.23866, -0.289306, -0.00266584
27.2519, 0.0426135, -0.000463352, -45.9815, -1.52796, -1.23856, -0.289408, -0.00266673
27.2641, 0.0431554, -0.000402607, -45.9212, -1.52796, -1.23845, -0.28951, -0.00266761
27.2763, 0.043341, 0.000104709, -45.861, -1.52795, -1.23834, -0.289613, -0.00266849
27.2885, 0.0429705, 0.00048725, -45.8009, -1.52794, -1.23823, -0.289715, -0.00266937
27.3006, 0.0424684, 0.00031651, -45.7409, -1.52794, -1.23812, -0.289817, -0.00267026
27.3128, 0.0424044, -0.000214982, -45.6809, -1.52793, -1.23801, -0.28992, -0.00267114
27.325, 0.0428562, -0.000513163, -45.621, -1.52792, -1.2379, -0.290022, -0.00267202
27.3372, 0.043327, -0.000246775, -45.5612, -1.52792, -1.23779, -0.290125, -0.0026729
27.3493, 0.0433015, 0.000286726, -45.5015, -1.52791, -1.23768, -0.290227, -0.00267379
27.3615, 0.0428169, 0.000495487, -45.4419, -1.5279, -1.23757, -0.29033, -0.00267467
27.3737, 0.0424177, 0.000149688, -45.3824, -1.5279, -1.23746, -0.290433, -0.00267555
27.3859, 0.0425513, -0.000367757, -45.3229, -1.52789, -1.23735, -0.290535, -0.00267643
27.398, 0.0430767, -0.000487105, -45.2635, -1.52788, -1.23724, -0.290638, -0.00267731
27.4102, 0.0434236, -7.85224e-05, -45.2043, -1.52788, -1.23713, -0.290741, -0.0026782
27.4224, 0.0432201, 0.000409084, -45.145, -1.52787, -1.23702, -0.290844, -0.00267908
27.4346, 0.0426975, 0.000442841, -45.0859, -1.52786, -1.23691, -0.290947, -0.00267996
27.4467, 0.0424336, -1.27205e-05, -45.0269, -1.52785, -1.2368, -0.29105, -0.00268084
27.4589, 0.042722, -0.000460887, -44.9679, -1.52785, -1.23669, -0.291154, -0.00268172
27.4711, 0.0432555, -0.000415584, -44.909, -1.52784, -1.23658, -0.291257, -0.0026826
27.4833, 0.0434635, 7.2719e-05, -44.8502, -1.52783, -1.23647, -0.29136, -0.00268349
27.4954, 0.0431296, 0.000475582, -44.7915, -1.52783, -1.23636, -0.291464, -0.00268437
27.5076, 0.0426223, 0.000359379, -44.7329, -1.52782, -1.23625, -0.291567, -0.00268525
27.5204, 0.042504, -0.000177748, -44.6712, -1.52781, -1.23614, -0.291676, -0.00268618
27.5333, 0.0429485, -0.00051275, -44.6096, -1.52781, -1.23602, -0.291785, -0.00268711
27.5461, 0.0434408, -0.000252911, -44.5481, -1.5278, -1.23591, -0.291895, -0.00268803
27.5589, 0.0434125, 0.000295774, -44.4867, -1.52779, -1.23579, -0.292004, -0.00268896
27.5717, 0.0429064, 0.000491488, -44.4253, -1.52779, -1.23567, -0.292113, -0.00268989
27.5846, 0.0425219, 0.000107161, -44.3641, -1.52778, -1.23556, -0.292223, -0.00269082
27.5974, 0.0427138, -0.000408774, -44.3029, -1.52777, -1.23544, -0.292332, -0.00269175
27.6102, 0.0432662, -0.000457656, -44.2419, -1.52776, -1.23532, -0.292442, -0.00269267
27.623, 0.0435471, 1.57072e-05, -44.1809, -1.52776, -1.23521, -0.292552, -0.0026936
27.6359, 0.0432414, 0.000463585, -44.12, -1.52775, -1.23509, -0.292661, -0.00269453
27.6487, 0.0427107, 0.000370513, -44.0592, -1.52774, -1.23497, -0.292771, -0.00269546
27.6615, 0.0425732, -0.00015507, -43.9985, -1.52774, -1.23486, -0.292881, -0.00269639
27.6744, 0.0429932, -0.00050991, -43.9379, -1.52773, -1.23474, -0.292991, -0.00269731
27.6872, 0.0434973, -0.000289083, -43.8774, -1.52772, -1.23462, -0.293101, -0.00269824
27.7, 0.0435186, 0.00025403, -43.8169, -1.52772, -1.2345, -0.293211, -0.00269917
27.7128, 0.0430424, 0.000500998, -43.7566, -1.52771, -1.23439, -0.293322, -0.0027001
27.7257, 0.0426181, 0.0001726, -43.6963, -1.5277, -1.23427, -0.293432, -0.00270102
27.7385, 0.0427335, -0.000357943, -43.6361, -1.52769, -1.23415, -0.293542, -0.00270195
27.7513, 0.0432647, -0.000491304, -43.576, -1.52769, -1.23403, -0.293653, -0.00270288
27.7641, 0.0436203, -7.85398e-05, -43.516, -1.52768, -1.23392, -0.293763, -0.0027038
27.777, 0.0434093, 0.000415203, -43.4561, -1.52767, -1.2338, -0.293874, -0.00270473
27.7898, 0.0428776, 0.0004366, -43.3963, -1.52767, -1.23368, -0.293985, -0.00270566
27.8026, 0.0426281, -3.68459e-05, -43.3365, -1.52766, -1.23356, -0.294095, -0.00270659
27.8154, 0.0429457, -0.000475929, -43.2769, -1.52765, -1.23345, -0.294206, -0.00270751
27.8283, 0.0434834, -0.000392547, -43.2173, -1.52765, -1.23333, -0.294317, -0.00270844
27.8411, 0.0436518, 0.000119239, -43.1578, -1.52764, -1.23321, -0.294428, -0.00270937
27.8539, 0.0432735, 0.000491894, -43.0984, -1.52763, -1.23309, -0.294539, -0.00271029
27.8667, 0.0427752, 0.000314555, -43.0391, -1.52762, -1.23297, -0.29465, -0.00271122
27.8796, 0.0427135, -0.000215873, -42.9799, -1.52762, -1.23286, -0.294762, -0.00271215
27.8924, 0.0431625, -0.000515808, -42.9207, -1.52761, -1.23274, -0.294873, -0.00271307
27.9052, 0.0436363, -0.000257387, -42.8617, -1.5276, -1.23262, -0.294984, -0.002714
27.918, 0.0436246, 0.000275287, -42.8027, -1.5276, -1.2325, -0.295096, -0.00271492
27.9309, 0.0431492, 0.000500729, -42.7438, -1.52759, -1.23238, -0.295207, -0.00271585
27.9437, 0.042736, 0.000174745, -42.685, -1.52758, -1.23226, -0.295319, -0.00271678
27.9565, 0.0428404, -0.000347391, -42.6263, -1.52758, -1.23215, -0.295431, -0.0027177
27.97, 0.0433816, -0.000492711, -42.5649, -1.52757, -1.23202, -0.295548, -0.00271867
27.9834, 0.0437412, -6.67772e-05, -42.5035, -1.52756, -1.2319, -0.295665, -0.00271964
27.9969, 0.043507, 0.00042982, -42.4422, -1.52755, -1.23177, -0.295783, -0.00272061
28.0103, 0.0429628, 0.000416715, -42.3811, -1.52755, -1.23165, -0.2959, -0.00272158
28.0237, 0.0427521, -8.9293e-05, -42.32, -1.52754, -1.23152, -0.296017, -0.00272256
28.0372, 0.0431271, -0.000498622, -42.259, -1.52753, -1.2314, -0.296135, -0.00272353
28.0506, 0.0436597, -0.000337055, -42.1981, -1.52753, -1.23127, -0.296253, -0.0027245
28.0641, 0.0437418, 0.000206859, -42.1373, -1.52752, -1.23115, -0.296371, -0.00272547
28.0775, 0.0432885, 0.000504671, -42.0766, -1.52751, -1.23102, -0.296488, -0.00272644
28.091, 0.0428309, 0.000214553, -42.016, -1.5275, -1.2309, -0.296606, -0.00272741
28.1044, 0.0429024, -0.000328837, -41.9554, -1.5275, -1.23077, -0.296724, -0.00272838
28.1179, 0.0434277, -0.000502884, -41.895, -1.52749, -1.23065, -0.296842, -0.00272935
28.1313, 0.0438139, -0.000110066, -41.8347, -1.52748, -1.23052, -0.296961, -0.00273031
28.1447, 0.04363, 0.000400649, -41.7744, -1.52748, -1.2304, -0.297079, -0.00273128
28.1582, 0.0430946, 0.000448956, -41.7143, -1.52747, -1.23027, -0.297197, -0.00273225
28.1716, 0.0428233, -1.84273e-05, -41.6542, -1.52746, -1.23015, -0.297316, -0.00273322
28.1851, 0.0431298, -0.000471907, -41.5942, -1.52745, -1.23002, -0.297434, -0.00273419
28.1985, 0.043675, -0.000400567, -41.5343, -1.52745, -1.22989, -0.297553, -0.00273516
28.212, 0.0438534, 0.000113774, -41.4745, -1.52744, -1.22977, -0.297672, -0.00273613
28.2254, 0.0434741, 0.000493174, -41.4148, -1.52743, -1.22964, -0.29779, -0.0027371
28.2389, 0.042971, 0.000313865, -41.3552, -1.52743, -1.22952, -0.297909, -0.00273807
28.2523, 0.0429133, -0.000222439, -41.2957, -1.52742, -1.22939, -0.298028, -0.00273904
28.2657, 0.0433717, -0.000518098, -41.2363, -1.52741, -1.22926, -0.298147, -0.00274001
28.2792, 0.0438439, -0.000245874, -41.1769, -1.5274, -1.22914, -0.298267, -0.00274098
28.2926, 0.0438151, 0.000291205, -41.1177, -1.5274, -1.22901, -0.298386, -0.00274195
28.3061, 0.0433266, 0.000499538, -41.0585, -1.52739, -1.22889, -0.298505, -0.00274291
28.3195, 0.0429252, 0.000150835, -40.9994, -1.52738, -1.22876, -0.298625, -0.00274388
28.333, 0.0430593, -0.000370268, -40.9405, -1.52738, -1.22863, -0.298744, -0.00274485
28.3464, 0.0435879, -0.000492558, -40.8816, -1.52737, -1.22851, -0.298864, -0.00274582
28.3598, 0.0439401, -8.3743e-05, -40.8227, -1.52736, -1.22838, -0.298983, -0.00274679
28.3733, 0.0437405, 0.000409084, -40.764, -1.52736, -1.22825, -0.299103, -0.00274776
28.3867, 0.0432153, 0.000450132, -40.7054, -1.52735, -1.22813, -0.299223, -0.00274872
28.4002, 0.0429424, -3.63249e-06, -40.6469, -1.52734, -1.228, -0.299343, -0.00274969
28.4136, 0.0432236, -0.000460095, -40.5884, -1.52733, -1.22787, -0.299463, -0.00275066
28.4271, 0.0437614, -0.000427097, -40.53, -1.52733, -1.22774, -0.299583, -0.00275163
28.4405, 0.0439842, 5.82819e-05, -40.4718, -1.52732, -1.22762, -0.299703, -0.0027526
28.454, 0.0436615, 0.000473945, -40.4136, -1.52731, -1.22749, -0.299823, -0.00275356
28.4674, 0.0431479, 0.000375431, -40.3555, -1.52731, -1.22736, -0.299944, -0.00275453
28.4815, 0.0430074, -0.000157963, -40.2945, -1.5273, -1.22723, -0.30007, -0.00275555
28.4957, 0.0434371, -0.000514705, -40.2336, -1.52729, -1.22709, -0.300197, -0.00275657
28.5098, 0.0439448, -0.000281222, -40.1728, -1.52728, -1.22696, -0.300324, -0.00275758
28.5239, 0.0439509, 0.000270283, -40.1122, -1.52728, -1.22683, -0.300451, -0.0027586
28.5381, 0.0434585, 0.000502007, -40.0516, -1.52727, -1.22669, -0.300578, -0.00275962
28.5522, 0.0430445, 0.000148138, -39.9911, -1.52726, -1.22656, -0.300705, -0.00276063
28.5663, 0.0431925, -0.000383062, -39.9307, -1.52726, -1.22642, -0.300832, -0.00276165
28.5805, 0.0437396, -0.000482649, -39.8704, -1.52725, -1.22629, -0.30096, -0.00276267
28.5946, 0.0440679, -3.82765e-05, -39.8102, -1.52724, -1.22615, -0.301087, -0.00276368
28.6087, 0.0438124, 0.000442102, -39.75, -1.52723, -1.22602, -0.301215, -0.0027647
28.6229, 0.0432737, 0.000412647, -39.69, -1.52723, -1.22588, -0.301342, -0.00276572
28.637, 0.0430711, -9.16116e-05, -39.6301, -1.52722, -1.22575, -0.30147, -0.00276673
28.6511, 0.0434407, -0.000499376, -39.5703, -1.52721, -1.22561, -0.301598, -0.00276775
28.6653, 0.0439723, -0.000351493, -39.5105, -1.5272, -1.22548, -0.301726, -0.00276877
28.6794, 0.0440761, 0.000184021, -39.4509, -1.5272, -1.22534, -0.301854, -0.00276978
28.6935, 0.0436453, 0.000505725, -39.3914, -1.52719, -1.22521, -0.301982, -0.0027708
28.7076, 0.0431713, 0.00025476, -39.3319, -1.52718, -1.22507, -0.30211, -0.00277181
28.7218, 0.0431905, -0.000287243, -39.2725, -1.52718, -1.22494, -0.302238, -0.00277283
28.7359, 0.0436881, -0.000516818, -39.2133, -1.52717, -1.2248, -0.302367, -0.00277384
28.75, 0.0441188, -0.000180499, -39.1541, -1.52716, -1.22467, -0.302495, -0.00277486
28.7642, 0.0440146, 0.000347984, -39.095, -1.52715, -1.22453, -0.302624, -0.00277588
28.7783, 0.0435002, 0.000485279, -39.0361, -1.52715, -1.22439, -0.302752, -0.00277689
28.7924, 0.0431504, 8.17227e-05, -38.9772, -1.52714, -1.22426, -0.302881, -0.00277791
28.8066, 0.0433563, -0.000418322, -38.9184, -1.52713, -1.22412, -0.30301, -0.00277892
28.8207, 0.0438986, -0.000467663, -38.8597, -1.52713, -1.22399, -0.303139, -0.00277994
28.8348, 0.0441925, -1.40111e-05, -38.8011, -1.52712, -1.22385, -0.303268, -0.00278095
28.849, 0.043927, 0.000447486, -38.7426, -1.52711, -1.22371, -0.303397, -0.00278197
28.8631, 0.0433998, 0.000416186, -38.6841, -1.5271, -1.22358, -0.303527, -0.00278298
28.8772, 0.0431898, -7.23795e-05, -38.6258, -1.5271, -1.22344, -0.303656, -0.002784
28.8914, 0.0435302, -0.000489562, -38.5676, -1.52709, -1.2233, -0.303786, -0.00278501
28.9055, 0.0440606, -0.00038675, -38.5094, -1.52708, -1.22317, -0.303915, -0.00278603
28.9203, 0.0442118, 0.00014981, -38.4486, -1.52707, -1.22302, -0.304051, -0.00278709
28.9351, 0.0437923, 0.000504121, -38.3879, -1.52707, -1.22288, -0.304187, -0.00278815
28.9499, 0.0432997, 0.000265574, -38.3272, -1.52706, -1.22274, -0.304323, -0.00278922
28.9647, 0.0433129, -0.000287775, -38.2667, -1.52705, -1.22259, -0.30446, -0.00279028
28.9795, 0.0438235, -0.000516281, -38.2063, -1.52704, -1.22245, -0.304596, -0.00279134
28.9944, 0.0442509, -0.00015808, -38.1459, -1.52704, -1.22231, -0.304732, -0.00279241
29.0092, 0.0441134, 0.000373792, -38.0857, -1.52703, -1.22216, -0.304869, -0.00279347
29.024, 0.0435788, 0.000470125, -38.0256, -1.52702, -1.22202, -0.305006, -0.00279453
29.0388, 0.0432669, 2.24738e-05, -37.9655, -1.52702, -1.22187, -0.305142, -0.00279559
29.0536, 0.0435403, -0.000457963, -37.9056, -1.52701, -1.22173, -0.305279, -0.00279666
29.0684, 0.0440952, -0.00042597, -37.8457, -1.527, -1.22158, -0.305416, -0.00279772
29.0832, 0.0443112, 8.04945e-05, -37.786, -1.52699, -1.22144, -0.305554, -0.00279878
29.098, 0.0439541, 0.000488407, -37.7264, -1.52699, -1.22129, -0.305691, -0.00279984
29.1128, 0.0434359, 0.000339202, -37.6668, -1.52698, -1.22115, -0.305828, -0.0028009
29.1276, 0.0433468, -0.000197821, -37.6074, -1.52697, -1.22101, -0.305966, -0.00280197
29.1425, 0.0437932, -0.000520593, -37.548, -1.52696, -1.22086, -0.306103, -0.00280303
29.1573, 0.0442835, -0.000269822, -37.4888, -1.52696, -1.22072, -0.306241, -0.00280409
29.1721, 0.0442804, 0.000273558, -37.4297, -1.52695, -1.22057, -0.306379, -0.00280515
29.1869, 0.0437972, 0.000505836, -37.3706, -1.52694, -1.22042, -0.306517, -0.00280621
29.2017, 0.0433781, 0.000171196, -37.3117, -1.52693, -1.22028, -0.306655, -0.00280728
29.2165, 0.0434932, -0.000359317, -37.2528, -1.52693, -1.22013, -0.306793, -0.00280834
29.2318, 0.0440413, -0.000495673, -37.192, -1.52692, -1.21998, -0.306936, -0.00280944
29.2472, 0.0443977, -6.17615e-05, -37.1313, -1.52691, -1.21983, -0.307079, -0.00281053
29.2625, 0.0441575, 0.000436006, -37.0707, -1.5269, -1.21968, -0.307222, -0.00281163
29.2778, 0.04361, 0.000420418, -37.0102, -1.5269, -1.21953, -0.307366, -0.00281273
29.2931, 0.0433977, -8.87309e-05, -36.9498, -1.52689, -1.21938, -0.307509, -0.00281383
29.3085, 0.0437728, -0.000502988, -36.8895, -1.52688, -1.21923, -0.307653, -0.00281493
29.3238, 0.0443109, -0.000346698, -36.8294, -1.52687, -1.21908, -0.307797, -0.00281602
29.3391, 0.0444036, 0.000199077, -36.7693, -1.52687, -1.21893, -0.307941, -0.00281712
29.3544, 0.0439551, 0.000509514, -36.7093, -1.52686, -1.21877, -0.308085, -0.00281822
29.3698, 0.0434868, 0.000231854, -36.6494, -1.52685, -1.21862, -0.308229, -0.00281932
29.3851, 0.0435391, -0.000316501, -36.5897, -1.52684, -1.21847, -0.308373, -0.00282041
29.4004, 0.0440594, -0.000513678, -36.53, -1.52684, -1.21832, -0.308517, -0.00282151
29.4157, 0.0444671, -0.000138312, -36.4704, -1.52683, -1.21817, -0.308662, -0.00282261
29.4311, 0.044312, 0.000384994, -36.411, -1.52682, -1.21801, -0.308807, -0.0028237
29.4464, 0.0437787, 0.000468337, -36.3516, -1.52681, -1.21786, -0.308951, -0.0028248
29.4617, 0.0434736, 2.00167e-05, -36.2923, -1.52681, -1.21771, -0.309096, -0.0028259
29.477, 0.0437448, -0.000457799, -36.2332, -1.5268, -1.21756, -0.309241, -0.002827
29.4924, 0.0442967, -0.000433395, -36.1741, -1.52679, -1.21741, -0.309386, -0.00282809
29.5077, 0.0445244, 6.43383e-05, -36.1151, -1.52678, -1.21725, -0.309532, -0.00282919
29.523, 0.0441853, 0.00048315, -36.0563, -1.52678, -1.2171, -0.309677, -0.00283028
29.5383, 0.0436638, 0.00036144, -35.9975, -1.52677, -1.21695, -0.309822, -0.00283138
29.5542, 0.043549, -0.000184673, -35.9367, -1.52676, -1.21679, -0.309973, -0.00283252
29.5701, 0.044002, -0.000522488, -35.8761, -1.52675, -1.21663, -0.310124, -0.00283365
29.586, 0.0445018, -0.000259112, -35.8155, -1.52675, -1.21647, -0.310276, -0.00283479
29.6019, 0.0444765, 0.000297318, -35.755, -1.52674, -1.21631, -0.310427, -0.00283593
29.6178, 0.0439662, 0.000501271, -35.6946, -1.52673, -1.21615, -0.310578, -0.00283706
29.6336, 0.0435708, 0.0001185, -35.6344, -1.52672, -1.21599, -0.31073, -0.0028382
29.6495, 0.0437538, -0.000408212, -35.5742, -1.52672, -1.21583, -0.310882, -0.00283933
29.6654, 0.0443119, -0.000473805, -35.5142, -1.52671, -1.21567, -0.311033, -0.00284047
29.6813, 0.0446138, -4.90601e-06, -35.4543, -1.5267, -1.21551, -0.311185, -0.0028416
29.6972, 0.0443248, 0.000461592, -35.3944, -1.52669, -1.21536, -0.311337, -0.00284274
29.713, 0.0437843, 0.000395102, -35.3347, -1.52669, -1.2152, -0.31149, -0.00284387
29.7289, 0.0436148, -0.000127026, -35.2751, -1.52668, -1.21504, -0.311642, -0.00284501
29.7448, 0.0440152, -0.000512846, -35.2156, -1.52667, -1.21488, -0.311795, -0.00284614
29.7607, 0.0445406, -0.00032801, -35.1561, -1.52666, -1.21472, -0.311947, -0.00284728
29.7766, 0.0446087, 0.000217667, -35.0968, -1.52665, -1.21455, -0.3121, -0.00284841
29.7925, 0.0441534, 0.00051153, -35.0376, -1.52665, -1.21439, -0.312253, -0.00284955
29.8083, 0.0436936, 0.0002263, -34.9785, -1.52664, -1.21423, -0.312406, -0.00285068
29.8242, 0.0437498, -0.000318263, -34.9195, -1.52663, -1.21407, -0.312559, -0.00285182
29.8401, 0.0442659, -0.000516661, -34.8606, -1.52662, -1.21391, -0.312712, -0.00285295
29.856, 0.0446775, -0.000150617, -34.8019, -1.52662, -1.21375, -0.312866, -0.00285408
29.8719, 0.044539, 0.000373846, -34.7432, -1.52661, -1.21359, -0.313019, -0.00285522
29.8878, 0.0440132, 0.000479189, -34.6846, -1.5266, -1.21343, -0.313173, -0.00285635
29.9036, 0.0436865, 5.14582e-05, -34.6261, -1.52659, -1.21327, -0.313327, -0.00285749
29.9195, 0.0439235, -0.000439656, -34.5677, -1.52659, -1.21311, -0.313481, -0.00285862
29.9354, 0.044472, -0.000458571, -34.5095, -1.52658, -1.21294, -0.313635, -0.00285975
29.9513, 0.0447428, 1.34697e-05, -34.4513, -1.52657, -1.21278, -0.313789, -0.00286089
29.9672, 0.0444518, 0.000463152, -34.3932, -1.52656, -1.21262, -0.313944, -0.00286202
29.983, 0.0439234, 0.000404827, -34.3353, -1.52656, -1.21246, -0.314098, -0.00286316
29.9989, 0.0437357, -9.6756e-05, -34.2774, -1.52655, -1.2123, -0.314253, -0.00286429
30.0148, 0.0440969, -0.000501398, -34.2196, -1.52654, -1.21213, -0.314407, -0.00286542
30.0307, 0.0446262, -0.000376371, -34.162, -1.52653, -1.21197, -0.314562, -0.00286655
30.0474, 0.0447578, 0.000169529, -34.1016, -1.52653, -1.2118, -0.314725, -0.00286774
30.064, 0.0443226, 0.00051037, -34.0413, -1.52652, -1.21163, -0.314888, -0.00286893
30.0807, 0.0438353, 0.000252569, -33.9811, -1.52651, -1.21146, -0.315051, -0.00287012
30.0974, 0.0438672, -0.000304273, -33.921, -1.5265, -1.21129, -0.315214, -0.00287131
30.1141, 0.0443885, -0.000518825, -33.861, -1.5265, -1.21112, -0.315378, -0.0028725
30.1307, 0.0448089, -0.000146511, -33.8011, -1.52649, -1.21095, -0.315541, -0.00287369
30.1474, 0.0446573, 0.000385073, -33.7414, -1.52648, -1.21078, -0.315705, -0.00287488
30.1641, 0.0441175, 0.000469937, -33.6817, -1.52647, -1.2106, -0.315869, -0.00287607
30.1807, 0.0438125, 1.3461e-05, -33.6222, -1.52646, -1.21043, -0.316033, -0.00287725
30.1974, 0.0440953, -0.000465719, -33.5628, -1.52646, -1.21026, -0.316197, -0.00287844
30.2141, 0.0446534, -0.000426999, -33.5035, -1.52645, -1.21009, -0.316361, -0.00287963
30.2308, 0.0448668, 8.40657e-05, -33.4442, -1.52644, -1.20992, -0.316525, -0.00288082
30.2474, 0.0445064, 0.000492791, -33.3851, -1.52643, -1.20974, -0.31669, -0.00288201
30.2641, 0.0439856, 0.000342897, -33.3262, -1.52643, -1.20957, -0.316855, -0.0028832
30.2808, 0.0438938, -0.000196485, -33.2673, -1.52642, -1.2094, -0.31702, -0.00288438
30.2975, 0.0443397, -0.000524993, -33.2085, -1.52641, -1.20923, -0.317185, -0.00288557
30.3141, 0.0448362, -0.0002799, -33.1498, -1.5264, -1.20905, -0.31735, -0.00288676
30.3308, 0.0448439, 0.000266139, -33.0913, -1.5264, -1.20888, -0.317515, -0.00288795
30.3475, 0.0443647, 0.000511459, -33.0328, -1.52639, -1.20871, -0.317681, -0.00288913
30.3641, 0.0439342, 0.000188331, -32.9745, -1.52638, -1.20853, -0.317846, -0.00289032
30.3808, 0.044031, -0.000347907, -32.9163, -1.52637, -1.20836, -0.318012, -0.00289151
30.3981, 0.0445772, -0.00050674, -32.8559, -1.52636, -1.20818, -0.318184, -0.00289274
30.4154, 0.0449545, -8.53675e-05, -32.7957, -1.52636, -1.208, -0.318357, -0.00289397
30.4327, 0.0447363, 0.000426437, -32.7356, -1.52635, -1.20782, -0.318529, -0.0028952
30.45, 0.0441856, 0.000438144, -32.6756, -1.52634, -1.20764, -0.318702, -0.00289644
30.4673, 0.0439458, -6.1727e-05, -32.6158, -1.52633, -1.20746, -0.318875, -0.00289767
30.4846, 0.0442994, -0.00049852, -32.556, -1.52632, -1.20728, -0.319048, -0.0028989
30.502, 0.0448493, -0.000373763, -32.4964, -1.52632, -1.2071, -0.319221, -0.00290013
30.5193, 0.0449779, 0.000168316, -32.4368, -1.52631, -1.20691, -0.319395, -0.00290136
30.5366, 0.0445499, 0.000511152, -32.3774, -1.5263, -1.20673, -0.319568, -0.00290259
30.5539, 0.0440603, 0.000267934, -32.3181, -1.52629, -1.20655, -0.319742, -0.00290382
30.5712, 0.04407, -0.000284907, -32.2589, -1.52629, -1.20637, -0.319916, -0.00290505
30.5885, 0.0445748, -0.000525192, -32.1998, -1.52628, -1.20619, -0.32009, -0.00290628
30.6058, 0.0450164, -0.000185199, -32.1409, -1.52627, -1.20601, -0.320264, -0.00290752
30.6231, 0.0449111, 0.000353346, -32.082, -1.52626, -1.20582, -0.320438, -0.00290875
30.6404, 0.0443868, 0.000490702, -32.0233, -1.52625, -1.20564, -0.320613, -0.00290998
30.6577, 0.0440352, 7.62471e-05, -31.9647, -1.52625, -1.20546, -0.320788, -0.00291121
30.675, 0.0442525, -0.000429869, -31.9061, -1.52624, -1.20528, -0.320963, -0.00291244
30.6923, 0.0448057, -0.000469954, -31.8477, -1.52623, -1.20509, -0.321138, -0.00291367
30.7096, 0.0450948, -1.93491e-06, -31.7894, -1.52622, -1.20491, -0.321313, -0.0029149
30.7269, 0.0448132, 0.000460106, -31.7313, -1.52622, -1.20473, -0.321488, -0.00291613
30.7442, 0.0442786, 0.000412413, -31.6732, -1.52621, -1.20454, -0.321664, -0.00291736
30.7615, 0.0440816, -9.10775e-05, -31.6152, -1.5262, -1.20436, -0.32184, -0.00291859
30.7788, 0.0444425, -0.000503123, -31.5574, -1.52619, -1.20418, -0.322016, -0.00291982
30.7961, 0.0449777, -0.000379277, -31.4996, -1.52618, -1.20399, -0.322192, -0.00292104
30.8142, 0.0451112, 0.000169556, -31.4394, -1.52618, -1.2038, -0.322376, -0.00292233
30.8323, 0.0446742, 0.000512868, -31.3792, -1.52617, -1.20361, -0.32256, -0.00292361
30.8504, 0.0441842, 0.000254127, -31.3192, -1.52616, -1.20342, -0.322745, -0.0029249
30.8685, 0.0442159, -0.000305728, -31.2593, -1.52615, -1.20322, -0.32293, -0.00292618
30.8866, 0.04474, -0.00052187, -31.1996, -1.52614, -1.20303, -0.323115, -0.00292747
30.9047, 0.0451632, -0.000148115, -31.1399, -1.52614, -1.20284, -0.3233, -0.00292875
30.9228, 0.0450119, 0.000386355, -31.0804, -1.52613, -1.20264, -0.323485, -0.00293004
30.9409, 0.0444698, 0.000472749, -31.021, -1.52612, -1.20245, -0.323671, -0.00293132
30.959, 0.0441623, 1.49776e-05, -30.9617, -1.52611, -1.20226, -0.323857, -0.00293261
30.977, 0.0444449, -0.000467393, -30.9025, -1.5261, -1.20206, -0.324043, -0.00293389
30.9951, 0.0450059, -0.000431054, -30.8434, -1.5261, -1.20187, -0.324229, -0.00293517
31.0132, 0.0452234, 8.10125e-05, -30.7845, -1.52609, -1.20167, -0.324415, -0.00293646
31.0313, 0.0448646, 0.000494081, -30.7256, -1.52608, -1.20148, -0.324602, -0.00293774
31.0494, 0.0443407, 0.000348171, -30.6669, -1.52607, -1.20128, -0.324788, -0.00293902
31.0675, 0.0442431, -0.000192271, -30.6083, -1.52606, -1.20109, -0.324975, -0.00294031
31.0856, 0.0446869, -0.000527332, -30.5499, -1.52606, -1.20089, -0.325162, -0.00294159
31.1037, 0.0451889, -0.000288282, -30.4915, -1.52605, -1.2007, -0.32535, -0.00294287
31.1218, 0.0452057, 0.000259609, -30.4332, -1.52604, -1.2005, -0.325537, -0.00294416
31.1399, 0.0447297, 0.000514759, -30.3751, -1.52603, -1.20031, -0.325725, -0.00294544
31.158, 0.0442913, 0.000199856, -30.3171, -1.52602, -1.20011, -0.325912, -0.00294672
31.176, 0.044376, -0.000340013, -30.2592, -1.52602, -1.19992, -0.3261, -0.00294801
31.1948, 0.0449183, -0.000513837, -30.1993, -1.52601, -1.19971, -0.326295, -0.00294933
31.2135, 0.04531, -0.00010471, -30.1396, -1.526, -1.19951, -0.32649, -0.00295066
31.2322, 0.045112, 0.000415883, -30.08, -1.52599, -1.19931, -0.326686, -0.00295199
31.251, 0.0445624, 0.000452831, -30.0206, -1.52598, -1.1991, -0.326881, -0.00295332
31.2697, 0.0442974, -3.38315e-05, -29.9612, -1.52598, -1.1989, -0.327077, -0.00295464
31.2884, 0.0446255, -0.000489899, -29.902, -1.52597, -1.1987, -0.327273, -0.00295597
31.3072, 0.0451826, -0.000400106, -29.8429, -1.52596, -1.19849, -0.327469, -0.0029573
31.3259, 0.0453493, 0.000132041, -29.7839, -1.52595, -1.19829, -0.327665, -0.00295863
31.3446, 0.0449495, 0.000507472, -29.725, -1.52594, -1.19808, -0.327862, -0.00295995
31.3634, 0.0444416, 0.000307092, -29.6663, -1.52594, -1.19788, -0.328059, -0.00296128
31.3821, 0.0444011, -0.000243314, -29.6077, -1.52593, -1.19767, -0.328255, -0.00296261
31.4008, 0.0448797, -0.000531147, -29.5492, -1.52592, -1.19747, -0.328453, -0.00296393
31.4196, 0.0453546, -0.00023916, -29.4908, -1.52591, -1.19726, -0.32865, -0.00296526
31.4383, 0.0453113, 0.000308202, -29.4325, -1.5259, -1.19706, -0.328848, -0.00296658
31.457, 0.0448083, 0.000508572, -29.3744, -1.5259, -1.19685, -0.329045, -0.00296791
31.4758, 0.0444071, 0.000144188, -29.3163, -1.52589, -1.19664, -0.329243, -0.00296924
31.4945, 0.0445535, -0.00038503, -29.2584, -1.52588, -1.19644, -0.329441, -0.00297056
31.5132, 0.0450946, -0.000503235, -29.2006, -1.52587, -1.19623, -0.32964, -0.00297189
31.532, 0.0454514, -8.42835e-05, -29.143, -1.52586, -1.19603, -0.329838, -0.00297321
31.5507, 0.0452483, 0.00041735, -29.0854, -1.52586, -1.19582, -0.330037, -0.00297454
31.5694, 0.0447148, 0.000461952, -29.028, -1.52585, -1.19561, -0.330236, -0.00297586
31.5882, 0.0444324, 3.80343e-06, -28.9706, -1.52584, -1.1954, -0.330435, -0.00297719
31.6069, 0.04471, -0.000465744, -28.9134, -1.52583, -1.1952, -0.330635, -0.00297851
31.6256, 0.0452581, -0.000447188, -28.8564, -1.52582, -1.19499, -0.330835, -0.00297984
31.6444, 0.0455031, 3.75723e-05, -28.7994, -1.52582, -1.19478, -0.331034, -0.00298116
31.6631, 0.0451958, 0.000474436, -28.7425, -1.52581, -1.19457, -0.331234, -0.00298249
31.6818, 0.0446707, 0.000403881, -28.6858, -1.5258, -1.19437, -0.331435, -0.00298381
31.7015, 0.0444931, -0.000123859, -28.6265, -1.52579, -1.19415, -0.331645, -0.0029852
31.7211, 0.0448962, -0.00051889, -28.5674, -1.52578, -1.19393, -0.331855, -0.00298659
31.7407, 0.0454309, -0.000335128, -28.5083, -1.52578, -1.19371, -0.332065, -0.00298797
31.7603, 0.0455034, 0.000217746, -28.4494, -1.52577, -1.19349, -0.332276, -0.00298936
31.7799, 0.0450438, 0.000517476, -28.3906, -1.52576, -1.19327, -0.332487, -0.00299075
31.7995, 0.0445776, 0.000230046, -28.332, -1.52575, -1.19305, -0.332698, -0.00299213
31.8192, 0.0446334, -0.000321614, -28.2735, -1.52574, -1.19283, -0.332909, -0.00299352
31.8388, 0.045156, -0.000523962, -28.2151, -1.52573, -1.19261, -0.333121, -0.0029949
31.8584, 0.0455743, -0.00015486, -28.1568, -1.52573, -1.19239, -0.333332, -0.00299629
31.878, 0.045437, 0.000376372, -28.0986, -1.52572, -1.19217, -0.333544, -0.00299767
31.8976, 0.0449063, 0.000485869, -28.0406, -1.52571, -1.19195, -0.333757, -0.00299906
31.9172, 0.0445734, 5.58544e-05, -27.9827, -1.5257, -1.19173, -0.333969, -0.00300045
31.9368, 0.0448089, -0.000442649, -27.9249, -1.52569, -1.19151, -0.334182, -0.00300183
31.9565, 0.0453633, -0.000468229, -27.8672, -1.52569, -1.19129, -0.334395, -0.00300321
31.9761, 0.0456444, 4.54147e-06, -27.8097, -1.52568, -1.19107, -0.334608, -0.0030046
31.9957, 0.0453594, 0.00046395, -27.7523, -1.52567, -1.19085, -0.334822, -0.00300598
32.0153, 0.0448256, 0.000416942, -27.695, -1.52566, -1.19063, -0.335035, -0.00300737
32.0349, 0.0446236, -8.38179e-05, -27.6378, -1.52565, -1.1904, -0.335249, -0.00300875
32.0545, 0.0449757, -0.000502678, -27.5808, -1.52564, -1.19018, -0.335463, -0.00301014
32.0742, 0.0455142, -0.000395454, -27.5239, -1.52564, -1.18996, -0.335678, -0.00301152
32.0948, 0.0456691, 0.000151752, -27.464, -1.52563, -1.18972, -0.335904, -0.00301298
32.1155, 0.0452434, 0.00051401, -27.4042, -1.52562, -1.18949, -0.336131, -0.00301444
32.1362, 0.044741, 0.000274032, -27.3446, -1.52561, -1.18925, -0.336357, -0.0030159
32.1569, 0.0447497, -0.0002894, -27.2851, -1.5256, -1.18902, -0.336584, -0.00301736
32.1776, 0.0452667, -0.000529433, -27.2257, -1.52559, -1.18878, -0.336812, -0.00301882
32.1983, 0.0457095, -0.000173774, -27.1665, -1.52559, -1.18855, -0.33704, -0.00302027
32.2189, 0.0455848, 0.000370533, -27.1074, -1.52558, -1.18831, -0.337267, -0.00302173
32.2396, 0.045046, 0.000486423, -27.0484, -1.52557, -1.18807, -0.337496, -0.00302319
32.2603, 0.0447122, 4.52815e-05, -26.9896, -1.52556, -1.18784, -0.337724, -0.00302465
32.281, 0.0449667, -0.000454724, -26.9309, -1.52555, -1.1876, -0.337953, -0.00302611
32.3017, 0.0455314, -0.000453914, -26.8723, -1.52554, -1.18736, -0.338182, -0.00302756
32.3224, 0.0457847, 4.43632e-05, -26.8139, -1.52554, -1.18712, -0.338411, -0.00302902
32.3431, 0.0454564, 0.000484553, -26.7556, -1.52553, -1.18689, -0.33864, -0.00303048
32.3637, 0.0449214, 0.000380203, -26.6974, -1.52552, -1.18665, -0.33887, -0.00303194
32.3844, 0.0447794, -0.000151089, -26.6394, -1.52551, -1.18641, -0.3391, -0.00303339
32.4051, 0.0451932, -0.000524353, -26.5815, -1.5255, -1.18617, -0.339331, -0.00303485
32.4258, 0.0457171, -0.000332473, -26.5237, -1.52549, -1.18593, -0.339561, -0.00303631
32.4465, 0.0457893, 0.000212882, -26.466, -1.52549, -1.18569, -0.339792, -0.00303776
32.4672, 0.0453427, 0.000518648, -26.4085, -1.52548, -1.18545, -0.340023, -0.00303922
32.4878, 0.0448713, 0.00025578, -26.3511, -1.52547, -1.18521, -0.340255, -0.00304068
32.5085, 0.0448911, -0.000290108, -26.2938, -1.52546, -1.18497, -0.340486, -0.00304213
32.5292, 0.0453874, -0.000532659, -26.2367, -1.52545, -1.18473, -0.340718, -0.00304359
32.5499, 0.0458369, -0.000214511, -26.1797, -1.52544, -1.18449, -0.340951, -0.00304504
32.5706, 0.0457707, 0.000323269, -26.1228, -1.52544, -1.18425, -0.341183, -0.0030465
32.5923, 0.045243, 0.000504068, -26.0632, -1.52543, -1.184, -0.341427, -0.00304803
32.614, 0.044861, 9.59246e-05, -26.0038, -1.52542, -1.18375, -0.341672, -0.00304956
32.6357, 0.0450717, -0.000430485, -25.9445, -1.52541, -1.18349, -0.341917, -0.00305108
32.6574, 0.0456414, -0.00047377, -25.8854, -1.5254, -1.18324, -0.342162, -0.00305261
32.6791, 0.0459305, 1.28297e-05, -25.8264, -1.52539, -1.18299, -0.342408, -0.00305414
32.7009, 0.0456229, 0.000475788, -25.7675, -1.52538, -1.18273, -0.342654, -0.00305566
32.7226, 0.0450781, 0.000393282, -25.7087, -1.52538, -1.18248, -0.3429, -0.00305719
32.7443, 0.0449185, -0.000139287, -25.6502, -1.52537, -1.18222, -0.343146, -0.00305872
32.766, 0.0453303, -0.00052412, -25.5917, -1.52536, -1.18197, -0.343393, -0.00306024
32.7877, 0.0458614, -0.000333428, -25.5334, -1.52535, -1.18171, -0.34364, -0.00306177
32.8094, 0.0459317, 0.000218343, -25.4752, -1.52534, -1.18145, -0.343887, -0.0030633
32.8311, 0.0454753, 0.000519896, -25.4171, -1.52533, -1.1812, -0.344135, -0.00306482
32.8528, 0.0450063, 0.000240814, -25.3592, -1.52532, -1.18094, -0.344383, -0.00306635
32.8745, 0.0450479, -0.000310184, -25.3014, -1.52532, -1.18068, -0.344631, -0.00306787
32.8963, 0.0455613, -0.000530572, -25.2438, -1.52531, -1.18043, -0.34488, -0.0030694
32.918, 0.0459954, -0.000182627, -25.1863, -1.5253, -1.18017, -0.345129, -0.00307092
32.9397, 0.0458902, 0.000354193, -25.1289, -1.52529, -1.17991, -0.345378, -0.00307245
32.9622, 0.0453506, 0.000494184, -25.0695, -1.52528, -1.17964, -0.345637, -0.00307403
32.9847, 0.0449994, 5.88057e-05, -25.0103, -1.52527, -1.17938, -0.345896, -0.00307561
33.0072, 0.0452465, -0.000452068, -24.9512, -1.52526, -1.17911, -0.346155, -0.00307719
33.0298, 0.0458178, -0.000457475, -24.8923, -1.52526, -1.17884, -0.346415, -0.00307877
33.0523, 0.046075, 4.60421e-05, -24.8335, -1.52525, -1.17857, -0.346675, -0.00308036
33.0748, 0.0457397, 0.000488421, -24.7748, -1.52524, -1.1783, -0.346936, -0.00308194
33.0973, 0.0452011, 0.000373605, -24.7163, -1.52523, -1.17803, -0.347197, -0.00308352
33.1198, 0.0450716, -0.000167181, -24.6579, -1.52522, -1.17776, -0.347458, -0.0030851
33.1424, 0.0455029, -0.00053003, -24.5997, -1.52521, -1.17749, -0.34772, -0.00308668
33.1649, 0.0460237, -0.000313922, -24.5416, -1.5252, -1.17722, -0.347981, -0.00308826
33.1874, 0.0460686, 0.000239648, -24.4837, -1.52519, -1.17695, -0.348244, -0.00308984
33.2099, 0.0456002, 0.000520801, -24.4259, -1.52519, -1.17668, -0.348506, -0.00309142
33.2325, 0.0451432, 0.000223475, -24.3682, -1.52518, -1.17641, -0.348769, -0.003093
33.255, 0.0452044, -0.000325397, -24.3107, -1.52517, -1.17614, -0.349032, -0.00309458
33.2775, 0.0457241, -0.00052922, -24.2533, -1.52516, -1.17586, -0.349296, -0.00309616
33.3, 0.0461478, -0.000169766, -24.196, -1.52515, -1.17559, -0.34956, -0.00309774
33.3225, 0.0460297, 0.000363387, -24.1389, -1.52514, -1.17532, -0.349824, -0.00309931
33.3459, 0.0454893, 0.000492248, -24.08, -1.52513, -1.17504, -0.350098, -0.00310095
33.3692, 0.0451451, 5.37475e-05, -24.0211, -1.52513, -1.17475, -0.350372, -0.00310258
33.3925, 0.0453947, -0.000453839, -23.9625, -1.52512, -1.17447, -0.350647, -0.00310422
33.4158, 0.0459641, -0.00045944, -23.9039, -1.52511, -1.17419, -0.350922, -0.00310585
33.4391, 0.046224, 4.04574e-05, -23.8456, -1.5251, -1.1739, -0.351197, -0.00310748
33.4624, 0.0458963, 0.000485929, -23.7873, -1.52509, -1.17362, -0.351473, -0.00310912
33.4857, 0.0453575, 0.000382965, -23.7292, -1.52508, -1.17333, -0.351749, -0.00311075
33.509, 0.0452138, -0.000151665, -23.6713, -1.52507, -1.17305, -0.352025, -0.00311238
33.5323, 0.0456306, -0.000527542, -23.6135, -1.52506, -1.17276, -0.352302, -0.00311401
33.5557, 0.0461579, -0.000333948, -23.5558, -1.52506, -1.17248, -0.352579, -0.00311565
33.579, 0.0462298, 0.00021487, -23.4983, -1.52505, -1.17219, -0.352857, -0.00311728
33.6023, 0.0457802, 0.000521206, -23.441, -1.52504, -1.1719, -0.353135, -0.00311891
33.6256, 0.0453073, 0.000255361, -23.3838, -1.52503, -1.17162, -0.353413, -0.00312054
33.6489, 0.0453293, -0.000293433, -23.3267, -1.52502, -1.17133, -0.353692, -0.00312217
33.6722, 0.0458293, -0.000535734, -23.2697, -1.52501, -1.17104, -0.353971, -0.00312381
33.6955, 0.0462805, -0.000214877, -23.213, -1.525, -1.17075, -0.35425, -0.00312544
33.7188, 0.0462133, 0.000325271, -23.1563, -1.52499, -1.17046, -0.35453, -0.00312707
33.7433, 0.0456833, 0.000506402, -23.097, -1.52499, -1.17016, -0.354824, -0.00312878
33.7678, 0.0453, 9.64441e-05, -23.0378, -1.52498, -1.16986, -0.355119, -0.00313049
33.7923, 0.0455112, -0.000432469, -22.9788, -1.52497, -1.16955, -0.355414, -0.0031322
33.8168, 0.0460834, -0.000477624, -22.9199, -1.52496, -1.16925, -0.355709, -0.00313392
33.8412, 0.0463764, 9.37338e-06, -22.8612, -1.52495, -1.16894, -0.356005, -0.00313563
33.8657, 0.0460715, 0.000476215, -22.8027, -1.52494, -1.16864, -0.356301, -0.00313734
33.8902, 0.0455245, 0.000398905, -22.7442, -1.52493, -1.16833, -0.356598, -0.00313905
33.9147, 0.045358, -0.000133038, -22.686, -1.52492, -1.16803, -0.356895, -0.00314076
33.9391, 0.0457651, -0.000525289, -22.6279, -1.52491, -1.16772, -0.357193, -0.00314247
33.9636, 0.0463015, -0.000344354, -22.57, -1.52491, -1.16741, -0.357491, -0.00314418
33.9881, 0.0463851, 0.000207013, -22.5122, -1.5249, -1.16711, -0.357789, -0.00314589
34.0126, 0.0459367, 0.000521764, -22.4545, -1.52489, -1.1668, -0.358088, -0.0031476
34.0371, 0.0454587, 0.000257566, -22.397, -1.52488, -1.16649, -0.358387, -0.00314931
34.0615, 0.0454805, -0.000295023, -22.3397, -1.52487, -1.16618, -0.358687, -0.00315102
34.086, 0.0459852, -0.000536444, -22.2825, -1.52486, -1.16587, -0.358987, -0.00315273
34.1105, 0.0464359, -0.00020854, -22.2255, -1.52485, -1.16556, -0.359288, -0.00315444
34.135, 0.0463593, 0.000333809, -22.1686, -1.52484, -1.16525, -0.359589, -0.00315615
34.1606, 0.0458241, 0.000504343, -22.1092, -1.52483, -1.16493, -0.359904, -0.00315794
34.1862, 0.045449, 8.43485e-05, -22.05, -1.52482, -1.1646, -0.36022, -0.00315973
34.2118, 0.0456737, -0.000441168, -21.991, -1.52482, -1.16428, -0.360536, -0.00316151
34.2374, 0.0462487, -0.000471978, -21.9321, -1.52481, -1.16395, -0.360853, -0.0031633
34.263, 0.0465295, 2.39438e-05, -21.8734, -1.5248, -1.16363, -0.36117, -0.00316509
34.2886, 0.0462107, 0.000483012, -21.8148, -1.52479, -1.1633, -0.361488, -0.00316687
34.3142, 0.0456649, 0.000389151, -21.7564, -1.52478, -1.16297, -0.361806, -0.00316866
34.3399, 0.0455145, -0.000149265, -21.6982, -1.52477, -1.16264, -0.362125, -0.00317045
34.3655, 0.0459347, -0.000529843, -21.6401, -1.52476, -1.16232, -0.362444, -0.00317223
34.3911, 0.0464665, -0.000331679, -21.5822, -1.52475, -1.16199, -0.362764, -0.00317402
34.4167, 0.0465325, 0.000223093, -21.5244, -1.52474, -1.16166, -0.363084, -0.00317581
34.4423, 0.046073, 0.000523232, -21.4668, -1.52473, -1.16133, -0.363404, -0.00317759
34.4679, 0.0456032, 0.000242364, -21.4094, -1.52472, -1.161, -0.363725, -0.00317938
34.4935, 0.0456438, -0.000310569, -21.3521, -1.52472, -1.16067, -0.364047, -0.00318116
34.5191, 0.0461575, -0.000535601, -21.295, -1.52471, -1.16034, -0.364369, -0.00318295
34.5447, 0.0465979, -0.000192441, -21.238, -1.5247, -1.16001, -0.364691, -0.00318473
34.5704, 0.0465031, 0.000347646, -21.1812, -1.52469, -1.15967, -0.365014, -0.00318652
34.5971, 0.0459629, 0.000500631, -21.122, -1.52468, -1.15933, -0.365352, -0.00318838
34.6239, 0.0456006, 6.95759e-05, -21.063, -1.52467, -1.15898, -0.365691, -0.00319024
34.6506, 0.0458394, -0.000449804, -21.0041, -1.52466, -1.15863, -0.366029, -0.00319211
34.6774, 0.0464149, -0.000467006, -20.9455, -1.52465, -1.15828, -0.366369, -0.00319397
34.7041, 0.0466851, 3.42629e-05, -20.8869, -1.52464, -1.15793, -0.366709, -0.00319583
34.7309, 0.0463585, 0.000487039, -20.8286, -1.52463, -1.15758, -0.367049, -0.00319769
34.7576, 0.0458147, 0.000385003, -20.7704, -1.52462, -1.15723, -0.36739, -0.00319956
34.7843, 0.0456708, -0.000154757, -20.7124, -1.52461, -1.15688, -0.367732, -0.00320142
34.8111, 0.0460939, -0.00053158, -20.6546, -1.5246, -1.15653, -0.368074, -0.00320328
34.8378, 0.0466243, -0.000331197, -20.5969, -1.5246, -1.15618, -0.368417, -0.00320514
34.8646, 0.0466898, 0.000222961, -20.5394, -1.52459, -1.15583, -0.36876, -0.003207
34.8913, 0.0462319, 0.000523983, -20.4821, -1.52458, -1.15547, -0.369104, -0.00320886
34.9181, 0.0457611, 0.000246691, -20.4249, -1.52457, -1.15512, -0.369448, -0.00321072
34.9448, 0.0457959, -0.000305692, -20.3678, -1.52456, -1.15477, -0.369793, -0.00321258
34.9716, 0.0463054, -0.000537752, -20.311, -1.52455, -1.15441, -0.370138, -0.00321444
34.9983, 0.0467516, -0.000203428, -20.2543, -1.52454, -1.15406, -0.370484, -0.0032163
35.0251, 0.0466698, 0.000337908, -20.1977, -1.52453, -1.1537, -0.37083, -0.00321816
35.0532, 0.0461309, 0.000504593, -20.1384, -1.52452, -1.15333, -0.371196, -0.00322012
35.0814, 0.0457586, 7.8866e-05, -20.0793, -1.52451, -1.15295, -0.371561, -0.00322208
35.1095, 0.0459903, -0.000446539, -20.0203, -1.5245, -1.15257, -0.371928, -0.00322403
35.1377, 0.0465684, -0.000470803, -19.9615, -1.52449, -1.1522, -0.372295, -0.00322599
35.1658, 0.0468444, 3.03472e-05, -19.9029, -1.52448, -1.15182, -0.372663, -0.00322794
35.194, 0.0465192, 0.00048698, -19.8444, -1.52447, -1.15144, -0.373031, -0.0032299
35.2221, 0.045973, 0.000385955, -19.7861, -1.52446, -1.15106, -0.3734, -0.00323186
35.2503, 0.0458288, -0.000156051, -19.728, -1.52446, -1.15069, -0.373769, -0.00323381
35.2785, 0.0462549, -0.00053311, -19.6701, -1.52445, -1.15031, -0.374139, -0.00323576
35.3066, 0.0467863, -0.000329054, -19.6124, -1.52444, -1.14993, -0.37451, -0.00323772
35.3348, 0.0468478, 0.000227587, -19.5548, -1.52443, -1.14955, -0.374881, -0.00323967
35.3629, 0.0463854, 0.000524905, -19.4974, -1.52442, -1.14916, -0.375253, -0.00324163
35.3911, 0.0459165, 0.00024079, -19.4401, -1.52441, -1.14878, -0.375626, -0.00324358
35.4192, 0.0459594, -0.000313011, -19.3831, -1.5244, -1.1484, -0.375999, -0.00324554
35.4474, 0.0464744, -0.000537835, -19.3262, -1.52439, -1.14802, -0.376373, -0.00324749
35.4755, 0.0469162, -0.000194909, -19.2695, -1.52438, -1.14763, -0.376747, -0.00324944
35.5037, 0.0468242, 0.000346209, -19.2129, -1.52437, -1.14725, -0.377123, -0.00325139
35.5331, 0.0462836, 0.000503191, -19.1539, -1.52436, -1.14685, -0.377516, -0.00325344
35.5626, 0.0459175, 7.36642e-05, -19.095, -1.52435, -1.14644, -0.37791, -0.00325548
35.5921, 0.0461528, -0.000448968, -19.0364, -1.52434, -1.14604, -0.378305, -0.00325753
35.6216, 0.0467297, -0.000471881, -18.9779, -1.52433, -1.14563, -0.3787, -0.00325957
35.651, 0.0470067, 2.72789e-05, -18.9196, -1.52432, -1.14523, -0.379096, -0.00326161
35.6805, 0.0466862, 0.000485499, -18.8615, -1.52431, -1.14482, -0.379493, -0.00326366
35.71, 0.0461403, 0.000392384, -18.8035, -1.5243, -1.14441, -0.379891, -0.0032657
35.7395, 0.0459862, -0.000145028, -18.7458, -1.52429, -1.144, -0.380289, -0.00326774
35.7689, 0.0464017, -0.000531305, -18.6882, -1.52428, -1.1436, -0.380688, -0.00326978
35.7984, 0.0469377, -0.00034412, -18.6308, -1.52427, -1.14319, -0.381087, -0.00327182
35.8279, 0.0470196, 0.000208432, -18.5736, -1.52426, -1.14278, -0.381488, -0.00327387
35.8574, 0.0465722, 0.000524785, -18.5166, -1.52426, -1.14237, -0.381889, -0.00327591
35.8868, 0.0460917, 0.000265571, -18.4597, -1.52425, -1.14196, -0.382291, -0.00327795
35.9163, 0.0461037, -0.000287238, -18.403, -1.52424, -1.14154, -0.382693, -0.00327999
35.9458, 0.046602, -0.00054221, -18.3465, -1.52423, -1.14113, -0.383096, -0.00328203
35.9753, 0.0470649, -0.000231169, -18.2902, -1.52422, -1.14072, -0.3835, -0.00328407
36.0047, 0.0470145, 0.000313881, -18.2341, -1.52421, -1.1403, -0.383905, -0.00328611
36.0356, 0.0464907, 0.000514992, -18.1754, -1.5242, -1.13987, -0.384329, -0.00328824
36.0665, 0.0460894, 0.000121904, -18.1169, -1.52419, -1.13943, -0.384755, -0.00329038
36.0974, 0.0462734, -0.000417898, -18.0587, -1.52418, -1.139, -0.385181, -0.00329252
36.1283, 0.0468431, -0.000498263, -18.0006, -1.52417, -1.13856, -0.385608, -0.00329465
36.1591, 0.0471717, -3.29897e-05, -17.9427, -1.52416, -1.13812, -0.386036, -0.00329679
36.19, 0.0469077, 0.000458372, -17.885, -1.52415, -1.13768, -0.386465, -0.00329893
36.2209, 0.0463571, 0.000434316, -17.8275, -1.52414, -1.13724, -0.386895, -0.00330106
36.2518, 0.0461356, -7.50238e-05, -17.7702, -1.52413, -1.1368, -0.387325, -0.0033032
36.2827, 0.0464927, -0.00051144, -17.713, -1.52412, -1.13636, -0.387756, -0.00330533
36.3136, 0.0470479, -0.000403014, -17.6561, -1.52411, -1.13592, -0.388188, -0.00330746
36.3456, 0.047207, 0.00015015, -17.5972, -1.5241, -1.13546, -0.388636, -0.00330968
36.3776, 0.0467824, 0.000520934, -17.5386, -1.52409, -1.135, -0.389086, -0.00331189
36.4096, 0.0462717, 0.000289859, -17.4801, -1.52408, -1.13454, -0.389536, -0.0033141
36.4417, 0.046263, -0.00027787, -17.4218, -1.52407, -1.13408, -0.389988, -0.00331631
36.4737, 0.0467734, -0.000543051, -17.3638, -1.52406, -1.13362, -0.39044, -0.00331852
36.5057, 0.0472412, -0.000212379, -17.3059, -1.52405, -1.13316, -0.390893, -0.00332074
36.5377, 0.0471593, 0.000343205, -17.2482, -1.52404, -1.13269, -0.391347, -0.00332295
36.5697, 0.046633, 0.000510044, -17.1908, -1.52403, -1.13223, -0.391801, -0.00332516
36.6018, 0.0462528, 0.000108439, -17.1335, -1.52402, -1.13176, -0.392257, -0.00332737
36.6338, 0.0464419, -0.000420217, -17.0764, -1.52401, -1.1313, -0.392714, -0.00332958
36.6658, 0.0470022, -0.000503105, -17.0195, -1.524, -1.13083, -0.393171, -0.00333179
36.6978, 0.0473388, -5.4554e-05, -16.9628, -1.52399, -1.13036, -0.393629, -0.00333399
36.7299, 0.0471042, 0.000441918, -16.9063, -1.52398, -1.12989, -0.394088, -0.0033362
36.7619, 0.0465625, 0.000458515, -16.85, -1.52397, -1.12942, -0.394549, -0.00333841
36.7939, 0.0462983, -1.85642e-05, -16.7938, -1.52396, -1.12895, -0.39501, -0.00334062
36.8259, 0.046597, -0.000484747, -16.7379, -1.52395, -1.12848, -0.395471, -0.00334283
36.8579, 0.0471527, -0.00045379, -16.6821, -1.52394, -1.12801, -0.395934, -0.00334503
36.8911, 0.0473953, 5.88249e-05, -16.6246, -1.52393, -1.12752, -0.396415, -0.00334732
36.9243, 0.0470534, 0.000495993, -16.5672, -1.52392, -1.12703, -0.396896, -0.00334961
36.9575, 0.0465158, 0.000381009, -16.51, -1.52391, -1.12653, -0.397378, -0.00335189
36.9907, 0.0463782, -0.000156987, -16.4531, -1.5239, -1.12604, -0.397862, -0.00335418
37.0238, 0.0467965, -0.000534539, -16.3963, -1.52389, -1.12555, -0.398346, -0.00335647
37.057, 0.0473287, -0.000348385, -16.3397, -1.52388, -1.12505, -0.398831, -0.00335875
37.0902, 0.0474177, 0.000198704, -16.2833, -1.52387, -1.12456, -0.399318, -0.00336104
37.1234, 0.0469834, 0.000524863, -16.2272, -1.52386, -1.12406, -0.399805, -0.00336332
37.1565, 0.0464971, 0.000288867, -16.1712, -1.52385, -1.12356, -0.400293, -0.0033656
37.1897, 0.0464777, -0.000258106, -16.1154, -1.52384, -1.12306, -0.400782, -0.00336789
37.2229, 0.0469519, -0.000545488, -16.0598, -1.52383, -1.12256, -0.401273, -0.00337017
37.2561, 0.0474363, -0.000278815, -16.0044, -1.52382, -1.12206, -0.401764, -0.00337245
37.2892, 0.0474441, 0.000263872, -15.9492, -1.52381, -1.12156, -0.402256, -0.00337474
37.324, 0.0469541, 0.00052597, -15.8915, -1.5238, -1.12103, -0.402774, -0.00337713
37.3588, 0.0465074, 0.000197262, -15.8341, -1.52379, -1.1205, -0.403292, -0.00337952
37.3936, 0.0466043, -0.000357117, -15.7768, -1.52378, -1.11997, -0.403811, -0.00338191
37.4284, 0.0471458, -0.000531693, -15.7198, -1.52377, -1.11944, -0.404332, -0.00338431
37.4632, 0.0475535, -0.000140815, -15.6629, -1.52376, -1.11891, -0.404854, -0.0033867
37.498, 0.0474012, 0.000390701, -15.6063, -1.52375, -1.11838, -0.405376, -0.00338909
37.5327, 0.0468671, 0.000494189, -15.5498, -1.52374, -1.11784, -0.4059, -0.00339148
37.5675, 0.0465315, 6.34816e-05, -15.4936, -1.52373, -1.11731, -0.406425, -0.00339387
37.6023, 0.0467571, -0.000443055, -15.4376, -1.52372, -1.11677, -0.406951, -0.00339626
37.6371, 0.0473134, -0.00049452, -15.3818, -1.52371, -1.11623, -0.407479, -0.00339865
37.6719, 0.0476295, -4.12803e-05, -15.3262, -1.5237, -1.1157, -0.408007, -0.00340104
37.7067, 0.0473911, 0.000444054, -15.2708, -1.52369, -1.11516, -0.408537, -0.00340343
37.7415, 0.046858, 0.000463033, -15.2156, -1.52368, -1.11462, -0.409067, -0.00340582
37.7763, 0.0465864, 2.9901e-07, -15.1606, -1.52367, -1.11407, -0.409599, -0.00340821
37.811, 0.0468592, -0.000471257, -15.1058, -1.52366, -1.11353, -0.410132, -0.0034106
37.8458, 0.0474072, -0.000477017, -15.0512, -1.52365, -1.11299, -0.410666, -0.00341298
37.8823, 0.0476901, 1.23797e-05, -14.9941, -1.52364, -1.11241, -0.411228, -0.00341549
37.9188, 0.0473912, 0.000477217, -14.9372, -1.52363, -1.11184, -0.411791, -0.00341799
37.9553, 0.0468482, 0.000417652, -14.8806, -1.52362, -1.11127, -0.412355, -0.0034205
37.9918, 0.0466545, -9.80609e-05, -14.8242, -1.52361, -1.11069, -0.412921, -0.003423
38.0283, 0.0470233, -0.000518691, -14.768, -1.5236, -1.11011, -0.413487, -0.0034255
38.0648, 0.0475719, -0.00040184, -14.712, -1.52359, -1.10954, -0.414056, -0.00342801
38.1033, 0.0477269, 0.00015594, -14.6531, -1.52358, -1.10892, -0.414656, -0.00343065
38.1418, 0.0472964, 0.000523359, -14.5945, -1.52357, -1.10831, -0.415259, -0.00343329
38.1803, 0.0467871, 0.000284621, -14.5361, -1.52356, -1.1077, -0.415862, -0.00343593
38.2189, 0.0467864, -0.00028547, -14.478, -1.52355, -1.10708, -0.416467, -0.00343856
38.2574, 0.0473023, -0.000545385, -14.4201, -1.52354, -1.10646, -0.417074, -0.0034412
38.2959, 0.0477684, -0.000208943, -14.3624, -1.52353, -1.10585, -0.417682, -0.00344384
38.3344, 0.0476822, 0.000346936, -14.305, -1.52352, -1.10523, -0.418291, -0.00344648
38.3729, 0.0471549, 0.000510936, -14.2478, -1.52351, -1.1046, -0.418902, -0.00344912
38.4114, 0.0467759, 0.000108198, -14.1908, -1.5235, -1.10398, -0.419515, -0.00345175
38.4499, 0.0469647, -0.000420949, -14.134, -1.52349, -1.10336, -0.420129, -0.00345439
38.4884, 0.0475247, -0.000507808, -14.0775, -1.52347, -1.10273, -0.420744, -0.00345703
38.5269, 0.0478674, -6.4034e-05, -14.0212, -1.52346, -1.1021, -0.421361, -0.00345966
38.5654, 0.0476437, 0.000436268, -13.9651, -1.52345, -1.10147, -0.421979, -0.0034623
38.604, 0.0471045, 0.000467499, -13.9093, -1.52344, -1.10084, -0.422599, -0.00346493
38.6425, 0.0468255, 1.52454e-06, -13.8537, -1.52343, -1.10021, -0.423221, -0.00346757
38.681, 0.0471036, -0.000474994, -13.7983, -1.52342, -1.09958, -0.423844, -0.0034702
38.7195, 0.0476585, -0.00047266, -13.7431, -1.52341, -1.09894, -0.424468, -0.00347283
38.7595, 0.047932, 2.31414e-05, -13.6861, -1.5234, -1.09828, -0.425118, -0.00347557
38.7994, 0.0476237, 0.000482289, -13.6293, -1.52339, -1.09762, -0.425769, -0.0034783
38.8394, 0.0470817, 0.000411924, -13.5727, -1.52338, -1.09696, -0.426422, -0.00348103
38.8794, 0.0468975, -0.000107826, -13.5164, -1.52337, -1.09629, -0.427077, -0.00348376
38.9193, 0.0472738, -0.000522652, -13.4603, -1.52336, -1.09563, -0.427733, -0.00348649
38.9593, 0.047821, -0.000397947, -13.4044, -1.52335, -1.09496, -0.428391, -0.00348922
39.0014, 0.0479698, 0.000160638, -13.3458, -1.52334, -1.09425, -0.429086, -0.0034921
39.0435, 0.047538, 0.000524373, -13.2875, -1.52333, -1.09354, -0.429783, -0.00349498
39.0857, 0.0470306, 0.000285108, -13.2294, -1.52332, -1.09283, -0.430482, -0.00349785
39.1278, 0.0470283, -0.000283543, -13.1716, -1.5233, -1.09212, -0.431182, -0.00350073
39.1699, 0.0475408, -0.000547244, -13.114, -1.52329, -1.09141, -0.431885, -0.0035036
39.212, 0.0480107, -0.000218736, -13.0567, -1.52328, -1.09069, -0.432589, -0.00350648
39.2541, 0.0479372, 0.000337141, -12.9996, -1.52327, -1.08998, -0.433296, -0.00350935
39.2962, 0.0474171, 0.000515628, -12.9428, -1.52326, -1.08926, -0.434004, -0.00351222
39.3383, 0.0470261, 0.00012863, -12.8862, -1.52325, -1.08854, -0.434714, -0.00351509
39.3805, 0.0471914, -0.000405274, -12.8299, -1.52324, -1.08781, -0.435426, -0.00351797
39.4226, 0.0477439, -0.000519553, -12.7738, -1.52323, -1.08709, -0.43614, -0.00352084
39.4647, 0.0481109, -9.85458e-05, -12.7179, -1.52322, -1.08636, -0.436856, -0.00352371
39.5068, 0.0479231, 0.000413666, -12.6624, -1.52321, -1.08563, -0.437573, -0.00352658
39.5489, 0.0473916, 0.000486793, -12.607, -1.5232, -1.0849, -0.438293, -0.00352945
39.591, 0.0470757, 5.04039e-05, -12.5519, -1.52318, -1.08417, -0.439015, -0.00353232
39.6331, 0.0473054, -0.000446361, -12.497, -1.52317, -1.08344, -0.439738, -0.00353519
39.6753, 0.047854, -0.000501634, -12.4424, -1.52316, -1.0827, -0.440464, -0.00353806
39.7188, 0.0481816, -4.51796e-05, -12.3861, -1.52315, -1.08194, -0.441217, -0.00354103
39.7624, 0.0479401, 0.000447201, -12.3301, -1.52314, -1.08117, -0.441972, -0.00354399
39.806, 0.0474, 0.000459247, -12.2743, -1.52313, -1.0804, -0.442729, -0.00354696
39.8496, 0.0471371, -1.64473e-05, -12.2188, -1.52312, -1.07963, -0.443488, -0.00354993
39.8932, 0.0474305, -0.00048442, -12.1636, -1.52311, -1.07886, -0.44425, -0.00355289
39.9367, 0.0479854, -0.00046643, -12.1086, -1.5231, -1.07809, -0.445013, -0.00355586
39.9823, 0.0482462, 3.96669e-05, -12.0513, -1.52309, -1.07727, -0.445813, -0.00355896
40.0278, 0.0479216, 0.000490218, -11.9944, -1.52308, -1.07646, -0.446616, -0.00356206
40.0734, 0.0473806, 0.0003994, -11.9377, -1.52306, -1.07564, -0.447421, -0.00356515
40.1189, 0.0472167, -0.000129628, -11.8812, -1.52305, -1.07483, -0.448228, -0.00356825
40.1645, 0.0476114, -0.0005306, -11.8251, -1.52304, -1.074, -0.449038, -0.00357135
40.21, 0.048155, -0.000383053, -11.7692, -1.52303, -1.07318, -0.44985, -0.00357444
40.2576, 0.0482824, 0.000177431, -11.7111, -1.52302, -1.07232, -0.450702, -0.00357768
40.3052, 0.0478434, 0.000526474, -11.6532, -1.52301, -1.07145, -0.451555, -0.00358091
40.3528, 0.0473441, 0.000279348, -11.5957, -1.523, -1.07059, -0.452412, -0.00358414
40.4004, 0.0473466, -0.000285547, -11.5384, -1.52299, -1.06971, -0.453271, -0.00358738
40.448, 0.0478549, -0.00054919, -11.4814, -1.52297, -1.06884, -0.454133, -0.00359061
40.4956, 0.0483267, -0.000230393, -11.4248, -1.52296, -1.06797, -0.454997, -0.00359384
40.5432, 0.0482697, 0.000322964, -11.3683, -1.52295, -1.06709, -0.455864, -0.00359707
40.5926, 0.0477405, 0.000516831, -11.31, -1.52294, -1.06617, -0.456768, -0.00360043
40.6421, 0.0473436, 0.000116286, -11.2519, -1.52293, -1.06525, -0.457675, -0.00360378
40.6915, 0.0475336, -0.000424661, -11.1942, -1.52292, -1.06433, -0.458585, -0.00360714
40.741, 0.0481063, -0.000506184, -11.1367, -1.5229, -1.06341, -0.459498, -0.00361049
40.7905, 0.0484425, -4.44284e-05, -11.0796, -1.52289, -1.06248, -0.460414, -0.00361385
40.8399, 0.0481926, 0.000452887, -11.0227, -1.52288, -1.06155, -0.461333, -0.0036172
40.8894, 0.0476448, 0.000450478, -10.9661, -1.52287, -1.06062, -0.462254, -0.00362055
40.9389, 0.0473986, -4.31135e-05, -10.9098, -1.52286, -1.05968, -0.463179, -0.00362391
40.9883, 0.0477224, -0.000500946, -10.8538, -1.52285, -1.05874, -0.464107, -0.00362726
41.0378, 0.0482826, -0.000444661, -10.7981, -1.52284, -1.0578, -0.465038, -0.00363061
41.0893, 0.0485046, 8.47717e-05, -10.7404, -1.52282, -1.05681, -0.466011, -0.0036341
41.1408, 0.0481385, 0.000507404, -10.683, -1.52281, -1.05583, -0.466987, -0.00363759
41.1923, 0.047605, 0.000362323, -10.6259, -1.5228, -1.05483, -0.467966, -0.00364108
41.2438, 0.0474966, -0.000186308, -10.5691, -1.52279, -1.05384, -0.468949, -0.00364456
41.2953, 0.047937, -0.000544974, -10.5126, -1.52278, -1.05284, -0.469935, -0.00364805
41.3469, 0.0484637, -0.000335051, -10.4564, -1.52277, -1.05184, -0.470924, -0.00365154
41.3984, 0.0485339, 0.000215438, -10.4005, -1.52275, -1.05084, -0.471917, -0.00365502
41.4499, 0.0480921, 0.000528619, -10.3449, -1.52274, -1.04983, -0.472913, -0.00365851
41.5014, 0.0476127, 0.000284331, -10.2896, -1.52273, -1.04882, -0.473913, -0.00366199
41.5529, 0.0475978, -0.000260739, -10.2345, -1.52272, -1.0478, -0.474916, -0.00366547
41.6066, 0.0480929, -0.000551622, -10.1775, -1.52271, -1.04674, -0.475965, -0.0036691
41.6604, 0.0485826, -0.000257155, -10.1207, -1.5227, -1.04568, -0.477019, -0.00367274
41.7141, 0.0485556, 0.000299943, -10.0643, -1.52268, -1.04461, -0.478076, -0.00367637
41.7678, 0.0480598, 0.000526126, -10.0082, -1.52267, -1.04353, -0.479137, -0.00368
41.8215, 0.0476336, 0.000188551, -9.95235, -1.52266, -1.04246, -0.480202, -0.00368363
41.8752, 0.0477307, -0.000354977, -9.89685, -1.52265, -1.04138, -0.481271, -0.00368725
41.9324, 0.0482928, -0.000535607, -9.83815, -1.52264, -1.04022, -0.482412, -0.00369111
41.9895, 0.0487031, -0.000119609, -9.7798, -1.52262, -1.03907, -0.483557, -0.00369497
42.0467, 0.0485161, 0.000417252, -9.72179, -1.52261, -1.0379, -0.484707, -0.00369883
42.1038, 0.0479618, 0.000476196, -9.66412, -1.5226, -1.03674, -0.485861, -0.00370268
42.161, 0.0476685, -1.12118e-06, -9.60679, -1.52259, -1.03557, -0.48702, -0.00370654
42.2181, 0.0479653, -0.000487735, -9.5498, -1.52257, -1.03439, -0.488183, -0.00371039
42.2752, 0.0485374, -0.000459465, -9.49314, -1.52256, -1.03321, -0.48935, -0.00371425
42.3324, 0.0487845, 4.63983e-05, -9.43682, -1.52255, -1.03203, -0.490523, -0.0037181
42.3895, 0.0484632, 0.000489968, -9.38083, -1.52254, -1.03084, -0.491699, -0.00372195
42.4467, 0.0479292, 0.000409564, -9.32517, -1.52253, -1.02965, -0.49288, -0.0037258
42.5068, 0.0477551, -0.000133737, -9.26698, -1.52251, -1.02839, -0.494128, -0.00372985
42.5669, 0.0481709, -0.000538387, -9.20914, -1.5225, -1.02712, -0.49538, -0.0037339
42.627, 0.0487226, -0.000359366, -9.15167, -1.52249, -1.02585, -0.496638, -0.00373795
42.6871, 0.0488191, 0.000199313, -9.09455, -1.52248, -1.02458, -0.4979, -0.003742
42.7472, 0.0483763, 0.000528693, -9.03779, -1.52246, -1.0233, -0.499168, -0.00374604
42.8073, 0.047888, 0.000280342, -8.98137, -1.52245, -1.02201, -0.500441, -0.00375009
42.8674, 0.0478836, -0.000275065, -8.9253, -1.52244, -1.02072, -0.501719, -0.00375413
42.9275, 0.0483732, -0.000553199, -8.86958, -1.52243, -1.01942, -0.503003, -0.00375818
42.9876, 0.0488568, -0.000271102, -8.81421, -1.52242, -1.01812, -0.504292, -0.00376222
43.0477, 0.0488533, 0.000274998, -8.75917, -1.5224, -1.01682, -0.505586, -0.00376626
43.1111, 0.048355, 0.000528139, -8.70146, -1.52239, -1.01543, -0.506957, -0.00377052
43.1745, 0.0479145, 0.000187474, -8.64412, -1.52238, -1.01404, -0.508335, -0.00377479
43.238, 0.0480229, -0.00036799, -8.58716, -1.52237, -1.01265, -0.509718, -0.00377905
43.3038, 0.0485915, -0.000533273, -8.5284, -1.52235, -1.01119, -0.511161, -0.00378348
43.3697, 0.0489911, -0.000106206, -8.47004, -1.52234, -1.00973, -0.512611, -0.0037879
43.4356, 0.0487912, 0.000425422, -8.41208, -1.52233, -1.00826, -0.514067, -0.00379232
43.5014, 0.0482368, 0.000471626, -8.3545, -1.52231, -1.00678, -0.51553, -0.00379675
43.5673, 0.0479534, -1.04297e-05, -8.29732, -1.5223, -1.0053, -0.517, -0.00380117
43.6331, 0.0482565, -0.000491966, -8.24052, -1.52229, -1.00381, -0.518476, -0.00380559
43.699, 0.0488271, -0.000459603, -8.1841, -1.52228, -1.00232, -0.519959, -0.00381001
43.7649, 0.0490734, 4.42788e-05, -8.12807, -1.52226, -1.00081, -0.521448, -0.00381443
43.8307, 0.0487575, 0.000487994, -8.07241, -1.52225, -0.999305, -0.522945, -0.00381884
43.8966, 0.048226, 0.000416754, -8.01713, -1.52224, -0.997789, -0.524448, -0.00382326
43.9664, 0.0480407, -0.000122091, -7.95899, -1.52222, -0.996176, -0.526048, -0.00382794
44.0361, 0.0484461, -0.000536363, -7.90126, -1.52221, -0.994555, -0.527656, -0.00383261
44.1059, 0.0490023, -0.00037401, -7.84394, -1.5222, -0.992926, -0.529272, -0.00383729
44.1756, 0.049119, 0.000179542, -7.78703, -1.52219, -0.99129, -0.530895, -0.00384196
44.2454, 0.0486929, 0.000526517, -7.73053, -1.52217, -0.989645, -0.532527, -0.00384663
44.3152, 0.048196, 0.000304745, -7.67444, -1.52216, -0.987993, -0.534166, -0.0038513
44.3849, 0.0481596, -0.000245402, -7.61874, -1.52215, -0.986333, -0.535814, -0.00385597
44.4547, 0.0486263, -0.000553637, -7.56344, -1.52213, -0.984665, -0.537469, -0.00386064
44.5245, 0.0491276, -0.000311975, -7.50854, -1.52212, -0.982988, -0.539133, -0.00386531
44.5968, 0.0491652, 0.000247126, -7.45201, -1.52211, -0.981241, -0.540867, -0.00387015
44.6692, 0.0487002, 0.000530918, -7.3959, -1.5221, -0.979485, -0.54261, -0.00387499
44.7415, 0.0482382, 0.000249408, -7.34021, -1.52208, -0.97772, -0.544362, -0.00387982
44.8139, 0.0482658, -0.000298819, -7.28492, -1.52207, -0.975946, -0.546123, -0.00388466
44.89, 0.0487898, -0.000552963, -7.22719, -1.52206, -0.97407, -0.547986, -0.00388975
44.9661, 0.0492576, -0.000215067, -7.1699, -1.52204, -0.972184, -0.549859, -0.00389484
45.0423, 0.0491807, 0.000339903, -7.11307, -1.52203, -0.970287, -0.551742, -0.00389992
45.1217, 0.0486413, 0.00051276, -7.05427, -1.52202, -0.968299, -0.553716, -0.00390522
45.2011, 0.0482616, 9.2866e-05, -6.99596, -1.522, -0.9663, -0.555701, -0.00391052
45.2805, 0.0484758, -0.000441993, -6.93812, -1.52199, -0.96429, -0.557698, -0.00391582
45.3598, 0.0490529, -0.000504193, -6.88075, -1.52197, -0.962268, -0.559706, -0.00392112
45.4392, 0.0493784, -3.58008e-05, -6.82384, -1.52196, -0.960235, -0.561726, -0.00392642
45.5186, 0.0491256, 0.000455327, -6.76739, -1.52195, -0.958191, -0.563757, -0.00393171
45.598, 0.0485845, 0.000454817, -6.71141, -1.52193, -0.956135, -0.565799, -0.003937
45.6774, 0.0483321, -2.72e-05, -6.65588, -1.52192, -0.954068, -0.567853, -0.0039423
45.7568, 0.0486325, -0.000491897, -6.60079, -1.52191, -0.951989, -0.569919, -0.00394759
45.8362, 0.0491875, -0.000474948, -6.54616, -1.52189, -0.949898, -0.571997, -0.00395287
45.9203, 0.0494575, 3.0983e-05, -6.48873, -1.52188, -0.947669, -0.574212, -0.00395848
46.0045, 0.0491424, 0.000487586, -6.4318, -1.52187, -0.945426, -0.576441, -0.00396408
46.0886, 0.048603, 0.000411703, -6.37535, -1.52185, -0.94317, -0.578683, -0.00396968
46.1761, 0.0484258, -0.000128752, -6.31721, -1.52184, -0.940812, -0.581028, -0.0039755
46.2635, 0.0488338, -0.000538874, -6.25959, -1.52183, -0.938438, -0.583387, -0.00398132
46.3509, 0.0493882, -0.000377746, -6.20249, -1.52181, -0.93605, -0.585761, -0.00398714
46.4384, 0.0495108, 0.000170935, -6.14589, -1.5218, -0.933647, -0.588151, -0.00399295
46.5258, 0.049097, 0.000524554, -6.0898, -1.52178, -0.931229, -0.590555, -0.00399877
46.6132, 0.0485985, 0.000323308, -6.03421, -1.52177, -0.928795, -0.592975, -0.00400458
46.7041, 0.0485449, -0.000237677, -5.97696, -1.52176, -0.926249, -0.595507, -0.00401061
46.795, 0.0490201, -0.000555845, -5.92024, -1.52174, -0.923687, -0.598055, -0.00401665
46.8859, 0.0495285, -0.000302984, -5.86405, -1.52173, -0.921108, -0.60062, -0.00402269
46.9768, 0.0495598, 0.000247404, -5.80837, -1.52171, -0.918512, -0.603203, -0.00402872
47.0713, 0.0490843, 0.000531024, -5.75098, -1.5217, -0.915792, -0.605908, -0.004035
47.1659, 0.0486242, 0.000231393, -5.69415, -1.52169, -0.913053, -0.608633, -0.00404127
47.2605, 0.0486773, -0.000323237, -5.63786, -1.52167, -0.910295, -0.611376, -0.00404754
47.3592, 0.049217, -0.000551758, -5.57968, -1.52166, -0.907397, -0.61426, -0.00405409
47.4579, 0.0496684, -0.000189766, -5.52209, -1.52164, -0.904477, -0.617166, -0.00406064
47.5566, 0.0495644, 0.000359777, -5.46507, -1.52163, -0.901536, -0.620092, -0.00406718
47.6588, 0.049024, 0.000507579, -5.40666, -1.52161, -0.89847, -0.623144, -0.00407395
47.761, 0.0486611, 8.16614e-05, -5.34885, -1.5216, -0.89538, -0.626219, -0.00408072
47.8632, 0.0488788, -0.000444132, -5.29164, -1.52158, -0.892267, -0.629318, -0.00408748
47.9654, 0.0494474, -0.000510891, -5.23502, -1.52157, -0.88913, -0.63244, -0.00409425
48.0676, 0.049783, -6.09608e-05, -5.179, -1.52156, -0.88597, -0.635585, -0.00410101
48.1698, 0.0495644, 0.000434567, -5.12356, -1.52154, -0.882787, -0.638755, -0.00410777
48.272, 0.0490381, 0.00047996, -5.0687, -1.52153, -0.879579, -0.641949, -0.00411453
48.3788, 0.0487395, 1.72073e-05, -5.01197, -1.52151, -0.8762, -0.645313, -0.00412159
48.4857, 0.0490075, -0.000474414, -4.95587, -1.5215, -0.872795, -0.648703, -0.00412865
48.5925, 0.049569, -0.000493846, -4.90037, -1.52148, -0.869363, -0.652121, -0.00413571
48.7035, 0.0498716, -1.22371e-05, -4.84333, -1.52147, -0.865768, -0.655702, -0.00414304
48.8144, 0.0496021, 0.000464749, -4.78695, -1.52145, -0.862143, -0.659312, -0.00415037
48.9254, 0.0490675, 0.000448479, -4.73119, -1.52144, -0.858488, -0.662952, -0.0041577
49.0414, 0.0488278, -5.63456e-05, -4.67363, -1.52143, -0.854638, -0.666788, -0.00416535
49.1573, 0.0491664, -0.000512437, -4.61674, -1.52141, -0.850754, -0.670657, -0.004173
49.2733, 0.0497304, -0.000447593, -4.56052, -1.5214, -0.846837, -0.674559, -0.00418065
49.3952, 0.0499517, 8.61785e-05, -4.50213, -1.52138, -0.842682, -0.678699, -0.00418868
49.5171, 0.0495896, 0.000507596, -4.44447, -1.52137, -0.838489, -0.682876, -0.00419672
49.639, 0.0490621, 0.000372751, -4.38752, -1.52135, -0.834258, -0.687092, -0.00420475
49.7664, 0.0489448, -0.00018678, -4.32875, -1.52133, -0.829794, -0.691541, -0.00421314
49.8938, 0.0493948, -0.000552864, -4.27075, -1.52132, -0.825287, -0.696032, -0.00422153
50.0212, 0.0499294, -0.000340033, -4.21349, -1.5213, -0.820738, -0.700566, -0.00422991
50.1487, 0.050004, 0.000211289, -4.15698, -1.52129, -0.816144, -0.705144, -0.0042383
50.2761, 0.0495725, 0.000528837, -4.1012, -1.52127, -0.811507, -0.709767, -0.00424668
50.4035, 0.0490948, 0.000304543, -4.04614, -1.52126, -0.806826, -0.714433, -0.00425506
50.5375, 0.0490623, -0.000252863, -3.98901, -1.52124, -0.801854, -0.71939, -0.00426386
50.6715, 0.0495374, -0.00055869, -3.93266, -1.52123, -0.796832, -0.724396, -0.00427267
50.8055, 0.050039, -0.0003129, -3.87708, -1.52121, -0.79176, -0.729454, -0.00428147
50.9448, 0.0500786, 0.000243848, -3.82011, -1.5212, -0.786433, -0.734765, -0.00429061
51.0841, 0.0496248, 0.000530945, -3.76395, -1.52118, -0.781051, -0.740132, -0.00429975
51.2233, 0.0491636, 0.000270949, -3.70859, -1.52117, -0.775612, -0.745556, -0.00430889
51.3684, 0.0491699, -0.000284331, -3.65176, -1.52115, -0.769887, -0.751266, -0.0043184
51.5185, 0.049679, -0.000559592, -3.59382, -1.52114, -0.763895, -0.757241, -0.00432825
51.6687, 0.0501631, -0.000258788, -3.53677, -1.52112, -0.757836, -0.763285, -0.00433809
51.8188, 0.0501441, 0.000288873, -3.4806, -1.52111, -0.751709, -0.769397, -0.00434792
51.9786, 0.0496404, 0.00052698, -3.42177, -1.52109, -0.745114, -0.775975, -0.00435838
52.1383, 0.0492129, 0.000179751, -3.3639, -1.52107, -0.73844, -0.782634, -0.00436884
52.298, 0.0493218, -0.00036696, -3.30697, -1.52106, -0.731686, -0.789372, -0.00437929
52.4671, 0.0498843, -0.000544799, -3.24775, -1.52104, -0.724452, -0.796589, -0.00439035
52.6361, 0.0503007, -0.000145852, -3.18955, -1.52103, -0.717128, -0.803898, -0.0044014
52.8051, 0.0501566, 0.000386661, -3.13234, -1.52101, -0.70971, -0.811299, -0.00441244
52.9741, 0.0496383, 0.000505853, -3.07613, -1.52099, -0.7022, -0.818794, -0.00442348
53.1431, 0.0492868, 0.000112201, -3.02088, -1.52098, -0.694595, -0.826384, -0.00443452
53.3121, 0.0494437, -0.000397708, -2.96658, -1.52096, -0.686895, -0.834068, -0.00444555
53.4957, 0.0500028, -0.000538555, -2.90865, -1.52095, -0.678422, -0.842525, -0.00445753
53.6793, 0.0503966, -0.000137649, -2.85181, -1.52093, -0.669835, -0.851097, -0.00446951
53.8629, 0.0502565, 0.000380692, -2.79603, -1.52092, -0.661132, -0.859784, -0.00448147
54.0574, 0.0497262, 0.000503889, -2.73806, -1.5209, -0.651782, -0.869118, -0.00449415
54.252, 0.049377, 9.30529e-05, -2.68124, -1.52088, -0.642299, -0.878585, -0.00450683
54.4465, 0.0495608, -0.000419248, -2.62554, -1.52087, -0.632684, -0.888185, -0.0045195
54.6528, 0.0501231, -0.000530678, -2.56772, -1.52085, -0.622346, -0.898507, -0.00453292
54.859, 0.050496, -0.000117212, -2.51111, -1.52084, -0.611856, -0.908981, -0.00454633
55.0652, 0.0503411, 0.000390312, -2.45569, -1.52082, -0.601213, -0.919608, -0.00455974
55.2851, 0.0498126, 0.000501164, -2.39789, -1.52081, -0.589696, -0.931109, -0.00457403
55.505, 0.0494711, 9.10637e-05, -2.34139, -1.52079, -0.578003, -0.942786, -0.00458831
55.7248, 0.0496505, -0.000415128, -2.28615, -1.52077, -0.566133, -0.954641, -0.00460259
55.961, 0.050209, -0.000533596, -2.22821, -1.52076, -0.553187, -0.967571, -0.00461792
56.1971, 0.0505875, -0.000130349, -2.17167, -1.52074, -0.540035, -0.980708, -0.00463324
56.4333, 0.0504495, 0.000376956, -2.11649, -1.52073, -0.526677, -0.99405, -0.00464855
56.6886, 0.0499258, 0.000507804, -2.05834, -1.52071, -0.512006, -1.00871, -0.00466509
56.9439, 0.0495695, 0.000114398, -2.0017, -1.5207, -0.497093, -1.0236, -0.00468163
57.1991, 0.0497229, -0.000394746, -1.94655, -1.52068, -0.481942, -1.03874, -0.00469816
57.4774, 0.0502746, -0.000541576, -1.88808, -1.52067, -0.465158, -1.05551, -0.00471616
57.7556, 0.0506726, -0.00015988, -1.83128, -1.52065, -0.448092, -1.07256, -0.00473415
58.0338, 0.0505661, 0.000351774, -1.7761, -1.52064, -0.430749, -1.08989, -0.00475213
58.3395, 0.0500506, 0.000517498, -1.7173, -1.52062, -0.41138, -1.10924, -0.00477188
58.6451, 0.0496699, 0.000150658, -1.66033, -1.52061, -0.391686, -1.12892, -0.00479161
58.9508, 0.0497843, -0.000362529, -1.60516, -1.52059, -0.371673, -1.14892, -0.00481134
59.2903, 0.0503239, -0.000550034, -1.54589, -1.52058, -0.34908, -1.1715, -0.00483323
59.6298, 0.0507475, -0.000200023, -1.4887, -1.52056, -0.326118, -1.19444, -0.00485512
59.9815, 0.0506731, 0.000329948, -1.43156, -1.52055, -0.30196, -1.21859, -0.00487777
60.3642, 0.0501635, 0.000524695, -1.37174, -1.52053, -0.275267, -1.24527, -0.00490241
60.7469, 0.049764, 0.00018082, -1.31427, -1.52052, -0.248176, -1.27235, -0.00492702
61.1444, 0.0498564, -0.000347454, -1.25697, -1.52051, -0.219646, -1.30086, -0.00495258
61.5799, 0.0503871, -0.000551051, -1.1969, -1.5205, -0.187983, -1.33251, -0.00498056
62.0154, 0.0508168, -0.000220621, -1.13953, -1.52048, -0.155946, -1.36454, -0.00500852
62.4726, 0.0507672, 0.000308245, -1.08208, -1.52047, -0.121979, -1.3985, -0.00503785
62.9787, 0.0502703, 0.000533602, -1.02165, -1.52046, -0.0840612, -1.4364, -0.0050703
63.4848, 0.0498504, 0.000229196, -0.964386, -1.52045, -0.0459141, -1.47454, -0.00510272
64.0237, 0.0498873, -0.000297009, -0.906712, -1.52045, -0.00516054, -1.51529, -0.00513722
64.6292, 0.0503848, -0.000551644, -0.845764, -1.52044, 0.0406228, -1.56106, -0.00517595
65.2347, 0.050834, -0.000281245, -0.788652, -1.52044, 0.0862218, -1.60666, -0.00521465
65.8912, 0.0508546, 0.000243413, -0.730798, -1.52043, 0.13524, -1.65567, -0.00525657
66.6271, 0.0504077, 0.000545812, -0.670657, -1.52043, 0.189391, -1.70982, -0.00530352
67.3629, 0.049947, 0.000355482, -0.61514, -1.52043, 0.242429, -1.76286, -0.00535042
68.2044, 0.0498359, -0.000146957, -0.556891, -1.52044, 0.301403, -1.82184, -0.00540402
69.1393, 0.0501898, -0.000509741, -0.498202, -1.52045, 0.364455, -1.88491, -0.00546349
70.1378, 0.0506622, -0.000419425, -0.441879, -1.52047, 0.428601, -1.94907, -0.00552695
71.3128, 0.0508599, 4.84307e-05, -0.383167, -1.52049, 0.49954, -2.02003, -0.00560155
72.612, 0.0505973, 0.000487373, -0.326702, -1.52053, 0.572066, -2.0926, -0.00568393
74.1015, 0.0500915, 0.000583185, -0.271478, -1.52058, 0.647658, -2.16824, -0.00577827
75.9464, 0.0496756, 0.00029638, -0.215065, -1.52065, 0.730683, -2.25134, -0.00589497
78.1316, 0.0495975, -0.000101115, -0.162373, -1.52076, 0.815355, -2.33611, -0.00603299
81.0326, 0.0497831, -0.000324859, -0.110895, -1.52093, 0.908442, -2.42937, -0.00621594
84.8117, 0.0499845, -0.000235544, -0.0667275, -1.52119, 1.00386, -2.52505, -0.0064539
90.7053, 0.0500338, 0.000103397, -0.0301882, -1.52169, 1.112, -2.63369, -0.00682441
100.19, 0.049932, 0.000541966, -0.0108679, -1.52268, 1.2242, -2.74688, -0.00742001
119.298, 0.0495193, 0.00171116, -0.014379, -1.52526, 1.34476, -2.87002, -0.00862131
127.103, 0.048877, 0.00292385, -0.0217528, -1.52649, 1.37481, -2.90131, -0.00911341
134.961, 0.0472872, 0.00479119, -0.0307929, -1.52782, 1.39901, -2.92682, -0.00961006
142.133, 0.0443819, 0.00660211, -0.0395417, -1.52909, 1.41725, -2.94634, -0.0100644
148.951, 0.0401479, 0.00734263, -0.0476611, -1.53036, 1.43203, -2.96239, -0.0104972
155.498, 0.0355497, 0.00597872, -0.0548711, -1.53161, 1.44439, -2.976, -0.0109135
161.21, 0.0325718, 0.00286262, -0.0604917, -1.53274, 1.45398, -2.98672, -0.0112774
166.922, 0.0319524, -0.00105583, -0.0653811, -1.5339, 1.46264, -2.99654, -0.0116418
171.725, 0.0335201, -0.00350226, -0.0688891, -1.5349, 1.46931, -3.00421, -0.0119485
176.694, 0.0362614, -0.00385511, -0.0719296, -1.53594, 1.47571, -3.01165, -0.0122661
181.663, 0.0383861, -0.00156613, -0.0743804, -1.53701, 1.48165, -3.01866, -0.012584
186.632, 0.0381338, 0.00237753, -0.0762636, -1.53809, 1.48718, -3.02528, -0.012902
190.872, 0.0355234, 0.00548422, -0.0774449, -1.53903, 1.49162, -3.03065, -0.0131734
195.112, 0.0313137, 0.00694299, -0.0782591, -1.53998, 1.49583, -3.03581, -0.0134449
199.519, 0.0267044, 0.00599928, -0.0787433, -1.54098, 1.49997, -3.04095, -0.013727
203.926, 0.0235216, 0.00295658, -0.0788882, -1.54199, 1.50391, -3.0459, -0.0140092
208.333, 0.0227918, -0.00076678, -0.0787243, -1.54301, 1.50765, -3.05066, -0.0142912
212.74, 0.0243696, -0.00342832, -0.0782819, -1.54404, 1.51122, -3.05526, -0.0145731
217.148, 0.0270266, -0.00381158, -0.0775909, -1.54509, 1.51463, -3.05971, -0.0148548
221.555, 0.0290747, -0.00178465, -0.0766798, -1.54614, 1.51789, -3.06403, -0.0151363
225.962, 0.0291736, 0.00170023, -0.075576, -1.5472, 1.52101, -3.06821, -0.0154174
230.561, 0.0267603, 0.00523947, -0.0742461, -1.54832, 1.52414, -3.07246, -0.0157104
235.161, 0.0224836, 0.00714526, -0.0727615, -1.54945, 1.52713, -3.07659, -0.016003
239.761, 0.0178016, 0.00670884, -0.0711474, -1.55059, 1.53002, -3.08061, -0.0162951
244.36, 0.0142009, 0.00427507, -0.0694268, -1.55174, 1.53279, -3.08453, -0.0165865
249.142, 0.0125554, 0.000825026, -0.0675476, -1.55295, 1.53556, -3.08851, -0.0168888
254.273, 0.0131654, -0.00225712, -0.065453, -1.55425, 1.53843, -3.09268, -0.0172123
259.403, 0.0152142, -0.00342275, -0.0633001, -1.55557, 1.54118, -3.09675, -0.0175348
264.816, 0.0172988, -0.0022163, -0.0609881, -1.55697, 1.54398, -3.10095, -0.0178738
270.229, 0.0178914, 0.000784656, -0.0586554, -1.55838, 1.54668, -3.10506, -0.0182115
275.907, 0.0162483, 0.0044363, -0.0562058, -1.55988, 1.5494, -3.10928, -0.0185641
281.855, 0.0124107, 0.00728054, -0.053656, -1.56146, 1.55215, -3.11361, -0.0189317
287.803, 0.00755282, 0.00820622, -0.0511395, -1.56306, 1.5548, -3.11785, -0.0192972
294.592, 0.00241328, 0.00690835, -0.0483257, -1.5649, 1.5577, -3.1226, -0.0197117
301.382, -0.00104599, 0.00406956, -0.0455901, -1.56675, 1.5605, -3.12725, -0.0201231
308.715, -0.002506, 0.00083346, -0.0427377, -1.56878, 1.56341, -3.13218, -0.0205637
316.37, -0.00215039, -0.0013218, -0.039885, -1.57091, 1.56632, -3.13723, -0.0210191
324.487, -0.00101555, -0.0015396, -0.0370091, 4.70998, 1.56929, 3.14069, -0.0214965
333.521, -0.000398531, 0.000431676, -0.0339948, 1.56581, -1.56914, 3.13494, -0.022021
342.555, -0.00140547, 0.00368538, -0.0311795, 1.5632, -1.5661, 3.12929, -0.0225375
353.16, -0.00476939, 0.00760646, -0.0281263, 1.56009, -1.56268, 3.12277, -0.023133
364.534, -0.0101466, 0.0106666, -0.0251446, 1.55671, -1.55919, 3.1159, -0.0237577
377.15, -0.0167979, 0.0121857, -0.0221736, 1.5529, -1.55549, 3.10839, -0.0244323
392.023, -0.0239925, 0.0120099, -0.0190921, 1.54832, -1.55136, 3.09968, -0.0252011
408.281, -0.0301982, 0.0107452, -0.0161938, 1.54321, -1.54709, 3.09029, -0.026006
428.019, -0.0355881, 0.00940374, -0.0132514, 1.53684, -1.5422, 3.07904, -0.026929
450.437, -0.0399907, 0.00925217, -0.0105554, 1.52939, -1.53701, 3.0664, -0.0278991
477.254, -0.0443555, 0.0110807, -0.00805608, 1.52013, -1.53124, 3.05137, -0.0289407
511.841, -0.0497826, 0.0156084, -0.00571631, 1.5076, -1.52438, 3.03199, -0.0300752
559.177, -0.0571572, 0.0235802, -0.00362537, 1.4892, -1.51591, 3.00511, -0.0312112
627.495, -0.0665838, 0.0357395, -0.00195246, 1.45951, -1.50518, 2.96469, -0.0319281
721.492, -0.0759853, 0.0512444, -0.000914379, 1.41043, -1.49267, 2.9031, -0.0310535
841.017, -0.0832505, 0.0683385, -0.000419502, 1.32638, -1.4797, 2.80607, -0.0270644
1028.82, -0.0893745, 0.093322, -0.000195803, 1.0904, -1.46437, 2.55477, -0.0169184
1128.23, -0.0909892, 0.108177, -0.000161966, 0.850654, -1.45831, 2.30897, -0.0117541
1218.33, -0.0908017, 0.121978, -0.000141594, 0.502054, -1.4539, 1.95596, -0.00872038
1331.71, -0.0880739, 0.129919, -8.95865e-05, -0.0825673, -1.4497, 1.36713, -0.00894939
1455.98, -0.0862393, 0.126591, -3.73726e-05, -0.590006, -1.44668, 0.856673, -0.0163122
1603.2, -0.0855639, 0.122932, -1.64013e-05, -0.899059, -1.44511, 0.546052, -0.0351608
1783.62, -0.0851665, 0.12186, 2.59671e-07, -1.07648, -1.44591, 0.369433, -0.0683334
1964.03, -0.0853676, 0.121958, 5.44559e-07, -1.16693, -1.44943, 0.282497, -0.102436
2262.93, -0.0858143, 0.122043, 2.34588e-07, -1.23983, -1.46029, 0.220454, -0.135717
2283.38, -0.0858438, 0.122046, 2.2716e-07, -1.24277, -1.46122, 0.218456, -0.136423
