55, 0.104242, -0.000420118, -171.563, -1.46751, 1.55014, -3.01764, -0.000233155
55, 0.104242, -0.000419791, -171.563, -1.46751, 1.55014, -3.01764, -0.000233155
55, 0.104243, -0.000418321, -171.563, -1.46751, 1.55014, -3.01764, -0.000233155
55, 0.104246, -0.000411691, -171.562, -1.46751, 1.55014, -3.01764, -0.000233155
55.0001, 0.104258, -0.000381612, -171.562, -1.46751, 1.55014, -3.01764, -0.000233155
55.0005, 0.104302, -0.000241983, -171.557, -1.46751, 1.55014, -3.01764, -0.000233157
55.0024, 0.104248, 0.000405873, -171.538, -1.46751, 1.55014, -3.01765, -0.000233167
55.0052, 0.10351, 0.00102451, -171.51, -1.46752, 1.55014, -3.01766, -0.000233181
55.0079, 0.102576, 0.000786772, -171.481, -1.46753, 1.55014, -3.01767, -0.000233195
55.0107, 0.102225, -0.000106854, -171.452, -1.46753, 1.55014, -3.01768, -0.000233209
55.0135, 0.102748, -0.00090413, -171.424, -1.46754, 1.55015, -3.01769, -0.000233223
55.0163, 0.103697, -0.00093444, -171.395, -1.46755, 1.55015, -3.0177, -0.000233237
55.019, 0.104269, -0.000172644, -171.367, -1.46756, 1.55015, -3.0177, -0.000233251
55.0218, 0.103976, 0.000740483, -171.338, -1.46756, 1.55015, -3.01771, -0.000233265
55.0246, 0.10306, 0.00103748, -171.309, -1.46757, 1.55015, -3.01772, -0.00023328
55.0274, 0.102284, 0.000469099, -171.281, -1.46758, 1.55016, -3.01773, -0.000233294
55.0302, 0.102294, -0.000486882, -171.252, -1.46758, 1.55016, -3.01774, -0.000233308
55.0331, 0.103127, -0.00103289, -171.222, -1.46759, 1.55016, -3.01775, -0.000233323
55.036, 0.104032, -0.000618856, -171.192, -1.4676, 1.55016, -3.01776, -0.000233338
55.0389, 0.104167, 0.000372892, -171.162, -1.46761, 1.55016, -3.01777, -0.000233352
55.0419, 0.103401, 0.00102761, -171.132, -1.46761, 1.55017, -3.01778, -0.000233367
55.0448, 0.102434, 0.000741923, -171.102, -1.46762, 1.55017, -3.01779, -0.000233382
55.0477, 0.102149, -0.000220502, -171.072, -1.46763, 1.55017, -3.0178, -0.000233397
55.0506, 0.102803, -0.000972769, -171.042, -1.46764, 1.55017, -3.01781, -0.000233412
55.0536, 0.103785, -0.000822187, -171.012, -1.46764, 1.55017, -3.01782, -0.000233427
55.0565, 0.104185, 9.22249e-05, -170.982, -1.46765, 1.55018, -3.01783, -0.000233442
55.0594, 0.103627, 0.000928581, -170.952, -1.46766, 1.55018, -3.01784, -0.000233457
55.0623, 0.102619, 0.000917442, -170.922, -1.46767, 1.55018, -3.01785, -0.000233472
55.0653, 0.102081, 6.94205e-05, -170.892, -1.46767, 1.55018, -3.01786, -0.000233486
55.0682, 0.1025, -0.000835416, -170.862, -1.46768, 1.55018, -3.01787, -0.000233501
55.0711, 0.103484, -0.00096537, -170.832, -1.46769, 1.55019, -3.01787, -0.000233516
55.074, 0.104122, -0.000201366, -170.802, -1.4677, 1.55019, -3.01788, -0.000233531
55.077, 0.103821, 0.000754433, -170.772, -1.4677, 1.55019, -3.01789, -0.000233546
55.0799, 0.10285, 0.00102428, -170.742, -1.46771, 1.55019, -3.0179, -0.000233561
55.0828, 0.102095, 0.000360764, -170.712, -1.46772, 1.55019, -3.01791, -0.000233576
55.0857, 0.102241, -0.000626824, -170.682, -1.46773, 1.5502, -3.01792, -0.000233591
55.0887, 0.103147, -0.00103236, -170.652, -1.46773, 1.5502, -3.01793, -0.000233606
55.0916, 0.103975, -0.000484195, -170.622, -1.46774, 1.5502, -3.01794, -0.00023362
55.0945, 0.103959, 0.000514719, -170.592, -1.46775, 1.5502, -3.01795, -0.000233635
55.0974, 0.103107, 0.0010487, -170.562, -1.46776, 1.5502, -3.01796, -0.00023365
55.1004, 0.102194, 0.000628725, -170.532, -1.46776, 1.55021, -3.01797, -0.000233665
55.1033, 0.102048, -0.000360137, -170.502, -1.46777, 1.55021, -3.01798, -0.00023368
55.1062, 0.102796, -0.00101224, -170.472, -1.46778, 1.55021, -3.01799, -0.000233695
55.1091, 0.103747, -0.000730864, -170.442, -1.46779, 1.55021, -3.018, -0.00023371
55.1121, 0.104022, 0.000226131, -170.412, -1.46779, 1.55021, -3.01801, -0.000233725
55.115, 0.103364, 0.000983077, -170.382, -1.4678, 1.55022, -3.01802, -0.00023374
55.1179, 0.102368, 0.000847898, -170.352, -1.46781, 1.55022, -3.01803, -0.000233755
55.1208, 0.101938, -5.5444e-05, -170.323, -1.46782, 1.55022, -3.01804, -0.00023377
55.1238, 0.102459, -0.000901117, -170.293, -1.46782, 1.55022, -3.01805, -0.000233784
55.1267, 0.103449, -0.000916595, -170.263, -1.46783, 1.55022, -3.01806, -0.000233799
55.1296, 0.103996, -8.81044e-05, -170.233, -1.46784, 1.55023, -3.01807, -0.000233814
55.1325, 0.103594, 0.000827623, -170.203, -1.46785, 1.55023, -3.01807, -0.000233829
55.1355, 0.102604, 0.000994814, -170.173, -1.46785, 1.55023, -3.01808, -0.000233844
55.1384, 0.101922, 0.000261258, -170.143, -1.46786, 1.55023, -3.01809, -0.000233859
55.1413, 0.102163, -0.0007036, -170.113, -1.46787, 1.55023, -3.0181, -0.000233874
55.1442, 0.1031, -0.00101994, -170.083, -1.46788, 1.55024, -3.01811, -0.000233889
55.1472, 0.103872, -0.000399697, -170.054, -1.46788, 1.55024, -3.01812, -0.000233904
55.1501, 0.103769, 0.000591555, -170.024, -1.46789, 1.55024, -3.01813, -0.000233919
55.153, 0.102878, 0.00105075, -169.994, -1.4679, 1.55024, -3.01814, -0.000233934
55.1559, 0.102004, 0.000559973, -169.964, -1.46791, 1.55024, -3.01815, -0.000233949
55.1589, 0.101936, -0.000433595, -169.934, -1.46791, 1.55025, -3.01816, -0.000233964
55.1618, 0.102729, -0.00102559, -169.904, -1.46792, 1.55025, -3.01817, -0.000233979
55.1647, 0.103653, -0.000677634, -169.875, -1.46793, 1.55025, -3.01818, -0.000233993
55.1676, 0.103862, 0.000293416, -169.845, -1.46794, 1.55025, -3.01819, -0.000234008
55.1706, 0.103159, 0.00100449, -169.815, -1.46794, 1.55025, -3.0182, -0.000234023
55.1735, 0.102176, 0.000809449, -169.785, -1.46795, 1.55026, -3.01821, -0.000234038
55.1764, 0.1018, -0.000114097, -169.755, -1.46796, 1.55026, -3.01822, -0.000234053
55.1793, 0.102365, -0.000927024, -169.726, -1.46797, 1.55026, -3.01823, -0.000234068
55.1823, 0.103351, -0.00089128, -169.696, -1.46798, 1.55026, -3.01824, -0.000234083
55.1852, 0.103856, -3.96803e-05, -169.666, -1.46798, 1.55026, -3.01825, -0.000234098
55.1881, 0.103415, 0.000854703, -169.636, -1.46799, 1.55027, -3.01826, -0.000234113
55.191, 0.102422, 0.00098058, -169.606, -1.468, 1.55027, -3.01827, -0.000234128
55.194, 0.101771, 0.000224148, -169.577, -1.46801, 1.55027, -3.01827, -0.000234143
55.1969, 0.102044, -0.000728505, -169.547, -1.46801, 1.55027, -3.01828, -0.000234158
55.1998, 0.102988, -0.001014, -169.517, -1.46802, 1.55027, -3.01829, -0.000234173
55.2027, 0.10374, -0.000373997, -169.487, -1.46803, 1.55028, -3.0183, -0.000234188
55.2057, 0.103612, 0.000611499, -169.458, -1.46804, 1.55028, -3.01831, -0.000234203
55.2086, 0.102714, 0.00105015, -169.428, -1.46804, 1.55028, -3.01832, -0.000234218
55.2115, 0.101852, 0.000545202, -169.398, -1.46805, 1.55028, -3.01833, -0.000234233
55.2144, 0.101799, -0.000446076, -169.368, -1.46806, 1.55028, -3.01834, -0.000234248
55.2174, 0.102596, -0.00102691, -169.339, -1.46807, 1.55029, -3.01835, -0.000234263
55.2203, 0.103515, -0.000672324, -169.309, -1.46807, 1.55029, -3.01836, -0.000234278
55.2232, 0.103718, 0.00029678, -169.279, -1.46808, 1.55029, -3.01837, -0.000234293
55.2261, 0.103016, 0.00100447, -169.249, -1.46809, 1.55029, -3.01838, -0.000234308
55.2291, 0.102036, 0.000811628, -169.22, -1.4681, 1.55029, -3.01839, -0.000234322
55.232, 0.101656, -0.000107218, -169.19, -1.4681, 1.5503, -3.0184, -0.000234337
55.2349, 0.102213, -0.000922303, -169.16, -1.46811, 1.5503, -3.01841, -0.000234352
55.2378, 0.103196, -0.000898134, -169.131, -1.46812, 1.5503, -3.01842, -0.000234367
55.2408, 0.103712, -5.68852e-05, -169.101, -1.46813, 1.5503, -3.01843, -0.000234382
55.2437, 0.103289, 0.000842423, -169.071, -1.46813, 1.5503, -3.01844, -0.000234397
55.2466, 0.102302, 0.000989012, -169.042, -1.46814, 1.55031, -3.01845, -0.000234412
55.2495, 0.101634, 0.000251104, -169.012, -1.46815, 1.55031, -3.01846, -0.000234427
55.2525, 0.10188, -0.000706087, -168.982, -1.46816, 1.55031, -3.01847, -0.000234442
55.2554, 0.102811, -0.00102036, -168.953, -1.46816, 1.55031, -3.01848, -0.000234457
55.2583, 0.103582, -0.000409033, -168.923, -1.46817, 1.55031, -3.01848, -0.000234472
55.2612, 0.103492, 0.000577235, -168.893, -1.46818, 1.55032, -3.01849, -0.000234487
55.2642, 0.102616, 0.00105085, -168.864, -1.46819, 1.55032, -3.0185, -0.000234502
55.2671, 0.101735, 0.000586021, -168.834, -1.46819, 1.55032, -3.01851, -0.000234517
55.27, 0.101635, -0.00039885, -168.804, -1.4682, 1.55032, -3.01852, -0.000234532
55.2729, 0.102398, -0.00101821, -168.775, -1.46821, 1.55032, -3.01853, -0.000234547
55.2759, 0.103332, -0.000715653, -168.745, -1.46822, 1.55033, -3.01854, -0.000234562
55.2788, 0.103591, 0.000236619, -168.716, -1.46822, 1.55033, -3.01855, -0.000234577
55.2817, 0.102935, 0.000983128, -168.686, -1.46823, 1.55033, -3.01856, -0.000234592
55.2846, 0.101948, 0.000853781, -168.656, -1.46824, 1.55033, -3.01857, -0.000234607
55.2876, 0.101508, -3.49438e-05, -168.627, -1.46825, 1.55033, -3.01858, -0.000234622
55.2905, 0.102004, -0.00088536, -168.597, -1.46825, 1.55034, -3.01859, -0.000234637
55.2934, 0.102983, -0.000934754, -168.568, -1.46826, 1.55034, -3.0186, -0.000234652
55.2963, 0.103561, -0.000139195, -168.538, -1.46827, 1.55034, -3.01861, -0.000234667
55.2993, 0.103213, 0.000787871, -168.508, -1.46828, 1.55034, -3.01862, -0.000234682
55.3022, 0.102244, 0.00101572, -168.479, -1.46828, 1.55034, -3.01863, -0.000234697
55.3051, 0.101517, 0.000340563, -168.449, -1.46829, 1.55035, -3.01864, -0.000234712
55.308, 0.101674, -0.000632617, -168.42, -1.4683, 1.55035, -3.01865, -0.000234727
55.311, 0.102569, -0.00103254, -168.39, -1.46831, 1.55035, -3.01866, -0.000234742
55.3139, 0.103393, -0.000501592, -168.361, -1.46831, 1.55035, -3.01867, -0.000234757
55.3168, 0.103403, 0.000484844, -168.331, -1.46832, 1.55035, -3.01868, -0.000234772
55.3197, 0.102583, 0.0010444, -168.302, -1.46833, 1.55036, -3.01868, -0.000234787
55.3227, 0.10166, 0.000677033, -168.272, -1.46834, 1.55036, -3.01869, -0.000234802
55.3256, 0.101452, -0.000288528, -168.243, -1.46834, 1.55036, -3.0187, -0.000234817
55.3285, 0.102138, -0.000989355, -168.213, -1.46835, 1.55036, -3.01871, -0.000234832
55.3314, 0.103098, -0.000799631, -168.183, -1.46836, 1.55036, -3.01872, -0.000234847
55.3343, 0.103468, 0.000110849, -168.154, -1.46837, 1.55037, -3.01873, -0.000234862
55.3373, 0.102911, 0.000929107, -168.124, -1.46837, 1.55037, -3.01874, -0.000234877
55.3402, 0.101918, 0.000925077, -168.095, -1.46838, 1.55037, -3.01875, -0.000234892
55.3431, 0.101369, 0.000102727, -168.065, -1.46839, 1.55037, -3.01876, -0.000234907
55.346, 0.101745, -0.00080429, -168.036, -1.4684, 1.55037, -3.01877, -0.000234922
55.349, 0.102705, -0.000987414, -168.006, -1.4684, 1.55038, -3.01878, -0.000234937
55.3519, 0.103386, -0.000283783, -167.977, -1.46841, 1.55038, -3.01879, -0.000234952
55.3548, 0.103175, 0.000679386, -167.948, -1.46842, 1.55038, -3.0188, -0.000234967
55.3577, 0.102253, 0.00104424, -167.918, -1.46843, 1.55038, -3.01881, -0.000234982
55.3607, 0.101435, 0.000486226, -167.889, -1.46843, 1.55038, -3.01882, -0.000234998
55.3636, 0.101442, -0.000497614, -167.859, -1.46844, 1.55039, -3.01883, -0.000235013
55.3665, 0.102261, -0.00103179, -167.83, -1.46845, 1.55039, -3.01884, -0.000235028
55.3694, 0.103156, -0.000641404, -167.8, -1.46846, 1.55039, -3.01885, -0.000235043
55.3724, 0.103325, 0.000326026, -167.771, -1.46846, 1.55039, -3.01886, -0.000235058
55.3753, 0.102612, 0.00101037, -167.741, -1.46847, 1.55039, -3.01887, -0.000235073
55.3782, 0.101643, 0.000803701, -167.712, -1.46848, 1.5504, -3.01888, -0.000235088
55.3811, 0.101273, -0.00011001, -167.683, -1.46849, 1.5504, -3.01889, -0.000235103
55.3841, 0.101823, -0.000919101, -167.653, -1.46849, 1.5504, -3.01889, -0.000235118
55.387, 0.102798, -0.000905411, -167.624, -1.4685, 1.5504, -3.0189, -0.000235133
55.3899, 0.103326, -8.14581e-05, -167.594, -1.46851, 1.5504, -3.01891, -0.000235148
55.3928, 0.102932, 0.000821463, -167.565, -1.46852, 1.55041, -3.01892, -0.000235163
55.3958, 0.101959, 0.0010026, -167.536, -1.46852, 1.55041, -3.01893, -0.000235178
55.3987, 0.101264, 0.00030169, -167.506, -1.46853, 1.55041, -3.01894, -0.000235193
55.4016, 0.101455, -0.000659682, -167.477, -1.46854, 1.55041, -3.01895, -0.000235208
55.4045, 0.102357, -0.00102967, -167.447, -1.46855, 1.55041, -3.01896, -0.000235223
55.4075, 0.103163, -0.000480855, -167.418, -1.46855, 1.55042, -3.01897, -0.000235238
55.4104, 0.103153, 0.000500438, -167.389, -1.46856, 1.55042, -3.01898, -0.000235253
55.4133, 0.10233, 0.00104548, -167.359, -1.46857, 1.55042, -3.01899, -0.000235268
55.4162, 0.101415, 0.0006722, -167.33, -1.46858, 1.55042, -3.019, -0.000235283
55.4192, 0.101212, -0.000288796, -167.301, -1.46858, 1.55042, -3.01901, -0.000235298
55.4221, 0.101892, -0.000987497, -167.271, -1.46859, 1.55043, -3.01902, -0.000235314
55.425, 0.102848, -0.0008064, -167.242, -1.4686, 1.55043, -3.01903, -0.000235329
55.4279, 0.103228, 9.40649e-05, -167.213, -1.46861, 1.55043, -3.01904, -0.000235344
55.4309, 0.10269, 0.000918119, -167.183, -1.46861, 1.55043, -3.01905, -0.000235359
55.4338, 0.101703, 0.000938077, -167.154, -1.46862, 1.55043, -3.01906, -0.000235374
55.4367, 0.101131, 0.000136688, -167.125, -1.46863, 1.55044, -3.01907, -0.000235389
55.4396, 0.101474, -0.000778426, -167.095, -1.46864, 1.55044, -3.01908, -0.000235404
55.4426, 0.10242, -0.000999861, -167.066, -1.46865, 1.55044, -3.01909, -0.000235419
55.4455, 0.103129, -0.000332635, -167.037, -1.46865, 1.55044, -3.01909, -0.000235434
55.4484, 0.10297, 0.000634573, -167.007, -1.46866, 1.55044, -3.0191, -0.000235449
55.4513, 0.102075, 0.00104914, -166.978, -1.46867, 1.55045, -3.01911, -0.000235464
55.4543, 0.101228, 0.000546051, -166.949, -1.46868, 1.55045, -3.01912, -0.000235479
55.4572, 0.101168, -0.000431151, -166.919, -1.46868, 1.55045, -3.01913, -0.000235494
55.4601, 0.10194, -0.00102179, -166.89, -1.46869, 1.55045, -3.01914, -0.000235509
55.463, 0.102859, -0.000706127, -166.861, -1.4687, 1.55045, -3.01915, -0.000235525
55.466, 0.103108, 0.000237649, -166.832, -1.46871, 1.55046, -3.01916, -0.00023554
55.4689, 0.102463, 0.000979034, -166.802, -1.46871, 1.55046, -3.01917, -0.000235555
55.4718, 0.101484, 0.000866151, -166.773, -1.46872, 1.55046, -3.01918, -0.00023557
55.4747, 0.101026, -1.37211e-06, -166.744, -1.46873, 1.55046, -3.01919, -0.000235585
55.4777, 0.101484, -0.000860785, -166.715, -1.46874, 1.55046, -3.0192, -0.0002356
55.4806, 0.102449, -0.00095706, -166.685, -1.46874, 1.55047, -3.01921, -0.000235615
55.4835, 0.103066, -0.000205989, -166.656, -1.46875, 1.55047, -3.01922, -0.00023563
55.4864, 0.102788, 0.000732618, -166.627, -1.46876, 1.55047, -3.01923, -0.000235645
55.4894, 0.101851, 0.00103487, -166.598, -1.46877, 1.55047, -3.01924, -0.00023566
55.4923, 0.101072, 0.000435859, -166.568, -1.46877, 1.55047, -3.01925, -0.000235675
55.4952, 0.101128, -0.000538591, -166.539, -1.46878, 1.55048, -3.01926, -0.000235691
55.4981, 0.101961, -0.00103387, -166.51, -1.46879, 1.55048, -3.01927, -0.000235706
55.5011, 0.102836, -0.000616055, -166.481, -1.4688, 1.55048, -3.01928, -0.000235721
55.504, 0.102978, 0.000348315, -166.452, -1.4688, 1.55048, -3.01929, -0.000235736
55.5069, 0.102258, 0.00101421, -166.422, -1.46881, 1.55048, -3.0193, -0.000235751
55.5098, 0.101299, 0.00079864, -166.393, -1.46882, 1.55049, -3.0193, -0.000235766
55.5128, 0.100934, -0.000109275, -166.364, -1.46883, 1.55049, -3.01931, -0.000235781
55.5157, 0.101477, -0.000914661, -166.335, -1.46883, 1.55049, -3.01932, -0.000235796
55.5186, 0.102445, -0.000912962, -166.306, -1.46884, 1.55049, -3.01933, -0.000235811
55.5215, 0.102984, -0.000106035, -166.277, -1.46885, 1.55049, -3.01934, -0.000235826
55.5245, 0.102618, 0.000800259, -166.247, -1.46886, 1.5505, -3.01935, -0.000235842
55.5274, 0.101659, 0.00101377, -166.218, -1.46886, 1.5505, -3.01936, -0.000235857
55.5303, 0.10094, 0.000348256, -166.189, -1.46887, 1.5505, -3.01937, -0.000235872
55.5332, 0.101081, -0.000614576, -166.16, -1.46888, 1.5505, -3.01938, -0.000235887
55.5362, 0.101953, -0.00103388, -166.131, -1.46889, 1.5505, -3.01939, -0.000235902
55.5391, 0.102787, -0.000543905, -166.102, -1.46889, 1.55051, -3.0194, -0.000235917
55.542, 0.102849, 0.000427382, -166.073, -1.4689, 1.55051, -3.01941, -0.000235932
55.5449, 0.102079, 0.00103249, -166.043, -1.46891, 1.55051, -3.01942, -0.000235947
55.5479, 0.101142, 0.000743908, -166.014, -1.46892, 1.55051, -3.01943, -0.000235963
55.5508, 0.100848, -0.000186373, -165.985, -1.46892, 1.55051, -3.01944, -0.000235978
55.5537, 0.101447, -0.000947344, -165.956, -1.46893, 1.55052, -3.01945, -0.000235993
55.5566, 0.10241, -0.000876131, -165.927, -1.46894, 1.55052, -3.01946, -0.000236008
55.5596, 0.102891, -3.51365e-05, -165.898, -1.46895, 1.55052, -3.01947, -0.000236023
55.5625, 0.102466, 0.000843092, -165.869, -1.46895, 1.55052, -3.01948, -0.000236038
55.5654, 0.101498, 0.000994177, -165.84, -1.46896, 1.55052, -3.01949, -0.000236053
55.5683, 0.100823, 0.000287, -165.811, -1.46897, 1.55053, -3.0195, -0.000236068
55.5713, 0.101022, -0.000662949, -165.782, -1.46898, 1.55053, -3.01951, -0.000236084
55.5742, 0.101914, -0.00102957, -165.753, -1.46898, 1.55053, -3.01951, -0.000236099
55.5771, 0.102718, -0.000494465, -165.723, -1.46899, 1.55053, -3.01952, -0.000236114
55.58, 0.102728, 0.000476983, -165.694, -1.469, 1.55053, -3.01953, -0.000236129
55.583, 0.101929, 0.00104072, -165.665, -1.46901, 1.55054, -3.01954, -0.000236144
55.5859, 0.101009, 0.000707386, -165.636, -1.46901, 1.55054, -3.01955, -0.000236159
55.5888, 0.10076, -0.000233225, -165.607, -1.46902, 1.55054, -3.01956, -0.000236174
55.5917, 0.101392, -0.000964557, -165.578, -1.46903, 1.55054, -3.01957, -0.00023619
55.5947, 0.102348, -0.000852249, -165.549, -1.46904, 1.55054, -3.01958, -0.000236205
55.5976, 0.102794, 5.90941e-06, -165.52, -1.46904, 1.55055, -3.01959, -0.00023622
55.6005, 0.102336, 0.000865572, -165.491, -1.46905, 1.55055, -3.0196, -0.000236235
55.6034, 0.101366, 0.000981674, -165.462, -1.46906, 1.55055, -3.01961, -0.00023625
55.6064, 0.100717, 0.000253969, -165.433, -1.46907, 1.55055, -3.01962, -0.000236265
55.6093, 0.100945, -0.00068686, -165.404, -1.46907, 1.55055, -3.01963, -0.00023628
55.6122, 0.101846, -0.00102609, -165.375, -1.46908, 1.55056, -3.01964, -0.000236296
55.6151, 0.102633, -0.000470374, -165.346, -1.46909, 1.55056, -3.01965, -0.000236311
55.6181, 0.102618, 0.000499019, -165.317, -1.4691, 1.55056, -3.01966, -0.000236326
55.621, 0.101809, 0.00104336, -165.288, -1.4691, 1.55056, -3.01967, -0.000236341
55.6239, 0.100898, 0.000692133, -165.259, -1.46911, 1.55056, -3.01968, -0.000236356
55.6268, 0.100667, -0.000250621, -165.23, -1.46912, 1.55057, -3.01969, -0.000236371
55.6298, 0.101308, -0.000969923, -165.201, -1.46913, 1.55057, -3.0197, -0.000236387
55.6327, 0.102261, -0.000844473, -165.172, -1.46913, 1.55057, -3.01971, -0.000236402
55.6357, 0.102695, 5.45411e-05, -165.142, -1.46914, 1.55057, -3.01972, -0.000236417
55.6388, 0.102167, 0.000910297, -165.112, -1.46915, 1.55057, -3.01973, -0.000236433
55.6418, 0.101158, 0.000932897, -165.082, -1.46916, 1.55058, -3.01974, -0.000236449
55.6448, 0.100592, 0.000101858, -165.052, -1.46917, 1.55058, -3.01974, -0.000236465
55.6479, 0.100984, -0.000815845, -165.022, -1.46917, 1.55058, -3.01975, -0.00023648
55.6509, 0.101964, -0.00097392, -164.992, -1.46918, 1.55058, -3.01976, -0.000236496
55.6539, 0.102622, -0.000226985, -164.962, -1.46919, 1.55059, -3.01977, -0.000236512
55.657, 0.102344, 0.000736235, -164.932, -1.4692, 1.55059, -3.01978, -0.000236528
55.66, 0.10138, 0.00102831, -164.902, -1.46921, 1.55059, -3.01979, -0.000236543
55.663, 0.10061, 0.000380563, -164.872, -1.46921, 1.55059, -3.0198, -0.000236559
55.6661, 0.100736, -0.000610263, -164.842, -1.46922, 1.55059, -3.01981, -0.000236575
55.6691, 0.101635, -0.00103216, -164.812, -1.46923, 1.5506, -3.01982, -0.000236591
55.6721, 0.102471, -0.000497236, -164.782, -1.46924, 1.5506, -3.01983, -0.000236606
55.6752, 0.10247, 0.000502118, -164.752, -1.46924, 1.5506, -3.01984, -0.000236622
55.6782, 0.101624, 0.00104691, -164.722, -1.46925, 1.5506, -3.01985, -0.000236638
55.6812, 0.100705, 0.000636646, -164.692, -1.46926, 1.5506, -3.01986, -0.000236654
55.6843, 0.10055, -0.000351312, -164.663, -1.46927, 1.55061, -3.01987, -0.000236669
55.6873, 0.101294, -0.0010093, -164.633, -1.46928, 1.55061, -3.01988, -0.000236685
55.6903, 0.102246, -0.000733338, -164.603, -1.46928, 1.55061, -3.01989, -0.000236701
55.6934, 0.102525, 0.000222872, -164.573, -1.46929, 1.55061, -3.0199, -0.000236717
55.6964, 0.101868, 0.000981663, -164.543, -1.4693, 1.55061, -3.01991, -0.000236732
55.6994, 0.100872, 0.000847135, -164.513, -1.46931, 1.55062, -3.01992, -0.000236748
55.7025, 0.100442, -5.69563e-05, -164.483, -1.46931, 1.55062, -3.01993, -0.000236764
55.7055, 0.100965, -0.000901553, -164.453, -1.46932, 1.55062, -3.01994, -0.00023678
55.7085, 0.101955, -0.000912764, -164.423, -1.46933, 1.55062, -3.01995, -0.000236795
55.7116, 0.102497, -8.06924e-05, -164.393, -1.46934, 1.55062, -3.01996, -0.000236811
55.7146, 0.102088, 0.00083235, -164.363, -1.46935, 1.55063, -3.01997, -0.000236827
55.7176, 0.101096, 0.000990531, -164.334, -1.46935, 1.55063, -3.01998, -0.000236843
55.7207, 0.100421, 0.00024944, -164.304, -1.46936, 1.55063, -3.01999, -0.000236859
55.7237, 0.100674, -0.000712573, -164.274, -1.46937, 1.55063, -3.02, -0.000236874
55.7267, 0.101615, -0.00101566, -164.244, -1.46938, 1.55063, -3.02001, -0.00023689
55.7298, 0.102377, -0.000383046, -164.214, -1.46939, 1.55064, -3.02002, -0.000236906
55.7328, 0.102256, 0.000606723, -164.184, -1.46939, 1.55064, -3.02003, -0.000236922
55.7358, 0.101356, 0.00104926, -164.154, -1.4694, 1.55064, -3.02004, -0.000236937
55.7389, 0.100492, 0.000540667, -164.125, -1.46941, 1.55064, -3.02005, -0.000236953
55.7419, 0.100446, -0.000454306, -164.095, -1.46942, 1.55065, -3.02006, -0.000236969
55.7449, 0.101252, -0.00102737, -164.065, -1.46942, 1.55065, -3.02007, -0.000236985
55.748, 0.102168, -0.000655877, -164.035, -1.46943, 1.55065, -3.02008, -0.000237001
55.751, 0.102351, 0.000320926, -164.005, -1.46944, 1.55065, -3.02009, -0.000237016
55.754, 0.101627, 0.00101218, -163.975, -1.46945, 1.55065, -3.0201, -0.000237032
55.7571, 0.10065, 0.000787973, -163.946, -1.46946, 1.55066, -3.02011, -0.000237048
55.7601, 0.100303, -0.000146988, -163.916, -1.46946, 1.55066, -3.02012, -0.000237064
55.7631, 0.100894, -0.000940794, -163.886, -1.46947, 1.55066, -3.02013, -0.00023708
55.7662, 0.101878, -0.000870728, -163.856, -1.46948, 1.55066, -3.02014, -0.000237095
55.7692, 0.102352, -9.55362e-07, -163.826, -1.46949, 1.55066, -3.02015, -0.000237111
55.7722, 0.101877, 0.00087674, -163.797, -1.46949, 1.55067, -3.02016, -0.000237127
55.7753, 0.100879, 0.000963993, -163.767, -1.4695, 1.55067, -3.02017, -0.000237143
55.7783, 0.100259, 0.000181824, -163.737, -1.46951, 1.55067, -3.02018, -0.000237159
55.7814, 0.100572, -0.000758373, -163.707, -1.46952, 1.55067, -3.02019, -0.000237174
55.7844, 0.101527, -0.00100217, -163.678, -1.46953, 1.55067, -3.0202, -0.00023719
55.7874, 0.102249, -0.000328408, -163.648, -1.46953, 1.55068, -3.02021, -0.000237206
55.7905, 0.102075, 0.000650646, -163.618, -1.46954, 1.55068, -3.02022, -0.000237222
55.7935, 0.101157, 0.00104608, -163.588, -1.46955, 1.55068, -3.02023, -0.000237238
55.7965, 0.10032, 0.00049931, -163.559, -1.46956, 1.55068, -3.02024, -0.000237253
55.7996, 0.100318, -0.000493212, -163.529, -1.46956, 1.55068, -3.02025, -0.000237269
55.8026, 0.101144, -0.00103118, -163.499, -1.46957, 1.55069, -3.02026, -0.000237285
55.8056, 0.102042, -0.000627083, -163.47, -1.46958, 1.55069, -3.02027, -0.000237301
55.8087, 0.102192, 0.00035242, -163.44, -1.46959, 1.55069, -3.02028, -0.000237317
55.8117, 0.10145, 0.00101966, -163.41, -1.4696, 1.55069, -3.02029, -0.000237332
55.8147, 0.100482, 0.000770487, -163.38, -1.4696, 1.5507, -3.0203, -0.000237348
55.8178, 0.100158, -0.000169093, -163.351, -1.46961, 1.5507, -3.02031, -0.000237364
55.8208, 0.100763, -0.000948374, -163.321, -1.46962, 1.5507, -3.02032, -0.00023738
55.8238, 0.101742, -0.000862359, -163.291, -1.46963, 1.5507, -3.02033, -0.000237396
55.8269, 0.102203, 1.07583e-05, -163.262, -1.46964, 1.5507, -3.02034, -0.000237412
55.8299, 0.101722, 0.00088118, -163.232, -1.46964, 1.55071, -3.02035, -0.000237427
55.8329, 0.100727, 0.000962167, -163.202, -1.46965, 1.55071, -3.02036, -0.000237443
55.836, 0.10011, 0.000180906, -163.173, -1.46966, 1.55071, -3.02037, -0.000237459
55.839, 0.100422, -0.000756525, -163.143, -1.46967, 1.55071, -3.02038, -0.000237475
55.842, 0.101373, -0.0010036, -163.113, -1.46967, 1.55071, -3.02039, -0.000237491
55.8451, 0.102097, -0.000337601, -163.084, -1.46968, 1.55072, -3.0204, -0.000237507
55.8481, 0.101935, 0.000640079, -163.054, -1.46969, 1.55072, -3.02041, -0.000237522
55.8511, 0.101025, 0.00104738, -163.025, -1.4697, 1.55072, -3.02042, -0.000237538
55.8542, 0.100182, 0.000517289, -162.995, -1.46971, 1.55072, -3.02043, -0.000237554
55.8572, 0.100158, -0.000471918, -162.965, -1.46971, 1.55072, -3.02044, -0.00023757
55.8602, 0.100968, -0.0010286, -162.936, -1.46972, 1.55073, -3.02045, -0.000237586
55.8633, 0.101874, -0.000651476, -162.906, -1.46973, 1.55073, -3.02046, -0.000237602
55.8663, 0.102054, 0.000319415, -162.876, -1.46974, 1.55073, -3.02047, -0.000237617
55.8693, 0.101338, 0.00100976, -162.847, -1.46974, 1.55073, -3.02048, -0.000237633
55.8724, 0.100365, 0.000798411, -162.817, -1.46975, 1.55073, -3.02049, -0.000237649
55.8754, 0.100002, -0.000124071, -162.788, -1.46976, 1.55074, -3.0205, -0.000237665
55.8784, 0.100569, -0.000927731, -162.758, -1.46977, 1.55074, -3.02051, -0.000237681
55.8815, 0.101549, -0.000890096, -162.729, -1.46978, 1.55074, -3.02052, -0.000237697
55.8845, 0.102053, -4.53771e-05, -162.699, -1.46978, 1.55074, -3.02053, -0.000237713
55.8875, 0.101622, 0.000847122, -162.669, -1.46979, 1.55074, -3.02054, -0.000237728
55.8906, 0.100637, 0.000985789, -162.64, -1.4698, 1.55075, -3.02055, -0.000237744
55.8936, 0.0999746, 0.000246472, -162.61, -1.46981, 1.55075, -3.02056, -0.00023776
55.8966, 0.100223, -0.000706852, -162.581, -1.46982, 1.55075, -3.02057, -0.000237776
55.8997, 0.101152, -0.00101872, -162.551, -1.46982, 1.55075, -3.02058, -0.000237792
55.9027, 0.10192, -0.000409699, -162.522, -1.46983, 1.55076, -3.02059, -0.000237808
55.9057, 0.101833, 0.000573712, -162.492, -1.46984, 1.55076, -3.0206, -0.000237824
55.9088, 0.100961, 0.00104987, -162.463, -1.46985, 1.55076, -3.02061, -0.000237839
55.9118, 0.100079, 0.000592342, -162.433, -1.46985, 1.55076, -3.02062, -0.000237855
55.9148, 0.0999706, -0.000388599, -162.404, -1.46986, 1.55076, -3.02063, -0.000237871
55.9179, 0.100725, -0.00101433, -162.374, -1.46987, 1.55077, -3.02064, -0.000237887
55.9209, 0.101659, -0.000724901, -162.345, -1.46988, 1.55077, -3.02065, -0.000237903
55.9239, 0.101931, 0.000220278, -162.315, -1.46989, 1.55077, -3.02066, -0.000237919
55.927, 0.10129, 0.000975392, -162.286, -1.46989, 1.55077, -3.02067, -0.000237935
55.93, 0.100303, 0.000865268, -162.256, -1.4699, 1.55077, -3.02068, -0.000237951
55.933, 0.0998455, -1.12448e-05, -162.227, -1.46991, 1.55078, -3.02068, -0.000237966
55.9361, 0.100319, -0.000870491, -162.197, -1.46992, 1.55078, -3.02069, -0.000237982
55.9391, 0.101293, -0.000944866, -162.168, -1.46992, 1.55078, -3.0207, -0.000237998
55.9421, 0.101891, -0.000168312, -162.138, -1.46993, 1.55078, -3.02071, -0.000238014
55.9452, 0.101571, 0.000765502, -162.109, -1.46994, 1.55078, -3.02072, -0.00023803
55.9482, 0.100614, 0.00102311, -162.079, -1.46995, 1.55079, -3.02073, -0.000238046
55.9512, 0.0998652, 0.000375007, -162.05, -1.46996, 1.55079, -3.02074, -0.000238062
55.9543, 0.0999866, -0.000600371, -162.021, -1.46996, 1.55079, -3.02075, -0.000238078
55.9573, 0.100862, -0.00103326, -161.991, -1.46997, 1.55079, -3.02076, -0.000238094
55.9603, 0.101704, -0.000538082, -161.962, -1.46998, 1.55079, -3.02077, -0.000238109
55.9634, 0.101755, 0.000443535, -161.932, -1.46999, 1.5508, -3.02078, -0.000238125
55.9664, 0.100964, 0.00103707, -161.903, -1.47, 1.5508, -3.02079, -0.000238141
55.9694, 0.100027, 0.000714241, -161.873, -1.47, 1.5508, -3.0208, -0.000238157
55.9725, 0.0997729, -0.000237185, -161.844, -1.47001, 1.5508, -3.02081, -0.000238173
55.9755, 0.100419, -0.000970353, -161.815, -1.47002, 1.5508, -3.02082, -0.000238189
55.9786, 0.101385, -0.000833224, -161.785, -1.47003, 1.55081, -3.02083, -0.000238205
55.9816, 0.101803, 5.18632e-05, -161.756, -1.47003, 1.55081, -3.02084, -0.000238221
55.9846, 0.101296, 0.000897819, -161.727, -1.47004, 1.55081, -3.02085, -0.000238237
55.9877, 0.100308, 0.000952956, -161.697, -1.47005, 1.55081, -3.02086, -0.000238253
55.9907, 0.0997092, 0.000168666, -161.668, -1.47006, 1.55082, -3.02087, -0.000238268
55.9937, 0.100025, -0.000758209, -161.638, -1.47007, 1.55082, -3.02088, -0.000238284
55.9968, 0.100967, -0.00100482, -161.609, -1.47007, 1.55082, -3.02089, -0.0002383
55.9998, 0.101693, -0.000352633, -161.58, -1.47008, 1.55082, -3.0209, -0.000238316
56.0028, 0.101551, 0.000619366, -161.55, -1.47009, 1.55082, -3.02091, -0.000238332
56.0059, 0.100661, 0.00104906, -161.521, -1.4701, 1.55083, -3.02092, -0.000238348
56.0089, 0.0998055, 0.000555765, -161.492, -1.4701, 1.55083, -3.02093, -0.000238364
56.0119, 0.0997354, -0.000422908, -161.462, -1.47011, 1.55083, -3.02094, -0.00023838
56.015, 0.100505, -0.00101971, -161.433, -1.47012, 1.55083, -3.02095, -0.000238396
56.018, 0.101426, -0.000706278, -161.404, -1.47013, 1.55083, -3.02096, -0.000238412
56.021, 0.101676, 0.000239475, -161.374, -1.47014, 1.55084, -3.02097, -0.000238428
56.0241, 0.101027, 0.000980231, -161.345, -1.47014, 1.55084, -3.02098, -0.000238444
56.0271, 0.100046, 0.000860714, -161.316, -1.47015, 1.55084, -3.02099, -0.000238459
56.0301, 0.0995954, -1.29644e-05, -161.286, -1.47016, 1.55084, -3.021, -0.000238475
56.0332, 0.100065, -0.000867991, -161.257, -1.47017, 1.55084, -3.02101, -0.000238491
56.0362, 0.101033, -0.00094866, -161.228, -1.47018, 1.55085, -3.02102, -0.000238507
56.0392, 0.101637, -0.000184058, -161.199, -1.47018, 1.55085, -3.02103, -0.000238523
56.0423, 0.101337, 0.000750077, -161.169, -1.47019, 1.55085, -3.02104, -0.000238539
56.0453, 0.100391, 0.00102886, -161.14, -1.4702, 1.55085, -3.02105, -0.000238555
56.0483, 0.0996275, 0.000406532, -161.111, -1.47021, 1.55085, -3.02106, -0.000238571
56.0514, 0.0997138, -0.000567361, -161.082, -1.47021, 1.55086, -3.02107, -0.000238587
56.0544, 0.100566, -0.0010336, -161.052, -1.47022, 1.55086, -3.02108, -0.000238603
56.0574, 0.101425, -0.000581306, -161.023, -1.47023, 1.55086, -3.02109, -0.000238619
56.0605, 0.101528, 0.000390402, -160.994, -1.47024, 1.55086, -3.0211, -0.000238635
56.0635, 0.100776, 0.00102502, -160.965, -1.47025, 1.55086, -3.02111, -0.000238651
56.0665, 0.0998261, 0.000763671, -160.935, -1.47025, 1.55087, -3.02112, -0.000238667
56.0696, 0.0995077, -0.000163073, -160.906, -1.47026, 1.55087, -3.02113, -0.000238683
56.0726, 0.100094, -0.000939078, -160.877, -1.47027, 1.55087, -3.02114, -0.000238699
56.0756, 0.101061, -0.000881518, -160.848, -1.47028, 1.55087, -3.02115, -0.000238714
56.0787, 0.101552, -4.14229e-05, -160.819, -1.47028, 1.55088, -3.02116, -0.00023873
56.0817, 0.101128, 0.000842039, -160.789, -1.47029, 1.55088, -3.02117, -0.000238746
56.0847, 0.100155, 0.000992169, -160.76, -1.4703, 1.55088, -3.02118, -0.000238762
56.0878, 0.0994821, 0.000277376, -160.731, -1.47031, 1.55088, -3.02119, -0.000238778
56.0908, 0.0996931, -0.000673954, -160.702, -1.47032, 1.55088, -3.0212, -0.000238794
56.0938, 0.100596, -0.0010262, -160.673, -1.47032, 1.55089, -3.02121, -0.00023881
56.0969, 0.10139, -0.000470393, -160.643, -1.47033, 1.55089, -3.02122, -0.000238826
56.0999, 0.101372, 0.000505232, -160.614, -1.47034, 1.55089, -3.02123, -0.000238842
56.1029, 0.100551, 0.00104449, -160.585, -1.47035, 1.55089, -3.02124, -0.000238858
56.106, 0.099641, 0.000674628, -160.556, -1.47036, 1.55089, -3.02125, -0.000238874
56.109, 0.0994324, -0.000279643, -160.527, -1.47036, 1.5509, -3.02126, -0.00023889
56.112, 0.100101, -0.000981634, -160.498, -1.47037, 1.5509, -3.02127, -0.000238906
56.1151, 0.101054, -0.000816381, -160.468, -1.47038, 1.5509, -3.02128, -0.000238922
56.1181, 0.101449, 7.09588e-05, -160.439, -1.47039, 1.5509, -3.02129, -0.000238938
56.1211, 0.100935, 0.000903083, -160.41, -1.47039, 1.5509, -3.0213, -0.000238954
56.1242, 0.0999536, 0.000951648, -160.381, -1.4704, 1.55091, -3.02131, -0.00023897
56.1272, 0.0993584, 0.000174531, -160.352, -1.47041, 1.55091, -3.02132, -0.000238986
56.1302, 0.0996625, -0.000748106, -160.323, -1.47042, 1.55091, -3.02133, -0.000239002
56.1333, 0.100593, -0.00100941, -160.294, -1.47043, 1.55091, -3.02134, -0.000239018
56.1363, 0.101329, -0.000381266, -160.265, -1.47043, 1.55091, -3.02135, -0.000239034
56.1393, 0.101221, 0.000586989, -160.236, -1.47044, 1.55092, -3.02136, -0.00023905
56.1424, 0.100356, 0.00104937, -160.206, -1.47045, 1.55092, -3.02137, -0.000239066
56.1454, 0.0994843, 0.000602338, -160.177, -1.47046, 1.55092, -3.02138, -0.000239082
56.1484, 0.0993588, -0.000363426, -160.148, -1.47046, 1.55092, -3.02139, -0.000239098
56.1515, 0.100082, -0.00100487, -160.119, -1.47047, 1.55093, -3.0214, -0.000239114
56.1545, 0.101016, -0.000762552, -160.09, -1.47048, 1.55093, -3.02141, -0.00023913
56.1575, 0.101339, 0.000151779, -160.061, -1.47049, 1.55093, -3.02142, -0.000239146
56.1606, 0.100763, 0.000940685, -160.032, -1.4705, 1.55093, -3.02143, -0.000239162
56.1636, 0.0997839, 0.000916684, -160.003, -1.4705, 1.55093, -3.02144, -0.000239178
56.1666, 0.0992476, 0.000101074, -159.974, -1.47051, 1.55094, -3.02145, -0.000239194
56.1697, 0.0996145, -0.000795424, -159.945, -1.47052, 1.55094, -3.02146, -0.00023921
56.1727, 0.100558, -0.000992243, -159.916, -1.47053, 1.55094, -3.02147, -0.000239226
56.1757, 0.10125, -0.000318414, -159.887, -1.47054, 1.55094, -3.02148, -0.000239242
56.1788, 0.101081, 0.000639378, -159.858, -1.47054, 1.55094, -3.02149, -0.000239258
56.1818, 0.100193, 0.00104794, -159.829, -1.47055, 1.55095, -3.0215, -0.000239274
56.1849, 0.09935, 0.000552307, -159.8, -1.47056, 1.55095, -3.02151, -0.00023929
56.1879, 0.0992791, -0.000416296, -159.771, -1.47057, 1.55095, -3.02152, -0.000239306
56.1909, 0.100034, -0.00101603, -159.742, -1.47057, 1.55095, -3.02153, -0.000239322
56.194, 0.100952, -0.000726132, -159.713, -1.47058, 1.55095, -3.02154, -0.000239338
56.197, 0.101229, 0.000201246, -159.684, -1.47059, 1.55096, -3.02155, -0.000239354
56.2, 0.100618, 0.000960819, -159.655, -1.4706, 1.55096, -3.02156, -0.00023937
56.2031, 0.0996431, 0.000893562, -159.626, -1.47061, 1.55096, -3.02157, -0.000239386
56.2061, 0.099143, 5.82154e-05, -159.597, -1.47061, 1.55096, -3.02158, -0.000239402
56.2091, 0.0995447, -0.000820482, -159.568, -1.47062, 1.55096, -3.02159, -0.000239418
56.2122, 0.100493, -0.0009808, -159.539, -1.47063, 1.55097, -3.0216, -0.000239434
56.2152, 0.101159, -0.000284154, -159.51, -1.47064, 1.55097, -3.02161, -0.00023945
56.2182, 0.100959, 0.000665555, -159.481, -1.47064, 1.55097, -3.02162, -0.000239466
56.2213, 0.10006, 0.00104577, -159.452, -1.47065, 1.55097, -3.02163, -0.000239482
56.2243, 0.0992338, 0.000527612, -159.423, -1.47066, 1.55097, -3.02164, -0.000239498
56.2273, 0.0991885, -0.000440066, -159.394, -1.47067, 1.55098, -3.02164, -0.000239514
56.2304, 0.099956, -0.00101989, -159.365, -1.47068, 1.55098, -3.02165, -0.00023953
56.2334, 0.100866, -0.000710596, -159.336, -1.47068, 1.55098, -3.02166, -0.000239546
56.2364, 0.101124, 0.000219994, -159.307, -1.47069, 1.55098, -3.02167, -0.000239562
56.2395, 0.100501, 0.000967319, -159.279, -1.4707, 1.55098, -3.02168, -0.000239578
56.2425, 0.0995292, 0.000885807, -159.25, -1.47071, 1.55099, -3.02169, -0.000239594
56.2455, 0.0990409, 4.6258e-05, -159.221, -1.47072, 1.55099, -3.0217, -0.00023961
56.2486, 0.0994507, -0.00082611, -159.192, -1.47072, 1.55099, -3.02171, -0.000239626
56.2516, 0.100398, -0.000978343, -159.163, -1.47073, 1.55099, -3.02172, -0.000239642
56.2546, 0.101058, -0.000279439, -159.134, -1.47074, 1.551, -3.02173, -0.000239658
56.2577, 0.100855, 0.000667377, -159.105, -1.47075, 1.551, -3.02174, -0.000239674
56.2607, 0.0999581, 0.00104562, -159.076, -1.47075, 1.551, -3.02175, -0.00023969
56.2637, 0.0991333, 0.000529535, -159.047, -1.47076, 1.551, -3.02176, -0.000239706
56.2668, 0.0990848, -0.000435754, -159.019, -1.47077, 1.551, -3.02177, -0.000239722
56.2698, 0.0998473, -0.00101857, -158.99, -1.47078, 1.55101, -3.02178, -0.000239738
56.2728, 0.100757, -0.000717247, -158.961, -1.47079, 1.55101, -3.02179, -0.000239755
56.2759, 0.101024, 0.000208415, -158.932, -1.47079, 1.55101, -3.0218, -0.000239771
56.2789, 0.100412, 0.000961587, -158.903, -1.4708, 1.55101, -3.02181, -0.000239787
56.2819, 0.0994416, 0.000894469, -158.874, -1.47081, 1.55101, -3.02182, -0.000239803
56.285, 0.0989401, 6.51733e-05, -158.846, -1.47082, 1.55102, -3.02183, -0.000239819
56.288, 0.099332, -0.00081304, -158.817, -1.47082, 1.55102, -3.02184, -0.000239835
56.291, 0.100273, -0.00098546, -158.788, -1.47083, 1.55102, -3.02185, -0.000239851
56.2941, 0.100949, -0.000304305, -158.759, -1.47084, 1.55102, -3.02186, -0.000239867
56.2971, 0.100771, 0.000645056, -158.73, -1.47085, 1.55102, -3.02187, -0.000239883
56.3001, 0.099887, 0.00104749, -158.702, -1.47086, 1.55103, -3.02188, -0.000239899
56.3032, 0.0990487, 0.000557892, -158.673, -1.47086, 1.55103, -3.02189, -0.000239915
56.3062, 0.0989686, -0.000403273, -158.644, -1.47087, 1.55103, -3.0219, -0.000239931
56.3092, 0.0997083, -0.00101146, -158.615, -1.47088, 1.55103, -3.02191, -0.000239947
56.3123, 0.100627, -0.000745428, -158.586, -1.47089, 1.55103, -3.02192, -0.000239963
56.3153, 0.10093, 0.000166408, -158.558, -1.4709, 1.55104, -3.02193, -0.000239979
56.3183, 0.100351, 0.000942511, -158.529, -1.4709, 1.55104, -3.02194, -0.000239995
56.3214, 0.0993808, 0.000918238, -158.5, -1.47091, 1.55104, -3.02195, -0.000240012
56.3244, 0.0988424, 0.00011476, -158.471, -1.47092, 1.55104, -3.02196, -0.000240028
56.3274, 0.0991901, -0.00077985, -158.443, -1.47093, 1.55104, -3.02197, -0.000240044
56.3305, 0.100119, -0.00100011, -158.414, -1.47093, 1.55105, -3.02198, -0.00024006
56.3335, 0.100828, -0.00035795, -158.385, -1.47094, 1.55105, -3.02199, -0.000240076
56.3365, 0.100704, 0.00059714, -158.356, -1.47095, 1.55105, -3.022, -0.000240092
56.3396, 0.0998468, 0.00104865, -158.328, -1.47096, 1.55105, -3.02201, -0.000240108
56.3426, 0.0989825, 0.000611022, -158.299, -1.47097, 1.55106, -3.02202, -0.000240124
56.3456, 0.0988427, -0.000341495, -158.27, -1.47097, 1.55106, -3.02203, -0.00024014
56.3487, 0.0995398, -0.000995307, -158.241, -1.47098, 1.55106, -3.02204, -0.000240156
56.3517, 0.100472, -0.000792458, -158.213, -1.47099, 1.55106, -3.02205, -0.000240172
56.3547, 0.100836, 9.35407e-05, -158.184, -1.471, 1.55106, -3.02206, -0.000240188
56.3578, 0.100316, 0.000906574, -158.155, -1.471, 1.55107, -3.02207, -0.000240205
56.3608, 0.0993487, 0.000953365, -158.127, -1.47101, 1.55107, -3.02208, -0.000240221
56.3638, 0.0987521, 0.0001944, -158.098, -1.47102, 1.55107, -3.02209, -0.000240237
56.3669, 0.0990279, -0.000723156, -158.069, -1.47103, 1.55107, -3.0221, -0.000240253
56.3699, 0.099934, -0.00101757, -158.041, -1.47104, 1.55107, -3.02211, -0.000240269
56.3729, 0.100692, -0.000438413, -158.012, -1.47104, 1.55108, -3.02212, -0.000240285
56.376, 0.10065, 0.000520836, -157.983, -1.47105, 1.55108, -3.02213, -0.000240301
56.3792, 0.0997914, 0.00104706, -157.953, -1.47106, 1.55108, -3.02214, -0.000240318
56.3823, 0.0988822, 0.000613951, -157.923, -1.47107, 1.55108, -3.02215, -0.000240335
56.3855, 0.0987539, -0.000378271, -157.893, -1.47108, 1.55108, -3.02216, -0.000240352
56.3887, 0.0995169, -0.00101379, -157.863, -1.47108, 1.55109, -3.02217, -0.000240368
56.3918, 0.100459, -0.000706573, -157.834, -1.47109, 1.55109, -3.02218, -0.000240385
56.395, 0.100705, 0.000259671, -157.804, -1.4711, 1.55109, -3.02219, -0.000240402
56.3982, 0.10002, 0.000993987, -157.774, -1.47111, 1.55109, -3.0222, -0.000240419
56.4014, 0.0990281, 0.000819854, -157.744, -1.47112, 1.5511, -3.02221, -0.000240436
56.4045, 0.0986362, -0.000101906, -157.714, -1.47113, 1.5511, -3.02222, -0.000240453
56.4077, 0.0991969, -0.000922185, -157.684, -1.47113, 1.5511, -3.02223, -0.00024047
56.4109, 0.100186, -0.000885978, -157.654, -1.47114, 1.5511, -3.02224, -0.000240486
56.414, 0.100686, -2.70003e-05, -157.624, -1.47115, 1.5511, -3.02225, -0.000240503
56.4172, 0.100229, 0.000864244, -157.594, -1.47116, 1.55111, -3.02226, -0.00024052
56.4204, 0.0992289, 0.000968224, -157.564, -1.47117, 1.55111, -3.02227, -0.000240537
56.4236, 0.0985972, 0.00018973, -157.534, -1.47117, 1.55111, -3.02229, -0.000240554
56.4267, 0.0989069, -0.00075548, -157.505, -1.47118, 1.55111, -3.0223, -0.000240571
56.4299, 0.0998655, -0.000999095, -157.475, -1.47119, 1.55111, -3.02231, -0.000240588
56.4331, 0.100585, -0.000317743, -157.445, -1.4712, 1.55112, -3.02232, -0.000240604
56.4362, 0.100398, 0.000662716, -157.415, -1.47121, 1.55112, -3.02233, -0.000240621
56.4394, 0.099468, 0.00104247, -157.385, -1.47122, 1.55112, -3.02234, -0.000240638
56.4426, 0.0986419, 0.000473463, -157.355, -1.47122, 1.55112, -3.02235, -0.000240655
56.4458, 0.0986692, -0.000522102, -157.326, -1.47123, 1.55113, -3.02236, -0.000240672
56.4489, 0.0995169, -0.00103144, -157.296, -1.47124, 1.55113, -3.02237, -0.000240689
56.4521, 0.1004, -0.000588063, -157.266, -1.47125, 1.55113, -3.02238, -0.000240706
56.4553, 0.100503, 0.000401451, -157.236, -1.47126, 1.55113, -3.02239, -0.000240723
56.4585, 0.0997233, 0.00103076, -157.206, -1.47126, 1.55113, -3.0224, -0.000240739
56.4616, 0.0987683, 0.000723981, -157.176, -1.47127, 1.55114, -3.02241, -0.000240756
56.4648, 0.0985042, -0.000237723, -157.147, -1.47128, 1.55114, -3.02242, -0.000240773
56.468, 0.0991649, -0.000974343, -157.117, -1.47129, 1.55114, -3.02243, -0.00024079
56.4711, 0.100138, -0.000812404, -157.087, -1.4713, 1.55114, -3.02244, -0.000240807
56.4743, 0.100527, 9.9642e-05, -157.057, -1.47131, 1.55114, -3.02245, -0.000240824
56.4775, 0.0999685, 0.000928037, -157.027, -1.47131, 1.55115, -3.02246, -0.000240841
56.4807, 0.0989661, 0.000916114, -156.998, -1.47132, 1.55115, -3.02247, -0.000240858
56.4838, 0.0984278, 7.51592e-05, -156.968, -1.47133, 1.55115, -3.02248, -0.000240874
56.487, 0.0988372, -0.000826791, -156.938, -1.47134, 1.55115, -3.02249, -0.000240891
56.4902, 0.0998129, -0.00096667, -156.908, -1.47135, 1.55116, -3.0225, -0.000240908
56.4933, 0.100457, -0.00021724, -156.879, -1.47135, 1.55116, -3.02251, -0.000240925
56.4965, 0.100175, 0.000737696, -156.849, -1.47136, 1.55116, -3.02252, -0.000240942
56.4997, 0.0992168, 0.00102757, -156.819, -1.47137, 1.55116, -3.02253, -0.000240959
56.5029, 0.0984485, 0.000388545, -156.789, -1.47138, 1.55116, -3.02254, -0.000240976
56.506, 0.0985623, -0.000596828, -156.76, -1.47139, 1.55117, -3.02255, -0.000240993
56.5092, 0.0994468, -0.00103111, -156.73, -1.4714, 1.55117, -3.02256, -0.00024101
56.5124, 0.100289, -0.000519228, -156.7, -1.4714, 1.55117, -3.02257, -0.000241027
56.5155, 0.100315, 0.000472563, -156.671, -1.47141, 1.55117, -3.02259, -0.000241043
56.5187, 0.0994943, 0.00104186, -156.641, -1.47142, 1.55118, -3.0226, -0.00024106
56.5219, 0.0985659, 0.000671177, -156.611, -1.47143, 1.55118, -3.02261, -0.000241077
56.5251, 0.0983665, -0.000302076, -156.582, -1.47144, 1.55118, -3.02262, -0.000241094
56.5282, 0.0990695, -0.000993216, -156.552, -1.47145, 1.55118, -3.02263, -0.000241111
56.5314, 0.100028, -0.000774553, -156.522, -1.47145, 1.55118, -3.02264, -0.000241128
56.5346, 0.100365, 0.000154921, -156.493, -1.47146, 1.55119, -3.02265, -0.000241145
56.5377, 0.0997664, 0.000951137, -156.463, -1.47147, 1.55119, -3.02266, -0.000241162
56.5409, 0.098769, 0.000891641, -156.433, -1.47148, 1.55119, -3.02267, -0.000241179
56.5441, 0.0982703, 3.08127e-05, -156.404, -1.47149, 1.55119, -3.02268, -0.000241196
56.5473, 0.0987147, -0.000850361, -156.374, -1.47149, 1.55119, -3.02269, -0.000241213
56.5504, 0.0996917, -0.000953093, -156.344, -1.4715, 1.5512, -3.0227, -0.00024123
56.5536, 0.100308, -0.000184659, -156.315, -1.47151, 1.5512, -3.02271, -0.000241246
56.5568, 0.0999984, 0.000758433, -156.285, -1.47152, 1.5512, -3.02272, -0.000241263
56.56, 0.099036, 0.00102209, -156.255, -1.47153, 1.5512, -3.02273, -0.00024128
56.5631, 0.0982851, 0.000367969, -156.226, -1.47154, 1.55121, -3.02274, -0.000241297
56.5663, 0.0984175, -0.00061157, -156.196, -1.47154, 1.55121, -3.02275, -0.000241314
56.5695, 0.0993058, -0.00103028, -156.167, -1.47155, 1.55121, -3.02276, -0.000241331
56.5726, 0.100139, -0.000509793, -156.137, -1.47156, 1.55121, -3.02277, -0.000241348
56.5758, 0.100156, 0.000478938, -156.107, -1.47157, 1.55121, -3.02278, -0.000241365
56.579, 0.0993353, 0.00104222, -156.078, -1.47158, 1.55122, -3.02279, -0.000241382
56.5822, 0.0984105, 0.000671426, -156.048, -1.47158, 1.55122, -3.0228, -0.000241399
56.5853, 0.0982097, -0.000298163, -156.019, -1.47159, 1.55122, -3.02281, -0.000241416
56.5885, 0.0989064, -0.000991001, -155.989, -1.4716, 1.55122, -3.02282, -0.000241433
56.5917, 0.099864, -0.000782003, -155.959, -1.47161, 1.55122, -3.02283, -0.00024145
56.5948, 0.100211, 0.000139866, -155.93, -1.47162, 1.55123, -3.02284, -0.000241467
56.598, 0.0996279, 0.000942956, -155.9, -1.47163, 1.55123, -3.02285, -0.000241484
56.6012, 0.0986328, 0.000903376, -155.871, -1.47163, 1.55123, -3.02286, -0.000241501
56.6044, 0.0981156, 5.71993e-05, -155.841, -1.47164, 1.55123, -3.02287, -0.000241518
56.6075, 0.0985345, -0.000832929, -155.812, -1.47165, 1.55124, -3.02289, -0.000241535
56.6107, 0.0995046, -0.000965416, -155.782, -1.47166, 1.55124, -3.0229, -0.000241551
56.6139, 0.100145, -0.000221358, -155.753, -1.47167, 1.55124, -3.02291, -0.000241568
56.617, 0.0998719, 0.000729258, -155.723, -1.47167, 1.55124, -3.02292, -0.000241585
56.6202, 0.0989244, 0.00103119, -155.694, -1.47168, 1.55124, -3.02293, -0.000241602
56.6234, 0.0981474, 0.000413233, -155.664, -1.47169, 1.55125, -3.02294, -0.000241619
56.6266, 0.0982318, -0.000568657, -155.635, -1.4717, 1.55125, -3.02295, -0.000241636
56.6297, 0.0990941, -0.00103195, -155.605, -1.47171, 1.55125, -3.02296, -0.000241653
56.6329, 0.0999519, -0.000560706, -155.576, -1.47172, 1.55125, -3.02297, -0.00024167
56.6361, 0.100028, 0.000421444, -155.546, -1.47172, 1.55125, -3.02298, -0.000241687
56.6393, 0.0992462, 0.00103259, -155.517, -1.47173, 1.55126, -3.02299, -0.000241704
56.6424, 0.098302, 0.000724479, -155.487, -1.47174, 1.55126, -3.023, -0.000241721
56.6456, 0.0980348, -0.000226045, -155.458, -1.47175, 1.55126, -3.02301, -0.000241738
56.6488, 0.0986764, -0.000966287, -155.428, -1.47176, 1.55126, -3.02302, -0.000241755
56.6519, 0.099644, -0.000832762, -155.399, -1.47176, 1.55127, -3.02303, -0.000241772
56.6551, 0.100063, 5.44545e-05, -155.369, -1.47177, 1.55127, -3.02304, -0.000241789
56.6583, 0.0995508, 0.000900216, -155.34, -1.47178, 1.55127, -3.02305, -0.000241806
56.6615, 0.0985594, 0.00094716, -155.311, -1.47179, 1.55127, -3.02306, -0.000241823
56.6646, 0.0979691, 0.00015365, -155.281, -1.4718, 1.55127, -3.02307, -0.00024184
56.6678, 0.0983006, -0.000769809, -155.252, -1.47181, 1.55128, -3.02308, -0.000241857
56.671, 0.0992496, -0.000997056, -155.222, -1.47181, 1.55128, -3.02309, -0.000241874
56.6741, 0.0999598, -0.000325206, -155.193, -1.47182, 1.55128, -3.0231, -0.000241891
56.6773, 0.0997891, 0.000644706, -155.164, -1.47183, 1.55128, -3.02311, -0.000241908
56.6805, 0.0988832, 0.00104579, -155.134, -1.47184, 1.55129, -3.02312, -0.000241925
56.6837, 0.0980444, 0.000520032, -155.105, -1.47185, 1.55129, -3.02313, -0.000241942
56.6868, 0.0980143, -0.000462618, -155.075, -1.47185, 1.55129, -3.02314, -0.000241959
56.69, 0.0988122, -0.00102472, -155.046, -1.47186, 1.55129, -3.02315, -0.000241976
56.6932, 0.0997183, -0.000664864, -155.017, -1.47187, 1.55129, -3.02316, -0.000241993
56.6963, 0.0999169, 0.000295486, -154.987, -1.47188, 1.5513, -3.02318, -0.00024201
56.6995, 0.099224, 0.000999632, -154.958, -1.47189, 1.5513, -3.02319, -0.000242027
56.7027, 0.0982503, 0.000819982, -154.929, -1.4719, 1.5513, -3.0232, -0.000242044
56.7059, 0.0978565, -8.2938e-05, -154.899, -1.4719, 1.5513, -3.02321, -0.000242061
56.709, 0.0983857, -0.000904423, -154.87, -1.47191, 1.5513, -3.02322, -0.000242078
56.7122, 0.099359, -0.000912958, -154.84, -1.47192, 1.55131, -3.02323, -0.000242095
56.7154, 0.0999023, -0.000101338, -154.811, -1.47193, 1.55131, -3.02324, -0.000242112
56.7185, 0.0995252, 0.000807774, -154.782, -1.47194, 1.55131, -3.02325, -0.000242129
56.7217, 0.0985562, 0.00100559, -154.753, -1.47194, 1.55131, -3.02326, -0.000242146
56.7249, 0.0978501, 0.000316549, -154.723, -1.47195, 1.55132, -3.02327, -0.000242163
56.7281, 0.0980271, -0.000646383, -154.694, -1.47196, 1.55132, -3.02328, -0.00024218
56.7312, 0.0989223, -0.00102735, -154.665, -1.47197, 1.55132, -3.02329, -0.000242197
56.7344, 0.0997328, -0.00048819, -154.635, -1.47198, 1.55132, -3.0233, -0.000242214
56.7376, 0.0997315, 0.000491842, -154.606, -1.47199, 1.55132, -3.02331, -0.000242231
56.7408, 0.0989128, 0.00104253, -154.577, -1.47199, 1.55133, -3.02332, -0.000242248
56.7439, 0.0979963, 0.000675387, -154.547, -1.472, 1.55133, -3.02333, -0.000242265
56.7471, 0.0977879, -0.000283436, -154.518, -1.47201, 1.55133, -3.02334, -0.000242282
56.7503, 0.0984647, -0.000983361, -154.489, -1.47202, 1.55133, -3.02335, -0.000242299
56.7534, 0.0994191, -0.00080403, -154.46, -1.47203, 1.55133, -3.02336, -0.000242316
56.7566, 0.0997979, 9.5208e-05, -154.43, -1.47203, 1.55134, -3.02337, -0.000242333
56.7598, 0.0992586, 0.000917386, -154.401, -1.47204, 1.55134, -3.02338, -0.00024235
56.763, 0.0982719, 0.000934447, -154.372, -1.47205, 1.55134, -3.02339, -0.000242367
56.7661, 0.0977043, 0.000131682, -154.343, -1.47206, 1.55134, -3.0234, -0.000242384
56.7693, 0.0980506, -0.000780097, -154.313, -1.47207, 1.55135, -3.02341, -0.000242401
56.7725, 0.0989968, -0.000994236, -154.284, -1.47208, 1.55135, -3.02342, -0.000242418
56.7756, 0.0996986, -0.000321702, -154.255, -1.47208, 1.55135, -3.02343, -0.000242436
56.7788, 0.0995284, 0.000642532, -154.226, -1.47209, 1.55135, -3.02344, -0.000242453
56.782, 0.0986299, 0.00104621, -154.197, -1.4721, 1.55135, -3.02345, -0.00024247
56.7852, 0.0977899, 0.000533, -154.167, -1.47211, 1.55136, -3.02346, -0.000242487
56.7883, 0.097743, -0.000443435, -154.138, -1.47212, 1.55136, -3.02348, -0.000242504
56.7915, 0.0985229, -0.00102087, -154.109, -1.47212, 1.55136, -3.02349, -0.000242521
56.7947, 0.0994338, -0.000689925, -154.08, -1.47213, 1.55136, -3.0235, -0.000242538
56.7978, 0.0996648, 0.000257008, -154.051, -1.47214, 1.55136, -3.02351, -0.000242555
56.801, 0.0990052, 0.000984553, -154.021, -1.47215, 1.55137, -3.02352, -0.000242572
56.8042, 0.0980299, 0.00085144, -153.992, -1.47216, 1.55137, -3.02353, -0.000242589
56.8074, 0.0975911, -2.4599e-05, -153.963, -1.47217, 1.55137, -3.02354, -0.000242606
56.8105, 0.098068, -0.000871453, -153.934, -1.47217, 1.55137, -3.02355, -0.000242623
56.8137, 0.0990329, -0.000943358, -153.905, -1.47218, 1.55138, -3.02356, -0.00024264
56.8169, 0.099629, -0.000177394, -153.876, -1.47219, 1.55138, -3.02357, -0.000242657
56.82, 0.0993246, 0.000751959, -153.846, -1.4722, 1.55138, -3.02358, -0.000242674
56.8232, 0.0983807, 0.00102705, -153.817, -1.47221, 1.55138, -3.02359, -0.000242691
56.8264, 0.0976206, 0.000406285, -153.788, -1.47222, 1.55138, -3.0236, -0.000242708
56.8296, 0.0977051, -0.000564176, -153.759, -1.47222, 1.55139, -3.02361, -0.000242726
56.8327, 0.0985524, -0.00103132, -153.73, -1.47223, 1.55139, -3.02362, -0.000242743
56.8359, 0.0994105, -0.000585004, -153.701, -1.47224, 1.55139, -3.02363, -0.00024276
56.8391, 0.0995187, 0.000382368, -153.672, -1.47225, 1.55139, -3.02364, -0.000242777
56.8423, 0.0987751, 0.00102131, -153.643, -1.47226, 1.55139, -3.02365, -0.000242794
56.8454, 0.0978256, 0.000771257, -153.614, -1.47226, 1.5514, -3.02366, -0.000242811
56.8486, 0.097496, -0.000147979, -153.584, -1.47227, 1.5514, -3.02367, -0.000242828
56.8518, 0.0980679, -0.000929935, -153.555, -1.47228, 1.5514, -3.02368, -0.000242845
56.8549, 0.0990323, -0.000889169, -153.526, -1.47229, 1.5514, -3.02369, -0.000242862
56.8581, 0.0995367, -6.18118e-05, -153.497, -1.4723, 1.55141, -3.0237, -0.000242879
56.8613, 0.0991322, 0.000826948, -153.468, -1.47231, 1.55141, -3.02371, -0.000242896
56.8645, 0.0981664, 0.000998759, -153.439, -1.47231, 1.55141, -3.02372, -0.000242913
56.8676, 0.0974778, 0.000303567, -153.41, -1.47232, 1.55141, -3.02373, -0.00024293
56.8708, 0.0976618, -0.000649814, -153.381, -1.47233, 1.55141, -3.02374, -0.000242948
56.874, 0.0985497, -0.00102722, -153.352, -1.47234, 1.55142, -3.02375, -0.000242965
56.8771, 0.0993577, -0.000498878, -153.323, -1.47235, 1.55142, -3.02376, -0.000242982
56.8803, 0.0993721, 0.000472874, -153.294, -1.47235, 1.55142, -3.02378, -0.000242999
56.8835, 0.0985737, 0.0010386, -153.265, -1.47236, 1.55142, -3.02379, -0.000243016
56.8867, 0.0976532, 0.000704283, -153.236, -1.47237, 1.55143, -3.0238, -0.000243033
56.8898, 0.0974073, -0.000237673, -153.207, -1.47238, 1.55143, -3.02381, -0.00024305
56.893, 0.0980433, -0.000964643, -153.178, -1.47239, 1.55143, -3.02382, -0.000243067
56.8962, 0.0989985, -0.000842314, -153.149, -1.4724, 1.55143, -3.02383, -0.000243084
56.8993, 0.0994323, 2.21764e-05, -153.12, -1.4724, 1.55143, -3.02384, -0.000243102
56.9025, 0.0989595, 0.000874557, -153.091, -1.47241, 1.55144, -3.02385, -0.000243119
56.9057, 0.0979856, 0.000971752, -153.062, -1.47242, 1.55144, -3.02386, -0.000243136
56.9089, 0.0973524, 0.000229433, -153.033, -1.47243, 1.55144, -3.02387, -0.000243153
56.912, 0.0976043, -0.000705296, -153.004, -1.47244, 1.55144, -3.02388, -0.00024317
56.9152, 0.0985142, -0.00101832, -152.975, -1.47244, 1.55144, -3.02389, -0.000243187
56.9184, 0.0992827, -0.000437437, -152.946, -1.47245, 1.55145, -3.0239, -0.000243204
56.9215, 0.0992338, 0.00053139, -152.917, -1.47246, 1.55145, -3.02391, -0.000243221
56.9248, 0.0983688, 0.00104711, -152.887, -1.47247, 1.55145, -3.02392, -0.000243239
56.9281, 0.0974652, 0.000602077, -152.857, -1.47248, 1.55145, -3.02393, -0.000243257
56.9314, 0.0973507, -0.000391769, -152.827, -1.47249, 1.55146, -3.02394, -0.000243274
56.9347, 0.0981229, -0.00101558, -152.797, -1.47249, 1.55146, -3.02395, -0.000243292
56.9379, 0.0990601, -0.000693176, -152.767, -1.4725, 1.55146, -3.02396, -0.00024331
56.9412, 0.0992888, 0.000277224, -152.738, -1.47251, 1.55146, -3.02397, -0.000243328
56.9445, 0.0985903, 0.000999363, -152.708, -1.47252, 1.55146, -3.02398, -0.000243345
56.9478, 0.097602, 0.000806867, -152.678, -1.47253, 1.55147, -3.024, -0.000243363
56.9511, 0.0972279, -0.000122224, -152.648, -1.47254, 1.55147, -3.02401, -0.000243381
56.9543, 0.097805, -0.000930672, -152.618, -1.47255, 1.55147, -3.02402, -0.000243398
56.9576, 0.098793, -0.000873186, -152.588, -1.47255, 1.55147, -3.02403, -0.000243416
56.9609, 0.0992732, -3.1598e-06, -152.558, -1.47256, 1.55148, -3.02404, -0.000243434
56.9642, 0.0987958, 0.000877472, -152.528, -1.47257, 1.55148, -3.02405, -0.000243452
56.9675, 0.097793, 0.000957684, -152.499, -1.47258, 1.55148, -3.02406, -0.000243469
56.9708, 0.0971805, 0.000164015, -152.469, -1.47259, 1.55148, -3.02407, -0.000243487
56.974, 0.097514, -0.0007727, -152.439, -1.4726, 1.55148, -3.02408, -0.000243505
56.9773, 0.0984784, -0.000990647, -152.409, -1.4726, 1.55149, -3.02409, -0.000243523
56.9806, 0.0991788, -0.000289738, -152.379, -1.47261, 1.55149, -3.0241, -0.00024354
56.9839, 0.0989635, 0.000685235, -152.349, -1.47262, 1.55149, -3.02411, -0.000243558
56.9872, 0.0980232, 0.00103817, -152.32, -1.47263, 1.55149, -3.02412, -0.000243576
56.9904, 0.0972141, 0.00044514, -152.29, -1.47264, 1.5515, -3.02413, -0.000243593
56.9937, 0.0972715, -0.000548802, -152.26, -1.47265, 1.5515, -3.02415, -0.000243611
56.997, 0.0981344, -0.00103104, -152.23, -1.47266, 1.5515, -3.02416, -0.000243629
57.0003, 0.0990029, -0.00055929, -152.2, -1.47266, 1.5515, -3.02417, -0.000243647
57.0036, 0.0990724, 0.000433238, -152.171, -1.47267, 1.5515, -3.02418, -0.000243664
57.0068, 0.0982719, 0.00103615, -152.141, -1.47268, 1.55151, -3.02419, -0.000243682
57.0101, 0.0973278, 0.000696965, -152.111, -1.47269, 1.55151, -3.0242, -0.0002437
57.0134, 0.0970975, -0.000273049, -152.081, -1.4727, 1.55151, -3.02421, -0.000243718
57.0167, 0.0977839, -0.000985045, -152.052, -1.47271, 1.55151, -3.02422, -0.000243735
57.02, 0.0987502, -0.000787184, -152.022, -1.47272, 1.55152, -3.02423, -0.000243753
57.0232, 0.0991041, 0.00013898, -151.992, -1.47272, 1.55152, -3.02424, -0.000243771
57.0265, 0.0985142, 0.000945636, -151.962, -1.47273, 1.55152, -3.02425, -0.000243789
57.0298, 0.0975128, 0.000894999, -151.933, -1.47274, 1.55152, -3.02426, -0.000243807
57.0331, 0.0970081, 3.37876e-05, -151.903, -1.47275, 1.55152, -3.02427, -0.000243824
57.0364, 0.0974533, -0.000850423, -151.873, -1.47276, 1.55153, -3.02428, -0.000243842
57.0396, 0.0984334, -0.00094971, -151.843, -1.47277, 1.55153, -3.02429, -0.00024386
57.0429, 0.0990453, -0.000173766, -151.814, -1.47277, 1.55153, -3.02431, -0.000243878
57.0462, 0.0987227, 0.000768507, -151.784, -1.47278, 1.55153, -3.02432, -0.000243895
57.0495, 0.0977527, 0.00101699, -151.754, -1.47279, 1.55154, -3.02433, -0.000243913
57.0528, 0.097013, 0.000345314, -151.725, -1.4728, 1.55154, -3.02434, -0.000243931
57.056, 0.0971704, -0.000633462, -151.695, -1.47281, 1.55154, -3.02435, -0.000243949
57.0593, 0.0980732, -0.00102679, -151.665, -1.47282, 1.55154, -3.02436, -0.000243966
57.0626, 0.0988905, -0.000476477, -151.635, -1.47283, 1.55154, -3.02437, -0.000243984
57.0659, 0.09887, 0.000515643, -151.606, -1.47283, 1.55155, -3.02438, -0.000244002
57.0692, 0.0980231, 0.00104577, -151.576, -1.47284, 1.55155, -3.02439, -0.00024402
57.0724, 0.0971134, 0.000631487, -151.547, -1.47285, 1.55155, -3.0244, -0.000244038
57.0757, 0.0969613, -0.000349703, -151.517, -1.47286, 1.55155, -3.02441, -0.000244055
57.079, 0.097697, -0.00100486, -151.487, -1.47287, 1.55156, -3.02442, -0.000244073
57.0823, 0.0986433, -0.0007383, -151.458, -1.47288, 1.55156, -3.02443, -0.000244091
57.0856, 0.0989321, 0.000207183, -151.428, -1.47288, 1.55156, -3.02444, -0.000244109
57.0888, 0.0982935, 0.00097201, -151.398, -1.47289, 1.55156, -3.02446, -0.000244127
57.0921, 0.0973005, 0.000861447, -151.369, -1.4729, 1.55156, -3.02447, -0.000244144
57.0954, 0.0968473, -2.36679e-05, -151.339, -1.47291, 1.55157, -3.02448, -0.000244162
57.0987, 0.0973373, -0.00087943, -151.309, -1.47292, 1.55157, -3.02449, -0.00024418
57.102, 0.0983178, -0.000929255, -151.28, -1.47293, 1.55157, -3.0245, -0.000244198
57.1052, 0.0988913, -0.000128337, -151.25, -1.47294, 1.55157, -3.02451, -0.000244216
57.1085, 0.0985303, 0.000796603, -151.221, -1.47294, 1.55158, -3.02452, -0.000244233
57.1118, 0.0975548, 0.00100704, -151.191, -1.47295, 1.55158, -3.02453, -0.000244251
57.1151, 0.0968414, 0.00031262, -151.162, -1.47296, 1.55158, -3.02454, -0.000244269
57.1184, 0.0970286, -0.000657151, -151.132, -1.47297, 1.55158, -3.02455, -0.000244287
57.1216, 0.0979387, -0.00102398, -151.102, -1.47298, 1.55158, -3.02456, -0.000244305
57.1249, 0.0987399, -0.000456098, -151.073, -1.47299, 1.55159, -3.02457, -0.000244322
57.1282, 0.0986995, 0.000532162, -151.043, -1.47299, 1.55159, -3.02458, -0.00024434
57.1315, 0.0978469, 0.00104666, -151.014, -1.473, 1.55159, -3.02459, -0.000244358
57.1348, 0.0969457, 0.000622394, -150.984, -1.47301, 1.55159, -3.02461, -0.000244376
57.138, 0.0968029, -0.000356664, -150.955, -1.47302, 1.5516, -3.02462, -0.000244394
57.1413, 0.0975395, -0.00100558, -150.925, -1.47303, 1.5516, -3.02463, -0.000244411
57.1446, 0.0984821, -0.000738375, -150.896, -1.47304, 1.5516, -3.02464, -0.000244429
57.1479, 0.0987718, 0.000203233, -150.866, -1.47305, 1.5516, -3.02465, -0.000244447
57.1512, 0.0981398, 0.000969005, -150.837, -1.47305, 1.5516, -3.02466, -0.000244465
57.1544, 0.0971491, 0.000868081, -150.807, -1.47306, 1.55161, -3.02467, -0.000244483
57.1577, 0.0966859, -8.07767e-06, -150.778, -1.47307, 1.55161, -3.02468, -0.000244501
57.161, 0.0971598, -0.000869109, -150.748, -1.47308, 1.55161, -3.02469, -0.000244518
57.1643, 0.0981357, -0.000938957, -150.719, -1.47309, 1.55161, -3.0247, -0.000244536
57.1676, 0.0987263, -0.00015508, -150.689, -1.4731, 1.55162, -3.02471, -0.000244554
57.1708, 0.0983923, 0.00077609, -150.66, -1.4731, 1.55162, -3.02472, -0.000244572
57.1741, 0.0974273, 0.00101611, -150.63, -1.47311, 1.55162, -3.02473, -0.00024459
57.1774, 0.0966924, 0.000349296, -150.601, -1.47312, 1.55162, -3.02474, -0.000244608
57.1807, 0.0968411, -0.000623965, -150.571, -1.47313, 1.55162, -3.02475, -0.000244625
57.184, 0.0977316, -0.0010282, -150.542, -1.47314, 1.55163, -3.02477, -0.000244643
57.1872, 0.0985553, -0.000500259, -150.512, -1.47315, 1.55163, -3.02478, -0.000244661
57.1905, 0.0985643, 0.00048492, -150.483, -1.47316, 1.55163, -3.02479, -0.000244679
57.1938, 0.0977434, 0.00104203, -150.454, -1.47316, 1.55163, -3.0248, -0.000244697
57.1971, 0.0968225, 0.000670945, -150.424, -1.47317, 1.55164, -3.02481, -0.000244715
57.2004, 0.0966209, -0.000294718, -150.395, -1.47318, 1.55164, -3.02482, -0.000244733
57.2036, 0.0973115, -0.000988048, -150.365, -1.47319, 1.55164, -3.02483, -0.00024475
57.2069, 0.0982667, -0.000787184, -150.336, -1.4732, 1.55164, -3.02484, -0.000244768
57.2102, 0.0986222, 0.000127298, -150.306, -1.47321, 1.55164, -3.02485, -0.000244786
57.2135, 0.098052, 0.000935243, -150.277, -1.47322, 1.55165, -3.02486, -0.000244804
57.2168, 0.0970599, 0.000912669, -150.248, -1.47322, 1.55165, -3.02487, -0.000244822
57.22, 0.0965273, 8.02139e-05, -150.218, -1.47323, 1.55165, -3.02488, -0.00024484
57.2233, 0.0969233, -0.000816254, -150.189, -1.47324, 1.55165, -3.02489, -0.000244858
57.2266, 0.0978854, -0.000974204, -150.16, -1.47325, 1.55166, -3.0249, -0.000244875
57.2299, 0.0985448, -0.000252659, -150.13, -1.47326, 1.55166, -3.02492, -0.000244893
57.2332, 0.0983041, 0.000702497, -150.101, -1.47327, 1.55166, -3.02493, -0.000244911
57.2364, 0.0973715, 0.00103704, -150.071, -1.47327, 1.55166, -3.02494, -0.000244929
57.2397, 0.0965734, 0.000452229, -150.042, -1.47328, 1.55166, -3.02495, -0.000244947
57.243, 0.0966153, -0.000528899, -150.013, -1.47329, 1.55167, -3.02496, -0.000244965
57.2463, 0.0974518, -0.00102976, -149.983, -1.4733, 1.55167, -3.02497, -0.000244983
57.2496, 0.098328, -0.000603355, -149.954, -1.47331, 1.55167, -3.02498, -0.000245001
57.2528, 0.0984542, 0.000369237, -149.925, -1.47332, 1.55167, -3.02499, -0.000245018
57.2561, 0.0977106, 0.00101992, -149.896, -1.47333, 1.55168, -3.025, -0.000245036
57.2594, 0.0967534, 0.000768469, -149.866, -1.47333, 1.55168, -3.02501, -0.000245054
57.2627, 0.0964285, -0.000160458, -149.837, -1.47334, 1.55168, -3.02502, -0.000245072
57.266, 0.0970177, -0.000938548, -149.808, -1.47335, 1.55168, -3.02503, -0.00024509
57.2692, 0.097988, -0.000872595, -149.778, -1.47336, 1.55168, -3.02504, -0.000245108
57.2725, 0.0984674, -2.17641e-05, -149.749, -1.47337, 1.55169, -3.02505, -0.000245126
57.2758, 0.0980218, 0.000856008, -149.72, -1.47338, 1.55169, -3.02507, -0.000245144
57.2791, 0.0970407, 0.000979457, -149.69, -1.47338, 1.55169, -3.02508, -0.000245162
57.2824, 0.0963898, 0.000239126, -149.661, -1.47339, 1.55169, -3.02509, -0.000245179
57.2856, 0.0966402, -0.000706097, -149.632, -1.4734, 1.5517, -3.0251, -0.000245197
57.2889, 0.0975614, -0.00101573, -149.603, -1.47341, 1.5517, -3.02511, -0.000245215
57.2922, 0.0983267, -0.000414904, -149.573, -1.47342, 1.5517, -3.02512, -0.000245233
57.2955, 0.0982488, 0.000562131, -149.544, -1.47343, 1.5517, -3.02513, -0.000245251
57.2988, 0.0973897, 0.00104746, -149.515, -1.47344, 1.5517, -3.02514, -0.000245269
57.302, 0.0965051, 0.000610458, -149.486, -1.47344, 1.55171, -3.02515, -0.000245287
57.3053, 0.0963724, -0.000360581, -149.457, -1.47345, 1.55171, -3.02516, -0.000245305
57.3086, 0.0971016, -0.00100392, -149.427, -1.47346, 1.55171, -3.02517, -0.000245323
57.3119, 0.0980379, -0.000749175, -149.398, -1.47347, 1.55171, -3.02518, -0.000245341
57.3152, 0.0983438, 0.00017736, -149.369, -1.47348, 1.55172, -3.02519, -0.000245359
57.3184, 0.0977409, 0.000954252, -149.34, -1.47349, 1.55172, -3.0252, -0.000245376
57.3217, 0.0967562, 0.000893339, -149.311, -1.47349, 1.55172, -3.02521, -0.000245394
57.325, 0.0962546, 4.89882e-05, -149.281, -1.4735, 1.55172, -3.02523, -0.000245412
57.3283, 0.0966722, -0.000830944, -149.252, -1.47351, 1.55172, -3.02524, -0.00024543
57.3316, 0.0976315, -0.000967761, -149.223, -1.47352, 1.55173, -3.02525, -0.000245448
57.3348, 0.0982763, -0.000240804, -149.194, -1.47353, 1.55173, -3.02526, -0.000245466
57.3381, 0.0980288, 0.000706648, -149.165, -1.47354, 1.55173, -3.02527, -0.000245484
57.3414, 0.097101, 0.00103696, -149.135, -1.47355, 1.55173, -3.02528, -0.000245502
57.3447, 0.0963054, 0.000458567, -149.106, -1.47355, 1.55174, -3.02529, -0.00024552
57.348, 0.0963374, -0.000517158, -149.077, -1.47356, 1.55174, -3.0253, -0.000245538
57.3512, 0.0971607, -0.00102843, -149.048, -1.47357, 1.55174, -3.02531, -0.000245556
57.3545, 0.0980408, -0.000624171, -149.019, -1.47358, 1.55174, -3.02532, -0.000245574
57.3578, 0.0981935, 0.000338435, -148.99, -1.47359, 1.55174, -3.02533, -0.000245592
57.3611, 0.0974771, 0.00101003, -148.961, -1.4736, 1.55175, -3.02534, -0.00024561
57.3644, 0.0965162, 0.000798582, -148.932, -1.47361, 1.55175, -3.02535, -0.000245627
57.3676, 0.0961504, -0.000109083, -148.902, -1.47361, 1.55175, -3.02536, -0.000245645
57.3709, 0.0966943, -0.000912853, -148.873, -1.47362, 1.55175, -3.02538, -0.000245663
57.3742, 0.0976609, -0.00090482, -148.844, -1.47363, 1.55176, -3.02539, -0.000245681
57.3775, 0.0981914, -9.24668e-05, -148.815, -1.47364, 1.55176, -3.0254, -0.000245699
57.3808, 0.0978117, 0.000808796, -148.786, -1.47365, 1.55176, -3.02541, -0.000245717
57.384, 0.0968488, 0.00100595, -148.757, -1.47366, 1.55176, -3.02542, -0.000245735
57.3873, 0.0961425, 0.000325954, -148.728, -1.47366, 1.55176, -3.02543, -0.000245753
57.3906, 0.0963062, -0.000632887, -148.699, -1.47367, 1.55177, -3.02544, -0.000245771
57.3939, 0.0971881, -0.00102771, -148.67, -1.47368, 1.55177, -3.02545, -0.000245789
57.3972, 0.0980056, -0.000511906, -148.641, -1.47369, 1.55177, -3.02546, -0.000245807
57.4004, 0.0980333, 0.000461042, -148.612, -1.4737, 1.55177, -3.02547, -0.000245825
57.4037, 0.0972398, 0.00103671, -148.583, -1.47371, 1.55178, -3.02548, -0.000245843
57.407, 0.0963145, 0.000710075, -148.554, -1.47372, 1.55178, -3.02549, -0.000245861
57.4103, 0.0960618, -0.000231839, -148.525, -1.47372, 1.55178, -3.0255, -0.000245879
57.4136, 0.0966955, -0.00096266, -148.496, -1.47373, 1.55178, -3.02551, -0.000245897
57.4168, 0.0976522, -0.000841793, -148.467, -1.47374, 1.55178, -3.02552, -0.000245915
57.4201, 0.0980859, 2.44056e-05, -148.438, -1.47375, 1.55179, -3.02554, -0.000245933
57.4234, 0.0976094, 0.000876722, -148.409, -1.47376, 1.55179, -3.02555, -0.000245951
57.4267, 0.0966332, 0.000968758, -148.38, -1.47377, 1.55179, -3.02556, -0.000245969
57.43, 0.0960046, 0.000220332, -148.351, -1.47377, 1.55179, -3.02557, -0.000245987
57.4332, 0.0962661, -0.000713172, -148.322, -1.47378, 1.5518, -3.02558, -0.000246005
57.4365, 0.0971812, -0.00101504, -148.293, -1.47379, 1.5518, -3.02559, -0.000246023
57.4398, 0.0979417, -0.000421609, -148.264, -1.4738, 1.5518, -3.0256, -0.000246041
57.4431, 0.0978757, 0.000547904, -148.235, -1.47381, 1.5518, -3.02561, -0.000246059
57.4464, 0.0970337, 0.00104611, -148.206, -1.47382, 1.5518, -3.02562, -0.000246077
57.4496, 0.0961443, 0.000638042, -148.177, -1.47383, 1.55181, -3.02563, -0.000246095
57.4529, 0.0959767, -0.000319494, -148.148, -1.47383, 1.55181, -3.02564, -0.000246113
57.4562, 0.0966695, -0.000990384, -148.119, -1.47384, 1.55181, -3.02565, -0.000246131
57.4595, 0.0976103, -0.00078936, -148.09, -1.47385, 1.55181, -3.02566, -0.000246149
57.4628, 0.0979709, 0.000107784, -148.061, -1.47386, 1.55182, -3.02567, -0.000246167
57.466, 0.0974299, 0.000918421, -148.032, -1.47387, 1.55182, -3.02569, -0.000246185
57.4693, 0.0964518, 0.000936006, -148.003, -1.47388, 1.55182, -3.0257, -0.000246203
57.4726, 0.0958818, 0.000145624, -147.974, -1.47388, 1.55182, -3.02571, -0.000246221
57.4759, 0.0962087, -0.000763872, -147.945, -1.47389, 1.55182, -3.02572, -0.000246239
57.4792, 0.0971401, -0.00100052, -147.916, -1.4739, 1.55183, -3.02573, -0.000246257
57.4824, 0.0978576, -0.000358679, -147.887, -1.47391, 1.55183, -3.02574, -0.000246275
57.4857, 0.0977296, 0.000602743, -147.859, -1.47392, 1.55183, -3.02575, -0.000246293
57.489, 0.0968606, 0.00104738, -147.83, -1.47393, 1.55183, -3.02576, -0.000246311
57.4923, 0.0959991, 0.0005889, -147.801, -1.47394, 1.55184, -3.02577, -0.000246329
57.4956, 0.0958865, -0.000373742, -147.772, -1.47394, 1.55184, -3.02578, -0.000246347
57.4988, 0.0966129, -0.00100392, -147.743, -1.47395, 1.55184, -3.02579, -0.000246365
57.5021, 0.0975396, -0.00075449, -147.714, -1.47396, 1.55184, -3.0258, -0.000246383
57.5054, 0.0978546, 0.000157547, -147.685, -1.47397, 1.55184, -3.02581, -0.000246401
57.5087, 0.0972774, 0.000940307, -147.656, -1.47398, 1.55185, -3.02582, -0.000246419
57.512, 0.096302, 0.000914755, -147.628, -1.47399, 1.55185, -3.02584, -0.000246437
57.5152, 0.095767, 0.000103467, -147.599, -1.474, 1.55185, -3.02585, -0.000246455
57.5185, 0.0961288, -0.000789805, -147.57, -1.474, 1.55185, -3.02586, -0.000246473
57.5218, 0.0970659, -0.000990877, -147.541, -1.47401, 1.55186, -3.02587, -0.000246491
57.5251, 0.097759, -0.000325908, -147.512, -1.47402, 1.55186, -3.02588, -0.000246509
57.5284, 0.0976005, 0.000628785, -147.483, -1.47403, 1.55186, -3.02589, -0.000246527
57.5316, 0.0967208, 0.00104658, -147.455, -1.47404, 1.55186, -3.0259, -0.000246545
57.5349, 0.0958742, 0.000566196, -147.426, -1.47405, 1.55186, -3.02591, -0.000246563
57.5382, 0.0957857, -0.000396331, -147.397, -1.47405, 1.55187, -3.02592, -0.000246581
57.5415, 0.0965241, -0.00100839, -147.368, -1.47406, 1.55187, -3.02593, -0.000246599
57.5448, 0.0974434, -0.000741072, -147.339, -1.47407, 1.55187, -3.02594, -0.000246617
57.548, 0.0977417, 0.00017418, -147.311, -1.47408, 1.55187, -3.02595, -0.000246635
57.5513, 0.0971543, 0.000946407, -147.282, -1.47409, 1.55188, -3.02596, -0.000246653
57.5546, 0.0961816, 0.000908851, -147.253, -1.4741, 1.55188, -3.02597, -0.000246671
57.5579, 0.0956562, 9.43508e-05, -147.224, -1.47411, 1.55188, -3.02598, -0.000246689
57.5612, 0.0960237, -0.000793863, -147.196, -1.47411, 1.55188, -3.026, -0.000246707
57.5644, 0.0969596, -0.000989591, -147.167, -1.47412, 1.55188, -3.02601, -0.000246725
57.5677, 0.0976491, -0.000324416, -147.138, -1.47413, 1.55189, -3.02602, -0.000246743
57.571, 0.0974908, 0.00062786, -147.109, -1.47414, 1.55189, -3.02603, -0.000246761
57.5743, 0.0966142, 0.00104656, -147.081, -1.47415, 1.55189, -3.02604, -0.000246779
57.5776, 0.0957674, 0.000571317, -147.052, -1.47416, 1.55189, -3.02605, -0.000246798
57.5808, 0.0956723, -0.000388206, -147.023, -1.47416, 1.55189, -3.02606, -0.000246816
57.5841, 0.0964029, -0.00100588, -146.995, -1.47417, 1.5519, -3.02607, -0.000246834
57.5874, 0.097323, -0.000750417, -146.966, -1.47418, 1.5519, -3.02608, -0.000246852
57.5907, 0.0976338, 0.000158001, -146.937, -1.47419, 1.5519, -3.02609, -0.00024687
57.594, 0.097061, 0.000937991, -146.908, -1.4742, 1.5519, -3.0261, -0.000246888
57.5972, 0.0960902, 0.000919234, -146.88, -1.47421, 1.55191, -3.02611, -0.000246906
57.6005, 0.0955484, 0.00011826, -146.851, -1.47422, 1.55191, -3.02612, -0.000246924
57.6038, 0.0958933, -0.000776597, -146.822, -1.47422, 1.55191, -3.02613, -0.000246942
57.6071, 0.0968212, -0.000997008, -146.794, -1.47423, 1.55191, -3.02615, -0.00024696
57.6104, 0.0975281, -0.000354152, -146.765, -1.47424, 1.55191, -3.02616, -0.000246978
57.6136, 0.0974003, 0.000599996, -146.736, -1.47425, 1.55192, -3.02617, -0.000246996
57.6169, 0.0965407, 0.00104698, -146.708, -1.47426, 1.55192, -3.02618, -0.000247014
57.6202, 0.0956793, 0.00060385, -146.679, -1.47427, 1.55192, -3.02619, -0.000247032
57.6235, 0.095547, -0.000349157, -146.65, -1.47427, 1.55192, -3.0262, -0.000247051
57.6268, 0.0962496, -0.000995342, -146.622, -1.47428, 1.55193, -3.02621, -0.000247069
57.63, 0.0971777, -0.000781477, -146.593, -1.47429, 1.55193, -3.02622, -0.000247087
57.6333, 0.0975293, 0.000108908, -146.565, -1.4743, 1.55193, -3.02623, -0.000247105
57.6366, 0.0969967, 0.000913498, -146.536, -1.47431, 1.55193, -3.02624, -0.000247123
57.6399, 0.0960286, 0.000944042, -146.507, -1.47432, 1.55193, -3.02625, -0.000247141
57.6432, 0.0954459, 0.000174824, -146.479, -1.47433, 1.55194, -3.02626, -0.000247159
57.6464, 0.0957393, -0.000736176, -146.45, -1.47433, 1.55194, -3.02627, -0.000247177
57.6497, 0.0966503, -0.0010104, -146.422, -1.47434, 1.55194, -3.02628, -0.000247195
57.653, 0.0973932, -0.000413928, -146.393, -1.47435, 1.55194, -3.02629, -0.000247213
57.6563, 0.0973264, 0.000543449, -146.364, -1.47436, 1.55195, -3.02631, -0.000247231
57.6597, 0.0964609, 0.0010463, -146.335, -1.47437, 1.55195, -3.02632, -0.00024725
57.6631, 0.0955653, 0.000599186, -146.305, -1.47438, 1.55195, -3.02633, -0.000247269
57.6665, 0.0954512, -0.000388195, -146.275, -1.47439, 1.55195, -3.02634, -0.000247288
57.6699, 0.0962146, -0.0010122, -146.246, -1.47439, 1.55196, -3.02635, -0.000247307
57.6733, 0.0971488, -0.000702306, -146.216, -1.4744, 1.55196, -3.02636, -0.000247325
57.6767, 0.0973916, 0.000257697, -146.186, -1.47441, 1.55196, -3.02637, -0.000247344
57.6801, 0.0967134, 0.000990147, -146.157, -1.47442, 1.55196, -3.02638, -0.000247363
57.6835, 0.0957262, 0.000826026, -146.127, -1.47443, 1.55196, -3.02639, -0.000247382
57.687, 0.0953236, -8.43331e-05, -146.097, -1.47444, 1.55197, -3.02641, -0.000247401
57.6904, 0.0958648, -0.000909511, -146.068, -1.47445, 1.55197, -3.02642, -0.00024742
57.6938, 0.0968474, -0.000896546, -146.038, -1.47446, 1.55197, -3.02643, -0.000247438
57.6972, 0.0973668, -5.76874e-05, -146.008, -1.47447, 1.55197, -3.02644, -0.000247457
57.7006, 0.0969416, 0.000841734, -145.979, -1.47447, 1.55198, -3.02645, -0.000247476
57.704, 0.0959518, 0.000981854, -145.949, -1.47448, 1.55198, -3.02646, -0.000247495
57.7074, 0.0952916, 0.000235383, -145.92, -1.47449, 1.55198, -3.02647, -0.000247514
57.7108, 0.0955541, -0.000717314, -145.89, -1.4745, 1.55198, -3.02648, -0.000247533
57.7142, 0.0964918, -0.00100871, -145.86, -1.47451, 1.55198, -3.02649, -0.000247551
57.7176, 0.097243, -0.000373914, -145.831, -1.47452, 1.55199, -3.02651, -0.00024757
57.721, 0.0971162, 0.00060905, -145.801, -1.47453, 1.55199, -3.02652, -0.000247589
57.7244, 0.0962192, 0.00104603, -145.772, -1.47454, 1.55199, -3.02653, -0.000247608
57.7278, 0.0953599, 0.000540019, -145.742, -1.47454, 1.55199, -3.02654, -0.000247627
57.7313, 0.0953112, -0.00044863, -145.713, -1.47455, 1.552, -3.02655, -0.000247646
57.7347, 0.0961089, -0.00102153, -145.683, -1.47456, 1.552, -3.02656, -0.000247665
57.7381, 0.0970202, -0.000658613, -145.654, -1.47457, 1.552, -3.02657, -0.000247683
57.7415, 0.0972098, 0.000310184, -145.624, -1.47458, 1.552, -3.02658, -0.000247702
57.7449, 0.096498, 0.00100543, -145.594, -1.47459, 1.55201, -3.02659, -0.000247721
57.7483, 0.0955229, 0.000796595, -145.565, -1.4746, 1.55201, -3.02661, -0.00024774
57.7517, 0.0951609, -0.000126489, -145.535, -1.47461, 1.55201, -3.02662, -0.000247759
57.7551, 0.0957318, -0.000926743, -145.506, -1.47462, 1.55201, -3.02663, -0.000247778
57.7585, 0.0967098, -0.000879121, -145.476, -1.47462, 1.55201, -3.02664, -0.000247797
57.7619, 0.0972009, -2.71858e-05, -145.447, -1.47463, 1.55202, -3.02665, -0.000247815
57.7653, 0.0967528, 0.000857292, -145.417, -1.47464, 1.55202, -3.02666, -0.000247834
57.7687, 0.0957634, 0.000973771, -145.388, -1.47465, 1.55202, -3.02667, -0.000247853
57.7722, 0.0951204, 0.00021726, -145.358, -1.47466, 1.55202, -3.02668, -0.000247872
57.7756, 0.095397, -0.000727598, -145.329, -1.47467, 1.55203, -3.02669, -0.000247891
57.779, 0.0963348, -0.00100648, -145.299, -1.47468, 1.55203, -3.02671, -0.00024791
57.7824, 0.097078, -0.000367695, -145.27, -1.47469, 1.55203, -3.02672, -0.000247929
57.7858, 0.0969473, 0.000611217, -145.241, -1.47469, 1.55203, -3.02673, -0.000247947
57.7892, 0.0960532, 0.00104606, -145.211, -1.4747, 1.55204, -3.02674, -0.000247966
57.7926, 0.0951953, 0.000544573, -145.182, -1.47471, 1.55204, -3.02675, -0.000247985
57.796, 0.0951398, -0.000440231, -145.152, -1.47472, 1.55204, -3.02676, -0.000248004
57.7994, 0.0959284, -0.00101975, -145.123, -1.47473, 1.55204, -3.02677, -0.000248023
57.8028, 0.0968416, -0.000671634, -145.093, -1.47474, 1.55204, -3.02678, -0.000248042
57.8062, 0.0970483, 0.000289864, -145.064, -1.47475, 1.55205, -3.02679, -0.000248061
57.8096, 0.0963546, 0.000998076, -145.035, -1.47476, 1.55205, -3.02681, -0.00024808
57.813, 0.095378, 0.000815237, -145.005, -1.47476, 1.55205, -3.02682, -0.000248099
57.8165, 0.0949898, -9.357e-05, -144.976, -1.47477, 1.55205, -3.02683, -0.000248117
57.8199, 0.0955314, -0.000910009, -144.946, -1.47478, 1.55206, -3.02684, -0.000248136
57.8233, 0.0965069, -0.000899572, -144.917, -1.47479, 1.55206, -3.02685, -0.000248155
57.8267, 0.097031, -7.20684e-05, -144.888, -1.4748, 1.55206, -3.02686, -0.000248174
57.8301, 0.0966247, 0.00082813, -144.858, -1.47481, 1.55206, -3.02687, -0.000248193
57.8335, 0.0956458, 0.000991981, -144.829, -1.47482, 1.55207, -3.02688, -0.000248212
57.8369, 0.094966, 0.000272666, -144.799, -1.47483, 1.55207, -3.02689, -0.000248231
57.8403, 0.0951878, -0.000683393, -144.77, -1.47484, 1.55207, -3.02691, -0.00024825
57.8437, 0.0961037, -0.00101782, -144.741, -1.47484, 1.55207, -3.02692, -0.000248269
57.8471, 0.0968835, -0.000430841, -144.711, -1.47485, 1.55207, -3.02693, -0.000248288
57.8505, 0.0968199, 0.000550545, -144.682, -1.47486, 1.55208, -3.02694, -0.000248307
57.8539, 0.0959625, 0.00104613, -144.653, -1.47487, 1.55208, -3.02695, -0.000248325
57.8574, 0.0950723, 0.000611951, -144.623, -1.47488, 1.55208, -3.02696, -0.000248344
57.8608, 0.0949391, -0.000362483, -144.594, -1.47489, 1.55208, -3.02697, -0.000248363
57.8642, 0.0956739, -0.0010041, -144.565, -1.4749, 1.55209, -3.02698, -0.000248382
57.8676, 0.0966105, -0.000738595, -144.536, -1.47491, 1.55209, -3.02699, -0.000248401
57.871, 0.0969026, 0.000195933, -144.506, -1.47491, 1.55209, -3.02701, -0.00024842
57.8744, 0.0962813, 0.000963031, -144.477, -1.47492, 1.55209, -3.02702, -0.000248439
57.8778, 0.0952949, 0.000876729, -144.448, -1.47493, 1.5521, -3.02703, -0.000248458
57.8812, 0.0948175, 1.46259e-05, -144.418, -1.47494, 1.5521, -3.02704, -0.000248477
57.8846, 0.0952677, -0.000852426, -144.389, -1.47495, 1.5521, -3.02705, -0.000248496
57.888, 0.0962348, -0.000949839, -144.36, -1.47496, 1.5521, -3.02706, -0.000248515
57.8914, 0.0968472, -0.000191017, -144.331, -1.47497, 1.5521, -3.02707, -0.000248534
57.8948, 0.0965504, 0.000746207, -144.301, -1.47498, 1.55211, -3.02708, -0.000248553
57.8982, 0.095602, 0.00102541, -144.272, -1.47499, 1.55211, -3.02709, -0.000248572
57.9017, 0.0948403, 0.000397871, -144.243, -1.47499, 1.55211, -3.02711, -0.00024859
57.9051, 0.0949367, -0.00057636, -144.214, -1.475, 1.55211, -3.02712, -0.000248609
57.9085, 0.0957969, -0.00102872, -144.184, -1.47501, 1.55212, -3.02713, -0.000248628
57.9119, 0.0966462, -0.000556411, -144.155, -1.47502, 1.55212, -3.02714, -0.000248647
57.9153, 0.0967203, 0.000419404, -144.126, -1.47503, 1.55212, -3.02715, -0.000248666
57.9187, 0.0959458, 0.00102964, -144.097, -1.47504, 1.55212, -3.02716, -0.000248685
57.9221, 0.0950046, 0.000731362, -144.068, -1.47505, 1.55213, -3.02717, -0.000248704
57.9255, 0.0947263, -0.000209581, -144.038, -1.47506, 1.55213, -3.02718, -0.000248723
57.9289, 0.0953503, -0.000956013, -144.009, -1.47506, 1.55213, -3.02719, -0.000248742
57.9323, 0.0963135, -0.000844429, -143.98, -1.47507, 1.55213, -3.02721, -0.000248761
57.9357, 0.0967519, 2.55607e-05, -143.951, -1.47508, 1.55213, -3.02722, -0.00024878
57.9391, 0.0962685, 0.000880691, -143.922, -1.47509, 1.55214, -3.02723, -0.000248799
57.9426, 0.0952852, 0.000961583, -143.892, -1.4751, 1.55214, -3.02724, -0.000248818
57.946, 0.0946674, 0.000196832, -143.863, -1.47511, 1.55214, -3.02725, -0.000248837
57.9494, 0.0949553, -0.000734497, -143.834, -1.47512, 1.55214, -3.02726, -0.000248856
57.9528, 0.0958852, -0.00100619, -143.805, -1.47513, 1.55215, -3.02727, -0.000248875
57.9562, 0.0966244, -0.000377666, -143.776, -1.47513, 1.55215, -3.02728, -0.000248894
57.9596, 0.0965101, 0.000593486, -143.747, -1.47514, 1.55215, -3.02729, -0.000248913
57.963, 0.095636, 0.0010466, -143.718, -1.47515, 1.55215, -3.02731, -0.000248932
57.9664, 0.0947691, 0.000580615, -143.688, -1.47516, 1.55215, -3.02732, -0.000248951
57.9698, 0.094669, -0.000391408, -143.659, -1.47517, 1.55216, -3.02733, -0.00024897
57.9732, 0.0954162, -0.0010089, -143.63, -1.47518, 1.55216, -3.02734, -0.000248989
57.9766, 0.0963413, -0.000725737, -143.601, -1.47519, 1.55216, -3.02735, -0.000249008
57.98, 0.0966183, 0.00020719, -143.572, -1.4752, 1.55216, -3.02736, -0.000249027
57.9834, 0.0959949, 0.000964766, -143.543, -1.47521, 1.55217, -3.02737, -0.000249046
57.9869, 0.0950147, 0.000877581, -143.514, -1.47521, 1.55217, -3.02738, -0.000249065
57.9903, 0.0945359, 2.30995e-05, -143.485, -1.47522, 1.55217, -3.02739, -0.000249084
57.9937, 0.0949735, -0.000843698, -143.456, -1.47523, 1.55217, -3.02741, -0.000249103
57.9971, 0.0959328, -0.000957636, -143.427, -1.47524, 1.55218, -3.02742, -0.000249122
58.0005, 0.0965593, -0.000218564, -143.398, -1.47525, 1.55218, -3.02743, -0.000249141
58.0039, 0.0962927, 0.00072114, -143.369, -1.47526, 1.55218, -3.02744, -0.00024916
58.0073, 0.0953609, 0.00103278, -143.339, -1.47527, 1.55218, -3.02745, -0.000249179
58.0107, 0.0945777, 0.000441985, -143.31, -1.47528, 1.55218, -3.02746, -0.000249198
58.0141, 0.0946254, -0.000530206, -143.281, -1.47528, 1.55219, -3.02747, -0.000249217
58.0175, 0.0954538, -0.00102731, -143.252, -1.47529, 1.55219, -3.02748, -0.000249236
58.0209, 0.0963253, -0.000611901, -143.223, -1.4753, 1.55219, -3.02749, -0.000249255
58.0243, 0.0964652, 0.000349935, -143.194, -1.47531, 1.55219, -3.0275, -0.000249274
58.0278, 0.095743, 0.0010117, -143.165, -1.47532, 1.5522, -3.02752, -0.000249293
58.0312, 0.0947865, 0.000791544, -143.136, -1.47533, 1.5522, -3.02753, -0.000249312
58.0346, 0.0944291, -0.000116511, -143.107, -1.47534, 1.5522, -3.02754, -0.000249331
58.038, 0.0949767, -0.000914101, -143.078, -1.47535, 1.5522, -3.02755, -0.00024935
58.0414, 0.0959401, -0.000900614, -143.049, -1.47536, 1.55221, -3.02756, -0.000249369
58.0448, 0.0964653, -8.83187e-05, -143.02, -1.47536, 1.55221, -3.02757, -0.000249388
58.0482, 0.0960838, 0.000809313, -142.991, -1.47537, 1.55221, -3.02758, -0.000249407
58.0516, 0.0951231, 0.00100457, -142.962, -1.47538, 1.55221, -3.02759, -0.000249426
58.055, 0.0944184, 0.000326546, -142.934, -1.47539, 1.55221, -3.0276, -0.000249445
58.0584, 0.0945799, -0.000629773, -142.905, -1.4754, 1.55222, -3.02762, -0.000249464
58.0618, 0.0954577, -0.00102601, -142.876, -1.47541, 1.55222, -3.02763, -0.000249483
58.0652, 0.0962747, -0.000515286, -142.847, -1.47542, 1.55222, -3.02764, -0.000249502
58.0686, 0.0963076, 0.000454605, -142.818, -1.47543, 1.55222, -3.02765, -0.000249521
58.0721, 0.0955203, 0.00103425, -142.789, -1.47543, 1.55223, -3.02766, -0.00024954
58.0755, 0.0945946, 0.000716541, -142.76, -1.47544, 1.55223, -3.02767, -0.000249559
58.0789, 0.0943327, -0.000220084, -142.731, -1.47545, 1.55223, -3.02768, -0.000249578
58.0823, 0.0949557, -0.000956171, -142.702, -1.47546, 1.55223, -3.02769, -0.000249597
58.0857, 0.0959107, -0.000848315, -142.673, -1.47547, 1.55224, -3.0277, -0.000249616
58.0891, 0.0963553, 8.78385e-06, -142.644, -1.47548, 1.55224, -3.02772, -0.000249635
58.0925, 0.0958937, 0.000865991, -142.615, -1.47549, 1.55224, -3.02773, -0.000249654
58.0959, 0.0949217, 0.000974753, -142.586, -1.4755, 1.55224, -3.02774, -0.000249673
58.0993, 0.0942804, 0.000240525, -142.558, -1.4755, 1.55224, -3.02775, -0.000249692
58.1027, 0.0945216, -0.000695559, -142.529, -1.47551, 1.55225, -3.02776, -0.000249712
58.1061, 0.0954266, -0.00101687, -142.5, -1.47552, 1.55225, -3.02777, -0.000249731
58.1095, 0.0961984, -0.00044357, -142.471, -1.47553, 1.55225, -3.02778, -0.00024975
58.113, 0.0961566, 0.000524173, -142.442, -1.47554, 1.55225, -3.02779, -0.000249769
58.1164, 0.0953304, 0.00104296, -142.413, -1.47555, 1.55226, -3.0278, -0.000249788
58.1198, 0.0944321, 0.000661184, -142.384, -1.47556, 1.55226, -3.02782, -0.000249807
58.1232, 0.0942363, -0.000288286, -142.356, -1.47557, 1.55226, -3.02783, -0.000249826
58.1266, 0.0949052, -0.000978807, -142.327, -1.47558, 1.55226, -3.02784, -0.000249845
58.13, 0.0958488, -0.000809763, -142.298, -1.47558, 1.55227, -3.02785, -0.000249864
58.1334, 0.0962387, 7.13788e-05, -142.269, -1.47559, 1.55227, -3.02786, -0.000249883
58.1368, 0.0957286, 0.000898226, -142.24, -1.4756, 1.55227, -3.02787, -0.000249902
58.1402, 0.0947545, 0.000952263, -142.212, -1.47561, 1.55227, -3.02788, -0.000249921
58.1436, 0.0941553, 0.000186958, -142.183, -1.47562, 1.55227, -3.02789, -0.00024994
58.147, 0.0944434, -0.000732681, -142.154, -1.47563, 1.55228, -3.0279, -0.000249959
58.1504, 0.0953607, -0.00100828, -142.125, -1.47564, 1.55228, -3.02792, -0.000249978
58.1538, 0.0961031, -0.00040104, -142.096, -1.47565, 1.55228, -3.02793, -0.000249998
58.1573, 0.0960193, 0.000561856, -142.068, -1.47565, 1.55228, -3.02794, -0.000250017
58.1607, 0.0951746, 0.00104532, -142.039, -1.47566, 1.55229, -3.02795, -0.000250036
58.1641, 0.094294, 0.000630558, -142.01, -1.47567, 1.55229, -3.02796, -0.000250055
58.1675, 0.0941328, -0.000322583, -141.981, -1.47568, 1.55229, -3.02797, -0.000250074
58.1709, 0.0948227, -0.000988299, -141.953, -1.47569, 1.55229, -3.02798, -0.000250093
58.1743, 0.0957582, -0.000790377, -141.924, -1.4757, 1.55229, -3.02799, -0.000250112
58.1777, 0.096122, 9.94306e-05, -141.895, -1.47571, 1.5523, -3.028, -0.000250131
58.1811, 0.095592, 0.000910956, -141.866, -1.47572, 1.5523, -3.02802, -0.00025015
58.1845, 0.0946194, 0.000942426, -141.838, -1.47572, 1.5523, -3.02803, -0.000250169
58.1879, 0.0940377, 0.000167052, -141.809, -1.47573, 1.5523, -3.02804, -0.000250189
58.1913, 0.0943417, -0.000744683, -141.78, -1.47574, 1.55231, -3.02805, -0.000250208
58.1947, 0.0952607, -0.00100511, -141.752, -1.47575, 1.55231, -3.02806, -0.000250227
58.1982, 0.0959933, -0.000389691, -141.723, -1.47576, 1.55231, -3.02807, -0.000250246
58.2016, 0.0958995, 0.00056988, -141.694, -1.47577, 1.55231, -3.02808, -0.000250265
58.205, 0.0950531, 0.00104543, -141.665, -1.47578, 1.55232, -3.02809, -0.000250284
58.2084, 0.094177, 0.000627038, -141.637, -1.47579, 1.55232, -3.0281, -0.000250303
58.2118, 0.094019, -0.000324073, -141.608, -1.4758, 1.55232, -3.02812, -0.000250322
58.2152, 0.0947073, -0.000987845, -141.579, -1.4758, 1.55232, -3.02813, -0.000250341
58.2186, 0.0956408, -0.000792533, -141.551, -1.47581, 1.55232, -3.02814, -0.000250361
58.222, 0.0960079, 9.31902e-05, -141.522, -1.47582, 1.55233, -3.02815, -0.00025038
58.2254, 0.0954852, 0.000906401, -141.493, -1.47583, 1.55233, -3.02816, -0.000250399
58.2288, 0.0945154, 0.000947274, -141.465, -1.47584, 1.55233, -3.02817, -0.000250418
58.2322, 0.0939256, 0.000181061, -141.436, -1.47585, 1.55233, -3.02818, -0.000250437
58.2356, 0.0942151, -0.000732879, -141.408, -1.47586, 1.55234, -3.02819, -0.000250456
58.239, 0.0951271, -0.00100879, -141.379, -1.47587, 1.55234, -3.0282, -0.000250475
58.2425, 0.0958699, -0.000409914, -141.35, -1.47587, 1.55234, -3.02822, -0.000250494
58.2459, 0.095798, 0.00054884, -141.322, -1.47588, 1.55234, -3.02823, -0.000250514
58.2494, 0.0949303, 0.00104554, -141.292, -1.47589, 1.55235, -3.02824, -0.000250533
58.2529, 0.0940383, 0.000593675, -141.262, -1.4759, 1.55235, -3.02825, -0.000250553
58.2565, 0.0939298, -0.000392869, -141.233, -1.47591, 1.55235, -3.02826, -0.000250573
58.26, 0.0946952, -0.00101164, -141.203, -1.47592, 1.55235, -3.02827, -0.000250593
58.2635, 0.0956261, -0.000697191, -141.174, -1.47593, 1.55235, -3.02828, -0.000250613
58.267, 0.0958633, 0.000262657, -141.144, -1.47594, 1.55236, -3.0283, -0.000250633
58.2706, 0.0951823, 0.00099082, -141.115, -1.47595, 1.55236, -3.02831, -0.000250652
58.2741, 0.094197, 0.000822551, -141.085, -1.47596, 1.55236, -3.02832, -0.000250672
58.2776, 0.0937986, -8.80964e-05, -141.055, -1.47597, 1.55236, -3.02833, -0.000250692
58.2812, 0.0943419, -0.000909884, -141.026, -1.47597, 1.55237, -3.02834, -0.000250712
58.2847, 0.0953226, -0.000893368, -140.996, -1.47598, 1.55237, -3.02835, -0.000250732
58.2882, 0.0958382, -5.40406e-05, -140.967, -1.47599, 1.55237, -3.02836, -0.000250752
58.2917, 0.0954106, 0.000842773, -140.937, -1.476, 1.55237, -3.02838, -0.000250771
58.2953, 0.0944216, 0.000980076, -140.908, -1.47601, 1.55238, -3.02839, -0.000250791
58.2988, 0.0937638, 0.000233234, -140.878, -1.47602, 1.55238, -3.0284, -0.000250811
58.3023, 0.0940274, -0.000717459, -140.849, -1.47603, 1.55238, -3.02841, -0.000250831
58.3059, 0.0949639, -0.00100684, -140.819, -1.47604, 1.55238, -3.02842, -0.000250851
58.3094, 0.0957127, -0.000372048, -140.79, -1.47605, 1.55239, -3.02843, -0.000250871
58.3129, 0.0955849, 0.000609277, -140.76, -1.47606, 1.55239, -3.02844, -0.00025089
58.3164, 0.0946888, 0.00104506, -140.731, -1.47607, 1.55239, -3.02846, -0.00025091
58.32, 0.0938306, 0.000539664, -140.701, -1.47608, 1.55239, -3.02847, -0.00025093
58.3235, 0.0937814, -0.000447423, -140.672, -1.47608, 1.5524, -3.02848, -0.00025095
58.327, 0.0945772, -0.00101985, -140.642, -1.47609, 1.5524, -3.02849, -0.00025097
58.3306, 0.0954871, -0.000658379, -140.613, -1.4761, 1.5524, -3.0285, -0.00025099
58.3341, 0.0956773, 0.000308611, -140.583, -1.47611, 1.5524, -3.02851, -0.00025101
58.3376, 0.0949676, 0.00100396, -140.554, -1.47612, 1.5524, -3.02853, -0.000251029
58.3411, 0.0939933, 0.000797532, -140.524, -1.47613, 1.55241, -3.02854, -0.000251049
58.3447, 0.0936292, -0.000123158, -140.495, -1.47614, 1.55241, -3.02855, -0.000251069
58.3482, 0.0941965, -0.000923841, -140.465, -1.47615, 1.55241, -3.02856, -0.000251089
58.3517, 0.0951727, -0.000879657, -140.436, -1.47616, 1.55241, -3.02857, -0.000251109
58.3553, 0.095666, -3.10375e-05, -140.407, -1.47617, 1.55242, -3.02858, -0.000251129
58.3588, 0.095222, 0.000853866, -140.377, -1.47618, 1.55242, -3.02859, -0.000251149
58.3623, 0.0942346, 0.00097479, -140.348, -1.47618, 1.55242, -3.02861, -0.000251169
58.3658, 0.0935883, 0.000222825, -140.318, -1.47619, 1.55242, -3.02862, -0.000251188
58.3694, 0.0938588, -0.000722063, -140.289, -1.4762, 1.55243, -3.02863, -0.000251208
58.3729, 0.094793, -0.00100627, -140.26, -1.47621, 1.55243, -3.02864, -0.000251228
58.3764, 0.0955388, -0.000373511, -140.23, -1.47622, 1.55243, -3.02865, -0.000251248
58.38, 0.0954149, 0.000604598, -140.201, -1.47623, 1.55243, -3.02866, -0.000251268
58.3835, 0.0945253, 0.00104539, -140.171, -1.47624, 1.55244, -3.02867, -0.000251288
58.387, 0.0936646, 0.000551595, -140.142, -1.47625, 1.55244, -3.02869, -0.000251308
58.3905, 0.0936004, -0.000431105, -140.113, -1.47626, 1.55244, -3.0287, -0.000251328
58.3941, 0.094382, -0.00101684, -140.083, -1.47627, 1.55244, -3.02871, -0.000251348
58.3976, 0.0952966, -0.000678152, -140.054, -1.47628, 1.55244, -3.02872, -0.000251368
58.4011, 0.0955123, 0.000279476, -140.025, -1.47628, 1.55245, -3.02873, -0.000251387
58.4047, 0.0948271, 0.000993699, -139.995, -1.47629, 1.55245, -3.02874, -0.000251407
58.4082, 0.0938498, 0.000821976, -139.966, -1.4763, 1.55245, -3.02876, -0.000251427
58.4117, 0.0934515, -8.076e-05, -139.937, -1.47631, 1.55245, -3.02877, -0.000251447
58.4152, 0.0939817, -0.00090245, -139.907, -1.47632, 1.55246, -3.02878, -0.000251467
58.4188, 0.0949553, -0.000904618, -139.878, -1.47633, 1.55246, -3.02879, -0.000251487
58.4223, 0.0954891, -8.57488e-05, -139.849, -1.47634, 1.55246, -3.0288, -0.000251507
58.4258, 0.0950958, 0.000818308, -139.82, -1.47635, 1.55246, -3.02881, -0.000251527
58.4294, 0.0941207, 0.000995902, -139.79, -1.47636, 1.55247, -3.02882, -0.000251547
58.4329, 0.0934311, 0.000288048, -139.761, -1.47637, 1.55247, -3.02884, -0.000251567
58.4364, 0.0936371, -0.000669801, -139.732, -1.47638, 1.55247, -3.02885, -0.000251587
58.4399, 0.0945455, -0.00101861, -139.702, -1.47639, 1.55247, -3.02886, -0.000251606
58.4435, 0.0953334, -0.000446033, -139.673, -1.47639, 1.55248, -3.02887, -0.000251626
58.447, 0.0952867, 0.000534395, -139.644, -1.4764, 1.55248, -3.02888, -0.000251646
58.4505, 0.0944396, 0.00104433, -139.615, -1.47641, 1.55248, -3.02889, -0.000251666
58.4541, 0.0935427, 0.000627459, -139.585, -1.47642, 1.55248, -3.0289, -0.000251686
58.4576, 0.0933906, -0.000342623, -139.556, -1.47643, 1.55249, -3.02892, -0.000251706
58.4611, 0.0941109, -0.000997758, -139.527, -1.47644, 1.55249, -3.02893, -0.000251726
58.4647, 0.0950507, -0.000752229, -139.498, -1.47645, 1.55249, -3.02894, -0.000251746
58.4682, 0.0953617, 0.000173993, -139.469, -1.47646, 1.55249, -3.02895, -0.000251766
58.4717, 0.0947581, 0.000952876, -139.439, -1.47647, 1.55249, -3.02896, -0.000251786
58.4752, 0.0937715, 0.000888759, -139.41, -1.47648, 1.5525, -3.02897, -0.000251806
58.4788, 0.0932748, 3.9344e-05, -139.381, -1.47649, 1.5525, -3.02898, -0.000251826
58.4823, 0.093703, -0.000836787, -139.352, -1.47649, 1.5525, -3.029, -0.000251846
58.4858, 0.0946654, -0.000957914, -139.323, -1.4765, 1.5525, -3.02901, -0.000251866
58.4894, 0.0952952, -0.000216407, -139.293, -1.47651, 1.55251, -3.02902, -0.000251886
58.4929, 0.095023, 0.000726193, -139.264, -1.47652, 1.55251, -3.02903, -0.000251906
58.4964, 0.0940838, 0.00102974, -139.235, -1.47653, 1.55251, -3.02904, -0.000251926
58.4999, 0.0933064, 0.000424166, -139.206, -1.47654, 1.55251, -3.02905, -0.000251946
58.5035, 0.093375, -0.000550775, -139.177, -1.47655, 1.55252, -3.02907, -0.000251966
58.507, 0.0942199, -0.00102703, -139.148, -1.47656, 1.55252, -3.02908, -0.000251985
58.5105, 0.0950808, -0.000581075, -139.119, -1.47657, 1.55252, -3.02909, -0.000252005
58.5141, 0.0951838, 0.000389923, -139.089, -1.47658, 1.55252, -3.0291, -0.000252025
58.5176, 0.0944296, 0.00102234, -139.06, -1.47659, 1.55253, -3.02911, -0.000252045
58.5211, 0.0934809, 0.000754271, -139.031, -1.47659, 1.55253, -3.02912, -0.000252065
58.5246, 0.0931726, -0.000175633, -139.002, -1.4766, 1.55253, -3.02913, -0.000252085
58.5282, 0.09377, -0.00094116, -138.973, -1.47661, 1.55253, -3.02915, -0.000252105
58.5317, 0.0947342, -0.000862788, -138.944, -1.47662, 1.55253, -3.02916, -0.000252125
58.5352, 0.0952013, -1.05181e-05, -138.915, -1.47663, 1.55254, -3.02917, -0.000252145
58.5388, 0.0947491, 0.000859203, -138.886, -1.47664, 1.55254, -3.02918, -0.000252165
58.5423, 0.093771, 0.000975151, -138.857, -1.47665, 1.55254, -3.02919, -0.000252185
58.5458, 0.0931262, 0.000234957, -138.828, -1.47666, 1.55254, -3.0292, -0.000252205
58.5493, 0.0933777, -0.000705062, -138.798, -1.47667, 1.55255, -3.02921, -0.000252225
58.5529, 0.0942943, -0.00101221, -138.769, -1.47668, 1.55255, -3.02923, -0.000252245
58.5564, 0.0950559, -0.000414883, -138.74, -1.47669, 1.55255, -3.02924, -0.000252265
58.5599, 0.0949806, 0.000557777, -138.711, -1.4767, 1.55255, -3.02925, -0.000252285
58.5635, 0.0941273, 0.00104507, -138.682, -1.4767, 1.55256, -3.02926, -0.000252305
58.567, 0.093243, 0.000616316, -138.653, -1.47671, 1.55256, -3.02927, -0.000252325
58.5705, 0.0931014, -0.000348962, -138.624, -1.47672, 1.55256, -3.02928, -0.000252345
58.574, 0.0938192, -0.000997489, -138.595, -1.47673, 1.55256, -3.02929, -0.000252365
58.5776, 0.0947537, -0.000756572, -138.566, -1.47674, 1.55257, -3.02931, -0.000252385
58.5811, 0.0950717, 0.000160584, -138.537, -1.47675, 1.55257, -3.02932, -0.000252405
58.5846, 0.0944848, 0.000944091, -138.508, -1.47676, 1.55257, -3.02933, -0.000252425
58.5882, 0.0935032, 0.000902728, -138.479, -1.47677, 1.55257, -3.02934, -0.000252445
58.5917, 0.0929849, 7.34235e-05, -138.45, -1.47678, 1.55258, -3.02935, -0.000252465
58.5952, 0.0933785, -0.000812257, -138.421, -1.47679, 1.55258, -3.02936, -0.000252485
58.5987, 0.0943286, -0.000973743, -138.392, -1.4768, 1.55258, -3.02938, -0.000252505
58.6023, 0.0949899, -0.000269163, -138.363, -1.4768, 1.55258, -3.02939, -0.000252525
58.6058, 0.0947722, 0.000680556, -138.334, -1.47681, 1.55258, -3.0294, -0.000252545
58.6093, 0.0938595, 0.00103928, -138.305, -1.47682, 1.55259, -3.02941, -0.000252565
58.6129, 0.0930473, 0.000491671, -138.276, -1.47683, 1.55259, -3.02942, -0.000252585
58.6164, 0.093042, -0.000480099, -138.248, -1.47684, 1.55259, -3.02943, -0.000252605
58.6199, 0.0938397, -0.00102137, -138.219, -1.47685, 1.55259, -3.02944, -0.000252625
58.6234, 0.0947309, -0.00065665, -138.19, -1.47686, 1.5526, -3.02946, -0.000252645
58.627, 0.0949246, 0.000293144, -138.161, -1.47687, 1.5526, -3.02947, -0.000252666
58.6305, 0.0942429, 0.000993553, -138.132, -1.47688, 1.5526, -3.02948, -0.000252686
58.634, 0.0932769, 0.000829826, -138.103, -1.47689, 1.5526, -3.02949, -0.000252706
58.6376, 0.0928664, -5.38851e-05, -138.074, -1.4769, 1.55261, -3.0295, -0.000252726
58.6411, 0.0933632, -0.00088198, -138.045, -1.4769, 1.55261, -3.02951, -0.000252746
58.6446, 0.0943232, -0.000928348, -138.016, -1.47691, 1.55261, -3.02952, -0.000252766
58.6481, 0.0948967, -0.000152767, -137.987, -1.47692, 1.55261, -3.02954, -0.000252786
58.6517, 0.0945733, 0.000764749, -137.958, -1.47693, 1.55262, -3.02955, -0.000252806
58.6552, 0.0936289, 0.0010205, -137.93, -1.47694, 1.55262, -3.02956, -0.000252826
58.6587, 0.0928827, 0.000390937, -137.901, -1.47695, 1.55262, -3.02957, -0.000252846
58.6623, 0.0929795, -0.000572475, -137.872, -1.47696, 1.55262, -3.02958, -0.000252866
58.6658, 0.0938264, -0.00102671, -137.843, -1.47697, 1.55262, -3.02959, -0.000252886
58.6693, 0.0946743, -0.000574797, -137.814, -1.47698, 1.55263, -3.0296, -0.000252906
58.6728, 0.094774, 0.000387709, -137.785, -1.47699, 1.55263, -3.02962, -0.000252926
58.6764, 0.0940308, 0.00101946, -137.757, -1.477, 1.55263, -3.02963, -0.000252946
58.6799, 0.0930865, 0.000768796, -137.728, -1.47701, 1.55263, -3.02964, -0.000252966
58.6834, 0.0927576, -0.000144924, -137.699, -1.47701, 1.55264, -3.02965, -0.000252986
58.687, 0.093323, -0.000923816, -137.67, -1.47702, 1.55264, -3.02966, -0.000253006
58.6905, 0.0942809, -0.000888372, -137.641, -1.47703, 1.55264, -3.02967, -0.000253026
58.694, 0.0947877, -6.99473e-05, -137.612, -1.47704, 1.55264, -3.02969, -0.000253047
58.6976, 0.0943939, 0.000817511, -137.584, -1.47705, 1.55265, -3.0297, -0.000253067
58.7011, 0.0934352, 0.00100056, -137.555, -1.47706, 1.55265, -3.02971, -0.000253087
58.7046, 0.0927392, 0.000320124, -137.526, -1.47707, 1.55265, -3.02972, -0.000253107
58.7081, 0.0929038, -0.000630792, -137.497, -1.47708, 1.55265, -3.02973, -0.000253127
58.7117, 0.0937775, -0.00102429, -137.469, -1.47709, 1.55266, -3.02974, -0.000253147
58.7152, 0.0945915, -0.000518267, -137.44, -1.4771, 1.55266, -3.02975, -0.000253167
58.7187, 0.0946301, 0.000446637, -137.411, -1.47711, 1.55266, -3.02977, -0.000253187
58.7223, 0.0938521, 0.00103122, -137.382, -1.47711, 1.55266, -3.02978, -0.000253207
58.7258, 0.0929262, 0.000727612, -137.354, -1.47712, 1.55266, -3.02979, -0.000253227
58.7293, 0.0926491, -0.000199926, -137.325, -1.47713, 1.55267, -3.0298, -0.000253247
58.7328, 0.0932531, -0.000945517, -137.296, -1.47714, 1.55267, -3.02981, -0.000253267
58.7364, 0.0942054, -0.000861988, -137.267, -1.47715, 1.55267, -3.02982, -0.000253288
58.7399, 0.0946716, -2.22774e-05, -137.239, -1.47716, 1.55267, -3.02983, -0.000253308
58.7434, 0.0942396, 0.000844786, -137.21, -1.47717, 1.55268, -3.02985, -0.000253328
58.747, 0.0932766, 0.000987336, -137.181, -1.47718, 1.55268, -3.02986, -0.000253348
58.7505, 0.0926097, 0.000282211, -137.153, -1.47719, 1.55268, -3.02987, -0.000253368
58.754, 0.0928087, -0.000659161, -137.124, -1.4772, 1.55268, -3.02988, -0.000253388
58.7575, 0.0936929, -0.00102131, -137.095, -1.47721, 1.55269, -3.02989, -0.000253408
58.7611, 0.0944884, -0.000491002, -137.067, -1.47721, 1.55269, -3.0299, -0.000253428
58.7646, 0.094499, 0.000472312, -137.038, -1.47722, 1.55269, -3.02991, -0.000253448
58.7681, 0.093708, 0.00103502, -137.009, -1.47723, 1.55269, -3.02993, -0.000253469
58.7717, 0.092792, 0.000710714, -136.981, -1.47724, 1.5527, -3.02994, -0.000253489
58.7752, 0.0925351, -0.000219762, -136.952, -1.47725, 1.5527, -3.02995, -0.000253509
58.7787, 0.0931509, -0.000952036, -136.923, -1.47726, 1.5527, -3.02996, -0.000253529
58.7822, 0.0940993, -0.000853686, -136.895, -1.47727, 1.5527, -3.02997, -0.000253549
58.7858, 0.0945532, -1.00884e-05, -136.866, -1.47728, 1.55271, -3.02998, -0.000253569
58.7893, 0.0941134, 0.000850223, -136.837, -1.47729, 1.55271, -3.03, -0.000253589
58.7928, 0.0931518, 0.000984977, -136.809, -1.4773, 1.55271, -3.03001, -0.000253609
58.7964, 0.0924903, 0.000278355, -136.78, -1.47731, 1.55271, -3.03002, -0.00025363
58.7999, 0.0926911, -0.000659984, -136.752, -1.47732, 1.55271, -3.03003, -0.00025365
58.8034, 0.0935729, -0.00102126, -136.723, -1.47732, 1.55272, -3.03004, -0.00025367
58.8069, 0.0943677, -0.000494572, -136.694, -1.47733, 1.55272, -3.03005, -0.00025369
58.8105, 0.0943834, 0.000466054, -136.666, -1.47734, 1.55272, -3.03006, -0.00025371
58.814, 0.093599, 0.00103348, -136.637, -1.47735, 1.55272, -3.03008, -0.00025373
58.8175, 0.0926821, 0.000719683, -136.609, -1.47736, 1.55273, -3.03009, -0.00025375
58.8211, 0.0924135, -0.00020495, -136.58, -1.47737, 1.55273, -3.0301, -0.000253771
58.8246, 0.093016, -0.000945084, -136.551, -1.47738, 1.55273, -3.03011, -0.000253791
58.8281, 0.0939635, -0.000864702, -136.523, -1.47739, 1.55273, -3.03012, -0.000253811
58.8316, 0.0944339, -3.33146e-05, -136.494, -1.4774, 1.55274, -3.03013, -0.000253831
58.8352, 0.0940157, 0.000834671, -136.466, -1.47741, 1.55274, -3.03014, -0.000253851
58.8387, 0.0930605, 0.0009941, -136.437, -1.47742, 1.55274, -3.03016, -0.000253871
58.8422, 0.0923806, 0.000308553, -136.409, -1.47742, 1.55274, -3.03017, -0.000253891
58.8458, 0.0925511, -0.000633434, -136.38, -1.47743, 1.55275, -3.03018, -0.000253912
58.8493, 0.0934176, -0.00102399, -136.352, -1.47744, 1.55275, -3.03019, -0.000253932
58.8528, 0.0942292, -0.000528658, -136.323, -1.47745, 1.55275, -3.0302, -0.000253952
58.8563, 0.0942827, 0.000427669, -136.295, -1.47746, 1.55275, -3.03021, -0.000253972
58.8599, 0.0935249, 0.00102566, -136.266, -1.47747, 1.55275, -3.03022, -0.000253992
58.8634, 0.0925972, 0.00075355, -136.238, -1.47748, 1.55276, -3.03024, -0.000254012
58.8669, 0.0922859, -0.000155306, -136.209, -1.47749, 1.55276, -3.03025, -0.000254033
58.8705, 0.0928491, -0.000923036, -136.181, -1.4775, 1.55276, -3.03026, -0.000254053
58.874, 0.0937969, -0.000893184, -136.152, -1.47751, 1.55276, -3.03027, -0.000254073
58.8775, 0.0943111, -9.17102e-05, -136.124, -1.47752, 1.55277, -3.03028, -0.000254093
58.881, 0.0939448, 0.000796102, -136.095, -1.47752, 1.55277, -3.03029, -0.000254113
58.8846, 0.0930035, 0.00101187, -136.067, -1.47753, 1.55277, -3.03031, -0.000254134
58.8881, 0.0922836, 0.000371727, -136.038, -1.47754, 1.55277, -3.03032, -0.000254154
58.8916, 0.0923915, -0.000577472, -136.01, -1.47755, 1.55278, -3.03033, -0.000254174
58.8952, 0.093227, -0.00102572, -135.982, -1.47756, 1.55278, -3.03034, -0.000254194
58.8987, 0.0940693, -0.00059101, -135.953, -1.47757, 1.55278, -3.03035, -0.000254214
58.9022, 0.0941926, 0.000355574, -135.925, -1.47758, 1.55278, -3.03036, -0.000254234
58.9057, 0.0934844, 0.00100708, -135.896, -1.47759, 1.55279, -3.03037, -0.000254255
58.9093, 0.0925407, 0.000808676, -135.868, -1.4776, 1.55279, -3.03039, -0.000254275
58.9128, 0.0921575, -7.02131e-05, -135.839, -1.47761, 1.55279, -3.0304, -0.000254295
58.9163, 0.0926529, -0.000881095, -135.811, -1.47762, 1.55279, -3.03041, -0.000254315
58.9199, 0.0935971, -0.000934046, -135.783, -1.47762, 1.55279, -3.03042, -0.000254335
58.9234, 0.0941791, -0.000184448, -135.754, -1.47763, 1.5528, -3.03043, -0.000254356
58.9269, 0.0938964, 0.00072993, -135.726, -1.47764, 1.5528, -3.03044, -0.000254376
58.9305, 0.0929822, 0.00103188, -135.698, -1.47765, 1.5528, -3.03045, -0.000254396
58.934, 0.0922056, 0.000465217, -135.669, -1.47766, 1.5528, -3.03047, -0.000254416
58.9375, 0.0922184, -0.000488342, -135.641, -1.47767, 1.55281, -3.03048, -0.000254437
58.9412, 0.0930467, -0.00102321, -135.611, -1.47768, 1.55281, -3.03049, -0.000254458
58.9449, 0.0939391, -0.000605718, -135.582, -1.47769, 1.55281, -3.0305, -0.000254479
58.9486, 0.0940642, 0.000378806, -135.552, -1.4777, 1.55281, -3.03051, -0.0002545
58.9523, 0.0932983, 0.00102296, -135.522, -1.47771, 1.55282, -3.03053, -0.000254521
58.956, 0.0923385, 0.000733656, -135.493, -1.47772, 1.55282, -3.03054, -0.000254542
58.9597, 0.0920598, -0.000222251, -135.463, -1.47773, 1.55282, -3.03055, -0.000254563
58.9634, 0.0927095, -0.000964727, -135.433, -1.47774, 1.55282, -3.03056, -0.000254585
58.967, 0.0936807, -0.00081089, -135.404, -1.47775, 1.55283, -3.03057, -0.000254606
58.9707, 0.0940714, 9.73229e-05, -135.374, -1.47776, 1.55283, -3.03059, -0.000254627
58.9744, 0.0935141, 0.000924724, -135.345, -1.47777, 1.55283, -3.0306, -0.000254648
58.9781, 0.0925125, 0.000911158, -135.315, -1.47778, 1.55283, -3.03061, -0.000254669
58.9818, 0.0919781, 6.95408e-05, -135.285, -1.47778, 1.55284, -3.03062, -0.00025469
58.9855, 0.0923923, -0.000827038, -135.256, -1.47779, 1.55284, -3.03063, -0.000254712
58.9892, 0.0933659, -0.000955779, -135.226, -1.4778, 1.55284, -3.03065, -0.000254733
58.9929, 0.0939967, -0.000198999, -135.197, -1.47781, 1.55284, -3.03066, -0.000254754
58.9966, 0.0936977, 0.000748902, -135.167, -1.47782, 1.55285, -3.03067, -0.000254775
59.0003, 0.0927348, 0.00101901, -135.138, -1.47783, 1.55285, -3.03068, -0.000254796
59.004, 0.0919818, 0.000364209, -135.108, -1.47784, 1.55285, -3.03069, -0.000254818
59.0077, 0.0921195, -0.000615297, -135.078, -1.47785, 1.55285, -3.03071, -0.000254839
59.0113, 0.0930126, -0.00102263, -135.049, -1.47786, 1.55286, -3.03072, -0.00025486
59.015, 0.0938347, -0.000485345, -135.019, -1.47787, 1.55286, -3.03073, -0.000254881
59.0187, 0.0938251, 0.000504573, -134.99, -1.47788, 1.55286, -3.03074, -0.000254902
59.0224, 0.0929843, 0.00104173, -134.96, -1.47789, 1.55286, -3.03075, -0.000254924
59.0261, 0.0920725, 0.000635417, -134.931, -1.4779, 1.55287, -3.03077, -0.000254945
59.0298, 0.0919141, -0.000342635, -134.901, -1.47791, 1.55287, -3.03078, -0.000254966
59.0335, 0.0926447, -0.000998891, -134.872, -1.47792, 1.55287, -3.03079, -0.000254987
59.0372, 0.093588, -0.000734424, -134.842, -1.47793, 1.55287, -3.0308, -0.000255008
59.0409, 0.0938746, 0.000208929, -134.813, -1.47794, 1.55288, -3.03081, -0.00025503
59.0446, 0.0932346, 0.000970306, -134.783, -1.47795, 1.55288, -3.03083, -0.000255051
59.0483, 0.0922434, 0.000855582, -134.754, -1.47796, 1.55288, -3.03084, -0.000255072
59.052, 0.091796, -3.02003e-05, -134.725, -1.47797, 1.55288, -3.03085, -0.000255093
59.0556, 0.0922909, -0.000879609, -134.695, -1.47798, 1.55289, -3.03086, -0.000255114
59.0593, 0.0932683, -0.000919102, -134.666, -1.47799, 1.55289, -3.03087, -0.000255136
59.063, 0.0938295, -0.000113166, -134.636, -1.47799, 1.55289, -3.03089, -0.000255157
59.0667, 0.0934553, 0.000804358, -134.607, -1.478, 1.55289, -3.0309, -0.000255178
59.0704, 0.092478, 0.000998824, -134.577, -1.47801, 1.5529, -3.03091, -0.000255199
59.0741, 0.0917778, 0.000293811, -134.548, -1.47802, 1.5529, -3.03092, -0.000255221
59.0778, 0.0919823, -0.000669416, -134.519, -1.47803, 1.5529, -3.03093, -0.000255242
59.0815, 0.0928966, -0.00101561, -134.489, -1.47804, 1.5529, -3.03095, -0.000255263
59.0852, 0.0936812, -0.000430709, -134.46, -1.47805, 1.55291, -3.03096, -0.000255284
59.0889, 0.0936154, 0.000553813, -134.43, -1.47806, 1.55291, -3.03097, -0.000255306
59.0926, 0.0927506, 0.00104437, -134.401, -1.47807, 1.55291, -3.03098, -0.000255327
59.0963, 0.0918631, 0.000596262, -134.372, -1.47808, 1.55291, -3.03099, -0.000255348
59.0999, 0.0917489, -0.00038369, -134.342, -1.47809, 1.55292, -3.03101, -0.000255369
59.1036, 0.0925025, -0.00100704, -134.313, -1.4781, 1.55292, -3.03102, -0.00025539
59.1073, 0.093432, -0.000709247, -134.284, -1.47811, 1.55292, -3.03103, -0.000255412
59.111, 0.093687, 0.000239502, -134.254, -1.47812, 1.55292, -3.03104, -0.000255433
59.1147, 0.0930283, 0.000980012, -134.225, -1.47813, 1.55293, -3.03105, -0.000255454
59.1184, 0.0920439, 0.000842328, -134.196, -1.47814, 1.55293, -3.03107, -0.000255475
59.1221, 0.0916157, -4.85266e-05, -134.166, -1.47815, 1.55293, -3.03108, -0.000255497
59.1258, 0.092122, -0.000886674, -134.137, -1.47816, 1.55293, -3.03109, -0.000255518
59.1295, 0.093096, -0.000914637, -134.108, -1.47817, 1.55294, -3.0311, -0.000255539
59.1332, 0.0936489, -0.000107596, -134.078, -1.47818, 1.55294, -3.03111, -0.000255561
59.1369, 0.0932731, 0.000805185, -134.049, -1.47819, 1.55294, -3.03113, -0.000255582
59.1406, 0.0922997, 0.000999688, -134.02, -1.47819, 1.55294, -3.03114, -0.000255603
59.1442, 0.0915987, 0.000300801, -133.99, -1.4782, 1.55294, -3.03115, -0.000255624
59.1479, 0.0917937, -0.000660603, -133.961, -1.47821, 1.55295, -3.03116, -0.000255646
59.1516, 0.0926998, -0.00101757, -133.932, -1.47822, 1.55295, -3.03117, -0.000255667
59.1553, 0.0934914, -0.000448714, -133.903, -1.47823, 1.55295, -3.03119, -0.000255688
59.159, 0.0934468, 0.000532981, -133.873, -1.47824, 1.55295, -3.0312, -0.000255709
59.1627, 0.0925981, 0.00104325, -133.844, -1.47825, 1.55296, -3.03121, -0.000255731
59.1664, 0.0917011, 0.000623032, -133.815, -1.47826, 1.55296, -3.03122, -0.000255752
59.1701, 0.0915544, -0.000349047, -133.786, -1.47827, 1.55296, -3.03123, -0.000255773
59.1738, 0.0922809, -0.000998355, -133.756, -1.47828, 1.55296, -3.03125, -0.000255795
59.1775, 0.0932184, -0.000741288, -133.727, -1.47829, 1.55297, -3.03126, -0.000255816
59.1812, 0.0935157, 0.000190622, -133.698, -1.4783, 1.55297, -3.03127, -0.000255837
59.1849, 0.0928975, 0.000959819, -133.669, -1.47831, 1.55297, -3.03128, -0.000255859
59.1885, 0.0919108, 0.000875659, -133.64, -1.47832, 1.55297, -3.03129, -0.00025588
59.1922, 0.0914331, 1.41613e-05, -133.61, -1.47833, 1.55298, -3.03131, -0.000255901
59.1959, 0.0918841, -0.000851242, -133.581, -1.47834, 1.55298, -3.03132, -0.000255922
59.1996, 0.0928502, -0.000944357, -133.552, -1.47835, 1.55298, -3.03133, -0.000255944
59.2033, 0.0934565, -0.000182125, -133.523, -1.47836, 1.55298, -3.03134, -0.000255965
59.207, 0.0931512, 0.000751873, -133.494, -1.47837, 1.55299, -3.03135, -0.000255986
59.2107, 0.0921998, 0.00102084, -133.465, -1.47838, 1.55299, -3.03137, -0.000256008
59.2144, 0.0914461, 0.00038429, -133.435, -1.47839, 1.55299, -3.03138, -0.000256029
59.2181, 0.0915561, -0.000587483, -133.406, -1.47839, 1.55299, -3.03139, -0.00025605
59.2218, 0.0924223, -0.0010248, -133.377, -1.4784, 1.553, -3.0314, -0.000256072
59.2255, 0.0932611, -0.000536815, -133.348, -1.47841, 1.553, -3.03141, -0.000256093
59.2292, 0.0933141, 0.000439677, -133.319, -1.47842, 1.553, -3.03143, -0.000256114
59.2328, 0.0925258, 0.00103174, -133.29, -1.47843, 1.553, -3.03144, -0.000256136
59.2365, 0.0915924, 0.000710695, -133.261, -1.47844, 1.55301, -3.03145, -0.000256157
59.2402, 0.0913389, -0.000236274, -133.232, -1.47845, 1.55301, -3.03146, -0.000256178
59.2439, 0.0919828, -0.000963551, -133.202, -1.47846, 1.55301, -3.03147, -0.0002562
59.2476, 0.0929405, -0.00082235, -133.173, -1.47847, 1.55301, -3.03149, -0.000256221
59.2513, 0.0933492, 6.09122e-05, -133.144, -1.47848, 1.55302, -3.0315, -0.000256242
59.255, 0.0928363, 0.000898375, -133.115, -1.47849, 1.55302, -3.03151, -0.000256264
59.2587, 0.091851, 0.000943748, -133.086, -1.4785, 1.55302, -3.03152, -0.000256285
59.2624, 0.0912627, 0.000157056, -133.057, -1.47851, 1.55302, -3.03153, -0.000256306
59.2661, 0.0915865, -0.000760725, -133.028, -1.47852, 1.55303, -3.03155, -0.000256328
59.2698, 0.0925253, -0.000992612, -132.999, -1.47853, 1.55303, -3.03156, -0.000256349
59.2735, 0.093235, -0.000332667, -132.97, -1.47854, 1.55303, -3.03157, -0.00025637
59.2771, 0.0930759, 0.000631673, -132.941, -1.47855, 1.55303, -3.03158, -0.000256392
59.2808, 0.0921817, 0.00104292, -132.912, -1.47856, 1.55304, -3.03159, -0.000256413
59.2845, 0.0913388, 0.000535934, -132.883, -1.47857, 1.55304, -3.03161, -0.000256434
59.2882, 0.0912875, -0.00043842, -132.854, -1.47858, 1.55304, -3.03162, -0.000256456
59.2919, 0.0920645, -0.0010147, -132.825, -1.47859, 1.55304, -3.03163, -0.000256477
59.2956, 0.0929712, -0.000681626, -132.796, -1.4786, 1.55305, -3.03164, -0.000256498
59.2993, 0.0931945, 0.00026478, -132.767, -1.4786, 1.55305, -3.03165, -0.00025652
59.303, 0.0925285, 0.000984831, -132.738, -1.47861, 1.55305, -3.03167, -0.000256541
59.3067, 0.0915555, 0.000840314, -132.709, -1.47862, 1.55305, -3.03168, -0.000256563
59.3104, 0.0911295, -4.02176e-05, -132.68, -1.47863, 1.55306, -3.03169, -0.000256584
59.3141, 0.0916192, -0.000876368, -132.651, -1.47864, 1.55306, -3.0317, -0.000256605
59.3178, 0.0925819, -0.000927789, -132.622, -1.47865, 1.55306, -3.03171, -0.000256627
59.3214, 0.0931569, -0.000149405, -132.593, -1.47866, 1.55306, -3.03173, -0.000256648
59.3251, 0.0928273, 0.00076965, -132.564, -1.47867, 1.55307, -3.03174, -0.000256669
59.3288, 0.0918766, 0.0010165, -132.535, -1.47868, 1.55307, -3.03175, -0.000256691
59.3325, 0.0911372, 0.000373305, -132.506, -1.47869, 1.55307, -3.03176, -0.000256712
59.3362, 0.091254, -0.000591062, -132.477, -1.4787, 1.55307, -3.03177, -0.000256734
59.3399, 0.0921149, -0.00102457, -132.448, -1.47871, 1.55308, -3.03178, -0.000256755
59.3436, 0.0929509, -0.00054475, -132.419, -1.47872, 1.55308, -3.0318, -0.000256776
59.3473, 0.0930158, 0.000424398, -132.39, -1.47873, 1.55308, -3.03181, -0.000256798
59.351, 0.0922443, 0.00102757, -132.361, -1.47874, 1.55308, -3.03182, -0.000256819
59.3547, 0.0913089, 0.000733024, -132.333, -1.47875, 1.55309, -3.03183, -0.000256841
59.3584, 0.0910259, -0.000199065, -132.304, -1.47876, 1.55309, -3.03184, -0.000256862
59.3621, 0.0916359, -0.000946995, -132.275, -1.47877, 1.55309, -3.03186, -0.000256883
59.3658, 0.0925927, -0.000852062, -132.246, -1.47878, 1.55309, -3.03187, -0.000256905
59.3694, 0.0930452, 1.67212e-06, -132.217, -1.47879, 1.5531, -3.03188, -0.000256926
59.3731, 0.0925872, 0.000862387, -132.188, -1.4788, 1.5531, -3.03189, -0.000256948
59.3768, 0.0916136, 0.000972846, -132.159, -1.4788, 1.5531, -3.0319, -0.000256969
59.3805, 0.0909726, 0.000236333, -132.131, -1.47881, 1.5531, -3.03192, -0.00025699
59.3842, 0.0912191, -0.000699226, -132.102, -1.47882, 1.55311, -3.03193, -0.000257012
59.3879, 0.0921276, -0.00101163, -132.073, -1.47883, 1.55311, -3.03194, -0.000257033
59.3916, 0.0928914, -0.000426826, -132.044, -1.47884, 1.55311, -3.03195, -0.000257055
59.3953, 0.0928316, 0.000541219, -132.015, -1.47885, 1.55311, -3.03196, -0.000257076
59.399, 0.0919927, 0.00104268, -131.986, -1.47886, 1.55311, -3.03198, -0.000257098
59.4027, 0.0911029, 0.000637895, -131.958, -1.47887, 1.55312, -3.03199, -0.000257119
59.4064, 0.090934, -0.00031765, -131.929, -1.47888, 1.55312, -3.032, -0.00025714
59.4101, 0.0916255, -0.000986015, -131.9, -1.47889, 1.55312, -3.03201, -0.000257162
59.4137, 0.0925625, -0.000781709, -131.871, -1.4789, 1.55312, -3.03202, -0.000257183
59.4174, 0.0929158, 0.000115825, -131.842, -1.47891, 1.55313, -3.03204, -0.000257205
59.4211, 0.0923682, 0.000920372, -131.814, -1.47892, 1.55313, -3.03205, -0.000257226
59.4248, 0.091391, 0.000927857, -131.785, -1.47893, 1.55313, -3.03206, -0.000257248
59.4285, 0.090831, 0.000132186, -131.756, -1.47894, 1.55313, -3.03207, -0.000257269
59.4322, 0.0911694, -0.000770383, -131.727, -1.47895, 1.55314, -3.03208, -0.00025729
59.4359, 0.0921015, -0.000990826, -131.699, -1.47896, 1.55314, -3.0321, -0.000257312
59.4396, 0.0928042, -0.000336909, -131.67, -1.47897, 1.55314, -3.03211, -0.000257333
59.4433, 0.0926556, 0.000619724, -131.641, -1.47898, 1.55314, -3.03212, -0.000257355
59.447, 0.0917775, 0.00104369, -131.612, -1.47899, 1.55315, -3.03213, -0.000257376
59.4507, 0.0909285, 0.000565288, -131.584, -1.479, 1.55315, -3.03214, -0.000257398
59.4544, 0.0908408, -0.000397622, -131.555, -1.479, 1.55315, -3.03216, -0.000257419
59.458, 0.0915822, -0.00100509, -131.526, -1.47901, 1.55315, -3.03217, -0.000257441
59.4617, 0.0924976, -0.000727791, -131.498, -1.47902, 1.55316, -3.03218, -0.000257462
59.4654, 0.0927811, 0.000192146, -131.469, -1.47903, 1.55316, -3.03219, -0.000257484
59.4691, 0.0921777, 0.000953124, -131.44, -1.47904, 1.55316, -3.0322, -0.000257505
59.4728, 0.0912051, 0.000892712, -131.411, -1.47905, 1.55316, -3.03222, -0.000257527
59.4765, 0.0907015, 6.39548e-05, -131.383, -1.47906, 1.55317, -3.03223, -0.000257548
59.4802, 0.0910965, -0.000811756, -131.354, -1.47907, 1.55317, -3.03224, -0.000257569
59.4839, 0.0920379, -0.000972901, -131.325, -1.47908, 1.55317, -3.03225, -0.000257591
59.4876, 0.0926987, -0.000279814, -131.297, -1.47909, 1.55317, -3.03226, -0.000257612
59.4913, 0.0924967, 0.000664817, -131.268, -1.4791, 1.55318, -3.03228, -0.000257634
59.495, 0.0915996, 0.00104042, -131.24, -1.47911, 1.55318, -3.03229, -0.000257655
59.4987, 0.0907782, 0.00052123, -131.211, -1.47912, 1.55318, -3.0323, -0.000257677
59.5023, 0.0907372, -0.000441672, -131.182, -1.47913, 1.55318, -3.03231, -0.000257698
59.506, 0.0915033, -0.00101274, -131.154, -1.47914, 1.55319, -3.03232, -0.00025772
59.5097, 0.0924036, -0.000697013, -131.125, -1.47915, 1.55319, -3.03234, -0.000257741
59.5134, 0.0926493, 0.000231343, -131.096, -1.47916, 1.55319, -3.03235, -0.000257763
59.5171, 0.0920197, 0.000967629, -131.068, -1.47917, 1.55319, -3.03236, -0.000257784
59.5208, 0.0910523, 0.000874273, -131.039, -1.47918, 1.5532, -3.03237, -0.000257806
59.5245, 0.0905766, 3.25732e-05, -131.011, -1.47919, 1.5532, -3.03238, -0.000257827
59.5282, 0.0909957, -0.00082865, -130.982, -1.4792, 1.5532, -3.0324, -0.000257849
59.5319, 0.0919383, -0.000964399, -130.954, -1.4792, 1.5532, -3.03241, -0.00025787
59.5356, 0.0925809, -0.000257705, -130.925, -1.47921, 1.55321, -3.03242, -0.000257892
59.5393, 0.0923599, 0.000680128, -130.896, -1.47922, 1.55321, -3.03243, -0.000257913
59.543, 0.0914586, 0.0010387, -130.868, -1.47923, 1.55321, -3.03244, -0.000257935
59.5466, 0.0906475, 0.000508655, -130.839, -1.47924, 1.55321, -3.03246, -0.000257956
59.5503, 0.0906186, -0.0004519, -130.811, -1.47925, 1.55322, -3.03247, -0.000257978
59.554, 0.0913881, -0.00101382, -130.782, -1.47926, 1.55322, -3.03248, -0.000257999
59.5577, 0.0922836, -0.000692612, -130.754, -1.47927, 1.55322, -3.03249, -0.000258021
59.5614, 0.0925247, 0.00023425, -130.725, -1.47928, 1.55322, -3.0325, -0.000258043
59.5651, 0.0918957, 0.000967557, -130.697, -1.47929, 1.55323, -3.03252, -0.000258064
59.5688, 0.0909309, 0.000875637, -130.668, -1.4793, 1.55323, -3.03253, -0.000258086
59.5725, 0.0904531, 3.81278e-05, -130.64, -1.47931, 1.55323, -3.03254, -0.000258107
59.5762, 0.0908652, -0.00082356, -130.611, -1.47932, 1.55323, -3.03255, -0.000258129
59.5799, 0.0918039, -0.000967914, -130.583, -1.47933, 1.55324, -3.03256, -0.00025815
59.5836, 0.0924532, -0.000271175, -130.554, -1.47934, 1.55324, -3.03258, -0.000258172
59.5873, 0.0922468, 0.000667102, -130.526, -1.47935, 1.55324, -3.03259, -0.000258193
59.5909, 0.0913545, 0.00104035, -130.497, -1.47936, 1.55324, -3.0326, -0.000258215
59.5946, 0.090535, 0.00052823, -130.469, -1.47937, 1.55325, -3.03261, -0.000258236
59.5983, 0.0904839, -0.000428949, -130.44, -1.47938, 1.55325, -3.03262, -0.000258258
59.602, 0.0912365, -0.00100925, -130.412, -1.47939, 1.55325, -3.03264, -0.000258279
59.6057, 0.0921383, -0.000714927, -130.383, -1.4794, 1.55325, -3.03265, -0.000258301
59.6094, 0.0924075, 0.000201055, -130.355, -1.4794, 1.55326, -3.03266, -0.000258323
59.6131, 0.0918056, 0.000952978, -130.327, -1.47941, 1.55326, -3.03267, -0.000258344
59.6168, 0.0908407, 0.000896495, -130.298, -1.47942, 1.55326, -3.03268, -0.000258366
59.6205, 0.0903315, 8.04626e-05, -130.27, -1.47943, 1.55326, -3.0327, -0.000258387
59.6242, 0.0907057, -0.000795854, -130.241, -1.47944, 1.55326, -3.03271, -0.000258409
59.6279, 0.0916343, -0.000982271, -130.213, -1.47945, 1.55327, -3.03272, -0.00025843
59.6316, 0.0923142, -0.00031967, -130.185, -1.47946, 1.55327, -3.03273, -0.000258452
59.6352, 0.0921559, 0.000624714, -130.156, -1.47947, 1.55327, -3.03274, -0.000258473
59.6389, 0.0912871, 0.00104328, -130.128, -1.47948, 1.55327, -3.03276, -0.000258495
59.6426, 0.0904425, 0.000578611, -130.099, -1.47949, 1.55328, -3.03277, -0.000258517
59.6463, 0.0903356, -0.000371817, -130.071, -1.4795, 1.55328, -3.03278, -0.000258538
59.65, 0.091049, -0.000996096, -130.043, -1.47951, 1.55328, -3.03279, -0.00025856
59.6537, 0.0919653, -0.000761518, -130.014, -1.47952, 1.55328, -3.0328, -0.000258581
59.6574, 0.0922942, 0.000131264, -129.986, -1.47953, 1.55329, -3.03282, -0.000258603
59.6611, 0.0917476, 0.000920394, -129.958, -1.47954, 1.55329, -3.03283, -0.000258625
59.6648, 0.0907837, 0.000933134, -129.929, -1.47955, 1.55329, -3.03284, -0.000258646
59.6685, 0.0902163, 0.000159078, -129.901, -1.47956, 1.55329, -3.03285, -0.000258668
59.6722, 0.0905203, -0.000741901, -129.873, -1.47957, 1.5533, -3.03286, -0.000258689
59.6759, 0.0914282, -0.0010025, -129.844, -1.47958, 1.5533, -3.03288, -0.000258711
59.6795, 0.0921588, -0.000401257, -129.816, -1.47959, 1.5533, -3.03289, -0.000258732
59.6832, 0.0920824, 0.000549747, -129.788, -1.4796, 1.5533, -3.0329, -0.000258754
59.6871, 0.0912168, 0.0010432, -129.758, -1.47961, 1.55331, -3.03291, -0.000258777
59.6909, 0.0903278, 0.000593032, -129.729, -1.47962, 1.55331, -3.03292, -0.000258799
59.6948, 0.090218, -0.000389306, -129.699, -1.47962, 1.55331, -3.03294, -0.000258821
59.6986, 0.090978, -0.00100722, -129.67, -1.47963, 1.55331, -3.03295, -0.000258844
59.7024, 0.0919052, -0.000697354, -129.641, -1.47964, 1.55332, -3.03296, -0.000258866
59.7063, 0.0921452, 0.000257279, -129.611, -1.47965, 1.55332, -3.03297, -0.000258889
59.7101, 0.0914706, 0.000986386, -129.582, -1.47966, 1.55332, -3.03299, -0.000258911
59.7139, 0.0904875, 0.000825956, -129.553, -1.47967, 1.55332, -3.033, -0.000258934
59.7178, 0.0900821, -7.74316e-05, -129.523, -1.47968, 1.55333, -3.03301, -0.000258956
59.7216, 0.090614, -0.00090115, -129.494, -1.47969, 1.55333, -3.03302, -0.000258979
59.7255, 0.0915899, -0.000895857, -129.465, -1.4797, 1.55333, -3.03304, -0.000259001
59.7293, 0.092113, -6.68332e-05, -129.435, -1.47971, 1.55333, -3.03305, -0.000259024
59.7331, 0.091699, 0.000831873, -129.406, -1.47972, 1.55334, -3.03306, -0.000259046
59.737, 0.0907157, 0.000983641, -129.377, -1.47973, 1.55334, -3.03307, -0.000259069
59.7408, 0.0900475, 0.000251051, -129.347, -1.47974, 1.55334, -3.03309, -0.000259091
59.7446, 0.0902918, -0.000700297, -129.318, -1.47975, 1.55335, -3.0331, -0.000259114
59.7485, 0.0912175, -0.00100694, -129.289, -1.47976, 1.55335, -3.03311, -0.000259136
59.7523, 0.0919754, -0.000391084, -129.259, -1.47977, 1.55335, -3.03312, -0.000259159
59.7562, 0.0918696, 0.000588333, -129.23, -1.47978, 1.55335, -3.03314, -0.000259181
59.76, 0.0909873, 0.00104341, -129.201, -1.47979, 1.55336, -3.03315, -0.000259204
59.7638, 0.0901195, 0.000562148, -129.171, -1.4798, 1.55336, -3.03316, -0.000259226
59.7677, 0.090043, -0.000419079, -129.142, -1.47981, 1.55336, -3.03317, -0.000259249
59.7715, 0.0908177, -0.00101176, -129.113, -1.47982, 1.55336, -3.03319, -0.000259271
59.7753, 0.0917331, -0.000679822, -129.084, -1.47983, 1.55337, -3.0332, -0.000259294
59.7792, 0.0919523, 0.000275976, -129.054, -1.47984, 1.55337, -3.03321, -0.000259316
59.783, 0.0912685, 0.000991153, -129.025, -1.47985, 1.55337, -3.03322, -0.000259339
59.7869, 0.0902913, 0.000819527, -128.996, -1.47986, 1.55337, -3.03324, -0.000259361
59.7907, 0.0898946, -8.33561e-05, -128.967, -1.47987, 1.55338, -3.03325, -0.000259384
59.7945, 0.0904274, -0.000901805, -128.938, -1.47988, 1.55338, -3.03326, -0.000259406
59.7984, 0.0913993, -0.000897142, -128.908, -1.47989, 1.55338, -3.03327, -0.000259429
59.8022, 0.0919243, -7.40404e-05, -128.879, -1.4799, 1.55338, -3.03329, -0.000259451
59.8061, 0.0915202, 0.000824728, -128.85, -1.47991, 1.55339, -3.0333, -0.000259474
59.8099, 0.090543, 0.000988916, -128.821, -1.47992, 1.55339, -3.03331, -0.000259496
59.8137, 0.0898645, 0.000270995, -128.792, -1.47993, 1.55339, -3.03332, -0.000259519
59.8176, 0.0900869, -0.000681885, -128.762, -1.47994, 1.55339, -3.03334, -0.000259541
59.8214, 0.0910005, -0.00101168, -128.733, -1.47995, 1.5534, -3.03335, -0.000259564
59.8252, 0.0917737, -0.00042193, -128.704, -1.47996, 1.5534, -3.03336, -0.000259587
59.8291, 0.0917023, 0.000556297, -128.675, -1.47997, 1.5534, -3.03337, -0.000259609
59.8329, 0.0908419, 0.00104315, -128.646, -1.47998, 1.5534, -3.03339, -0.000259632
59.8368, 0.0899575, 0.000601311, -128.617, -1.47999, 1.55341, -3.0334, -0.000259654
59.8406, 0.0898349, -0.000371711, -128.588, -1.48, 1.55341, -3.03341, -0.000259677
59.8444, 0.0905747, -0.00100175, -128.558, -1.48001, 1.55341, -3.03342, -0.000259699
59.8483, 0.0915036, -0.000723394, -128.529, -1.48002, 1.55341, -3.03343, -0.000259722
59.8521, 0.0917789, 0.000213047, -128.5, -1.48003, 1.55342, -3.03345, -0.000259744
59.8559, 0.0911453, 0.000967243, -128.471, -1.48004, 1.55342, -3.03346, -0.000259767
59.8598, 0.0901624, 0.00086309, -128.442, -1.48005, 1.55342, -3.03347, -0.00025979
59.8636, 0.0897026, -5.57151e-06, -128.413, -1.48006, 1.55342, -3.03348, -0.000259812
59.8675, 0.0901685, -0.000860111, -128.384, -1.48007, 1.55343, -3.0335, -0.000259835
59.8713, 0.0911336, -0.000935314, -128.355, -1.48008, 1.55343, -3.03351, -0.000259857
59.8751, 0.0917248, -0.000164312, -128.326, -1.48009, 1.55343, -3.03352, -0.00025988
59.879, 0.0914046, 0.00076257, -128.297, -1.4801, 1.55343, -3.03353, -0.000259902
59.8828, 0.090451, 0.00101628, -128.268, -1.48011, 1.55344, -3.03355, -0.000259925
59.8866, 0.089708, 0.000370394, -128.239, -1.48012, 1.55344, -3.03356, -0.000259948
59.8905, 0.0898306, -0.000597394, -128.209, -1.48013, 1.55344, -3.03357, -0.00025997
59.8943, 0.0907, -0.00102243, -128.18, -1.48014, 1.55344, -3.03358, -0.000259993
59.8982, 0.0915306, -0.000525523, -128.151, -1.48015, 1.55345, -3.0336, -0.000260015
59.902, 0.0915723, 0.00044931, -128.122, -1.48016, 1.55345, -3.03361, -0.000260038
59.9058, 0.0907796, 0.00103212, -128.093, -1.48017, 1.55345, -3.03362, -0.00026006
59.9097, 0.0898509, 0.000703414, -128.064, -1.48018, 1.55345, -3.03363, -0.000260083
59.9135, 0.0896054, -0.000243279, -128.035, -1.48019, 1.55346, -3.03365, -0.000260106
59.9173, 0.0902526, -0.000964085, -128.006, -1.4802, 1.55346, -3.03366, -0.000260128
59.9212, 0.0912068, -0.000817154, -127.977, -1.48021, 1.55346, -3.03367, -0.000260151
59.925, 0.0916094, 6.62064e-05, -127.948, -1.48022, 1.55347, -3.03368, -0.000260173
59.9289, 0.0910938, 0.000899472, -127.919, -1.48023, 1.55347, -3.0337, -0.000260196
59.9327, 0.0901103, 0.000941461, -127.891, -1.48024, 1.55347, -3.03371, -0.000260219
59.9365, 0.0895248, 0.000155298, -127.862, -1.48025, 1.55347, -3.03372, -0.000260241
59.9404, 0.0898488, -0.000759804, -127.833, -1.48026, 1.55348, -3.03373, -0.000260264
59.9442, 0.090785, -0.000990778, -127.804, -1.48027, 1.55348, -3.03375, -0.000260287
59.9481, 0.0914929, -0.000332902, -127.775, -1.48028, 1.55348, -3.03376, -0.000260309
59.9519, 0.0913355, 0.000629329, -127.746, -1.48029, 1.55348, -3.03377, -0.000260332
59.9557, 0.0904442, 0.00104195, -127.717, -1.4803, 1.55349, -3.03378, -0.000260354
59.9596, 0.0896011, 0.000539308, -127.688, -1.48031, 1.55349, -3.0338, -0.000260377
59.9634, 0.089545, -0.000432432, -127.659, -1.48032, 1.55349, -3.03381, -0.0002604
59.9672, 0.0903163, -0.00101185, -127.63, -1.48033, 1.55349, -3.03382, -0.000260422
59.9711, 0.0912226, -0.000685899, -127.601, -1.48034, 1.5535, -3.03383, -0.000260445
59.9749, 0.0914525, 0.000256274, -127.572, -1.48035, 1.5535, -3.03385, -0.000260468
59.9788, 0.0907942, 0.000980408, -127.544, -1.48036, 1.5535, -3.03386, -0.00026049
59.9826, 0.0898218, 0.000845975, -127.515, -1.48037, 1.5535, -3.03387, -0.000260513
59.9864, 0.0893868, -2.76375e-05, -127.486, -1.48038, 1.55351, -3.03388, -0.000260535
59.9903, 0.0898645, -0.000867738, -127.457, -1.48039, 1.55351, -3.0339, -0.000260558
59.9941, 0.0908237, -0.000932019, -127.428, -1.4804, 1.55351, -3.03391, -0.000260581
59.9979, 0.091408, -0.000164153, -127.399, -1.48041, 1.55351, -3.03392, -0.000260603
60.0018, 0.0910932, 0.000757443, -127.37, -1.48042, 1.55352, -3.03393, -0.000260626
60.0056, 0.0901488, 0.00101936, -127.342, -1.48043, 1.55352, -3.03395, -0.000260649
60.0095, 0.0893995, 0.000390944, -127.313, -1.48044, 1.55352, -3.03396, -0.000260671
60.0133, 0.0894973, -0.00057317, -127.284, -1.48045, 1.55352, -3.03397, -0.000260694
60.0171, 0.0903467, -0.001023, -127.255, -1.48046, 1.55353, -3.03398, -0.000260717
60.021, 0.0911902, -0.000562532, -127.226, -1.48047, 1.55353, -3.03399, -0.000260739
60.0248, 0.0912763, 0.000402189, -127.198, -1.48048, 1.55353, -3.03401, -0.000260762
60.0286, 0.0905208, 0.00102162, -127.169, -1.48049, 1.55353, -3.03402, -0.000260785
60.0325, 0.0895805, 0.000750898, -127.14, -1.4805, 1.55354, -3.03403, -0.000260807
60.0363, 0.0892737, -0.000171331, -127.111, -1.48051, 1.55354, -3.03404, -0.00026083
60.0402, 0.0898611, -0.000933858, -127.082, -1.48052, 1.55354, -3.03406, -0.000260853
60.044, 0.0908173, -0.000866634, -127.054, -1.48053, 1.55354, -3.03407, -0.000260875
60.0478, 0.0912934, -2.91983e-05, -127.025, -1.48054, 1.55355, -3.03408, -0.000260898
60.0517, 0.0908629, 0.000842643, -126.996, -1.48055, 1.55355, -3.03409, -0.000260921
60.0555, 0.0898955, 0.000983622, -126.967, -1.48056, 1.55355, -3.03411, -0.000260943
60.0593, 0.0892317, 0.000270475, -126.939, -1.48056, 1.55355, -3.03412, -0.000260966
60.0632, 0.0894447, -0.000670857, -126.91, -1.48057, 1.55356, -3.03413, -0.000260989
60.067, 0.0903387, -0.00101503, -126.881, -1.48058, 1.55356, -3.03414, -0.000261012
60.0709, 0.0911211, -0.000460795, -126.853, -1.48059, 1.55356, -3.03416, -0.000261034
60.0747, 0.0910981, 0.000505856, -126.824, -1.4806, 1.55356, -3.03417, -0.000261057
60.0785, 0.0902816, 0.00103834, -126.795, -1.48061, 1.55357, -3.03418, -0.00026108
60.0824, 0.089378, 0.000670888, -126.766, -1.48062, 1.55357, -3.03419, -0.000261102
60.0862, 0.0891692, -0.000274512, -126.738, -1.48063, 1.55357, -3.03421, -0.000261125
60.0901, 0.0898287, -0.000970814, -126.709, -1.48064, 1.55357, -3.03422, -0.000261148
60.0939, 0.0907709, -0.000809533, -126.68, -1.48065, 1.55358, -3.03423, -0.00026117
60.0977, 0.0911638, 6.79142e-05, -126.652, -1.48066, 1.55358, -3.03424, -0.000261193
60.1016, 0.0906559, 0.000894782, -126.623, -1.48067, 1.55358, -3.03426, -0.000261216
60.1054, 0.0896825, 0.000949251, -126.594, -1.48068, 1.55358, -3.03427, -0.000261239
60.1092, 0.0890847, 0.000184246, -126.566, -1.48069, 1.55359, -3.03428, -0.000261261
60.1131, 0.089375, -0.00073246, -126.537, -1.4807, 1.55359, -3.03429, -0.000261284
60.1169, 0.0902913, -0.0010015, -126.509, -1.48071, 1.55359, -3.03431, -0.000261307
60.1208, 0.0910259, -0.000388769, -126.48, -1.48072, 1.55359, -3.03432, -0.000261329
60.1246, 0.0909304, 0.000571414, -126.451, -1.48073, 1.5536, -3.03433, -0.000261352
60.1284, 0.0900798, 0.00104271, -126.423, -1.48074, 1.5536, -3.03434, -0.000261375
60.1323, 0.0892064, 0.000615168, -126.394, -1.48075, 1.5536, -3.03436, -0.000261398
60.1361, 0.0890615, -0.00033868, -126.366, -1.48076, 1.55361, -3.03437, -0.00026142
60.1399, 0.0897621, -0.00098894, -126.337, -1.48077, 1.55361, -3.03438, -0.000261443
60.1438, 0.09069, -0.000770477, -126.308, -1.48078, 1.55361, -3.03439, -0.000261466
60.1476, 0.0910302, 0.000126353, -126.28, -1.48079, 1.55361, -3.03441, -0.000261489
60.1515, 0.0904789, 0.000922135, -126.251, -1.4808, 1.55362, -3.03442, -0.000261511
60.1553, 0.0895067, 0.000925973, -126.223, -1.48081, 1.55362, -3.03443, -0.000261534
60.1591, 0.0889491, 0.000135006, -126.194, -1.48082, 1.55362, -3.03444, -0.000261557
60.163, 0.089281, -0.000764091, -126.166, -1.48083, 1.55362, -3.03445, -0.00026158
60.1668, 0.0902055, -0.000991569, -126.137, -1.48084, 1.55363, -3.03447, -0.000261602
60.1706, 0.0909123, -0.000350637, -126.109, -1.48085, 1.55363, -3.03448, -0.000261625
60.1745, 0.0907805, 0.000602847, -126.08, -1.48086, 1.55363, -3.03449, -0.000261648
60.1783, 0.0899162, 0.00104289, -126.051, -1.48087, 1.55363, -3.0345, -0.000261671
60.1822, 0.0890596, 0.000588826, -126.023, -1.48088, 1.55364, -3.03452, -0.000261693
60.186, 0.0889433, -0.000365867, -125.994, -1.48089, 1.55364, -3.03453, -0.000261716
60.1898, 0.089659, -0.000995069, -125.966, -1.4809, 1.55364, -3.03454, -0.000261739
60.1937, 0.0905788, -0.000754925, -125.938, -1.48091, 1.55364, -3.03455, -0.000261762
60.1975, 0.090899, 0.000146496, -125.909, -1.48092, 1.55365, -3.03457, -0.000261785
60.2013, 0.0903349, 0.000930033, -125.881, -1.48093, 1.55365, -3.03458, -0.000261807
60.2052, 0.0893655, 0.000919115, -125.852, -1.48094, 1.55365, -3.03459, -0.00026183
60.209, 0.0888194, 0.000123639, -125.824, -1.48095, 1.55365, -3.0346, -0.000261853
60.2129, 0.089159, -0.000769546, -125.795, -1.48096, 1.55366, -3.03462, -0.000261876
60.2167, 0.0900823, -0.000990014, -125.767, -1.48097, 1.55366, -3.03463, -0.000261898
60.2205, 0.0907845, -0.000348087, -125.738, -1.48098, 1.55366, -3.03464, -0.000261921
60.2244, 0.090652, 0.000602526, -125.71, -1.48099, 1.55366, -3.03465, -0.000261944
60.2282, 0.089791, 0.00104277, -125.681, -1.481, 1.55367, -3.03467, -0.000261967
60.2321, 0.0889347, 0.000593877, -125.653, -1.48101, 1.55367, -3.03468, -0.00026199
60.2359, 0.0888117, -0.000357263, -125.625, -1.48102, 1.55367, -3.03469, -0.000262012
60.2397, 0.0895188, -0.000992049, -125.596, -1.48103, 1.55367, -3.0347, -0.000262035
60.2436, 0.090439, -0.000764762, -125.568, -1.48104, 1.55368, -3.03472, -0.000262058
60.2474, 0.0907726, 0.000128706, -125.539, -1.48105, 1.55368, -3.03473, -0.000262081
60.2512, 0.0902248, 0.000920237, -125.511, -1.48106, 1.55368, -3.03474, -0.000262104
60.2551, 0.0892582, 0.000930047, -125.483, -1.48107, 1.55368, -3.03475, -0.000262126
60.2589, 0.0886944, 0.00015018, -125.454, -1.48108, 1.55369, -3.03477, -0.000262149
60.2628, 0.0890085, -0.000749621, -125.426, -1.48109, 1.55369, -3.03478, -0.000262172
60.2666, 0.0899221, -0.000997408, -125.398, -1.4811, 1.55369, -3.03479, -0.000262195
60.2704, 0.0906429, -0.000381098, -125.369, -1.48111, 1.55369, -3.0348, -0.000262218
60.2743, 0.0905448, 0.000570549, -125.341, -1.48112, 1.5537, -3.03482, -0.000262241
60.2781, 0.0897038, 0.00104201, -125.313, -1.48113, 1.5537, -3.03483, -0.000262263
60.2819, 0.0888322, 0.000629811, -125.284, -1.48114, 1.5537, -3.03484, -0.000262286
60.2858, 0.0886675, -0.000312656, -125.256, -1.48115, 1.5537, -3.03485, -0.000262309
60.2896, 0.089342, -0.000978623, -125.228, -1.48116, 1.55371, -3.03487, -0.000262332
60.2935, 0.0902696, -0.000798635, -125.199, -1.48117, 1.55371, -3.03488, -0.000262355
60.2973, 0.0906488, 7.29203e-05, -125.171, -1.48118, 1.55371, -3.03489, -0.000262378
60.3011, 0.0901473, 0.000890793, -125.143, -1.48119, 1.55371, -3.0349, -0.0002624
60.305, 0.0891857, 0.000956345, -125.114, -1.4812, 1.55372, -3.03491, -0.000262423
60.3088, 0.0885768, 0.000214053, -125.086, -1.48121, 1.55372, -3.03493, -0.000262446
60.3126, 0.0888318, -0.000702021, -125.058, -1.48122, 1.55372, -3.03494, -0.000262469
60.3165, 0.0897241, -0.00101019, -125.03, -1.48123, 1.55372, -3.03495, -0.000262492
60.3203, 0.090484, -0.000448005, -125.001, -1.48124, 1.55373, -3.03496, -0.000262515
60.3242, 0.0904553, 0.000504773, -124.973, -1.48125, 1.55373, -3.03498, -0.000262537
60.3282, 0.0896113, 0.00103995, -124.944, -1.48126, 1.55373, -3.03499, -0.000262561
60.3322, 0.0887008, 0.000626827, -124.914, -1.48127, 1.55374, -3.035, -0.000262585
60.3362, 0.0885525, -0.000353762, -124.885, -1.48128, 1.55374, -3.03502, -0.000262609
60.3402, 0.0892929, -0.000999213, -124.855, -1.48129, 1.55374, -3.03503, -0.000262633
60.3442, 0.090231, -0.000716076, -124.826, -1.4813, 1.55374, -3.03504, -0.000262657
60.3482, 0.0904949, 0.000234812, -124.796, -1.48131, 1.55375, -3.03505, -0.000262681
60.3522, 0.0898328, 0.000979262, -124.767, -1.48132, 1.55375, -3.03507, -0.000262704
60.3562, 0.0888441, 0.000833589, -124.737, -1.48133, 1.55375, -3.03508, -0.000262728
60.3602, 0.0884272, -6.79364e-05, -124.708, -1.48134, 1.55375, -3.03509, -0.000262752
60.3642, 0.0889549, -0.000897504, -124.679, -1.48135, 1.55376, -3.03511, -0.000262776
60.3682, 0.0899332, -0.000894153, -124.649, -1.48136, 1.55376, -3.03512, -0.0002628
60.3722, 0.0904552, -6.14386e-05, -124.62, -1.48137, 1.55376, -3.03513, -0.000262824
60.3762, 0.0900334, 0.00083693, -124.59, -1.48138, 1.55376, -3.03515, -0.000262848
60.3802, 0.0890453, 0.000977871, -124.561, -1.48139, 1.55377, -3.03516, -0.000262872
60.3842, 0.0883866, 0.00023276, -124.532, -1.4814, 1.55377, -3.03517, -0.000262895
60.3882, 0.0886507, -0.000715834, -124.502, -1.48141, 1.55377, -3.03518, -0.000262919
60.3922, 0.0895859, -0.00099986, -124.473, -1.48142, 1.55377, -3.0352, -0.000262943
60.3962, 0.0903272, -0.000359939, -124.444, -1.48143, 1.55378, -3.03521, -0.000262967
60.4002, 0.0901875, 0.000618387, -124.414, -1.48144, 1.55378, -3.03522, -0.000262991
60.4042, 0.0892856, 0.00104095, -124.385, -1.48145, 1.55378, -3.03524, -0.000263015
60.4082, 0.0884363, 0.000522112, -124.356, -1.48146, 1.55379, -3.03525, -0.000263039
60.4123, 0.0884056, -0.000463877, -124.326, -1.48147, 1.55379, -3.03526, -0.000263063
60.4163, 0.0892116, -0.00101693, -124.297, -1.48148, 1.55379, -3.03528, -0.000263087
60.4203, 0.0901091, -0.000632812, -124.268, -1.48149, 1.55379, -3.03529, -0.000263111
60.4243, 0.0902704, 0.000337696, -124.238, -1.4815, 1.5538, -3.0353, -0.000263134
60.4283, 0.0895395, 0.00100972, -124.209, -1.48152, 1.5538, -3.03531, -0.000263158
60.4323, 0.0885734, 0.000771208, -124.18, -1.48153, 1.5538, -3.03533, -0.000263182
60.4363, 0.0882426, -0.000160104, -124.151, -1.48154, 1.5538, -3.03534, -0.000263206
60.4403, 0.0888384, -0.000936104, -124.121, -1.48155, 1.55381, -3.03535, -0.00026323
60.4443, 0.0898089, -0.000850849, -124.092, -1.48156, 1.55381, -3.03537, -0.000263254
60.4483, 0.0902618, 1.76213e-05, -124.063, -1.48157, 1.55381, -3.03538, -0.000263278
60.4523, 0.0897764, 0.000879369, -124.034, -1.48158, 1.55381, -3.03539, -0.000263302
60.4563, 0.0887849, 0.00095137, -124.004, -1.48159, 1.55382, -3.0354, -0.000263326
60.4603, 0.0881788, 0.000168696, -123.975, -1.4816, 1.55382, -3.03542, -0.00026335
60.4643, 0.0884988, -0.000757582, -123.946, -1.48161, 1.55382, -3.03543, -0.000263374
60.4683, 0.0894446, -0.000986808, -123.917, -1.48162, 1.55383, -3.03544, -0.000263398
60.4723, 0.0901485, -0.000311461, -123.888, -1.48163, 1.55383, -3.03546, -0.000263422
60.4763, 0.0899632, 0.000655595, -123.858, -1.48164, 1.55383, -3.03547, -0.000263445
60.4803, 0.0890477, 0.00103775, -123.829, -1.48165, 1.55383, -3.03548, -0.000263469
60.4843, 0.0882225, 0.000489163, -123.8, -1.48166, 1.55384, -3.0355, -0.000263493
60.4883, 0.0882254, -0.000492869, -123.771, -1.48167, 1.55384, -3.03551, -0.000263517
60.4923, 0.089044, -0.00101923, -123.742, -1.48168, 1.55384, -3.03552, -0.000263541
60.4963, 0.0899279, -0.000613973, -123.712, -1.48169, 1.55384, -3.03553, -0.000263565
60.5003, 0.0900683, 0.000355864, -123.683, -1.4817, 1.55385, -3.03555, -0.000263589
60.5043, 0.0893295, 0.00101327, -123.654, -1.48171, 1.55385, -3.03556, -0.000263613
60.5084, 0.0883702, 0.000764433, -123.625, -1.48172, 1.55385, -3.03557, -0.000263637
60.5124, 0.0880477, -0.000165369, -123.596, -1.48173, 1.55385, -3.03559, -0.000263661
60.5164, 0.0886434, -0.000936333, -123.567, -1.48174, 1.55386, -3.0356, -0.000263685
60.5204, 0.0896099, -0.000852849, -123.538, -1.48175, 1.55386, -3.03561, -0.000263709
60.5244, 0.090066, 9.27746e-06, -123.509, -1.48176, 1.55386, -3.03562, -0.000263733
60.5284, 0.0895914, 0.000872294, -123.479, -1.48177, 1.55387, -3.03564, -0.000263757
60.5324, 0.0886051, 0.000958446, -123.45, -1.48178, 1.55387, -3.03565, -0.000263781
60.5364, 0.0879867, 0.000190589, -123.421, -1.48179, 1.55387, -3.03566, -0.000263805
60.5404, 0.0882834, -0.000739367, -123.392, -1.4818, 1.55387, -3.03568, -0.000263829
60.5444, 0.0892184, -0.00099433, -123.363, -1.48181, 1.55388, -3.03569, -0.000263853
60.5484, 0.0899409, -0.000345321, -123.334, -1.48182, 1.55388, -3.0357, -0.000263877
60.5524, 0.089792, 0.000623496, -123.305, -1.48183, 1.55388, -3.03572, -0.000263901
60.5564, 0.0888968, 0.0010411, -123.276, -1.48184, 1.55388, -3.03573, -0.000263925
60.5604, 0.0880508, 0.000532602, -123.247, -1.48186, 1.55389, -3.03574, -0.000263949
60.5644, 0.0880045, -0.000444756, -123.218, -1.48187, 1.55389, -3.03575, -0.000263973
60.5684, 0.0887897, -0.00101332, -123.189, -1.48188, 1.55389, -3.03577, -0.000263997
60.5724, 0.0896922, -0.000663158, -123.16, -1.48189, 1.55389, -3.03578, -0.000264021
60.5764, 0.0898931, 0.000291121, -123.131, -1.4819, 1.5539, -3.03579, -0.000264045
60.5804, 0.0892035, 0.000993613, -123.102, -1.48191, 1.5539, -3.03581, -0.000264069
60.5844, 0.0882328, 0.000814932, -123.073, -1.48192, 1.5539, -3.03582, -0.000264093
60.5884, 0.0878413, -8.43368e-05, -123.044, -1.48193, 1.5539, -3.03583, -0.000264117
60.5924, 0.08837, -0.000898583, -123.015, -1.48194, 1.55391, -3.03585, -0.000264141
60.5964, 0.089336, -0.000899119, -122.986, -1.48195, 1.55391, -3.03586, -0.000264165
60.6004, 0.0898656, -8.59495e-05, -122.957, -1.48196, 1.55391, -3.03587, -0.000264189
60.6045, 0.0894763, 0.000813298, -122.928, -1.48197, 1.55392, -3.03588, -0.000264213
60.6085, 0.0885074, 0.000994809, -122.899, -1.48198, 1.55392, -3.0359, -0.000264237
60.6125, 0.0878157, 0.000296848, -122.87, -1.48199, 1.55392, -3.03591, -0.000264261
60.6165, 0.0880095, -0.000656746, -122.841, -1.482, 1.55392, -3.03592, -0.000264285
60.6205, 0.0889062, -0.00101458, -122.812, -1.48201, 1.55393, -3.03594, -0.000264309
60.6245, 0.089696, -0.00045773, -122.783, -1.48202, 1.55393, -3.03595, -0.000264333
60.6285, 0.0896653, 0.000516616, -122.754, -1.48203, 1.55393, -3.03596, -0.000264357
60.6325, 0.0888329, 0.00103958, -122.725, -1.48204, 1.55393, -3.03597, -0.000264381
60.6365, 0.0879318, 0.000645414, -122.697, -1.48205, 1.55394, -3.03599, -0.000264405
60.6405, 0.0877555, -0.000314235, -122.668, -1.48206, 1.55394, -3.036, -0.000264429
60.6445, 0.0884514, -0.000984611, -122.639, -1.48207, 1.55394, -3.03601, -0.000264454
60.6485, 0.0893904, -0.00076928, -122.61, -1.48208, 1.55394, -3.03603, -0.000264478
60.6525, 0.089728, 0.000139674, -122.581, -1.48209, 1.55395, -3.03604, -0.000264502
60.6565, 0.0891552, 0.00093361, -122.552, -1.4821, 1.55395, -3.03605, -0.000264526
60.6605, 0.0881724, 0.000906951, -122.523, -1.48211, 1.55395, -3.03607, -0.00026455
60.6645, 0.0876439, 8.38752e-05, -122.494, -1.48212, 1.55396, -3.03608, -0.000264574
60.6685, 0.0880296, -0.00080422, -122.466, -1.48213, 1.55396, -3.03609, -0.000264598
60.6725, 0.0889774, -0.000968982, -122.437, -1.48214, 1.55396, -3.0361, -0.000264622
60.6765, 0.0896369, -0.000264657, -122.408, -1.48215, 1.55396, -3.03612, -0.000264646
60.6805, 0.0894142, 0.000683583, -122.379, -1.48216, 1.55397, -3.03613, -0.00026467
60.6845, 0.0884982, 0.00103499, -122.35, -1.48217, 1.55397, -3.03614, -0.000264694
60.6885, 0.0876918, 0.000478542, -122.321, -1.48218, 1.55397, -3.03616, -0.000264718
60.6925, 0.0877001, -0.000492353, -122.293, -1.4822, 1.55397, -3.03617, -0.000264742
60.6965, 0.0885061, -0.00101787, -122.264, -1.48221, 1.55398, -3.03618, -0.000264766
60.7006, 0.089387, -0.000633224, -122.235, -1.48222, 1.55398, -3.03619, -0.000264791
60.7046, 0.0895544, 0.000320798, -122.206, -1.48223, 1.55398, -3.03621, -0.000264815
60.7086, 0.0888516, 0.00100032, -122.178, -1.48224, 1.55398, -3.03622, -0.000264839
60.7126, 0.0878912, 0.000804939, -122.149, -1.48225, 1.55399, -3.03623, -0.000264863
60.7166, 0.0875127, -9.22034e-05, -122.12, -1.48226, 1.55399, -3.03625, -0.000264887
60.7206, 0.0880408, -0.000898474, -122.091, -1.48227, 1.55399, -3.03626, -0.000264911
60.7246, 0.0889999, -0.000902266, -122.063, -1.48228, 1.55399, -3.03627, -0.000264935
60.7286, 0.0895343, -0.000100718, -122.034, -1.48229, 1.554, -3.03629, -0.000264959
60.7326, 0.089164, 0.000798807, -122.005, -1.4823, 1.554, -3.0363, -0.000264983
60.7366, 0.0882068, 0.00100331, -121.976, -1.48231, 1.554, -3.03631, -0.000265007
60.7406, 0.0874975, 0.00033303, -121.948, -1.48232, 1.55401, -3.03632, -0.000265032
60.7446, 0.0876515, -0.000621164, -121.919, -1.48233, 1.55401, -3.03634, -0.000265056
60.7486, 0.0885237, -0.00101906, -121.89, -1.48234, 1.55401, -3.03635, -0.00026508
60.7526, 0.089337, -0.00051085, -121.862, -1.48235, 1.55401, -3.03636, -0.000265104
60.7566, 0.0893671, 0.000455894, -121.833, -1.48236, 1.55402, -3.03638, -0.000265128
60.7606, 0.0885789, 0.00103092, -121.804, -1.48237, 1.55402, -3.03639, -0.000265152
60.7646, 0.0876565, 0.000709115, -121.776, -1.48238, 1.55402, -3.0364, -0.000265176
60.7686, 0.0874013, -0.000226284, -121.747, -1.48239, 1.55402, -3.03641, -0.000265201
60.7726, 0.0880279, -0.000953553, -121.718, -1.4824, 1.55403, -3.03643, -0.000265225
60.7766, 0.0889767, -0.000834496, -121.69, -1.48241, 1.55403, -3.03644, -0.000265249
60.7806, 0.0894062, 2.59224e-05, -121.661, -1.48242, 1.55403, -3.03645, -0.000265273
60.7846, 0.0889309, 0.000872726, -121.632, -1.48243, 1.55403, -3.03647, -0.000265297
60.7886, 0.0879591, 0.000963658, -121.604, -1.48244, 1.55404, -3.03648, -0.000265321
60.7926, 0.0873334, 0.000219508, -121.575, -1.48245, 1.55404, -3.03649, -0.000265345
60.7967, 0.0875927, -0.000707492, -121.546, -1.48246, 1.55404, -3.03651, -0.00026537
60.8007, 0.0885004, -0.00100572, -121.518, -1.48247, 1.55405, -3.03652, -0.000265394
60.8047, 0.0892528, -0.000414603, -121.489, -1.48248, 1.55405, -3.03653, -0.000265418
60.8087, 0.0891829, 0.000548301, -121.461, -1.48249, 1.55405, -3.03654, -0.000265442
60.8127, 0.0883434, 0.00104093, -121.432, -1.4825, 1.55405, -3.03656, -0.000265466
60.8167, 0.0874593, 0.000633056, -121.403, -1.48251, 1.55406, -3.03657, -0.00026549
60.8207, 0.087294, -0.000318474, -121.375, -1.48252, 1.55406, -3.03658, -0.000265515
60.8247, 0.0879823, -0.000982518, -121.346, -1.48253, 1.55406, -3.0366, -0.000265539
60.8287, 0.0889141, -0.000779697, -121.318, -1.48255, 1.55406, -3.03661, -0.000265563
60.8327, 0.0892673, 0.000112523, -121.289, -1.48256, 1.55407, -3.03662, -0.000265587
60.8367, 0.0887253, 0.000915707, -121.261, -1.48257, 1.55407, -3.03663, -0.000265611
60.8407, 0.0877521, 0.000929838, -121.232, -1.48258, 1.55407, -3.03665, -0.000265635
60.8447, 0.0871869, 0.00014309, -121.204, -1.48259, 1.55407, -3.03666, -0.00026566
60.8487, 0.0875127, -0.000758894, -121.175, -1.4826, 1.55408, -3.03667, -0.000265684
60.8527, 0.0884363, -0.000990874, -121.147, -1.48261, 1.55408, -3.03669, -0.000265708
60.8567, 0.0891449, -0.00035141, -121.118, -1.48262, 1.55408, -3.0367, -0.000265732
60.8607, 0.0890133, 0.000602803, -121.09, -1.48263, 1.55408, -3.03671, -0.000265756
60.8647, 0.0881475, 0.00104202, -121.061, -1.48264, 1.55409, -3.03673, -0.000265781
60.8687, 0.0872913, 0.000584896, -121.033, -1.48265, 1.55409, -3.03674, -0.000265805
60.8727, 0.0871796, -0.000370966, -121.004, -1.48266, 1.55409, -3.03675, -0.000265829
60.8767, 0.0878998, -0.000995353, -120.976, -1.48267, 1.5541, -3.03676, -0.000265853
60.8807, 0.0888176, -0.00074659, -120.947, -1.48268, 1.5541, -3.03678, -0.000265877
60.8847, 0.0891276, 0.000158992, -120.919, -1.48269, 1.5541, -3.03679, -0.000265902
60.8887, 0.0885526, 0.000935767, -120.89, -1.4827, 1.5541, -3.0368, -0.000265926
60.8928, 0.0875825, 0.00091057, -120.862, -1.48271, 1.55411, -3.03682, -0.00026595
60.8968, 0.0870491, 0.000105724, -120.833, -1.48272, 1.55411, -3.03683, -0.000265974
60.9008, 0.0874051, -0.000781318, -120.805, -1.48273, 1.55411, -3.03684, -0.000265998
60.9048, 0.0883329, -0.000982689, -120.777, -1.48274, 1.55411, -3.03685, -0.000266023
60.9088, 0.0890205, -0.000324578, -120.748, -1.48275, 1.55412, -3.03687, -0.000266047
60.9128, 0.0888645, 0.000623326, -120.72, -1.48276, 1.55412, -3.03688, -0.000266071
60.9168, 0.0879914, 0.00104142, -120.691, -1.48277, 1.55412, -3.03689, -0.000266095
60.9208, 0.0871471, 0.000568756, -120.663, -1.48278, 1.55412, -3.03691, -0.00026612
60.9248, 0.087052, -0.000385864, -120.635, -1.48279, 1.55413, -3.03692, -0.000266144
60.9288, 0.0877789, -0.000997982, -120.606, -1.4828, 1.55413, -3.03693, -0.000266168
60.9328, 0.088691, -0.000739569, -120.578, -1.48281, 1.55413, -3.03695, -0.000266192
60.9368, 0.0889926, 0.000165935, -120.55, -1.48282, 1.55413, -3.03696, -0.000266217
60.9408, 0.0884152, 0.000937394, -120.521, -1.48283, 1.55414, -3.03697, -0.000266241
60.9448, 0.087448, 0.000910015, -120.493, -1.48284, 1.55414, -3.03698, -0.000266265
60.9488, 0.0869157, 0.00010788, -120.465, -1.48285, 1.55414, -3.037, -0.000266289
60.9528, 0.0872674, -0.000777818, -120.436, -1.48286, 1.55415, -3.03701, -0.000266314
60.9568, 0.0881911, -0.000984686, -120.408, -1.48287, 1.55415, -3.03702, -0.000266338
60.9608, 0.0888829, -0.000335162, -120.38, -1.48288, 1.55415, -3.03704, -0.000266362
60.9648, 0.088739, 0.000611652, -120.351, -1.4829, 1.55415, -3.03705, -0.000266386
60.9688, 0.087875, 0.00104169, -120.323, -1.48291, 1.55416, -3.03706, -0.000266411
60.9728, 0.0870247, 0.000585781, -120.295, -1.48292, 1.55416, -3.03707, -0.000266435
60.9768, 0.0869096, -0.000363975, -120.266, -1.48293, 1.55416, -3.03709, -0.000266459
60.9808, 0.0876193, -0.000991919, -120.238, -1.48294, 1.55416, -3.0371, -0.000266483
60.9848, 0.0885353, -0.000759402, -120.21, -1.48295, 1.55417, -3.03711, -0.000266508
60.9889, 0.0888631, 0.000133606, -120.182, -1.48296, 1.55417, -3.03713, -0.000266532
60.9929, 0.0883131, 0.000921066, -120.153, -1.48297, 1.55417, -3.03714, -0.000266556
60.9969, 0.0873485, 0.000928199, -120.125, -1.48298, 1.55417, -3.03715, -0.000266581
61.0009, 0.0867869, 0.000149378, -120.097, -1.48299, 1.55418, -3.03716, -0.000266605
61.0049, 0.0871002, -0.000748042, -120.069, -1.483, 1.55418, -3.03718, -0.000266629
61.0089, 0.0880109, -0.000995907, -120.04, -1.48301, 1.55418, -3.03719, -0.000266653
61.0129, 0.0887307, -0.000382566, -120.012, -1.48302, 1.55419, -3.0372, -0.000266678
61.0169, 0.0886354, 0.000566959, -119.984, -1.48303, 1.55419, -3.03722, -0.000266702
61.0209, 0.0877982, 0.00104085, -119.956, -1.48304, 1.55419, -3.03723, -0.000266726
61.0249, 0.086926, 0.000634505, -119.927, -1.48305, 1.55419, -3.03724, -0.000266751
61.0289, 0.086755, -0.000304491, -119.899, -1.48306, 1.5542, -3.03726, -0.000266775
61.0329, 0.0874218, -0.000974238, -119.871, -1.48307, 1.5542, -3.03727, -0.000266799
61.0369, 0.0883483, -0.000803418, -119.843, -1.48308, 1.5542, -3.03728, -0.000266824
61.041, 0.0887326, 9.65596e-05, -119.814, -1.48309, 1.5542, -3.03729, -0.000266849
61.0452, 0.0881834, 0.000918399, -119.785, -1.4831, 1.55421, -3.03731, -0.000266874
61.0493, 0.0871904, 0.000915753, -119.755, -1.48311, 1.55421, -3.03732, -0.000266899
61.0535, 0.0866456, 9.15263e-05, -119.726, -1.48312, 1.55421, -3.03733, -0.000266924
61.0576, 0.0870335, -0.000805881, -119.697, -1.48313, 1.55421, -3.03735, -0.000266949
61.0618, 0.087992, -0.000962487, -119.668, -1.48314, 1.55422, -3.03736, -0.000266975
61.0659, 0.0886421, -0.000236763, -119.639, -1.48315, 1.55422, -3.03737, -0.000267
61.0701, 0.0883853, 0.000713119, -119.61, -1.48317, 1.55422, -3.03739, -0.000267025
61.0742, 0.0874451, 0.00102665, -119.581, -1.48318, 1.55423, -3.0374, -0.00026705
61.0784, 0.0866635, 0.000420363, -119.552, -1.48319, 1.55423, -3.03742, -0.000267075
61.0825, 0.086738, -0.000556516, -119.523, -1.4832, 1.55423, -3.03743, -0.000267101
61.0866, 0.0875912, -0.00102011, -119.493, -1.48321, 1.55423, -3.03744, -0.000267126
61.0908, 0.0884415, -0.000551579, -119.464, -1.48322, 1.55424, -3.03746, -0.000267151
61.0949, 0.0885108, 0.000425083, -119.435, -1.48323, 1.55424, -3.03747, -0.000267176
61.0991, 0.0877274, 0.0010273, -119.406, -1.48324, 1.55424, -3.03748, -0.000267201
61.1032, 0.0867896, 0.000711543, -119.377, -1.48325, 1.55424, -3.0375, -0.000267227
61.1074, 0.0865342, -0.000236648, -119.348, -1.48326, 1.55425, -3.03751, -0.000267252
61.1115, 0.0871817, -0.000961487, -119.319, -1.48327, 1.55425, -3.03752, -0.000267277
61.1157, 0.088138, -0.000809498, -119.29, -1.48328, 1.55425, -3.03754, -0.000267302
61.1198, 0.0885314, 8.179e-05, -119.261, -1.48329, 1.55426, -3.03755, -0.000267327
61.1239, 0.0879982, 0.000908945, -119.232, -1.4833, 1.55426, -3.03756, -0.000267353
61.1281, 0.0870096, 0.000927139, -119.203, -1.48331, 1.55426, -3.03758, -0.000267378
61.1322, 0.0864461, 0.000120492, -119.174, -1.48333, 1.55426, -3.03759, -0.000267403
61.1364, 0.0868048, -0.000784733, -119.145, -1.48334, 1.55427, -3.0376, -0.000267428
61.1405, 0.0877531, -0.000974393, -119.116, -1.48335, 1.55427, -3.03762, -0.000267454
61.1447, 0.0884285, -0.000278438, -119.087, -1.48336, 1.55427, -3.03763, -0.000267479
61.1488, 0.0882148, 0.000677267, -119.058, -1.48337, 1.55427, -3.03764, -0.000267504
61.153, 0.0872949, 0.00103424, -119.029, -1.48338, 1.55428, -3.03766, -0.000267529
61.1571, 0.0864855, 0.000472395, -119, -1.48339, 1.55428, -3.03767, -0.000267555
61.1613, 0.0865032, -0.000503555, -118.971, -1.4834, 1.55428, -3.03768, -0.00026758
61.1654, 0.0873221, -0.00101802, -118.942, -1.48341, 1.55429, -3.0377, -0.000267605
61.1695, 0.0881981, -0.000610064, -118.913, -1.48342, 1.55429, -3.03771, -0.00026763
61.1737, 0.0883365, 0.000354178, -118.885, -1.48343, 1.55429, -3.03772, -0.000267656
61.1778, 0.0876044, 0.00101069, -118.856, -1.48344, 1.55429, -3.03774, -0.000267681
61.182, 0.0866482, 0.000771896, -118.827, -1.48345, 1.5543, -3.03775, -0.000267706
61.1861, 0.0863142, -0.00014796, -118.798, -1.48346, 1.5543, -3.03776, -0.000267731
61.1903, 0.0868913, -0.000925643, -118.769, -1.48347, 1.5543, -3.03778, -0.000267757
61.1944, 0.0878534, -0.000865911, -118.74, -1.48348, 1.5543, -3.03779, -0.000267782
61.1986, 0.0883309, -2.26634e-05, -118.711, -1.4835, 1.55431, -3.0378, -0.000267807
61.2027, 0.0878881, 0.000850347, -118.682, -1.48351, 1.55431, -3.03782, -0.000267832
61.2068, 0.0869114, 0.000973593, -118.653, -1.48352, 1.55431, -3.03783, -0.000267858
61.211, 0.0862633, 0.000237543, -118.625, -1.48353, 1.55432, -3.03784, -0.000267883
61.2151, 0.0865124, -0.000700637, -118.596, -1.48354, 1.55432, -3.03786, -0.000267908
61.2193, 0.0874264, -0.00100425, -118.567, -1.48355, 1.55432, -3.03787, -0.000267934
61.2234, 0.0881808, -0.000403063, -118.538, -1.48356, 1.55432, -3.03788, -0.000267959
61.2276, 0.0880942, 0.000566753, -118.509, -1.48357, 1.55433, -3.0379, -0.000267984
61.2317, 0.0872346, 0.00104135, -118.48, -1.48358, 1.55433, -3.03791, -0.000268009
61.2359, 0.0863583, 0.000598599, -118.452, -1.48359, 1.55433, -3.03792, -0.000268035
61.24, 0.0862354, -0.000367014, -118.423, -1.4836, 1.55433, -3.03794, -0.00026806
61.2442, 0.0869653, -0.000996431, -118.394, -1.48361, 1.55434, -3.03795, -0.000268085
61.2483, 0.0878892, -0.00073036, -118.365, -1.48362, 1.55434, -3.03796, -0.000268111
61.2524, 0.0881766, 0.000194236, -118.336, -1.48363, 1.55434, -3.03798, -0.000268136
61.2566, 0.0875632, 0.000955801, -118.308, -1.48364, 1.55435, -3.03799, -0.000268161
61.2607, 0.0865847, 0.000878381, -118.279, -1.48366, 1.55435, -3.038, -0.000268187
61.2649, 0.0861, 3.11971e-05, -118.25, -1.48367, 1.55435, -3.03802, -0.000268212
61.269, 0.0865294, -0.000833881, -118.221, -1.48368, 1.55435, -3.03803, -0.000268237
61.2732, 0.0874821, -0.000949924, -118.193, -1.48369, 1.55436, -3.03804, -0.000268263
61.2773, 0.0881042, -0.000214564, -118.164, -1.4837, 1.55436, -3.03806, -0.000268288
61.2815, 0.0878354, 0.000720333, -118.135, -1.48371, 1.55436, -3.03807, -0.000268313
61.2856, 0.0869049, 0.00102695, -118.106, -1.48372, 1.55436, -3.03808, -0.000268339
61.2898, 0.0861271, 0.000434334, -118.078, -1.48373, 1.55437, -3.0381, -0.000268364
61.2939, 0.0861804, -0.000532749, -118.049, -1.48374, 1.55437, -3.03811, -0.000268389
61.298, 0.0870079, -0.00101902, -118.02, -1.48375, 1.55437, -3.03812, -0.000268415
61.3022, 0.0878683, -0.000595029, -117.992, -1.48376, 1.55438, -3.03814, -0.00026844
61.3063, 0.0879922, 0.000364119, -117.963, -1.48377, 1.55438, -3.03815, -0.000268465
61.3105, 0.0872612, 0.0010112, -117.934, -1.48378, 1.55438, -3.03816, -0.000268491
61.3146, 0.0863117, 0.000775315, -117.906, -1.48379, 1.55438, -3.03818, -0.000268516
61.3188, 0.085972, -0.000134888, -117.877, -1.4838, 1.55439, -3.03819, -0.000268541
61.3229, 0.0865319, -0.000916389, -117.848, -1.48381, 1.55439, -3.0382, -0.000268567
61.3271, 0.087488, -0.000880462, -117.82, -1.48383, 1.55439, -3.03822, -0.000268592
61.3312, 0.0879884, -5.92678e-05, -117.791, -1.48384, 1.55439, -3.03823, -0.000268617
61.3353, 0.0875832, 0.000823564, -117.762, -1.48385, 1.5544, -3.03824, -0.000268643
61.3395, 0.0866205, 0.000990928, -117.734, -1.48386, 1.5544, -3.03826, -0.000268668
61.3436, 0.0859381, 0.000296024, -117.705, -1.48387, 1.5544, -3.03827, -0.000268694
61.3478, 0.0861267, -0.000649495, -117.677, -1.48388, 1.55441, -3.03828, -0.000268719
61.3519, 0.0870105, -0.00101434, -117.648, -1.48389, 1.55441, -3.0383, -0.000268744
61.3561, 0.0878033, -0.000478312, -117.619, -1.4839, 1.55441, -3.03831, -0.00026877
61.3602, 0.0877995, 0.000487271, -117.591, -1.48391, 1.55441, -3.03832, -0.000268795
61.3644, 0.0869936, 0.00103451, -117.562, -1.48392, 1.55442, -3.03834, -0.000268821
61.3685, 0.0860839, 0.000683503, -117.534, -1.48393, 1.55442, -3.03835, -0.000268846
61.3727, 0.085859, -0.000257339, -117.505, -1.48394, 1.55442, -3.03836, -0.000268871
61.3768, 0.0865063, -0.000962841, -117.477, -1.48395, 1.55442, -3.03838, -0.000268897
61.3809, 0.0874488, -0.000814937, -117.448, -1.48396, 1.55443, -3.03839, -0.000268922
61.3851, 0.0878513, 5.6292e-05, -117.42, -1.48397, 1.55443, -3.0384, -0.000268947
61.3892, 0.0873526, 0.000887647, -117.391, -1.48399, 1.55443, -3.03842, -0.000268973
61.3934, 0.0863803, 0.000951642, -117.362, -1.484, 1.55444, -3.03843, -0.000268998
61.3975, 0.0857759, 0.000192785, -117.334, -1.48401, 1.55444, -3.03844, -0.000269024
61.4017, 0.0860582, -0.000724927, -117.305, -1.48402, 1.55444, -3.03846, -0.000269049
61.4058, 0.0869708, -0.00099939, -117.277, -1.48403, 1.55444, -3.03847, -0.000269075
61.41, 0.0877067, -0.000391253, -117.248, -1.48404, 1.55445, -3.03848, -0.0002691
61.4141, 0.0876143, 0.000567942, -117.22, -1.48405, 1.55445, -3.0385, -0.000269125
61.4182, 0.0867654, 0.00104085, -117.191, -1.48406, 1.55445, -3.03851, -0.000269151
61.4224, 0.0858918, 0.000615226, -117.163, -1.48407, 1.55445, -3.03852, -0.000269176
61.4265, 0.085746, -0.000337222, -117.135, -1.48408, 1.55446, -3.03854, -0.000269202
61.4307, 0.0864453, -0.000986039, -117.106, -1.48409, 1.55446, -3.03855, -0.000269227
61.4348, 0.0873707, -0.000766175, -117.078, -1.4841, 1.55446, -3.03856, -0.000269253
61.439, 0.087707, 0.000130368, -117.049, -1.48411, 1.55447, -3.03858, -0.000269278
61.4431, 0.0871526, 0.000922812, -117.021, -1.48412, 1.55447, -3.03859, -0.000269303
61.4473, 0.0861811, 0.00092179, -116.992, -1.48413, 1.55447, -3.03861, -0.000269329
61.4514, 0.0856284, 0.000128694, -116.964, -1.48414, 1.55447, -3.03862, -0.000269354
61.4556, 0.0859654, -0.000766589, -116.936, -1.48416, 1.55448, -3.03863, -0.00026938
61.4597, 0.0868895, -0.000986132, -116.907, -1.48417, 1.55448, -3.03865, -0.000269405
61.4638, 0.0875886, -0.000339695, -116.879, -1.48418, 1.55448, -3.03866, -0.000269431
61.468, 0.0874466, 0.000611024, -116.85, -1.48419, 1.55448, -3.03867, -0.000269456
61.4721, 0.0865782, 0.00104092, -116.822, -1.4842, 1.55449, -3.03869, -0.000269482
61.4763, 0.0857276, 0.000577482, -116.794, -1.48421, 1.55449, -3.0387, -0.000269507
61.4804, 0.0856231, -0.00037697, -116.765, -1.48422, 1.55449, -3.03871, -0.000269532
61.4846, 0.0863455, -0.00099508, -116.737, -1.48423, 1.5545, -3.03873, -0.000269558
61.4887, 0.0872594, -0.000741698, -116.708, -1.48424, 1.5545, -3.03874, -0.000269583
61.4929, 0.0875643, 0.000163263, -116.68, -1.48425, 1.5545, -3.03875, -0.000269609
61.497, 0.0869875, 0.000936288, -116.652, -1.48426, 1.5545, -3.03877, -0.000269634
61.5012, 0.0860193, 0.000908827, -116.623, -1.48427, 1.55451, -3.03878, -0.00026966
61.5053, 0.0854879, 0.000105133, -116.595, -1.48428, 1.55451, -3.03879, -0.000269685
61.5094, 0.0858429, -0.00077976, -116.567, -1.48429, 1.55451, -3.03881, -0.000269711
61.5136, 0.0867681, -0.000981432, -116.539, -1.4843, 1.55451, -3.03882, -0.000269736
61.5177, 0.087455, -0.000326186, -116.51, -1.48431, 1.55452, -3.03883, -0.000269762
61.5219, 0.0873018, 0.00061994, -116.482, -1.48433, 1.55452, -3.03885, -0.000269787
61.526, 0.0864321, 0.0010406, -116.454, -1.48434, 1.55452, -3.03886, -0.000269813
61.5302, 0.085587, 0.000573422, -116.425, -1.48435, 1.55453, -3.03887, -0.000269838
61.5343, 0.0854857, -0.000378391, -116.397, -1.48436, 1.55453, -3.03889, -0.000269864
61.5385, 0.0862059, -0.00099456, -116.369, -1.48437, 1.55453, -3.0389, -0.000269889
61.5426, 0.0871177, -0.000744718, -116.341, -1.48438, 1.55453, -3.03891, -0.000269915
61.5467, 0.087427, 0.000155545, -116.312, -1.48439, 1.55454, -3.03893, -0.00026994
61.5509, 0.0868591, 0.000931304, -116.284, -1.4844, 1.55454, -3.03894, -0.000269966
61.555, 0.0858936, 0.000915539, -116.256, -1.48441, 1.55454, -3.03895, -0.000269991
61.5592, 0.0853516, 0.000122305, -116.228, -1.48442, 1.55454, -3.03897, -0.000270017
61.5633, 0.0856893, -0.00076638, -116.199, -1.48443, 1.55455, -3.03898, -0.000270042
61.5675, 0.0866071, -0.000987272, -116.171, -1.48444, 1.55455, -3.03899, -0.000270068
61.5716, 0.0873076, -0.000351181, -116.143, -1.48445, 1.55455, -3.03901, -0.000270093
61.5758, 0.0871808, 0.000595577, -116.115, -1.48446, 1.55456, -3.03902, -0.000270119
61.5799, 0.0863268, 0.00104084, -116.087, -1.48447, 1.55456, -3.03903, -0.000270144
61.5841, 0.0854692, 0.000603239, -116.058, -1.48448, 1.55456, -3.03905, -0.00027017
61.5882, 0.0853336, -0.000341705, -116.03, -1.4845, 1.55456, -3.03906, -0.000270196
61.5923, 0.0860266, -0.000984347, -116.002, -1.48451, 1.55457, -3.03907, -0.000270221
61.5965, 0.0869453, -0.000774718, -115.974, -1.48452, 1.55457, -3.03909, -0.000270247
61.6006, 0.0872944, 0.000107258, -115.946, -1.48453, 1.55457, -3.0391, -0.000270272
61.6048, 0.0867665, 0.000906783, -115.918, -1.48454, 1.55457, -3.03911, -0.000270298
61.6089, 0.0858044, 0.000940366, -115.89, -1.48455, 1.55458, -3.03913, -0.000270323
61.6131, 0.0852215, 0.000179802, -115.861, -1.48456, 1.55458, -3.03914, -0.000270349
61.6172, 0.0855064, -0.000724748, -115.833, -1.48457, 1.55458, -3.03915, -0.000270374
61.6214, 0.0864061, -0.0010009, -115.805, -1.48458, 1.55459, -3.03917, -0.0002704
61.6255, 0.0871435, -0.000413375, -115.777, -1.48459, 1.55459, -3.03918, -0.000270426
61.6296, 0.0870805, 0.000536094, -115.749, -1.4846, 1.55459, -3.03919, -0.000270451
61.634, 0.0862199, 0.00104008, -115.72, -1.48461, 1.55459, -3.03921, -0.000270478
61.6383, 0.0853262, 0.000597295, -115.69, -1.48462, 1.5546, -3.03922, -0.000270504
61.6426, 0.0852109, -0.000384487, -115.661, -1.48463, 1.5546, -3.03923, -0.000270531
61.6469, 0.0859695, -0.00100253, -115.632, -1.48465, 1.5546, -3.03925, -0.000270558
61.6513, 0.0868942, -0.000689238, -115.603, -1.48466, 1.55461, -3.03926, -0.000270584
61.6556, 0.0871256, 0.000267105, -115.573, -1.48467, 1.55461, -3.03928, -0.000270611
61.6599, 0.0864416, 0.000988305, -115.544, -1.48468, 1.55461, -3.03929, -0.000270638
61.6642, 0.0854601, 0.000812849, -115.515, -1.48469, 1.55461, -3.0393, -0.000270664
61.6685, 0.0850712, -9.78021e-05, -115.486, -1.4847, 1.55462, -3.03932, -0.000270691
61.6729, 0.0856208, -0.00090849, -115.456, -1.48471, 1.55462, -3.03933, -0.000270718
61.6772, 0.0865947, -0.000876548, -115.427, -1.48472, 1.55462, -3.03935, -0.000270744
61.6815, 0.0870906, -3.17524e-05, -115.398, -1.48473, 1.55463, -3.03936, -0.000270771
61.6858, 0.0866448, 0.000852133, -115.369, -1.48475, 1.55463, -3.03937, -0.000270798
61.6901, 0.0856556, 0.000966426, -115.34, -1.48476, 1.55463, -3.03939, -0.000270825
61.6945, 0.0850178, 0.000207095, -115.31, -1.48477, 1.55463, -3.0394, -0.000270851
61.6988, 0.0853041, -0.000731248, -115.281, -1.48478, 1.55464, -3.03942, -0.000270878
61.7031, 0.0862422, -0.0009912, -115.252, -1.48479, 1.55464, -3.03943, -0.000270905
61.7074, 0.0869649, -0.000335798, -115.223, -1.4848, 1.55464, -3.03944, -0.000270931
61.7117, 0.0868026, 0.000636153, -115.194, -1.48481, 1.55464, -3.03946, -0.000270958
61.7161, 0.0858938, 0.0010377, -115.165, -1.48482, 1.55465, -3.03947, -0.000270985
61.7204, 0.0850577, 0.000503022, -115.136, -1.48483, 1.55465, -3.03948, -0.000271011
61.7247, 0.0850461, -0.000479927, -115.106, -1.48485, 1.55465, -3.0395, -0.000271038
61.729, 0.0858591, -0.00101532, -115.077, -1.48486, 1.55466, -3.03951, -0.000271065
61.7334, 0.0867457, -0.000615883, -115.048, -1.48487, 1.55466, -3.03953, -0.000271092
61.7377, 0.0868887, 0.000354221, -115.019, -1.48488, 1.55466, -3.03954, -0.000271118
61.742, 0.0861485, 0.00101203, -114.99, -1.48489, 1.55466, -3.03955, -0.000271145
61.7463, 0.0851886, 0.000759529, -114.961, -1.4849, 1.55467, -3.03957, -0.000271172
61.7506, 0.0848717, -0.000173179, -114.932, -1.48491, 1.55467, -3.03958, -0.000271199
61.755, 0.0854752, -0.000938264, -114.903, -1.48492, 1.55467, -3.0396, -0.000271225
61.7593, 0.0864404, -0.00084104, -114.874, -1.48493, 1.55468, -3.03961, -0.000271252
61.7636, 0.086881, 2.96997e-05, -114.845, -1.48494, 1.55468, -3.03962, -0.000271279
61.7679, 0.0863874, 0.000883467, -114.816, -1.48496, 1.55468, -3.03964, -0.000271306
61.7722, 0.0853979, 0.000946032, -114.787, -1.48497, 1.55468, -3.03965, -0.000271332
61.7766, 0.0847997, 0.000161187, -114.758, -1.48498, 1.55469, -3.03967, -0.000271359
61.7809, 0.0851244, -0.00075945, -114.729, -1.48499, 1.55469, -3.03968, -0.000271386
61.7852, 0.0860674, -0.000982069, -114.7, -1.485, 1.55469, -3.03969, -0.000271413
61.7895, 0.0867648, -0.0003056, -114.671, -1.48501, 1.5547, -3.03971, -0.000271439
61.7938, 0.0865756, 0.00065735, -114.642, -1.48502, 1.5547, -3.03972, -0.000271466
61.7982, 0.0856616, 0.00103578, -114.613, -1.48503, 1.5547, -3.03973, -0.000271493
61.8025, 0.0848393, 0.000487993, -114.584, -1.48504, 1.5547, -3.03975, -0.00027152
61.8068, 0.0848417, -0.000490496, -114.555, -1.48506, 1.55471, -3.03976, -0.000271546
61.8111, 0.085656, -0.00101577, -114.526, -1.48507, 1.55471, -3.03978, -0.000271573
61.8155, 0.0865368, -0.000613972, -114.497, -1.48508, 1.55471, -3.03979, -0.0002716
61.8198, 0.0866792, 0.000351793, -114.468, -1.48509, 1.55472, -3.0398, -0.000271627
61.8241, 0.0859455, 0.00101023, -114.439, -1.4851, 1.55472, -3.03982, -0.000271654
61.8284, 0.0849875, 0.000768027, -114.41, -1.48511, 1.55472, -3.03983, -0.00027168
61.8327, 0.0846585, -0.000156023, -114.381, -1.48512, 1.55472, -3.03985, -0.000271707
61.8371, 0.0852445, -0.000929324, -114.352, -1.48513, 1.55473, -3.03986, -0.000271734
61.8414, 0.0862074, -0.00085589, -114.323, -1.48514, 1.55473, -3.03987, -0.000271761
61.8457, 0.0866707, -2.33004e-06, -114.294, -1.48516, 1.55473, -3.03989, -0.000271788
61.85, 0.0862081, 0.000863253, -114.266, -1.48517, 1.55474, -3.0399, -0.000271814
61.8543, 0.0852261, 0.000962796, -114.237, -1.48518, 1.55474, -3.03992, -0.000271841
61.8587, 0.0845973, 0.000207352, -114.208, -1.48519, 1.55474, -3.03993, -0.000271868
61.863, 0.0848763, -0.000724103, -114.179, -1.4852, 1.55474, -3.03994, -0.000271895
61.8673, 0.0858022, -0.000995352, -114.15, -1.48521, 1.55475, -3.03996, -0.000271922
61.8716, 0.0865338, -0.000363444, -114.121, -1.48522, 1.55475, -3.03997, -0.000271948
61.8759, 0.0864053, 0.000604349, -114.092, -1.48523, 1.55475, -3.03999, -0.000271975
61.8803, 0.0855225, 0.00104031, -114.064, -1.48524, 1.55476, -3.04, -0.000272002
61.8846, 0.0846669, 0.000554167, -114.035, -1.48525, 1.55476, -3.04001, -0.000272029
61.8889, 0.0845949, -0.000418115, -114.006, -1.48527, 1.55476, -3.04003, -0.000272056
61.8932, 0.0853604, -0.00100591, -113.977, -1.48528, 1.55476, -3.04004, -0.000272083
61.8975, 0.0862682, -0.000683542, -113.948, -1.48529, 1.55477, -3.04005, -0.000272109
61.9019, 0.0864963, 0.000260103, -113.919, -1.4853, 1.55477, -3.04007, -0.000272136
61.9062, 0.0858315, 0.000981126, -113.891, -1.48531, 1.55477, -3.04008, -0.000272163
61.9105, 0.0848584, 0.000835459, -113.862, -1.48532, 1.55478, -3.0401, -0.00027219
61.9148, 0.0844363, -4.62503e-05, -113.833, -1.48533, 1.55478, -3.04011, -0.000272217
61.9192, 0.0849318, -0.00087648, -113.804, -1.48534, 1.55478, -3.04012, -0.000272244
61.9235, 0.0858924, -0.000914509, -113.776, -1.48535, 1.55478, -3.04014, -0.000272271
61.9278, 0.0864511, -0.000126931, -113.747, -1.48537, 1.55479, -3.04015, -0.000272297
61.9321, 0.0861005, 0.000783684, -113.718, -1.48538, 1.55479, -3.04017, -0.000272324
61.9364, 0.0851435, 0.00100592, -113.689, -1.48539, 1.55479, -3.04018, -0.000272351
61.9408, 0.0844231, 0.000342305, -113.661, -1.4854, 1.5548, -3.04019, -0.000272378
61.9451, 0.0845704, -0.000615869, -113.632, -1.48541, 1.5548, -3.04021, -0.000272405
61.9494, 0.0854441, -0.00101589, -113.603, -1.48542, 1.5548, -3.04022, -0.000272432
61.9537, 0.0862568, -0.00050236, -113.575, -1.48543, 1.5548, -3.04024, -0.000272459
61.958, 0.0862763, 0.000467646, -113.546, -1.48544, 1.55481, -3.04025, -0.000272485
61.9624, 0.085476, 0.00103199, -113.517, -1.48545, 1.55481, -3.04026, -0.000272512
61.9667, 0.0845573, 0.000689752, -113.488, -1.48546, 1.55481, -3.04028, -0.000272539
61.971, 0.084326, -0.000254687, -113.46, -1.48548, 1.55481, -3.04029, -0.000272566
61.9753, 0.084977, -0.000962974, -113.431, -1.48549, 1.55482, -3.0403, -0.000272593
61.9796, 0.0859226, -0.000807116, -113.403, -1.4855, 1.55482, -3.04032, -0.00027262
61.984, 0.0863147, 7.41721e-05, -113.374, -1.48551, 1.55482, -3.04033, -0.000272647
61.9883, 0.0857963, 0.000899584, -113.345, -1.48552, 1.55483, -3.04035, -0.000272674
61.9926, 0.0848173, 0.000938165, -113.317, -1.48553, 1.55483, -3.04036, -0.000272701
61.9969, 0.084235, 0.000156274, -113.288, -1.48554, 1.55483, -3.04037, -0.000272728
62.0013, 0.0845543, -0.000753749, -113.259, -1.48555, 1.55483, -3.04039, -0.000272754
62.0056, 0.0854827, -0.000987017, -113.231, -1.48556, 1.55484, -3.0404, -0.000272781
62.0099, 0.0861892, -0.000337765, -113.202, -1.48558, 1.55484, -3.04042, -0.000272808
62.0142, 0.08604, 0.000619789, -113.174, -1.48559, 1.55484, -3.04043, -0.000272835
62.0185, 0.0851577, 0.00103979, -113.145, -1.4856, 1.55485, -3.04044, -0.000272862
62.0229, 0.0843117, 0.000551844, -113.116, -1.48561, 1.55485, -3.04046, -0.000272889
62.0272, 0.0842388, -0.000412936, -113.088, -1.48562, 1.55485, -3.04047, -0.000272916
62.0315, 0.084993, -0.00100339, -113.059, -1.48563, 1.55485, -3.04049, -0.000272943
62.0358, 0.0858991, -0.000699269, -113.031, -1.48564, 1.55486, -3.0405, -0.00027297
62.0401, 0.086149, 0.000230887, -113.002, -1.48565, 1.55486, -3.04051, -0.000272997
62.0445, 0.0855133, 0.000967506, -112.974, -1.48566, 1.55486, -3.04053, -0.000273024
62.0488, 0.0845424, 0.000862291, -112.945, -1.48567, 1.55487, -3.04054, -0.000273051
62.0531, 0.0840811, 8.36598e-06, -112.917, -1.48569, 1.55487, -3.04055, -0.000273078
62.0574, 0.084525, -0.000842794, -112.888, -1.4857, 1.55487, -3.04057, -0.000273105
62.0617, 0.0854736, -0.000942982, -112.86, -1.48571, 1.55487, -3.04058, -0.000273132
62.0661, 0.0860834, -0.000204655, -112.831, -1.48572, 1.55488, -3.0406, -0.000273159
62.0704, 0.0858093, 0.000723225, -112.803, -1.48573, 1.55488, -3.04061, -0.000273185
62.0747, 0.0848829, 0.00102603, -112.774, -1.48574, 1.55488, -3.04062, -0.000273212
62.079, 0.0841076, 0.000438483, -112.746, -1.48575, 1.55489, -3.04064, -0.000273239
62.0834, 0.0841537, -0.000523552, -112.717, -1.48576, 1.55489, -3.04065, -0.000273266
62.0877, 0.0849704, -0.00101652, -112.689, -1.48577, 1.55489, -3.04067, -0.000273293
62.092, 0.0858321, -0.000608788, -112.66, -1.48579, 1.55489, -3.04068, -0.00027332
62.0963, 0.0859743, 0.000341972, -112.632, -1.4858, 1.5549, -3.04069, -0.000273347
62.1006, 0.0852634, 0.00100314, -112.603, -1.48581, 1.5549, -3.04071, -0.000273374
62.105, 0.0843122, 0.000796418, -112.575, -1.48582, 1.5549, -3.04072, -0.000273401
62.1093, 0.0839432, -9.6843e-05, -112.547, -1.48583, 1.55491, -3.04074, -0.000273428
62.1136, 0.0844688, -0.000895347, -112.518, -1.48584, 1.55491, -3.04075, -0.000273455
62.1179, 0.0854196, -0.000901467, -112.49, -1.48585, 1.55491, -3.04076, -0.000273482
62.1222, 0.0859553, -0.000110373, -112.461, -1.48586, 1.55491, -3.04078, -0.000273509
62.1266, 0.0855988, 0.000786847, -112.433, -1.48587, 1.55492, -3.04079, -0.000273536
62.1309, 0.0846522, 0.00100728, -112.405, -1.48589, 1.55492, -3.0408, -0.000273563
62.1352, 0.0839318, 0.00035913, -112.376, -1.4859, 1.55492, -3.04082, -0.00027359
62.1395, 0.0840557, -0.000592034, -112.348, -1.48591, 1.55493, -3.04083, -0.000273617
62.1438, 0.0849058, -0.00101726, -112.319, -1.48592, 1.55493, -3.04085, -0.000273644
62.1482, 0.0857317, -0.000546555, -112.291, -1.48593, 1.55493, -3.04086, -0.000273671
62.1525, 0.0858048, 0.000409745, -112.263, -1.48594, 1.55493, -3.04087, -0.000273698
62.1568, 0.0850524, 0.00101926, -112.234, -1.48595, 1.55494, -3.04089, -0.000273725
62.1611, 0.0841197, 0.000752135, -112.206, -1.48596, 1.55494, -3.0409, -0.000273752
62.1655, 0.0838081, -0.000158849, -112.178, -1.48597, 1.55494, -3.04092, -0.000273779
62.1698, 0.0843783, -0.000921735, -112.149, -1.48598, 1.55495, -3.04093, -0.000273806
62.1741, 0.0853249, -0.000874073, -112.121, -1.486, 1.55495, -3.04094, -0.000273833
62.1784, 0.0858164, -5.77675e-05, -112.093, -1.48601, 1.55495, -3.04096, -0.000273861
62.1827, 0.085417, 0.000818403, -112.065, -1.48602, 1.55495, -3.04097, -0.000273888
62.1871, 0.0844642, 0.000994534, -112.036, -1.48603, 1.55496, -3.04098, -0.000273915
62.1914, 0.0837746, 0.000318408, -112.008, -1.48604, 1.55496, -3.041, -0.000273942
62.1957, 0.083936, -0.000623582, -111.98, -1.48605, 1.55496, -3.04101, -0.000273969
62.2, 0.0847985, -0.00101545, -111.952, -1.48606, 1.55496, -3.04103, -0.000273996
62.2043, 0.0856054, -0.000518338, -111.923, -1.48607, 1.55497, -3.04104, -0.000274023
62.2087, 0.0856491, 0.00043705, -111.895, -1.48608, 1.55497, -3.04105, -0.00027405
62.213, 0.0848826, 0.00102416, -111.867, -1.48609, 1.55497, -3.04107, -0.000274077
62.2173, 0.0839596, 0.000735712, -111.839, -1.48611, 1.55498, -3.04108, -0.000274104
62.2216, 0.0836681, -0.000178482, -111.81, -1.48612, 1.55498, -3.0411, -0.000274131
62.2259, 0.0842499, -0.000928482, -111.782, -1.48613, 1.55498, -3.04111, -0.000274158
62.2303, 0.0851927, -0.000866972, -111.754, -1.48614, 1.55498, -3.04112, -0.000274185
62.2346, 0.0856732, -4.75554e-05, -111.726, -1.48615, 1.55499, -3.04114, -0.000274212
62.2389, 0.0852678, 0.000822583, -111.698, -1.48616, 1.55499, -3.04115, -0.000274239
62.2432, 0.0843171, 0.000993331, -111.669, -1.48617, 1.55499, -3.04117, -0.000274266
62.2475, 0.083631, 0.000318032, -111.641, -1.48618, 1.555, -3.04118, -0.000274294
62.2519, 0.0837907, -0.000621171, -111.613, -1.48619, 1.555, -3.04119, -0.000274321
62.2562, 0.0846487, -0.00101562, -111.585, -1.48621, 1.555, -3.04121, -0.000274348
62.2605, 0.0854568, -0.00052627, -111.557, -1.48622, 1.555, -3.04122, -0.000274375
62.2648, 0.0855105, 0.000425436, -111.529, -1.48623, 1.55501, -3.04123, -0.000274402
62.2692, 0.0847547, 0.0010211, -111.5, -1.48624, 1.55501, -3.04125, -0.000274429
62.2735, 0.0838298, 0.000749143, -111.472, -1.48625, 1.55501, -3.04126, -0.000274456
62.2778, 0.0835208, -0.000156288, -111.444, -1.48626, 1.55502, -3.04128, -0.000274483
62.2821, 0.084083, -0.000917536, -111.416, -1.48627, 1.55502, -3.04129, -0.00027451
62.2864, 0.085024, -0.000881529, -111.388, -1.48628, 1.55502, -3.0413, -0.000274537
62.2908, 0.0855271, -7.96715e-05, -111.36, -1.48629, 1.55502, -3.04132, -0.000274565
62.2951, 0.0851518, 0.000800162, -111.332, -1.4863, 1.55503, -3.04133, -0.000274592
62.2994, 0.0842108, 0.00100406, -111.304, -1.48632, 1.55503, -3.04135, -0.000274619
62.3037, 0.0835009, 0.000357854, -111.276, -1.48633, 1.55503, -3.04136, -0.000274646
62.308, 0.0836203, -0.000584727, -111.248, -1.48634, 1.55504, -3.04137, -0.000274673
62.3124, 0.0844567, -0.00101699, -111.22, -1.48635, 1.55504, -3.04139, -0.0002747
62.3167, 0.0852849, -0.000569581, -111.191, -1.48636, 1.55504, -3.0414, -0.000274727
62.321, 0.0853876, 0.000374454, -111.163, -1.48637, 1.55504, -3.04142, -0.000274754
62.3253, 0.0846679, 0.00100818, -111.135, -1.48638, 1.55505, -3.04143, -0.000274782
62.3296, 0.0837318, 0.000790582, -111.107, -1.48639, 1.55505, -3.04144, -0.000274809
62.334, 0.0833689, -9.20236e-05, -111.079, -1.4864, 1.55505, -3.04146, -0.000274836
62.3383, 0.0838791, -0.000886122, -111.051, -1.48642, 1.55506, -3.04147, -0.000274863
62.3426, 0.0848173, -0.000914531, -111.023, -1.48643, 1.55506, -3.04148, -0.00027489
62.3469, 0.0853741, -0.000153539, -110.995, -1.48644, 1.55506, -3.0415, -0.000274917
62.3513, 0.0850658, 0.000747931, -110.967, -1.48645, 1.55506, -3.04151, -0.000274944
62.3556, 0.0841462, 0.00102205, -110.939, -1.48646, 1.55507, -3.04153, -0.000274972
62.3599, 0.0833892, 0.000435901, -110.911, -1.48647, 1.55507, -3.04154, -0.000274999
62.3642, 0.0834293, -0.000511223, -110.883, -1.48648, 1.55507, -3.04155, -0.000275026
62.3687, 0.0842655, -0.00101613, -110.854, -1.48649, 1.55508, -3.04157, -0.000275054
62.3732, 0.0851364, -0.000575075, -110.825, -1.4865, 1.55508, -3.04158, -0.000275083
62.3778, 0.0852301, 0.000405561, -110.796, -1.48652, 1.55508, -3.0416, -0.000275111
62.3823, 0.0844504, 0.00102371, -110.767, -1.48653, 1.55508, -3.04161, -0.000275139
62.3868, 0.0835038, 0.000711478, -110.738, -1.48654, 1.55509, -3.04163, -0.000275168
62.3913, 0.0832495, -0.000243699, -110.708, -1.48655, 1.55509, -3.04164, -0.000275196
62.3958, 0.0839099, -0.000964358, -110.679, -1.48656, 1.55509, -3.04165, -0.000275225
62.4003, 0.0848678, -0.000789258, -110.65, -1.48657, 1.5551, -3.04167, -0.000275253
62.4048, 0.0852337, 0.000120398, -110.621, -1.48659, 1.5551, -3.04168, -0.000275281
62.4093, 0.0846619, 0.000930098, -110.592, -1.4866, 1.5551, -3.0417, -0.00027531
62.4138, 0.0836666, 0.00089788, -110.563, -1.48661, 1.5551, -3.04171, -0.000275338
62.4184, 0.083149, 5.38054e-05, -110.534, -1.48662, 1.55511, -3.04173, -0.000275367
62.4229, 0.0835723, -0.000828808, -110.505, -1.48663, 1.55511, -3.04174, -0.000275395
62.4274, 0.0845378, -0.000942253, -110.475, -1.48664, 1.55511, -3.04176, -0.000275423
62.4319, 0.0851517, -0.000183266, -110.446, -1.48665, 1.55512, -3.04177, -0.000275452
62.4364, 0.0848423, 0.000753707, -110.417, -1.48667, 1.55512, -3.04179, -0.00027548
62.4409, 0.0838824, 0.00101237, -110.388, -1.48668, 1.55512, -3.0418, -0.000275509
62.4454, 0.0831387, 0.000356927, -110.359, -1.48669, 1.55513, -3.04181, -0.000275537
62.4499, 0.0832794, -0.000613677, -110.33, -1.4867, 1.55513, -3.04183, -0.000275566
62.4545, 0.084165, -0.0010136, -110.301, -1.48671, 1.55513, -3.04184, -0.000275594
62.459, 0.0849769, -0.000478487, -110.272, -1.48672, 1.55513, -3.04186, -0.000275622
62.4635, 0.0849645, 0.000503267, -110.243, -1.48674, 1.55514, -3.04187, -0.000275651
62.468, 0.0841291, 0.00103687, -110.214, -1.48675, 1.55514, -3.04189, -0.000275679
62.4725, 0.0832217, 0.000636662, -110.185, -1.48676, 1.55514, -3.0419, -0.000275708
62.477, 0.0830576, -0.000332444, -110.156, -1.48677, 1.55515, -3.04192, -0.000275736
62.4815, 0.0837753, -0.000988376, -110.127, -1.48678, 1.55515, -3.04193, -0.000275765
62.486, 0.084711, -0.000734852, -110.098, -1.48679, 1.55515, -3.04194, -0.000275793
62.4905, 0.0850036, 0.000197097, -110.069, -1.4868, 1.55515, -3.04196, -0.000275822
62.4951, 0.0843773, 0.000960361, -110.04, -1.48682, 1.55516, -3.04197, -0.00027585
62.4996, 0.0833909, 0.000861972, -110.011, -1.48683, 1.55516, -3.04199, -0.000275879
62.5041, 0.0829294, -8.20289e-06, -109.982, -1.48684, 1.55516, -3.042, -0.000275907
62.5086, 0.0834008, -0.000860253, -109.953, -1.48685, 1.55517, -3.04202, -0.000275935
62.5131, 0.0843665, -0.000921604, -109.924, -1.48686, 1.55517, -3.04203, -0.000275964
62.5176, 0.0849405, -0.000137171, -109.895, -1.48687, 1.55517, -3.04205, -0.000275992
62.5221, 0.0845928, 0.000781904, -109.867, -1.48688, 1.55518, -3.04206, -0.000276021
62.5266, 0.0836282, 0.00100339, -109.838, -1.4869, 1.55518, -3.04207, -0.000276049
62.5312, 0.0829098, 0.000327299, -109.809, -1.48691, 1.55518, -3.04209, -0.000276078
62.5357, 0.0830767, -0.000634209, -109.78, -1.48692, 1.55518, -3.0421, -0.000276106
62.5402, 0.0839671, -0.00101164, -109.751, -1.48693, 1.55519, -3.04212, -0.000276135
62.5447, 0.0847655, -0.000464303, -109.722, -1.48694, 1.55519, -3.04213, -0.000276163
62.5492, 0.0847403, 0.000512819, -109.693, -1.48695, 1.55519, -3.04215, -0.000276192
62.5537, 0.0839045, 0.0010373, -109.664, -1.48697, 1.5552, -3.04216, -0.00027622
62.5582, 0.0830024, 0.000636171, -109.636, -1.48698, 1.5552, -3.04218, -0.000276249
62.5627, 0.0828373, -0.000328166, -109.607, -1.48699, 1.5552, -3.04219, -0.000276277
62.5672, 0.0835471, -0.000985995, -109.578, -1.487, 1.5552, -3.0422, -0.000276306
62.5718, 0.0844814, -0.000744776, -109.549, -1.48701, 1.55521, -3.04222, -0.000276334
62.5763, 0.0847881, 0.000177651, -109.52, -1.48702, 1.55521, -3.04223, -0.000276363
62.5808, 0.0841813, 0.000950485, -109.491, -1.48703, 1.55521, -3.04225, -0.000276391
62.5853, 0.0831971, 0.00087847, -109.463, -1.48705, 1.55522, -3.04226, -0.00027642
62.5898, 0.0827106, 2.6934e-05, -109.434, -1.48706, 1.55522, -3.04228, -0.000276449
62.5943, 0.0831484, -0.000838176, -109.405, -1.48707, 1.55522, -3.04229, -0.000276477
62.5988, 0.0841061, -0.000939596, -109.376, -1.48708, 1.55523, -3.04231, -0.000276506
62.6033, 0.0847131, -0.000186754, -109.348, -1.48709, 1.55523, -3.04232, -0.000276534
62.6078, 0.0844144, 0.000744051, -109.319, -1.4871, 1.55523, -3.04233, -0.000276563
62.6124, 0.0834683, 0.00101764, -109.29, -1.48712, 1.55523, -3.04235, -0.000276591
62.6169, 0.0827132, 0.000389125, -109.261, -1.48713, 1.55524, -3.04236, -0.00027662
62.6214, 0.0828155, -0.000577572, -109.233, -1.48714, 1.55524, -3.04238, -0.000276648
62.6259, 0.0836727, -0.00101622, -109.204, -1.48715, 1.55524, -3.04239, -0.000276677
62.6304, 0.0845064, -0.000534391, -109.175, -1.48716, 1.55525, -3.04241, -0.000276706
62.6349, 0.0845602, 0.000436071, -109.146, -1.48717, 1.55525, -3.04242, -0.000276734
62.6394, 0.0837762, 0.00102673, -109.118, -1.48718, 1.55525, -3.04244, -0.000276763
62.6439, 0.0828456, 0.000709726, -109.089, -1.4872, 1.55525, -3.04245, -0.000276791
62.6485, 0.0825899, -0.000231032, -109.06, -1.48721, 1.55526, -3.04246, -0.00027682
62.653, 0.0832268, -0.000954801, -109.032, -1.48722, 1.55526, -3.04248, -0.000276848
62.6575, 0.0841767, -0.000815531, -109.003, -1.48723, 1.55526, -3.04249, -0.000276877
62.662, 0.0845815, 6.19205e-05, -108.974, -1.48724, 1.55527, -3.04251, -0.000276906
62.6665, 0.0840703, 0.000894422, -108.946, -1.48725, 1.55527, -3.04252, -0.000276934
62.671, 0.0830891, 0.000939817, -108.917, -1.48726, 1.55527, -3.04254, -0.000276963
62.6755, 0.0825023, 0.000158182, -108.888, -1.48728, 1.55528, -3.04255, -0.000276991
62.68, 0.0828221, -0.000753759, -108.86, -1.48729, 1.55528, -3.04257, -0.00027702
62.6845, 0.0837529, -0.000984085, -108.831, -1.4873, 1.55528, -3.04258, -0.000277049
62.6891, 0.0844558, -0.000328306, -108.803, -1.48731, 1.55528, -3.0426, -0.000277077
62.6936, 0.0842956, 0.00062976, -108.774, -1.48732, 1.55529, -3.04261, -0.000277106
62.6981, 0.0834051, 0.00103826, -108.745, -1.48733, 1.55529, -3.04262, -0.000277134
62.7026, 0.0825657, 0.000534605, -108.717, -1.48735, 1.55529, -3.04264, -0.000277163
62.7071, 0.0825126, -0.000433302, -108.688, -1.48736, 1.5553, -3.04265, -0.000277192
62.7116, 0.0832822, -0.00100599, -108.66, -1.48737, 1.5553, -3.04267, -0.00027722
62.7161, 0.084181, -0.000675632, -108.631, -1.48738, 1.5553, -3.04268, -0.000277249
62.7206, 0.0844015, 0.000264219, -108.603, -1.48739, 1.5553, -3.0427, -0.000277277
62.7252, 0.0837387, 0.000980111, -108.574, -1.4874, 1.55531, -3.04271, -0.000277306
62.7297, 0.0827701, 0.000837968, -108.545, -1.48741, 1.55531, -3.04273, -0.000277335
62.7342, 0.0823434, -3.57644e-05, -108.517, -1.48743, 1.55531, -3.04274, -0.000277363
62.7387, 0.0828258, -0.000867276, -108.488, -1.48744, 1.55532, -3.04275, -0.000277392
62.7432, 0.0837796, -0.000921004, -108.46, -1.48745, 1.55532, -3.04277, -0.000277421
62.7477, 0.0843511, -0.00014996, -108.431, -1.48746, 1.55532, -3.04278, -0.000277449
62.7522, 0.0840252, 0.000763863, -108.403, -1.48747, 1.55533, -3.0428, -0.000277478
62.7567, 0.0830803, 0.00101314, -108.374, -1.48748, 1.55533, -3.04281, -0.000277507
62.7612, 0.0823409, 0.000378225, -108.346, -1.48749, 1.55533, -3.04283, -0.000277535
62.7658, 0.0824492, -0.000579967, -108.317, -1.48751, 1.55533, -3.04284, -0.000277564
62.7703, 0.0832991, -0.00101602, -108.289, -1.48752, 1.55534, -3.04286, -0.000277593
62.7748, 0.0841305, -0.000545833, -108.261, -1.48753, 1.55534, -3.04287, -0.000277621
62.7793, 0.0842007, 0.000415641, -108.232, -1.48754, 1.55534, -3.04288, -0.00027765
62.7838, 0.0834382, 0.00102121, -108.204, -1.48755, 1.55535, -3.0429, -0.000277679
62.7883, 0.0825048, 0.000737996, -108.175, -1.48756, 1.55535, -3.04291, -0.000277707
62.7928, 0.0822117, -0.000184191, -108.147, -1.48758, 1.55535, -3.04293, -0.000277736
62.7973, 0.0828063, -0.000933834, -108.118, -1.48759, 1.55535, -3.04294, -0.000277765
62.8019, 0.083755, -0.000852041, -108.09, -1.4876, 1.55536, -3.04296, -0.000277793
62.8064, 0.084214, -1.12398e-05, -108.062, -1.48761, 1.55536, -3.04297, -0.000277822
62.8109, 0.0837704, 0.000849631, -108.033, -1.48762, 1.55536, -3.04299, -0.000277851
62.8154, 0.082804, 0.000974874, -108.005, -1.48763, 1.55537, -3.043, -0.000277879
62.8199, 0.0821531, 0.000255101, -107.976, -1.48764, 1.55537, -3.04301, -0.000277908
62.8244, 0.0823782, -0.000677894, -107.948, -1.48766, 1.55537, -3.04303, -0.000277937
62.8289, 0.0832712, -0.00100616, -107.92, -1.48767, 1.55538, -3.04304, -0.000277966
62.8334, 0.0840393, -0.000442494, -107.891, -1.48768, 1.55538, -3.04306, -0.000277994
62.8379, 0.0839999, 0.000518893, -107.863, -1.48769, 1.55538, -3.04307, -0.000278023
62.8425, 0.0831779, 0.00103627, -107.835, -1.4877, 1.55538, -3.04309, -0.000278052
62.847, 0.0822829, 0.000657303, -107.806, -1.48771, 1.55539, -3.0431, -0.00027808
62.8515, 0.0820876, -0.000286008, -107.778, -1.48773, 1.55539, -3.04312, -0.000278109
62.856, 0.082752, -0.00096883, -107.75, -1.48774, 1.55539, -3.04313, -0.000278138
62.8605, 0.0836852, -0.000794838, -107.721, -1.48775, 1.5554, -3.04314, -0.000278167
62.865, 0.0840621, 8.3466e-05, -107.693, -1.48776, 1.5554, -3.04316, -0.000278195
62.8695, 0.0835441, 0.000899083, -107.665, -1.48777, 1.5554, -3.04317, -0.000278224
62.874, 0.0825736, 0.000940588, -107.637, -1.48778, 1.5554, -3.04319, -0.000278253
62.8786, 0.0819872, 0.000172321, -107.608, -1.48779, 1.55541, -3.0432, -0.000278282
62.8831, 0.0822855, -0.000735646, -107.58, -1.48781, 1.55541, -3.04322, -0.00027831
62.8876, 0.0831981, -0.000992339, -107.552, -1.48782, 1.55541, -3.04323, -0.000278339
62.8921, 0.0839201, -0.000374715, -107.524, -1.48783, 1.55542, -3.04324, -0.000278368
62.8966, 0.0838133, 0.000579176, -107.495, -1.48784, 1.55542, -3.04326, -0.000278397
62.9011, 0.0829611, 0.00103944, -107.467, -1.48785, 1.55542, -3.04327, -0.000278425
62.9056, 0.082095, 0.000606271, -107.439, -1.48786, 1.55543, -3.04329, -0.000278454
62.9101, 0.0819575, -0.000343312, -107.411, -1.48787, 1.55543, -3.0433, -0.000278483
62.9146, 0.0826576, -0.000984235, -107.382, -1.48789, 1.55543, -3.04332, -0.000278512
62.9192, 0.0835769, -0.000760321, -107.354, -1.4879, 1.55543, -3.04333, -0.00027854
62.9237, 0.0839078, 0.000133555, -107.326, -1.48791, 1.55544, -3.04335, -0.000278569
62.9282, 0.0833536, 0.000921724, -107.298, -1.48792, 1.55544, -3.04336, -0.000278598
62.9327, 0.0823854, 0.000921047, -107.27, -1.48793, 1.55544, -3.04337, -0.000278627
62.9372, 0.0818324, 0.000132652, -107.242, -1.48794, 1.55545, -3.04339, -0.000278655
62.9417, 0.0821632, -0.000760174, -107.213, -1.48795, 1.55545, -3.0434, -0.000278684
62.9462, 0.083081, -0.000984551, -107.185, -1.48797, 1.55545, -3.04342, -0.000278713
62.9507, 0.0837813, -0.000346811, -107.157, -1.48798, 1.55545, -3.04343, -0.000278742
62.9553, 0.0836488, 0.000600981, -107.129, -1.48799, 1.55546, -3.04345, -0.000278771
62.9598, 0.0827887, 0.00103942, -107.101, -1.488, 1.55546, -3.04346, -0.000278799
62.9643, 0.0819345, 0.000590095, -107.073, -1.48801, 1.55546, -3.04348, -0.000278828
62.9688, 0.0818139, -0.000358406, -107.045, -1.48802, 1.55547, -3.04349, -0.000278857
62.9733, 0.0825206, -0.000987121, -107.017, -1.48804, 1.55547, -3.0435, -0.000278886
62.9778, 0.0834345, -0.000753908, -106.988, -1.48805, 1.55547, -3.04352, -0.000278915
62.9823, 0.0837575, 0.000139562, -106.96, -1.48806, 1.55548, -3.04353, -0.000278944
62.9868, 0.0832017, 0.000922839, -106.932, -1.48807, 1.55548, -3.04355, -0.000278972
62.9913, 0.0822367, 0.000921293, -106.904, -1.48808, 1.55548, -3.04356, -0.000279001
62.9959, 0.0816836, 0.000136795, -106.876, -1.48809, 1.55548, -3.04358, -0.00027903
63.0004, 0.0820083, -0.00075501, -106.848, -1.4881, 1.55549, -3.04359, -0.000279059
63.0049, 0.0829209, -0.000986969, -106.82, -1.48812, 1.55549, -3.04361, -0.000279088
63.0094, 0.0836267, -0.000360111, -106.792, -1.48813, 1.55549, -3.04362, -0.000279117
63.0139, 0.0835093, 0.000586313, -106.764, -1.48814, 1.5555, -3.04363, -0.000279145
63.0184, 0.0826604, 0.00103921, -106.736, -1.48815, 1.5555, -3.04365, -0.000279174
63.0229, 0.0817993, 0.000610123, -106.708, -1.48816, 1.5555, -3.04366, -0.000279203
63.0274, 0.081655, -0.000332159, -106.68, -1.48817, 1.5555, -3.04368, -0.000279232
63.032, 0.082341, -0.00097914, -106.652, -1.48818, 1.55551, -3.04369, -0.000279261
63.0365, 0.0832588, -0.000776409, -106.624, -1.4882, 1.55551, -3.04371, -0.00027929
63.041, 0.0836119, 0.000101748, -106.596, -1.48821, 1.55551, -3.04372, -0.000279319
63.0455, 0.0830886, 0.00090282, -106.568, -1.48822, 1.55552, -3.04374, -0.000279347
63.05, 0.0821275, 0.000941158, -106.54, -1.48823, 1.55552, -3.04375, -0.000279376
63.0545, 0.0815414, 0.000184489, -106.512, -1.48824, 1.55552, -3.04376, -0.000279405
63.059, 0.0818214, -0.00071957, -106.484, -1.48825, 1.55553, -3.04378, -0.000279434
63.0635, 0.0827178, -0.000998181, -106.456, -1.48827, 1.55553, -3.04379, -0.000279463
63.068, 0.0834545, -0.000413748, -106.428, -1.48828, 1.55553, -3.04381, -0.000279492
63.0726, 0.0833928, 0.000534082, -106.4, -1.48829, 1.55553, -3.04382, -0.000279521
63.0773, 0.0825332, 0.00103851, -106.371, -1.4883, 1.55554, -3.04384, -0.000279551
63.082, 0.0816396, 0.000596729, -106.342, -1.48831, 1.55554, -3.04385, -0.000279581
63.0867, 0.0815242, -0.000383658, -106.313, -1.48832, 1.55554, -3.04387, -0.000279611
63.0914, 0.0822817, -0.000999604, -106.284, -1.48834, 1.55555, -3.04388, -0.000279641
63.0961, 0.0832033, -0.00068451, -106.255, -1.48835, 1.55555, -3.0439, -0.000279671
63.1008, 0.0834303, 0.00027117, -106.226, -1.48836, 1.55555, -3.04391, -0.000279701
63.1055, 0.0827434, 0.0009884, -106.197, -1.48837, 1.55556, -3.04393, -0.000279732
63.1102, 0.0817634, 0.000808287, -106.168, -1.48838, 1.55556, -3.04394, -0.000279762
63.1149, 0.0813796, -0.000103138, -106.139, -1.4884, 1.55556, -3.04396, -0.000279792
63.1196, 0.0819329, -0.000908719, -106.11, -1.48841, 1.55556, -3.04397, -0.000279822
63.1243, 0.082904, -0.000869398, -106.081, -1.48842, 1.55557, -3.04399, -0.000279852
63.129, 0.0833911, -2.18028e-05, -106.051, -1.48843, 1.55557, -3.044, -0.000279882
63.1337, 0.0829371, 0.000856627, -106.022, -1.48844, 1.55557, -3.04402, -0.000279913
63.1384, 0.0819475, 0.000961121, -105.993, -1.48846, 1.55558, -3.04403, -0.000279943
63.1431, 0.081318, 0.000196523, -105.964, -1.48847, 1.55558, -3.04405, -0.000279973
63.1478, 0.0816133, -0.000736807, -105.935, -1.48848, 1.55558, -3.04406, -0.000280003
63.1526, 0.0825519, -0.000984992, -105.907, -1.48849, 1.55559, -3.04408, -0.000280033
63.1573, 0.0832641, -0.000321581, -105.878, -1.4885, 1.55559, -3.04409, -0.000280064
63.162, 0.0830884, 0.000646565, -105.849, -1.48852, 1.55559, -3.04411, -0.000280094
63.1667, 0.0821749, 0.00103497, -105.82, -1.48853, 1.5556, -3.04412, -0.000280124
63.1714, 0.0813471, 0.000489442, -105.791, -1.48854, 1.5556, -3.04414, -0.000280154
63.1761, 0.0813494, -0.000491602, -105.762, -1.48855, 1.5556, -3.04415, -0.000280184
63.1808, 0.0821681, -0.00101316, -105.733, -1.48856, 1.5556, -3.04417, -0.000280215
63.1855, 0.0830456, -0.000600124, -105.704, -1.48858, 1.55561, -3.04418, -0.000280245
63.1902, 0.0831714, 0.000370566, -105.675, -1.48859, 1.55561, -3.0442, -0.000280275
63.1949, 0.0824205, 0.0010146, -105.646, -1.4886, 1.55561, -3.04421, -0.000280305
63.1996, 0.0814661, 0.000746025, -105.617, -1.48861, 1.55562, -3.04423, -0.000280335
63.2043, 0.0811657, -0.000190208, -105.588, -1.48862, 1.55562, -3.04424, -0.000280366
63.209, 0.081781, -0.000942371, -105.559, -1.48864, 1.55562, -3.04426, -0.000280396
63.2137, 0.0827414, -0.000827024, -105.531, -1.48865, 1.55563, -3.04427, -0.000280426
63.2184, 0.0831634, 5.0468e-05, -105.502, -1.48866, 1.55563, -3.04429, -0.000280456
63.2231, 0.0826534, 0.000892929, -105.473, -1.48867, 1.55563, -3.0443, -0.000280487
63.2278, 0.0816639, 0.000935914, -105.444, -1.48868, 1.55563, -3.04432, -0.000280517
63.2325, 0.0810819, 0.000140986, -105.415, -1.4887, 1.55564, -3.04433, -0.000280547
63.2372, 0.0814238, -0.000770664, -105.386, -1.48871, 1.55564, -3.04435, -0.000280577
63.242, 0.0823684, -0.000972946, -105.358, -1.48872, 1.55564, -3.04436, -0.000280608
63.2467, 0.083049, -0.000283154, -105.329, -1.48873, 1.55565, -3.04438, -0.000280638
63.2514, 0.0828388, 0.000673737, -105.3, -1.48874, 1.55565, -3.04439, -0.000280668
63.2561, 0.0819179, 0.00103185, -105.271, -1.48876, 1.55565, -3.04441, -0.000280698
63.2608, 0.0811086, 0.000467785, -105.242, -1.48877, 1.55566, -3.04442, -0.000280729
63.2655, 0.0811315, -0.000508035, -105.214, -1.48878, 1.55566, -3.04444, -0.000280759
63.2702, 0.0819544, -0.00101383, -105.185, -1.48879, 1.55566, -3.04445, -0.000280789
63.2749, 0.0828231, -0.000593254, -105.156, -1.4888, 1.55567, -3.04447, -0.000280819
63.2796, 0.0829428, 0.000373527, -105.127, -1.48882, 1.55567, -3.04448, -0.00028085
63.2843, 0.0821952, 0.00101413, -105.099, -1.48883, 1.55567, -3.0445, -0.00028088
63.289, 0.0812442, 0.000751265, -105.07, -1.48884, 1.55567, -3.04451, -0.00028091
63.2937, 0.0809359, -0.000177585, -105.041, -1.48885, 1.55568, -3.04453, -0.000280941
63.2984, 0.0815369, -0.000935425, -105.012, -1.48886, 1.55568, -3.04454, -0.000280971
63.3031, 0.0824948, -0.000840192, -104.984, -1.48887, 1.55568, -3.04456, -0.000281001
63.3078, 0.0829366, 2.18456e-05, -104.955, -1.48889, 1.55569, -3.04457, -0.000281032
63.3125, 0.0824548, 0.000874971, -104.926, -1.4889, 1.55569, -3.04459, -0.000281062
63.3172, 0.0814722, 0.000952401, -104.898, -1.48891, 1.55569, -3.0446, -0.000281092
63.3219, 0.0808612, 0.000185113, -104.869, -1.48892, 1.5557, -3.04462, -0.000281122
63.3266, 0.0811593, -0.000737358, -104.84, -1.48893, 1.5557, -3.04463, -0.000281153
63.3314, 0.0820878, -0.000987033, -104.812, -1.48895, 1.5557, -3.04465, -0.000281183
63.3361, 0.0828025, -0.000340413, -104.783, -1.48896, 1.55571, -3.04466, -0.000281213
63.3408, 0.0826521, 0.000622157, -104.754, -1.48897, 1.55571, -3.04468, -0.000281244
63.3455, 0.0817613, 0.00103791, -104.726, -1.48898, 1.55571, -3.04469, -0.000281274
63.3502, 0.0809177, 0.000534851, -104.697, -1.48899, 1.55571, -3.04471, -0.000281304
63.3549, 0.0808657, -0.000436037, -104.669, -1.48901, 1.55572, -3.04472, -0.000281335
63.3596, 0.0816407, -0.00100573, -104.64, -1.48902, 1.55572, -3.04474, -0.000281365
63.3643, 0.0825382, -0.000665033, -104.611, -1.48903, 1.55572, -3.04475, -0.000281395
63.369, 0.0827453, 0.0002809, -104.583, -1.48904, 1.55573, -3.04477, -0.000281426
63.3737, 0.0820668, 0.000986556, -104.554, -1.48905, 1.55573, -3.04478, -0.000281456
63.3784, 0.0810984, 0.000821987, -104.526, -1.48907, 1.55573, -3.0448, -0.000281487
63.3831, 0.080694, -6.53215e-05, -104.497, -1.48908, 1.55574, -3.04481, -0.000281517
63.3878, 0.0812033, -0.000883341, -104.468, -1.48909, 1.55574, -3.04483, -0.000281547
63.3925, 0.0821608, -0.000902768, -104.44, -1.4891, 1.55574, -3.04484, -0.000281578
63.3972, 0.0827024, -0.00010684, -104.411, -1.48911, 1.55574, -3.04486, -0.000281608
63.4019, 0.0823352, 0.000794938, -104.383, -1.48913, 1.55575, -3.04487, -0.000281638
63.4066, 0.0813762, 0.000999681, -104.354, -1.48914, 1.55575, -3.04489, -0.000281669
63.4113, 0.0806684, 0.000325691, -104.326, -1.48915, 1.55575, -3.0449, -0.000281699
63.4161, 0.0808306, -0.000626993, -104.297, -1.48916, 1.55576, -3.04492, -0.00028173
63.4208, 0.0817073, -0.00101132, -104.269, -1.48917, 1.55576, -3.04493, -0.00028176
63.4255, 0.0825085, -0.000486215, -104.24, -1.48919, 1.55576, -3.04495, -0.00028179
63.4302, 0.0825121, 0.000481381, -104.212, -1.4892, 1.55577, -3.04496, -0.000281821
63.4349, 0.0817049, 0.00103235, -104.183, -1.48921, 1.55577, -3.04498, -0.000281851
63.4396, 0.0807929, 0.000678199, -104.155, -1.48922, 1.55577, -3.04499, -0.000281882
63.4443, 0.0805742, -0.000266414, -104.127, -1.48923, 1.55578, -3.04501, -0.000281912
63.449, 0.0812316, -0.000963924, -104.098, -1.48925, 1.55578, -3.04502, -0.000281942
63.4537, 0.0821716, -0.000796649, -104.07, -1.48926, 1.55578, -3.04504, -0.000281973
63.4584, 0.0825511, 8.67126e-05, -104.041, -1.48927, 1.55578, -3.04505, -0.000282003
63.4631, 0.0820242, 0.000903975, -104.013, -1.48928, 1.55579, -3.04507, -0.000282034
63.4678, 0.0810469, 0.000932351, -103.984, -1.48929, 1.55579, -3.04508, -0.000282064
63.4725, 0.080473, 0.00014731, -103.956, -1.48931, 1.55579, -3.0451, -0.000282095
63.4772, 0.0807986, -0.000756938, -103.928, -1.48932, 1.5558, -3.04511, -0.000282125
63.4819, 0.0817251, -0.000981745, -103.899, -1.48933, 1.5558, -3.04513, -0.000282155
63.4866, 0.0824236, -0.000329148, -103.871, -1.48934, 1.5558, -3.04514, -0.000282186
63.4913, 0.0822676, 0.000624494, -103.842, -1.48935, 1.55581, -3.04516, -0.000282216
63.496, 0.0813846, 0.00103806, -103.814, -1.48937, 1.55581, -3.04517, -0.000282247
63.5007, 0.0805429, 0.000547433, -103.786, -1.48938, 1.55581, -3.04519, -0.000282277
63.5055, 0.0804733, -0.000414553, -103.757, -1.48939, 1.55582, -3.0452, -0.000282308
63.5102, 0.0812261, -0.00100057, -103.729, -1.4894, 1.55582, -3.04522, -0.000282338
63.5149, 0.0821277, -0.000695177, -103.701, -1.48941, 1.55582, -3.04523, -0.000282369
63.5196, 0.0823744, 0.000232392, -103.672, -1.48942, 1.55582, -3.04525, -0.000282399
63.5243, 0.0817393, 0.000966242, -103.644, -1.48944, 1.55583, -3.04526, -0.000282429
63.529, 0.0807706, 0.000861682, -103.616, -1.48945, 1.55583, -3.04528, -0.00028246
63.5337, 0.0803088, 1.11334e-05, -103.588, -1.48946, 1.55583, -3.04529, -0.00028249
63.5384, 0.0807484, -0.000838258, -103.559, -1.48947, 1.55584, -3.04531, -0.000282521
63.5431, 0.0816926, -0.000941261, -103.531, -1.48948, 1.55584, -3.04532, -0.000282551
63.5478, 0.0823026, -0.000208072, -103.503, -1.4895, 1.55584, -3.04534, -0.000282582
63.5525, 0.0820335, 0.000718095, -103.474, -1.48951, 1.55585, -3.04535, -0.000282612
63.5572, 0.0811112, 0.00102574, -103.446, -1.48952, 1.55585, -3.04537, -0.000282643
63.5619, 0.0803332, 0.000445931, -103.418, -1.48953, 1.55585, -3.04538, -0.000282673
63.5666, 0.0803699, -0.000513281, -103.39, -1.48954, 1.55585, -3.0454, -0.000282704
63.5713, 0.0811781, -0.00101258, -103.362, -1.48956, 1.55586, -3.04541, -0.000282734
63.576, 0.0820403, -0.000615759, -103.333, -1.48957, 1.55586, -3.04543, -0.000282765
63.5807, 0.0821925, 0.000329795, -103.305, -1.48958, 1.55586, -3.04544, -0.000282795
63.5854, 0.0814919, 0.000997848, -103.277, -1.48959, 1.55587, -3.04546, -0.000282826
63.5902, 0.0805403, 0.000805411, -103.249, -1.4896, 1.55587, -3.04547, -0.000282856
63.5949, 0.0801577, -7.90007e-05, -103.221, -1.48962, 1.55587, -3.04549, -0.000282887
63.5996, 0.080667, -0.000883613, -103.192, -1.48963, 1.55588, -3.0455, -0.000282918
63.6043, 0.0816132, -0.000907141, -103.164, -1.48964, 1.55588, -3.04552, -0.000282948
63.609, 0.0821612, -0.000129637, -103.136, -1.48965, 1.55588, -3.04553, -0.000282979
63.6137, 0.0818238, 0.00077131, -103.108, -1.48966, 1.55589, -3.04555, -0.000283009
63.6184, 0.0808848, 0.00101149, -103.08, -1.48968, 1.55589, -3.04556, -0.00028304
63.6231, 0.080151, 0.000382445, -103.052, -1.48969, 1.55589, -3.04558, -0.00028307
63.6278, 0.08025, -0.000568284, -103.023, -1.4897, 1.55589, -3.04559, -0.000283101
63.6325, 0.0810847, -0.00101426, -102.995, -1.48971, 1.5559, -3.04561, -0.000283131
63.6372, 0.0819193, -0.00056848, -102.967, -1.48972, 1.5559, -3.04562, -0.000283162
63.6419, 0.0820188, 0.000381435, -102.939, -1.48974, 1.5559, -3.04564, -0.000283192
63.6466, 0.081287, 0.00101088, -102.911, -1.48975, 1.55591, -3.04565, -0.000283223
63.6513, 0.0803489, 0.000774183, -102.883, -1.48976, 1.55591, -3.04567, -0.000283254
63.656, 0.0800074, -0.000122861, -102.855, -1.48977, 1.55591, -3.04568, -0.000283284
63.6607, 0.0805476, -0.000902585, -102.827, -1.48978, 1.55592, -3.0457, -0.000283315
63.6654, 0.0814908, -0.000889859, -102.799, -1.4898, 1.55592, -3.04571, -0.000283345
63.6701, 0.0820099, -9.62552e-05, -102.771, -1.48981, 1.55592, -3.04573, -0.000283376
63.6748, 0.081646, 0.000791134, -102.743, -1.48982, 1.55592, -3.04574, -0.000283406
63.6796, 0.0807039, 0.00100496, -102.715, -1.48983, 1.55593, -3.04576, -0.000283437
63.6843, 0.0799879, 0.000360912, -102.687, -1.48984, 1.55593, -3.04577, -0.000283468
63.689, 0.0801061, -0.000584081, -102.659, -1.48985, 1.55593, -3.04579, -0.000283498
63.6937, 0.0809454, -0.00101394, -102.631, -1.48987, 1.55594, -3.0458, -0.000283529
63.6984, 0.0817708, -0.000558101, -102.603, -1.48988, 1.55594, -3.04582, -0.000283559
63.7031, 0.0818602, 0.000389661, -102.575, -1.48989, 1.55594, -3.04583, -0.00028359
63.7078, 0.0811266, 0.00101198, -102.547, -1.4899, 1.55595, -3.04585, -0.000283621
63.7125, 0.0801925, 0.000772897, -102.519, -1.48991, 1.55595, -3.04586, -0.000283651
63.7172, 0.0798522, -0.000121085, -102.491, -1.48993, 1.55595, -3.04588, -0.000283682
63.7219, 0.0803878, -0.000900005, -102.463, -1.48994, 1.55596, -3.04589, -0.000283713
63.7266, 0.0813278, -0.000893826, -102.435, -1.48995, 1.55596, -3.04591, -0.000283743
63.7313, 0.0818532, -0.000108419, -102.407, -1.48996, 1.55596, -3.04592, -0.000283774
63.736, 0.0815026, 0.000780649, -102.379, -1.48997, 1.55596, -3.04594, -0.000283804
63.7407, 0.0805675, 0.00100959, -102.351, -1.48999, 1.55597, -3.04595, -0.000283835
63.7454, 0.0798409, 0.000382303, -102.323, -1.49, 1.55597, -3.04597, -0.000283866
63.7501, 0.079936, -0.000562283, -102.295, -1.49001, 1.55597, -3.04598, -0.000283896
63.7548, 0.0807603, -0.00101376, -102.267, -1.49002, 1.55598, -3.046, -0.000283927
63.7595, 0.0815965, -0.000585428, -102.239, -1.49003, 1.55598, -3.04601, -0.000283958
63.7642, 0.0817178, 0.000355066, -102.212, -1.49005, 1.55598, -3.04603, -0.000283988
63.769, 0.0810106, 0.0010019, -102.184, -1.49006, 1.55599, -3.04604, -0.000284019
63.7737, 0.0800707, 0.000801607, -102.156, -1.49007, 1.55599, -3.04606, -0.00028405
63.7784, 0.0796921, -7.38477e-05, -102.128, -1.49008, 1.55599, -3.04607, -0.00028408
63.7831, 0.0801881, -0.000875351, -102.1, -1.49009, 1.55599, -3.04609, -0.000284111
63.7878, 0.0811238, -0.00091791, -102.072, -1.49011, 1.556, -3.0461, -0.000284142
63.7925, 0.0816894, -0.000165707, -102.044, -1.49012, 1.556, -3.04612, -0.000284172
63.7972, 0.0813921, 0.000738432, -102.017, -1.49013, 1.556, -3.04613, -0.000284203
63.8019, 0.080476, 0.0010228, -101.989, -1.49014, 1.55601, -3.04615, -0.000284234
63.8066, 0.0797127, 0.000445291, -101.961, -1.49015, 1.55601, -3.04616, -0.000284264
63.8113, 0.0797428, -0.000501129, -101.933, -1.49017, 1.55601, -3.04618, -0.000284295
63.8162, 0.0805744, -0.00101269, -101.904, -1.49018, 1.55602, -3.04619, -0.000284327
63.8211, 0.0814467, -0.00057607, -101.875, -1.49019, 1.55602, -3.04621, -0.000284359
63.8261, 0.081542, 0.000404473, -101.846, -1.4902, 1.55602, -3.04623, -0.000284391
63.831, 0.0807611, 0.00102266, -101.817, -1.49022, 1.55603, -3.04624, -0.000284423
63.8359, 0.0798143, 0.000707909, -101.788, -1.49023, 1.55603, -3.04626, -0.000284456
63.8408, 0.079564, -0.000248628, -101.759, -1.49024, 1.55603, -3.04627, -0.000284488
63.8457, 0.080229, -0.000964162, -101.73, -1.49025, 1.55604, -3.04629, -0.00028452
63.8507, 0.0811842, -0.000779171, -101.701, -1.49026, 1.55604, -3.0463, -0.000284552
63.8556, 0.0815376, 0.000135252, -101.672, -1.49028, 1.55604, -3.04632, -0.000284584
63.8605, 0.0809527, 0.000936427, -101.643, -1.49029, 1.55604, -3.04633, -0.000284616
63.8654, 0.0799571, 0.000886951, -101.614, -1.4903, 1.55605, -3.04635, -0.000284648
63.8704, 0.0794555, 3.29438e-05, -101.585, -1.49031, 1.55605, -3.04637, -0.00028468
63.8753, 0.0798974, -0.00083973, -101.556, -1.49033, 1.55605, -3.04638, -0.000284713
63.8802, 0.0808645, -0.000929013, -101.527, -1.49034, 1.55606, -3.0464, -0.000284745
63.8851, 0.0814566, -0.000153441, -101.498, -1.49035, 1.55606, -3.04641, -0.000284777
63.89, 0.081119, 0.000774327, -101.469, -1.49036, 1.55606, -3.04643, -0.000284809
63.895, 0.0801506, 0.00100285, -101.44, -1.49038, 1.55607, -3.04644, -0.000284841
63.8999, 0.0794286, 0.000323033, -101.411, -1.49039, 1.55607, -3.04646, -0.000284873
63.9048, 0.0796033, -0.000641316, -101.382, -1.4904, 1.55607, -3.04648, -0.000284906
63.9097, 0.0805025, -0.00100648, -101.354, -1.49041, 1.55608, -3.04649, -0.000284938
63.9146, 0.0812909, -0.000438489, -101.325, -1.49043, 1.55608, -3.04651, -0.00028497
63.9196, 0.0812356, 0.000542153, -101.296, -1.49044, 1.55608, -3.04652, -0.000285002
63.9245, 0.0803764, 0.00103813, -101.267, -1.49045, 1.55609, -3.04654, -0.000285034
63.9294, 0.0794879, 0.000596322, -101.238, -1.49046, 1.55609, -3.04655, -0.000285066
63.9343, 0.0793708, -0.000378875, -101.209, -1.49048, 1.55609, -3.04657, -0.000285099
63.9392, 0.08012, -0.00099643, -101.18, -1.49049, 1.5561, -3.04659, -0.000285131
63.9442, 0.0810396, -0.000692868, -101.151, -1.4905, 1.5561, -3.0466, -0.000285163
63.9491, 0.0812792, 0.000254205, -101.123, -1.49051, 1.5561, -3.04662, -0.000285195
63.954, 0.0806093, 0.000980722, -101.094, -1.49053, 1.55611, -3.04663, -0.000285228
63.9589, 0.0796299, 0.000824693, -101.065, -1.49054, 1.55611, -3.04665, -0.00028526
63.9639, 0.0792218, -7.11208e-05, -101.036, -1.49055, 1.55611, -3.04666, -0.000285292
63.9688, 0.079745, -0.000890601, -101.007, -1.49056, 1.55611, -3.04668, -0.000285324
63.9737, 0.0807113, -0.000888097, -100.979, -1.49058, 1.55612, -3.04669, -0.000285356
63.9786, 0.0812302, -6.64657e-05, -100.95, -1.49059, 1.55612, -3.04671, -0.000285389
63.9835, 0.080819, 0.000826834, -100.921, -1.4906, 1.55612, -3.04673, -0.000285421
63.9885, 0.0798407, 0.000980154, -100.892, -1.49061, 1.55613, -3.04674, -0.000285453
63.9934, 0.0791726, 0.000254797, -100.864, -1.49063, 1.55613, -3.04676, -0.000285485
63.9983, 0.0794097, -0.000690278, -100.835, -1.49064, 1.55613, -3.04677, -0.000285518
64.0032, 0.0803248, -0.000997619, -100.806, -1.49065, 1.55614, -3.04679, -0.00028555
64.0081, 0.0810766, -0.000389028, -100.777, -1.49066, 1.55614, -3.0468, -0.000285582
64.0131, 0.0809726, 0.000583358, -100.749, -1.49068, 1.55614, -3.04682, -0.000285614
64.018, 0.0800963, 0.0010386, -100.72, -1.49069, 1.55615, -3.04684, -0.000285647
64.0229, 0.0792303, 0.000564973, -100.691, -1.4907, 1.55615, -3.04685, -0.000285679
64.0278, 0.0791467, -0.000408342, -100.663, -1.49071, 1.55615, -3.04687, -0.000285711
64.0327, 0.0799094, -0.00100085, -100.634, -1.49073, 1.55616, -3.04688, -0.000285743
64.0377, 0.0808171, -0.000677299, -100.605, -1.49074, 1.55616, -3.0469, -0.000285776
64.0426, 0.0810385, 0.000269375, -100.577, -1.49075, 1.55616, -3.04691, -0.000285808
64.0475, 0.080363, 0.000984027, -100.548, -1.49076, 1.55617, -3.04693, -0.00028584
64.0524, 0.0793895, 0.000821935, -100.519, -1.49078, 1.55617, -3.04695, -0.000285873
64.0573, 0.078985, -7.00762e-05, -100.491, -1.49079, 1.55617, -3.04696, -0.000285905
64.0623, 0.0795025, -0.00088739, -100.462, -1.4908, 1.55618, -3.04698, -0.000285937
64.0672, 0.0804639, -0.000893686, -100.434, -1.49081, 1.55618, -3.04699, -0.000285969
64.0721, 0.0809919, -8.38715e-05, -100.405, -1.49083, 1.55618, -3.04701, -0.000286002
64.077, 0.0806004, 0.000812619, -100.376, -1.49084, 1.55618, -3.04702, -0.000286034
64.082, 0.079631, 0.000989287, -100.348, -1.49085, 1.55619, -3.04704, -0.000286066
64.0869, 0.0789446, 0.000287813, -100.319, -1.49086, 1.55619, -3.04705, -0.000286099
64.0918, 0.0791465, -0.000660817, -100.291, -1.49088, 1.55619, -3.04707, -0.000286131
64.0967, 0.0800435, -0.00100442, -100.262, -1.49089, 1.5562, -3.04709, -0.000286163
64.1016, 0.0808189, -0.000434989, -100.234, -1.4909, 1.5562, -3.0471, -0.000286196
64.1066, 0.0807657, 0.000535932, -100.205, -1.49091, 1.5562, -3.04712, -0.000286228
64.1115, 0.0799212, 0.0010374, -100.176, -1.49093, 1.55621, -3.04713, -0.00028626
64.1164, 0.0790316, 0.000620316, -100.148, -1.49094, 1.55621, -3.04715, -0.000286293
64.1213, 0.0788827, -0.000341043, -100.119, -1.49095, 1.55621, -3.04716, -0.000286325
64.1262, 0.0795962, -0.000985554, -100.091, -1.49096, 1.55622, -3.04718, -0.000286357
64.1312, 0.0805217, -0.000736698, -100.062, -1.49098, 1.55622, -3.0472, -0.00028639
64.1361, 0.0808203, 0.00018231, -100.034, -1.49099, 1.55622, -3.04721, -0.000286422
64.141, 0.0802143, 0.000949474, -100.005, -1.491, 1.55623, -3.04723, -0.000286454
64.1459, 0.0792347, 0.000879485, -99.977, -1.49101, 1.55623, -3.04724, -0.000286487
64.1508, 0.0787454, 3.54483e-05, -99.9485, -1.49103, 1.55623, -3.04726, -0.000286519
64.1558, 0.0791716, -0.00082876, -99.9201, -1.49104, 1.55624, -3.04727, -0.000286551
64.1607, 0.0801214, -0.00094221, -99.8917, -1.49105, 1.55624, -3.04729, -0.000286584
64.1656, 0.0807365, -0.000204291, -99.8632, -1.49106, 1.55624, -3.0473, -0.000286616
64.1705, 0.0804579, 0.000726815, -99.8348, -1.49108, 1.55625, -3.04732, -0.000286649
64.1754, 0.0795233, 0.00102169, -99.8064, -1.49109, 1.55625, -3.04734, -0.000286681
64.1804, 0.0787541, 0.000418301, -99.778, -1.4911, 1.55625, -3.04735, -0.000286713
64.1853, 0.0788234, -0.000545853, -99.7496, -1.49111, 1.55625, -3.04737, -0.000286746
64.1902, 0.079658, -0.00101314, -99.7212, -1.49112, 1.55626, -3.04738, -0.000286778
64.1951, 0.0805044, -0.0005686, -99.6928, -1.49114, 1.55626, -3.0474, -0.000286811
64.2001, 0.0805997, 0.000392216, -99.6644, -1.49115, 1.55626, -3.04741, -0.000286843
64.205, 0.0798488, 0.00101588, -99.6361, -1.49116, 1.55627, -3.04743, -0.000286875
64.2099, 0.0789076, 0.000749205, -99.6077, -1.49117, 1.55627, -3.04745, -0.000286908
64.2148, 0.0785999, -0.000170637, -99.5794, -1.49119, 1.55627, -3.04746, -0.00028694
64.2197, 0.079187, -0.000927773, -99.551, -1.4912, 1.55628, -3.04748, -0.000286973
64.2247, 0.0801371, -0.000851501, -99.5227, -1.49121, 1.55628, -3.04749, -0.000287005
64.2296, 0.0805975, -9.96559e-06, -99.4944, -1.49122, 1.55628, -3.04751, -0.000287038
64.2345, 0.0801501, 0.000851469, -99.4661, -1.49124, 1.55629, -3.04752, -0.00028707
64.2394, 0.0791803, 0.000970767, -99.4378, -1.49125, 1.55629, -3.04754, -0.000287102
64.2443, 0.0785349, 0.000242994, -99.4095, -1.49126, 1.55629, -3.04755, -0.000287135
64.2493, 0.0787731, -0.000688116, -99.3812, -1.49127, 1.5563, -3.04757, -0.000287167
64.2542, 0.0796727, -0.00100005, -99.3529, -1.49129, 1.5563, -3.04759, -0.0002872
64.2591, 0.0804283, -0.000417893, -99.3246, -1.4913, 1.5563, -3.0476, -0.000287232
64.264, 0.0803623, 0.000544075, -99.2964, -1.49131, 1.55631, -3.04762, -0.000287265
64.2689, 0.0795225, 0.0010373, -99.2681, -1.49132, 1.55631, -3.04763, -0.000287297
64.2739, 0.0786387, 0.000627411, -99.2399, -1.49134, 1.55631, -3.04765, -0.00028733
64.2788, 0.0784785, -0.000323853, -99.2117, -1.49135, 1.55632, -3.04766, -0.000287362
64.2837, 0.0791715, -0.000978572, -99.1834, -1.49136, 1.55632, -3.04768, -0.000287395
64.2886, 0.0800962, -0.000760819, -99.1552, -1.49137, 1.55632, -3.0477, -0.000287427
64.2936, 0.0804283, 0.000137252, -99.127, -1.49139, 1.55632, -3.04771, -0.000287459
64.2985, 0.0798653, 0.000925697, -99.0988, -1.4914, 1.55633, -3.04773, -0.000287492
64.3034, 0.0788916, 0.000911875, -99.0706, -1.49141, 1.55633, -3.04774, -0.000287524
64.3083, 0.0783516, 0.000108513, -99.0424, -1.49142, 1.55633, -3.04776, -0.000287557
64.3132, 0.078708, -0.00077872, -99.0143, -1.49144, 1.55634, -3.04777, -0.000287589
64.3182, 0.0796366, -0.000971469, -98.9861, -1.49145, 1.55634, -3.04779, -0.000287622
64.3231, 0.080312, -0.000301244, -98.958, -1.49146, 1.55634, -3.0478, -0.000287654
64.328, 0.0801315, 0.000644011, -98.9298, -1.49147, 1.55635, -3.04782, -0.000287687
64.3329, 0.0792431, 0.00103621, -98.9017, -1.49149, 1.55635, -3.04784, -0.000287719
64.3378, 0.078414, 0.000532443, -98.8736, -1.4915, 1.55635, -3.04785, -0.000287752
64.3428, 0.0783587, -0.00042588, -98.8454, -1.49151, 1.55636, -3.04787, -0.000287784
64.3477, 0.0791141, -0.00100041, -98.8173, -1.49152, 1.55636, -3.04788, -0.000287817
64.3526, 0.0800086, -0.000689284, -98.7892, -1.49154, 1.55636, -3.0479, -0.00028785
64.3575, 0.0802497, 0.000235067, -98.7611, -1.49155, 1.55637, -3.04791, -0.000287882
64.3624, 0.0796166, 0.000965164, -98.733, -1.49156, 1.55637, -3.04793, -0.000287915
64.3674, 0.0786516, 0.000864047, -98.705, -1.49157, 1.55637, -3.04794, -0.000287947
64.3723, 0.0781856, 2.0523e-05, -98.6769, -1.49159, 1.55638, -3.04796, -0.00028798
64.3772, 0.0786137, -0.000829552, -98.6488, -1.4916, 1.55638, -3.04798, -0.000288012
64.3821, 0.0795514, -0.000945539, -98.6208, -1.49161, 1.55638, -3.04799, -0.000288045
64.387, 0.080171, -0.000226972, -98.5928, -1.49162, 1.55638, -3.04801, -0.000288077
64.392, 0.0799226, 0.000700138, -98.5647, -1.49163, 1.55639, -3.04802, -0.00028811
64.3969, 0.0790121, 0.00102916, -98.5367, -1.49165, 1.55639, -3.04804, -0.000288142
64.4018, 0.0782208, 0.000474481, -98.5087, -1.49166, 1.55639, -3.04805, -0.000288175
64.4067, 0.0782255, -0.00048125, -98.4807, -1.49167, 1.5564, -3.04807, -0.000288208
64.4117, 0.0790106, -0.00100767, -98.4527, -1.49168, 1.5564, -3.04809, -0.00028824
64.4166, 0.0798833, -0.000648114, -98.4247, -1.4917, 1.5564, -3.0481, -0.000288273
64.4215, 0.0800756, 0.000284803, -98.3967, -1.49171, 1.55641, -3.04812, -0.000288305
64.4264, 0.0794104, 0.000981686, -98.3687, -1.49172, 1.55641, -3.04813, -0.000288338
64.4313, 0.0784542, 0.000838725, -98.3408, -1.49173, 1.55641, -3.04815, -0.000288371
64.4363, 0.0780246, -1.96197e-05, -98.3128, -1.49175, 1.55642, -3.04816, -0.000288403
64.4412, 0.0784826, -0.000849672, -98.2849, -1.49176, 1.55642, -3.04818, -0.000288436
64.4461, 0.0794203, -0.000933177, -98.2569, -1.49177, 1.55642, -3.04819, -0.000288468
64.451, 0.0800156, -0.00019846, -98.229, -1.49178, 1.55643, -3.04821, -0.000288501
64.4559, 0.0797435, 0.000718767, -98.2011, -1.4918, 1.55643, -3.04823, -0.000288534
64.4609, 0.0788289, 0.00102591, -98.1732, -1.49181, 1.55643, -3.04824, -0.000288566
64.4658, 0.0780514, 0.000458202, -98.1453, -1.49182, 1.55644, -3.04826, -0.000288599
64.4707, 0.0780711, -0.000493741, -98.1174, -1.49183, 1.55644, -3.04827, -0.000288631
64.4758, 0.0788958, -0.00101105, -98.0885, -1.49185, 1.55644, -3.04829, -0.000288665
64.4809, 0.07977, -0.00058471, -98.0596, -1.49186, 1.55645, -3.0483, -0.000288699
64.486, 0.0798766, 0.00039194, -98.0307, -1.49187, 1.55645, -3.04832, -0.000288733
64.4911, 0.0791062, 0.00101948, -98.0018, -1.49189, 1.55645, -3.04834, -0.000288767
64.4962, 0.0781564, 0.000720813, -97.9729, -1.4919, 1.55646, -3.04835, -0.000288801
64.5013, 0.0778888, -0.00022875, -97.944, -1.49191, 1.55646, -3.04837, -0.000288834
64.5064, 0.078537, -0.000956062, -97.9152, -1.49192, 1.55646, -3.04839, -0.000288868
64.5115, 0.0794931, -0.000793225, -97.8863, -1.49194, 1.55647, -3.0484, -0.000288902
64.5166, 0.0798674, 0.000109625, -97.8575, -1.49195, 1.55647, -3.04842, -0.000288936
64.5217, 0.079305, 0.000923557, -97.8287, -1.49196, 1.55647, -3.04843, -0.00028897
64.5268, 0.0783105, 0.000902231, -97.7999, -1.49198, 1.55648, -3.04845, -0.000289004
64.5319, 0.077784, 6.5804e-05, -97.771, -1.49199, 1.55648, -3.04847, -0.000289038
64.537, 0.0781956, -0.000818917, -97.7422, -1.492, 1.55648, -3.04848, -0.000289071
64.5421, 0.079156, -0.000941886, -97.7134, -1.49201, 1.55648, -3.0485, -0.000289105
64.5472, 0.0797742, -0.000191131, -97.6847, -1.49203, 1.55649, -3.04852, -0.000289139
64.5523, 0.0794733, 0.000746098, -97.6559, -1.49204, 1.55649, -3.04853, -0.000289173
64.5574, 0.0785172, 0.00101298, -97.6271, -1.49205, 1.55649, -3.04855, -0.000289207
64.5625, 0.0777681, 0.000366185, -97.5984, -1.49207, 1.5565, -3.04856, -0.000289241
64.5676, 0.0778981, -0.000603033, -97.5696, -1.49208, 1.5565, -3.04858, -0.000289275
64.5727, 0.0787761, -0.00100994, -97.5409, -1.49209, 1.5565, -3.0486, -0.000289309
64.5778, 0.079589, -0.000483811, -97.5122, -1.4921, 1.55651, -3.04861, -0.000289343
64.583, 0.0795841, 0.000495057, -97.4834, -1.49212, 1.55651, -3.04863, -0.000289377
64.5881, 0.0787547, 0.00103448, -97.4547, -1.49213, 1.55651, -3.04864, -0.000289411
64.5932, 0.0778449, 0.000643577, -97.426, -1.49214, 1.55652, -3.04866, -0.000289444
64.5983, 0.0776712, -0.000321197, -97.3973, -1.49216, 1.55652, -3.04868, -0.000289478
64.6034, 0.0783792, -0.000981831, -97.3687, -1.49217, 1.55652, -3.04869, -0.000289512
64.6085, 0.079313, -0.000737935, -97.34, -1.49218, 1.55653, -3.04871, -0.000289546
64.6136, 0.0796122, 0.000188212, -97.3113, -1.49219, 1.55653, -3.04873, -0.00028958
64.6187, 0.0789938, 0.000955027, -97.2827, -1.49221, 1.55653, -3.04874, -0.000289614
64.6238, 0.0780082, 0.000866619, -97.254, -1.49222, 1.55654, -3.04876, -0.000289648
64.6289, 0.077538, 3.82242e-06, -97.2254, -1.49223, 1.55654, -3.04877, -0.000289682
64.634, 0.0779975, -0.000850507, -97.1968, -1.49225, 1.55654, -3.04879, -0.000289716
64.6391, 0.078958, -0.000922186, -97.1681, -1.49226, 1.55655, -3.04881, -0.00028975
64.6442, 0.0795375, -0.000146868, -97.1395, -1.49227, 1.55655, -3.04882, -0.000289784
64.6493, 0.0792001, 0.000772998, -97.1109, -1.49228, 1.55655, -3.04884, -0.000289818
64.6544, 0.0782401, 0.00100509, -97.0823, -1.4923, 1.55656, -3.04885, -0.000289852
64.6595, 0.0775143, 0.000340042, -97.0538, -1.49231, 1.55656, -3.04887, -0.000289886
64.6646, 0.077667, -0.000620436, -97.0252, -1.49232, 1.55656, -3.04889, -0.00028992
64.6697, 0.0785478, -0.00100857, -96.9966, -1.49234, 1.55657, -3.0489, -0.000289954
64.6748, 0.0793495, -0.000474387, -96.9681, -1.49235, 1.55657, -3.04892, -0.000289988
64.6799, 0.0793372, 0.000499454, -96.9395, -1.49236, 1.55657, -3.04894, -0.000290022
64.685, 0.0785109, 0.00103443, -96.911, -1.49237, 1.55658, -3.04895, -0.000290056
64.6901, 0.0776044, 0.000648693, -96.8825, -1.49239, 1.55658, -3.04897, -0.00029009
64.6952, 0.0774228, -0.000309595, -96.8539, -1.4924, 1.55658, -3.04898, -0.000290124
64.7003, 0.0781174, -0.000977234, -96.8254, -1.49241, 1.55659, -3.049, -0.000290158
64.7054, 0.079051, -0.000753666, -96.7969, -1.49243, 1.55659, -3.04902, -0.000290192
64.7105, 0.0793722, 0.000159383, -96.7684, -1.49244, 1.55659, -3.04903, -0.000290226
64.7156, 0.0787812, 0.000940696, -96.74, -1.49245, 1.5566, -3.04905, -0.00029026
64.7207, 0.077798, 0.000888457, -96.7115, -1.49246, 1.5566, -3.04906, -0.000290294
64.7258, 0.0772942, 5.0193e-05, -96.683, -1.49248, 1.5566, -3.04908, -0.000290328
64.7309, 0.07771, -0.000821244, -96.6546, -1.49249, 1.55661, -3.0491, -0.000290362
64.736, 0.0786603, -0.000944214, -96.6261, -1.4925, 1.55661, -3.04911, -0.000290396
64.7411, 0.0792812, -0.000209035, -96.5977, -1.49252, 1.55661, -3.04913, -0.00029043
64.7462, 0.0790051, 0.000724972, -96.5693, -1.49253, 1.55662, -3.04915, -0.000290464
64.7513, 0.0780686, 0.00102129, -96.5409, -1.49254, 1.55662, -3.04916, -0.000290498
64.7564, 0.0772986, 0.000415194, -96.5125, -1.49255, 1.55662, -3.04918, -0.000290532
64.7615, 0.0773723, -0.000550485, -96.4841, -1.49257, 1.55663, -3.04919, -0.000290566
64.7666, 0.0782118, -0.00101215, -96.4557, -1.49258, 1.55663, -3.04921, -0.0002906
64.7717, 0.0790547, -0.000557655, -96.4273, -1.49259, 1.55663, -3.04923, -0.000290634
64.7768, 0.079137, 0.000406429, -96.3989, -1.49261, 1.55664, -3.04924, -0.000290669
64.7819, 0.0783741, 0.00101922, -96.3705, -1.49262, 1.55664, -3.04926, -0.000290703
64.787, 0.0774359, 0.000734325, -96.3422, -1.49263, 1.55664, -3.04927, -0.000290737
64.7921, 0.0771475, -0.000193572, -96.3139, -1.49264, 1.55665, -3.04929, -0.000290771
64.7972, 0.0777539, -0.000937125, -96.2855, -1.49266, 1.55665, -3.04931, -0.000290805
64.8023, 0.078703, -0.000834234, -96.2572, -1.49267, 1.55665, -3.04932, -0.000290839
64.8075, 0.0791382, 2.28825e-05, -96.2289, -1.49268, 1.55666, -3.04934, -0.000290873
64.8126, 0.0786613, 0.000871113, -96.2006, -1.4927, 1.55666, -3.04935, -0.000290907
64.8177, 0.0776855, 0.000956232, -96.1723, -1.49271, 1.55666, -3.04937, -0.000290941
64.8228, 0.0770671, 0.000203165, -96.144, -1.49272, 1.55667, -3.04939, -0.000290975
64.8279, 0.0773436, -0.000718561, -96.1157, -1.49273, 1.55667, -3.0494, -0.00029101
64.833, 0.0782575, -0.000990563, -96.0874, -1.49275, 1.55667, -3.04942, -0.000291044
64.8381, 0.078986, -0.000371983, -96.0592, -1.49276, 1.55668, -3.04944, -0.000291078
64.8432, 0.0788719, 0.000587965, -96.0309, -1.49277, 1.55668, -3.04945, -0.000291112
64.8483, 0.0780055, 0.00103822, -96.0027, -1.49279, 1.55668, -3.04947, -0.000291146
64.8534, 0.0771435, 0.000580329, -95.9744, -1.4928, 1.55669, -3.04948, -0.00029118
64.8585, 0.0770377, -0.000379641, -95.9462, -1.49281, 1.55669, -3.0495, -0.000291214
64.8636, 0.0777697, -0.000991863, -95.918, -1.49282, 1.55669, -3.04952, -0.000291249
64.8687, 0.0786802, -0.000715153, -95.8898, -1.49284, 1.55669, -3.04953, -0.000291283
64.8738, 0.0789529, 0.000205237, -95.8616, -1.49285, 1.5567, -3.04955, -0.000291317
64.8789, 0.078336, 0.000955729, -95.8334, -1.49286, 1.5567, -3.04956, -0.000291351
64.884, 0.0773635, 0.000873805, -95.8052, -1.49288, 1.5567, -3.04958, -0.000291385
64.8891, 0.0768825, 3.23912e-05, -95.777, -1.49289, 1.55671, -3.0496, -0.000291419
64.8942, 0.0773056, -0.000825817, -95.7489, -1.4929, 1.55671, -3.04961, -0.000291453
64.8993, 0.0782478, -0.00094428, -95.7207, -1.49291, 1.55671, -3.04963, -0.000291488
64.9044, 0.0788672, -0.000219179, -95.6926, -1.49293, 1.55672, -3.04965, -0.000291522
64.9095, 0.0786074, 0.000710355, -95.6644, -1.49294, 1.55672, -3.04966, -0.000291556
64.9146, 0.0776864, 0.0010261, -95.6363, -1.49295, 1.55672, -3.04968, -0.00029159
64.9197, 0.0769034, 0.000450796, -95.6082, -1.49297, 1.55673, -3.04969, -0.000291624
64.9248, 0.0769355, -0.000509121, -95.5801, -1.49298, 1.55673, -3.04971, -0.000291659
64.9299, 0.0777425, -0.00100992, -95.552, -1.49299, 1.55673, -3.04973, -0.000291693
64.935, 0.0786039, -0.000612147, -95.5239, -1.493, 1.55674, -3.04974, -0.000291727
64.9401, 0.0787523, 0.00033439, -95.4958, -1.49302, 1.55674, -3.04976, -0.000291761
64.9452, 0.0780468, 0.000998953, -95.4677, -1.49303, 1.55674, -3.04977, -0.000291795
64.9503, 0.0770953, 0.000799099, -95.4397, -1.49304, 1.55675, -3.04979, -0.00029183
64.9554, 0.0767206, -8.9388e-05, -95.4116, -1.49306, 1.55675, -3.04981, -0.000291864
64.9605, 0.0772391, -0.000887843, -95.3836, -1.49307, 1.55675, -3.04982, -0.000291898
64.9656, 0.078185, -0.00089742, -95.3555, -1.49308, 1.55676, -3.04984, -0.000291932
64.9707, 0.0787193, -0.000110333, -95.3275, -1.49309, 1.55676, -3.04985, -0.000291967
64.9758, 0.0783638, 0.000784602, -95.2995, -1.49311, 1.55676, -3.04987, -0.000292001
64.9809, 0.0774187, 0.00100522, -95.2715, -1.49312, 1.55677, -3.04989, -0.000292035
64.986, 0.0766987, 0.00035933, -95.2435, -1.49313, 1.55677, -3.0499, -0.000292069
64.9911, 0.0768209, -0.000588562, -95.2155, -1.49315, 1.55677, -3.04992, -0.000292104
64.9962, 0.0776669, -0.0010112, -95.1875, -1.49316, 1.55678, -3.04994, -0.000292138
65.0013, 0.0784872, -0.000540439, -95.1595, -1.49317, 1.55678, -3.04995, -0.000292172
65.0064, 0.0785557, 0.000412765, -95.1316, -1.49318, 1.55678, -3.04997, -0.000292206
65.0115, 0.0778021, 0.00101774, -95.1036, -1.4932, 1.55679, -3.04998, -0.000292241
65.0166, 0.076872, 0.000748055, -95.0757, -1.49321, 1.55679, -3.05, -0.000292275
65.0217, 0.0765636, -0.000160956, -95.0477, -1.49322, 1.55679, -3.05002, -0.000292309
65.0268, 0.0771335, -0.000918281, -95.0198, -1.49324, 1.5568, -3.05003, -0.000292344
65.032, 0.0780745, -0.000865775, -94.9919, -1.49325, 1.5568, -3.05005, -0.000292378
65.0371, 0.0785578, -4.96636e-05, -94.964, -1.49326, 1.5568, -3.05006, -0.000292412
65.0422, 0.0781528, 0.000820892, -94.9361, -1.49327, 1.55681, -3.05008, -0.000292446
65.0473, 0.0772007, 0.000990408, -94.9082, -1.49329, 1.55681, -3.0501, -0.000292481
65.0524, 0.0765164, 0.000312399, -94.8803, -1.4933, 1.55681, -3.05011, -0.000292515
65.0575, 0.0766818, -0.000624765, -94.8524, -1.49331, 1.55682, -3.05013, -0.000292549
65.0626, 0.0775418, -0.00100896, -94.8245, -1.49333, 1.55682, -3.05014, -0.000292584
65.0677, 0.0783402, -0.000507933, -94.7967, -1.49334, 1.55682, -3.05016, -0.000292618
65.0728, 0.0783748, 0.000444045, -94.7688, -1.49335, 1.55683, -3.05018, -0.000292652
65.0779, 0.0776053, 0.00102322, -94.741, -1.49336, 1.55683, -3.05019, -0.000292687
65.083, 0.0766864, 0.000729178, -94.7132, -1.49338, 1.55683, -3.05021, -0.000292721
65.0881, 0.076401, -0.000183344, -94.6853, -1.49339, 1.55684, -3.05023, -0.000292755
65.0932, 0.0769841, -0.000925868, -94.6575, -1.4934, 1.55684, -3.05024, -0.00029279
65.0983, 0.0779206, -0.00085766, -94.6297, -1.49342, 1.55684, -3.05026, -0.000292824
65.1034, 0.0783914, -3.81747e-05, -94.6019, -1.49343, 1.55685, -3.05027, -0.000292858
65.1085, 0.0779798, 0.000825502, -94.5741, -1.49344, 1.55685, -3.05029, -0.000292893
65.1136, 0.0770302, 0.000989126, -94.5464, -1.49345, 1.55685, -3.05031, -0.000292927
65.1187, 0.0763497, 0.00031232, -94.5186, -1.49347, 1.55686, -3.05032, -0.000292961
65.1238, 0.0765128, -0.000621712, -94.4908, -1.49348, 1.55686, -3.05034, -0.000292996
65.1289, 0.0773675, -0.00100924, -94.4631, -1.49349, 1.55686, -3.05035, -0.00029303
65.134, 0.0781674, -0.000517484, -94.4353, -1.49351, 1.55687, -3.05037, -0.000293064
65.1391, 0.0782141, 0.000430305, -94.4076, -1.49352, 1.55687, -3.05039, -0.000293099
65.1442, 0.077457, 0.00101974, -94.3799, -1.49353, 1.55687, -3.0504, -0.000293133
65.1493, 0.0765357, 0.000745117, -94.3522, -1.49354, 1.55688, -3.05042, -0.000293168
65.1544, 0.0762296, -0.000157286, -94.3245, -1.49356, 1.55688, -3.05043, -0.000293202
65.1595, 0.0767899, -0.000913189, -94.2968, -1.49357, 1.55688, -3.05045, -0.000293236
65.1646, 0.0777246, -0.000874877, -94.2691, -1.49358, 1.55688, -3.05047, -0.000293271
65.1697, 0.0782219, -7.57717e-05, -94.2414, -1.4936, 1.55689, -3.05048, -0.000293305
65.1748, 0.0778453, 0.000799439, -94.2137, -1.49361, 1.55689, -3.0505, -0.00029334
65.1799, 0.0769069, 0.00100185, -94.1861, -1.49362, 1.55689, -3.05052, -0.000293374
65.185, 0.0761985, 0.000358879, -94.1584, -1.49363, 1.5569, -3.05053, -0.000293408
65.1901, 0.0763145, -0.000579269, -94.1308, -1.49365, 1.5569, -3.05055, -0.000293443
65.1952, 0.0771442, -0.00101097, -94.1031, -1.49366, 1.5569, -3.05056, -0.000293477
65.2003, 0.0779677, -0.00056803, -94.0755, -1.49367, 1.55691, -3.05058, -0.000293512
65.2054, 0.0780714, 0.000370911, -94.0479, -1.49368, 1.55691, -3.0506, -0.000293546
65.2105, 0.0773565, 0.00100471, -94.0203, -1.4937, 1.55691, -3.05061, -0.000293581
65.2156, 0.076422, 0.000793354, -93.9927, -1.49371, 1.55692, -3.05063, -0.000293615
65.2207, 0.0760533, -8.2437e-05, -93.9651, -1.49372, 1.55692, -3.05064, -0.000293649
65.2258, 0.076553, -0.000876452, -93.9375, -1.49374, 1.55692, -3.05066, -0.000293684
65.2309, 0.0774843, -0.000913045, -93.9099, -1.49375, 1.55693, -3.05068, -0.000293718
65.236, 0.0780438, -0.000161671, -93.8824, -1.49376, 1.55693, -3.05069, -0.000293753
65.2411, 0.0777453, 0.00073834, -93.8548, -1.49377, 1.55693, -3.05071, -0.000293787
65.2462, 0.0768322, 0.00102222, -93.8272, -1.49379, 1.55694, -3.05072, -0.000293822
65.2513, 0.0760694, 0.000449377, -93.7997, -1.4938, 1.55694, -3.05074, -0.000293856
65.2565, 0.0760933, -0.000493347, -93.7722, -1.49381, 1.55694, -3.05076, -0.000293891
65.2618, 0.0769193, -0.00100952, -93.7433, -1.49383, 1.55695, -3.05077, -0.000293927
65.2672, 0.077792, -0.000578928, -93.7145, -1.49384, 1.55695, -3.05079, -0.000293963
65.2725, 0.0778917, 0.00039945, -93.6856, -1.49385, 1.55695, -3.05081, -0.000293999
65.2779, 0.0771144, 0.00102078, -93.6568, -1.49387, 1.55696, -3.05082, -0.000294035
65.2832, 0.0761665, 0.000711291, -93.628, -1.49388, 1.55696, -3.05084, -0.000294071
65.2886, 0.075911, -0.000242534, -93.5991, -1.49389, 1.55696, -3.05086, -0.000294108
65.2939, 0.0765707, -0.00095997, -93.5703, -1.49391, 1.55697, -3.05087, -0.000294144
65.2993, 0.0775241, -0.000779482, -93.5415, -1.49392, 1.55697, -3.05089, -0.00029418
65.3046, 0.0778797, 0.000131877, -93.5128, -1.49393, 1.55697, -3.05091, -0.000294216
65.31, 0.077298, 0.000933936, -93.484, -1.49395, 1.55698, -3.05093, -0.000294252
65.3153, 0.0763029, 0.000888271, -93.4552, -1.49396, 1.55698, -3.05094, -0.000294289
65.3207, 0.0757981, 3.75515e-05, -93.4265, -1.49397, 1.55698, -3.05096, -0.000294325
65.326, 0.0762352, -0.000835177, -93.3977, -1.49399, 1.55699, -3.05098, -0.000294361
65.3314, 0.0771992, -0.000927677, -93.369, -1.494, 1.55699, -3.05099, -0.000294397
65.3367, 0.0777919, -0.000155558, -93.3402, -1.49401, 1.557, -3.05101, -0.000294434
65.3421, 0.0774569, 0.000771588, -93.3115, -1.49403, 1.557, -3.05103, -0.00029447
65.3474, 0.0764901, 0.00100285, -93.2828, -1.49404, 1.557, -3.05104, -0.000294506
65.3528, 0.0757663, 0.000326661, -93.2541, -1.49405, 1.55701, -3.05106, -0.000294542
65.3581, 0.0759364, -0.000636477, -93.2254, -1.49407, 1.55701, -3.05108, -0.000294578
65.3635, 0.0768317, -0.00100401, -93.1967, -1.49408, 1.55701, -3.05109, -0.000294615
65.3688, 0.0776195, -0.000439888, -93.1681, -1.4941, 1.55702, -3.05111, -0.000294651
65.3742, 0.0775668, 0.000538979, -93.1394, -1.49411, 1.55702, -3.05113, -0.000294687
65.3795, 0.0767101, 0.00103706, -93.1108, -1.49412, 1.55702, -3.05114, -0.000294724
65.3849, 0.0758208, 0.000599452, -93.0821, -1.49414, 1.55703, -3.05116, -0.00029476
65.3902, 0.0756991, -0.000373355, -93.0535, -1.49415, 1.55703, -3.05118, -0.000294796
65.3956, 0.0764432, -0.000992781, -93.0249, -1.49416, 1.55703, -3.0512, -0.000294832
65.4009, 0.0773612, -0.000693875, -92.9962, -1.49418, 1.55704, -3.05121, -0.000294869
65.4063, 0.0776036, 0.00025007, -92.9676, -1.49419, 1.55704, -3.05123, -0.000294905
65.4116, 0.0769377, 0.000978201, -92.9391, -1.4942, 1.55704, -3.05125, -0.000294941
65.417, 0.0759585, 0.000827403, -92.9105, -1.49422, 1.55705, -3.05126, -0.000294977
65.4223, 0.0755456, -6.43562e-05, -92.8819, -1.49423, 1.55705, -3.05128, -0.000295014
65.4277, 0.076062, -0.000885085, -92.8533, -1.49424, 1.55705, -3.0513, -0.00029505
65.433, 0.0770251, -0.000888465, -92.8248, -1.49426, 1.55706, -3.05131, -0.000295086
65.4384, 0.0775472, -7.20483e-05, -92.7962, -1.49427, 1.55706, -3.05133, -0.000295123
65.4437, 0.077142, 0.000821931, -92.7677, -1.49428, 1.55706, -3.05135, -0.000295159
65.4491, 0.0761659, 0.000981811, -92.7392, -1.4943, 1.55707, -3.05136, -0.000295195
65.4544, 0.0754929, 0.000263091, -92.7106, -1.49431, 1.55707, -3.05138, -0.000295232
65.4598, 0.0757209, -0.000681789, -92.6821, -1.49432, 1.55707, -3.0514, -0.000295268
65.4651, 0.0766303, -0.000996291, -92.6536, -1.49434, 1.55708, -3.05141, -0.000295304
65.4705, 0.0773847, -0.000396016, -92.6252, -1.49435, 1.55708, -3.05143, -0.000295341
65.4758, 0.0772892, 0.000574906, -92.5967, -1.49436, 1.55708, -3.05145, -0.000295377
65.4812, 0.0764186, 0.00103772, -92.5682, -1.49438, 1.55709, -3.05146, -0.000295413
65.4866, 0.0755487, 0.000574307, -92.5397, -1.49439, 1.55709, -3.05148, -0.00029545
65.4919, 0.0754535, -0.000395798, -92.5113, -1.4944, 1.55709, -3.0515, -0.000295486
65.4973, 0.0762063, -0.000995953, -92.4829, -1.49442, 1.5571, -3.05152, -0.000295522
65.5026, 0.0771147, -0.000684653, -92.4544, -1.49443, 1.5571, -3.05153, -0.000295559
65.508, 0.0773469, 0.000256536, -92.426, -1.49444, 1.5571, -3.05155, -0.000295595
65.5133, 0.076682, 0.00097844, -92.3976, -1.49446, 1.55711, -3.05157, -0.000295632
65.5187, 0.0757077, 0.000830642, -92.3692, -1.49447, 1.55711, -3.05158, -0.000295668
65.524, 0.0752898, -5.30603e-05, -92.3408, -1.49448, 1.55712, -3.0516, -0.000295704
65.5294, 0.0757919, -0.00087659, -92.3124, -1.4945, 1.55712, -3.05162, -0.000295741
65.5347, 0.0767496, -0.000899072, -92.284, -1.49451, 1.55712, -3.05163, -0.000295777
65.5401, 0.0772892, -0.000100906, -92.2557, -1.49452, 1.55713, -3.05165, -0.000295814
65.5454, 0.0769142, 0.000799986, -92.2273, -1.49454, 1.55713, -3.05167, -0.00029585
65.5508, 0.0759499, 0.000994382, -92.199, -1.49455, 1.55713, -3.05168, -0.000295886
65.5561, 0.0752505, 0.00030833, -92.1706, -1.49457, 1.55714, -3.0517, -0.000295923
65.5615, 0.0754311, -0.000641992, -92.1423, -1.49458, 1.55714, -3.05172, -0.000295959
65.5668, 0.0763171, -0.00100428, -92.114, -1.49459, 1.55714, -3.05173, -0.000295996
65.5722, 0.077102, -0.000454327, -92.0857, -1.49461, 1.55715, -3.05175, -0.000296032
65.5775, 0.0770708, 0.000514608, -92.0574, -1.49462, 1.55715, -3.05177, -0.000296068
65.5829, 0.0762401, 0.00103489, -92.0291, -1.49463, 1.55715, -3.05178, -0.000296105
65.5882, 0.0753417, 0.000641416, -92.0008, -1.49465, 1.55716, -3.0518, -0.000296141
65.5936, 0.0751669, -0.000313289, -91.9725, -1.49466, 1.55716, -3.05182, -0.000296178
65.5989, 0.0758593, -0.000975659, -91.9443, -1.49467, 1.55716, -3.05184, -0.000296214
65.6043, 0.076788, -0.000754353, -91.916, -1.49469, 1.55717, -3.05185, -0.000296251
65.6096, 0.0771117, 0.000152406, -91.8878, -1.4947, 1.55717, -3.05187, -0.000296287
65.615, 0.0765303, 0.000935178, -91.8596, -1.49471, 1.55717, -3.05189, -0.000296324
65.6203, 0.0755508, 0.000896153, -91.8313, -1.49473, 1.55718, -3.0519, -0.00029636
65.6257, 0.0750345, 7.07494e-05, -91.8031, -1.49474, 1.55718, -3.05192, -0.000296397
65.631, 0.0754288, -0.000805329, -91.7749, -1.49475, 1.55718, -3.05194, -0.000296433
65.6364, 0.0763701, -0.000952265, -91.7467, -1.49477, 1.55719, -3.05195, -0.00029647
65.6417, 0.0770088, -0.000239912, -91.7185, -1.49478, 1.55719, -3.05197, -0.000296506
65.6471, 0.0767653, 0.000697729, -91.6904, -1.49479, 1.55719, -3.05199, -0.000296543
65.6524, 0.0758447, 0.00102733, -91.6622, -1.49481, 1.5572, -3.052, -0.000296579
65.6578, 0.0750532, 0.000456663, -91.634, -1.49482, 1.5572, -3.05202, -0.000296616
65.6631, 0.0750814, -0.000507065, -91.6059, -1.49483, 1.5572, -3.05204, -0.000296652
65.6685, 0.0758916, -0.00100866, -91.5778, -1.49485, 1.55721, -3.05205, -0.000296689
65.6738, 0.0767531, -0.00060378, -91.5496, -1.49486, 1.55721, -3.05207, -0.000296725
65.6792, 0.0768907, 0.000348116, -91.5215, -1.49487, 1.55721, -3.05209, -0.000296762
65.6845, 0.0761711, 0.00100365, -91.4934, -1.49489, 1.55722, -3.0521, -0.000296798
65.6899, 0.0752201, 0.000782868, -91.4653, -1.4949, 1.55722, -3.05212, -0.000296835
65.6952, 0.0748672, -0.000118242, -91.4372, -1.49491, 1.55722, -3.05214, -0.000296871
65.7006, 0.0754121, -0.000902514, -91.4091, -1.49493, 1.55723, -3.05216, -0.000296908
65.706, 0.0763607, -0.000877088, -91.3811, -1.49494, 1.55723, -3.05217, -0.000296944
65.7113, 0.0768633, -6.5049e-05, -91.353, -1.49495, 1.55723, -3.05219, -0.000296981
65.7167, 0.0764648, 0.000816319, -91.325, -1.49497, 1.55724, -3.05221, -0.000297017
65.722, 0.0755056, 0.000989548, -91.2969, -1.49498, 1.55724, -3.05222, -0.000297054
65.7274, 0.0748199, 0.000302484, -91.2689, -1.49499, 1.55725, -3.05224, -0.00029709
65.7327, 0.0749998, -0.000638848, -91.2409, -1.49501, 1.55725, -3.05226, -0.000297127
65.7381, 0.0758745, -0.00100534, -91.2128, -1.49502, 1.55725, -3.05227, -0.000297164
65.7434, 0.0766618, -0.000474912, -91.1848, -1.49503, 1.55726, -3.05229, -0.0002972
65.7488, 0.0766575, 0.000485195, -91.1568, -1.49505, 1.55726, -3.05231, -0.000297237
65.7541, 0.0758542, 0.00103064, -91.1289, -1.49506, 1.55726, -3.05232, -0.000297273
65.7595, 0.0749466, 0.000682544, -91.1009, -1.49507, 1.55727, -3.05234, -0.00029731
65.7648, 0.0747199, -0.000252736, -91.0729, -1.49509, 1.55727, -3.05236, -0.000297347
65.7702, 0.0753607, -0.000953952, -91.0449, -1.4951, 1.55727, -3.05237, -0.000297383
65.7755, 0.0762946, -0.000806259, -91.017, -1.49511, 1.55728, -3.05239, -0.00029742
65.7809, 0.076691, 6.02106e-05, -90.9891, -1.49513, 1.55728, -3.05241, -0.000297456
65.7862, 0.0761912, 0.000885788, -90.9611, -1.49514, 1.55728, -3.05242, -0.000297493
65.7916, 0.0752219, 0.000947638, -90.9332, -1.49515, 1.55729, -3.05244, -0.00029753
65.7969, 0.07462, 0.00019224, -90.9053, -1.49517, 1.55729, -3.05246, -0.000297566
65.8023, 0.0748998, -0.000719082, -90.8774, -1.49518, 1.55729, -3.05247, -0.000297603
65.8076, 0.0758045, -0.000989607, -90.8495, -1.4952, 1.5573, -3.05249, -0.000297639
65.813, 0.0765314, -0.000383502, -90.8216, -1.49521, 1.5573, -3.05251, -0.000297676
65.8183, 0.0764344, 0.000569339, -90.7937, -1.49522, 1.5573, -3.05252, -0.000297713
65.8237, 0.075587, 0.00103717, -90.7659, -1.49524, 1.55731, -3.05254, -0.000297749
65.829, 0.0747173, 0.00061237, -90.738, -1.49525, 1.55731, -3.05256, -0.000297786
65.8344, 0.0745716, -0.000334083, -90.7102, -1.49526, 1.55731, -3.05258, -0.000297823
65.8397, 0.0752646, -0.000977273, -90.6823, -1.49528, 1.55732, -3.05259, -0.000297859
65.8451, 0.0761807, -0.000757438, -90.6545, -1.49529, 1.55732, -3.05261, -0.000297896
65.8504, 0.0765108, 0.000133448, -90.6267, -1.4953, 1.55732, -3.05263, -0.000297933
65.8558, 0.0759567, 0.000920082, -90.5989, -1.49532, 1.55733, -3.05264, -0.000297969
65.8611, 0.0749891, 0.000918825, -90.5711, -1.49533, 1.55733, -3.05266, -0.000298006
65.8665, 0.0744372, 0.000131396, -90.5433, -1.49534, 1.55733, -3.05268, -0.000298043
65.8718, 0.0747682, -0.000757936, -90.5155, -1.49536, 1.55734, -3.05269, -0.000298079
65.8772, 0.0756826, -0.000977414, -90.4877, -1.49537, 1.55734, -3.05271, -0.000298116
65.8825, 0.0763754, -0.000337229, -90.46, -1.49538, 1.55734, -3.05273, -0.000298153
65.8879, 0.0762346, 0.000607075, -90.4322, -1.4954, 1.55735, -3.05274, -0.00029819
65.8932, 0.0753713, 0.00103728, -90.4045, -1.49541, 1.55735, -3.05276, -0.000298226
65.8986, 0.0745219, 0.000581344, -90.3767, -1.49542, 1.55735, -3.05278, -0.000298263
65.9039, 0.0744097, -0.000365519, -90.349, -1.49544, 1.55736, -3.05279, -0.0002983
65.9093, 0.0751196, -0.000984112, -90.3213, -1.49545, 1.55736, -3.05281, -0.000298336
65.9146, 0.0760258, -0.000740057, -90.2936, -1.49546, 1.55736, -3.05283, -0.000298373
65.92, 0.0763339, 0.000155151, -90.2659, -1.49548, 1.55737, -3.05284, -0.00029841
65.9254, 0.0757667, 0.000928171, -90.2382, -1.49549, 1.55737, -3.05286, -0.000298447
65.9307, 0.0748029, 0.000912138, -90.2105, -1.4955, 1.55737, -3.05288, -0.000298483
65.9361, 0.0742622, 0.000121508, -90.1829, -1.49552, 1.55738, -3.05289, -0.00029852
65.9414, 0.0745989, -0.00076171, -90.1552, -1.49553, 1.55738, -3.05291, -0.000298557
65.9468, 0.0755106, -0.00097669, -90.1276, -1.49554, 1.55739, -3.05293, -0.000298594
65.9521, 0.0762006, -0.000338892, -90.0999, -1.49556, 1.55739, -3.05294, -0.00029863
65.9575, 0.0760639, 0.000602265, -90.0723, -1.49557, 1.55739, -3.05296, -0.000298667
65.9628, 0.0752072, 0.00103726, -90.0447, -1.49558, 1.5574, -3.05298, -0.000298704
65.9682, 0.0743558, 0.000592675, -90.017, -1.4956, 1.5574, -3.053, -0.000298741
65.9735, 0.0742295, -0.000348935, -89.9894, -1.49561, 1.5574, -3.05301, -0.000298777
65.9789, 0.0749247, -0.000978872, -89.9618, -1.49562, 1.55741, -3.05303, -0.000298814
65.9842, 0.0758327, -0.000756936, -89.9343, -1.49564, 1.55741, -3.05305, -0.000298851
65.9896, 0.0761634, 0.000125896, -89.9067, -1.49565, 1.55741, -3.05306, -0.000298888
65.9949, 0.0756224, 0.000912547, -89.8791, -1.49566, 1.55742, -3.05308, -0.000298925
66.0003, 0.0746622, 0.000929347, -89.8516, -1.49568, 1.55742, -3.0531, -0.000298961
66.0056, 0.0740937, 0.000162534, -89.824, -1.49569, 1.55742, -3.05311, -0.000298998
66.011, 0.0743915, -0.000731247, -89.7965, -1.4957, 1.55743, -3.05313, -0.000299035
66.0163, 0.0752888, -0.000987689, -89.7689, -1.49572, 1.55743, -3.05315, -0.000299072
66.0217, 0.076007, -0.000388158, -89.7414, -1.49573, 1.55743, -3.05316, -0.000299109
66.027, 0.0759214, 0.000554631, -89.7139, -1.49574, 1.55744, -3.05318, -0.000299145
66.0326, 0.0750558, 0.00103702, -89.6853, -1.49576, 1.55744, -3.0532, -0.000299184
66.0381, 0.0741748, 0.000583509, -89.6568, -1.49577, 1.55744, -3.05321, -0.000299222
66.0437, 0.0740711, -0.000390584, -89.6282, -1.49579, 1.55745, -3.05323, -0.00029926
66.0493, 0.0748261, -0.0009949, -89.5997, -1.4958, 1.55745, -3.05325, -0.000299298
66.0548, 0.0757371, -0.000677939, -89.5712, -1.49581, 1.55745, -3.05327, -0.000299337
66.0604, 0.0759599, 0.000270331, -89.5427, -1.49583, 1.55746, -3.05328, -0.000299375
66.0659, 0.0752793, 0.000984582, -89.5142, -1.49584, 1.55746, -3.0533, -0.000299413
66.0715, 0.0743036, 0.000813977, -89.4857, -1.49585, 1.55746, -3.05332, -0.000299452
66.077, 0.0739093, -8.53667e-05, -89.4572, -1.49587, 1.55747, -3.05334, -0.00029949
66.0826, 0.0744422, -0.000894094, -89.4287, -1.49588, 1.55747, -3.05335, -0.000299528
66.0882, 0.0754041, -0.000876426, -89.4002, -1.4959, 1.55748, -3.05337, -0.000299566
66.0937, 0.0759073, -4.90819e-05, -89.3718, -1.49591, 1.55748, -3.05339, -0.000299605
66.0993, 0.0754823, 0.000835394, -89.3433, -1.49592, 1.55748, -3.05341, -0.000299643
66.1048, 0.0745032, 0.000973602, -89.3149, -1.49594, 1.55749, -3.05342, -0.000299681
66.1104, 0.0738466, 0.000240678, -89.2865, -1.49595, 1.55749, -3.05344, -0.00029972
66.1159, 0.0740954, -0.000697752, -89.2581, -1.49597, 1.55749, -3.05346, -0.000299758
66.1215, 0.0750107, -0.000990654, -89.2297, -1.49598, 1.5575, -3.05348, -0.000299796
66.1271, 0.0757499, -0.000373118, -89.2013, -1.49599, 1.5575, -3.05349, -0.000299835
66.1326, 0.0756312, 0.00059487, -89.1729, -1.49601, 1.5575, -3.05351, -0.000299873
66.1382, 0.0747502, 0.00103691, -89.1445, -1.49602, 1.55751, -3.05353, -0.000299911
66.1437, 0.0738918, 0.000553552, -89.1161, -1.49604, 1.55751, -3.05355, -0.00029995
66.1493, 0.0738195, -0.00041747, -89.0878, -1.49605, 1.55751, -3.05356, -0.000299988
66.1549, 0.0745855, -0.000998435, -89.0594, -1.49606, 1.55752, -3.05358, -0.000300026
66.1604, 0.0754849, -0.000665041, -89.0311, -1.49608, 1.55752, -3.0536, -0.000300065
66.166, 0.0756934, 0.000281107, -89.0028, -1.49609, 1.55752, -3.05362, -0.000300103
66.1715, 0.0750109, 0.000986161, -88.9744, -1.4961, 1.55753, -3.05363, -0.000300142
66.1771, 0.074041, 0.000814774, -88.9461, -1.49612, 1.55753, -3.05365, -0.00030018
66.1826, 0.073645, -7.79503e-05, -88.9178, -1.49613, 1.55754, -3.05367, -0.000300218
66.1882, 0.0741666, -0.000887663, -88.8896, -1.49615, 1.55754, -3.05369, -0.000300257
66.1938, 0.0751232, -0.000885825, -88.8613, -1.49616, 1.55754, -3.0537, -0.000300295
66.1993, 0.0756417, -7.47349e-05, -88.833, -1.49617, 1.55755, -3.05372, -0.000300333
66.2049, 0.075244, 0.000815974, -88.8047, -1.49619, 1.55755, -3.05374, -0.000300372
66.2104, 0.0742756, 0.000986162, -88.7765, -1.4962, 1.55755, -3.05375, -0.00030041
66.216, 0.0735938, 0.000283628, -88.7483, -1.49622, 1.55756, -3.05377, -0.000300449
66.2215, 0.0737978, -0.000660611, -88.72, -1.49623, 1.55756, -3.05379, -0.000300487
66.2271, 0.0746914, -0.000999682, -88.6918, -1.49624, 1.55756, -3.05381, -0.000300526
66.2327, 0.0754609, -0.000430208, -88.6636, -1.49626, 1.55757, -3.05382, -0.000300564
66.2382, 0.0754047, 0.000537048, -88.6354, -1.49627, 1.55757, -3.05384, -0.000300602
66.2438, 0.0745615, 0.00103598, -88.6072, -1.49628, 1.55757, -3.05386, -0.000300641
66.2493, 0.0736737, 0.000620627, -88.579, -1.4963, 1.55758, -3.05388, -0.000300679
66.2549, 0.0735228, -0.000336917, -88.5509, -1.49631, 1.55758, -3.05389, -0.000300718
66.2605, 0.0742305, -0.000980619, -88.5227, -1.49633, 1.55759, -3.05391, -0.000300756
66.266, 0.0751519, -0.000735894, -88.4946, -1.49634, 1.55759, -3.05393, -0.000300795
66.2716, 0.075452, 0.000178131, -88.4664, -1.49635, 1.55759, -3.05395, -0.000300833
66.2771, 0.0748513, 0.000945642, -88.4383, -1.49637, 1.5576, -3.05396, -0.000300872
66.2827, 0.0738737, 0.000882567, -88.4102, -1.49638, 1.5576, -3.05398, -0.00030091
66.2882, 0.073378, 4.57735e-05, -88.3821, -1.4964, 1.5576, -3.054, -0.000300949
66.2938, 0.073793, -0.000819029, -88.354, -1.49641, 1.55761, -3.05402, -0.000300987
66.2994, 0.0747362, -0.000942243, -88.3259, -1.49642, 1.55761, -3.05403, -0.000301026
66.3049, 0.0753561, -0.000214882, -88.2978, -1.49644, 1.55761, -3.05405, -0.000301064
66.3105, 0.0750896, 0.000715863, -88.2697, -1.49645, 1.55762, -3.05407, -0.000301102
66.316, 0.0741619, 0.00102303, -88.2416, -1.49647, 1.55762, -3.05409, -0.000301141
66.3216, 0.0733848, 0.000434428, -88.2136, -1.49648, 1.55762, -3.0541, -0.00030118
66.3271, 0.0734354, -0.000526964, -88.1855, -1.49649, 1.55763, -3.05412, -0.000301218
66.3327, 0.0742559, -0.00100832, -88.1575, -1.49651, 1.55763, -3.05414, -0.000301257
66.3383, 0.0751062, -0.000583415, -88.1295, -1.49652, 1.55763, -3.05415, -0.000301295
66.3438, 0.0752209, 0.000370662, -88.1015, -1.49653, 1.55764, -3.05417, -0.000301334
66.3494, 0.0744868, 0.00100894, -88.0735, -1.49655, 1.55764, -3.05419, -0.000301372
66.3549, 0.0735417, 0.000766994, -88.0455, -1.49656, 1.55765, -3.05421, -0.000301411
66.3605, 0.0732093, -0.000140531, -88.0175, -1.49658, 1.55765, -3.05422, -0.000301449
66.366, 0.0737705, -0.000911158, -87.9895, -1.49659, 1.55765, -3.05424, -0.000301488
66.3716, 0.0747167, -0.000864427, -87.9616, -1.4966, 1.55766, -3.05426, -0.000301526
66.3772, 0.0752003, -4.22428e-05, -87.9336, -1.49662, 1.55766, -3.05428, -0.000301565
66.3827, 0.0747828, 0.000829518, -87.9057, -1.49663, 1.55766, -3.05429, -0.000301603
66.3883, 0.0738208, 0.000982287, -87.8777, -1.49665, 1.55767, -3.05431, -0.000301642
66.3938, 0.0731501, 0.00028205, -87.8498, -1.49666, 1.55767, -3.05433, -0.000301681
66.3994, 0.0733489, -0.000653898, -87.8219, -1.49667, 1.55767, -3.05435, -0.000301719
66.405, 0.0742293, -0.00100169, -87.794, -1.49669, 1.55768, -3.05436, -0.000301758
66.4105, 0.0750043, -0.000455914, -87.7661, -1.4967, 1.55768, -3.05438, -0.000301796
66.4161, 0.0749805, 0.000502969, -87.7382, -1.49671, 1.55768, -3.0544, -0.000301835
66.4216, 0.0741674, 0.00103225, -87.7103, -1.49673, 1.55769, -3.05442, -0.000301874
66.4272, 0.0732673, 0.000667586, -87.6824, -1.49674, 1.55769, -3.05443, -0.000301912
66.4327, 0.073058, -0.000270314, -87.6546, -1.49676, 1.55769, -3.05445, -0.000301951
66.4383, 0.0737103, -0.000958485, -87.6267, -1.49677, 1.5577, -3.05447, -0.000301989
66.4439, 0.0746397, -0.000793985, -87.5989, -1.49678, 1.5577, -3.05449, -0.000302028
66.4494, 0.0750197, 7.84028e-05, -87.5711, -1.4968, 1.55771, -3.0545, -0.000302067
66.455, 0.0745061, 0.000894406, -87.5432, -1.49681, 1.55771, -3.05452, -0.000302105
66.4605, 0.0735367, 0.000940151, -87.5154, -1.49683, 1.55771, -3.05454, -0.000302144
66.4661, 0.0729475, 0.00017627, -87.4876, -1.49684, 1.55772, -3.05455, -0.000302182
66.4716, 0.0732409, -0.000729032, -87.4598, -1.49685, 1.55772, -3.05457, -0.000302221
66.4772, 0.0741479, -0.00098498, -87.4321, -1.49687, 1.55772, -3.05459, -0.00030226
66.4828, 0.0748642, -0.000368693, -87.4043, -1.49688, 1.55773, -3.05461, -0.000302298
66.4883, 0.0747531, 0.000581504, -87.3765, -1.49689, 1.55773, -3.05462, -0.000302337
66.4939, 0.0738999, 0.00103693, -87.3488, -1.49691, 1.55773, -3.05464, -0.000302376
66.4994, 0.0730368, 0.000601169, -87.321, -1.49692, 1.55774, -3.05466, -0.000302414
66.505, 0.0729032, -0.000345579, -87.2933, -1.49694, 1.55774, -3.05468, -0.000302453
66.5106, 0.0736028, -0.000978937, -87.2656, -1.49695, 1.55774, -3.05469, -0.000302492
66.5161, 0.0745143, -0.000748268, -87.2379, -1.49696, 1.55775, -3.05471, -0.00030253
66.5217, 0.0748333, 0.000145208, -87.2102, -1.49698, 1.55775, -3.05473, -0.000302569
66.5272, 0.074271, 0.000924722, -87.1825, -1.49699, 1.55775, -3.05475, -0.000302608
66.5328, 0.0733043, 0.000913547, -87.1548, -1.497, 1.55776, -3.05476, -0.000302647
66.5383, 0.0727605, 0.00012203, -87.1271, -1.49702, 1.55776, -3.05478, -0.000302685
66.5439, 0.0730988, -0.000762741, -87.0994, -1.49703, 1.55777, -3.0548, -0.000302724
66.5495, 0.0740133, -0.000973822, -87.0718, -1.49705, 1.55777, -3.05482, -0.000302763
66.555, 0.0746993, -0.000328915, -87.0441, -1.49706, 1.55777, -3.05483, -0.000302801
66.5606, 0.0745512, 0.000612967, -87.0165, -1.49707, 1.55778, -3.05485, -0.00030284
66.5661, 0.0736859, 0.00103665, -86.9889, -1.49709, 1.55778, -3.05487, -0.000302879
66.5717, 0.0728401, 0.000576199, -86.9613, -1.4971, 1.55778, -3.05488, -0.000302918
66.5772, 0.072733, -0.000369731, -86.9337, -1.49712, 1.55779, -3.0549, -0.000302956
66.5828, 0.0734444, -0.00098374, -86.9061, -1.49713, 1.55779, -3.05492, -0.000302995
66.5884, 0.0743476, -0.000736087, -86.8785, -1.49714, 1.55779, -3.05494, -0.000303034
66.5939, 0.0746515, 0.000158874, -86.8509, -1.49716, 1.5578, -3.05495, -0.000303073
66.5995, 0.0740824, 0.000928995, -86.8233, -1.49717, 1.5578, -3.05497, -0.000303111
66.605, 0.0731197, 0.000910785, -86.7958, -1.49718, 1.5578, -3.05499, -0.00030315
66.6106, 0.0725808, 0.000120579, -86.7682, -1.4972, 1.55781, -3.05501, -0.000303189
66.6161, 0.0729172, -0.000760878, -86.7407, -1.49721, 1.55781, -3.05502, -0.000303228
66.6217, 0.073827, -0.000975311, -86.7131, -1.49723, 1.55781, -3.05504, -0.000303266
66.6273, 0.0745157, -0.000338925, -86.6856, -1.49724, 1.55782, -3.05506, -0.000303305
66.6328, 0.0743799, 0.000600824, -86.6581, -1.49725, 1.55782, -3.05508, -0.000303344
66.6384, 0.073525, 0.00103677, -86.6306, -1.49727, 1.55783, -3.05509, -0.000303383
66.6439, 0.0726734, 0.00059523, -86.6031, -1.49728, 1.55783, -3.05511, -0.000303422
66.6495, 0.0725436, -0.000344388, -86.5756, -1.4973, 1.55783, -3.05513, -0.00030346
66.6551, 0.0732344, -0.00097628, -86.5482, -1.49731, 1.55784, -3.05515, -0.000303499
66.6606, 0.0741415, -0.000759388, -86.5207, -1.49732, 1.55784, -3.05516, -0.000303538
66.6662, 0.0744764, 0.000119899, -86.4932, -1.49734, 1.55784, -3.05518, -0.000303577
66.6717, 0.073941, 0.000908684, -86.4658, -1.49735, 1.55785, -3.0552, -0.000303616
66.6773, 0.0729822, 0.000932526, -86.4384, -1.49736, 1.55785, -3.05521, -0.000303654
66.6828, 0.0724079, 0.000171684, -86.4109, -1.49738, 1.55785, -3.05523, -0.000303693
66.6884, 0.0726965, -0.000723326, -86.3835, -1.49739, 1.55786, -3.05525, -0.000303732
66.694, 0.0735891, -0.000988379, -86.3561, -1.49741, 1.55786, -3.05527, -0.000303771
66.6995, 0.074312, -0.000397864, -86.3287, -1.49742, 1.55786, -3.05528, -0.00030381
66.7051, 0.0742371, 0.000544017, -86.3013, -1.49743, 1.55787, -3.0553, -0.000303849
66.7109, 0.0733753, 0.00103631, -86.2728, -1.49745, 1.55787, -3.05532, -0.000303889
66.7167, 0.0724889, 0.000589648, -86.2443, -1.49746, 1.55788, -3.05534, -0.00030393
66.7224, 0.0723786, -0.00038508, -86.2158, -1.49748, 1.55788, -3.05536, -0.00030397
66.7282, 0.0731317, -0.000993021, -86.1873, -1.49749, 1.55788, -3.05537, -0.000304011
66.734, 0.0740438, -0.000676954, -86.1588, -1.49751, 1.55789, -3.05539, -0.000304051
66.7398, 0.0742655, 0.000272692, -86.1303, -1.49752, 1.55789, -3.05541, -0.000304092
66.7456, 0.0735812, 0.000985582, -86.1018, -1.49753, 1.55789, -3.05543, -0.000304132
66.7514, 0.0726048, 0.000809342, -86.0734, -1.49755, 1.5579, -3.05545, -0.000304173
66.7572, 0.0722167, -9.40652e-05, -86.0449, -1.49756, 1.5579, -3.05546, -0.000304213
66.763, 0.072758, -0.000898075, -86.0165, -1.49758, 1.5579, -3.05548, -0.000304254
66.7688, 0.0737202, -0.000868123, -85.9881, -1.49759, 1.55791, -3.0555, -0.000304294
66.7746, 0.0742112, -3.22409e-05, -85.9597, -1.49761, 1.55791, -3.05552, -0.000304335
66.7804, 0.0737701, 0.000846075, -85.9312, -1.49762, 1.55792, -3.05554, -0.000304375
66.7862, 0.0727869, 0.000965716, -85.9028, -1.49764, 1.55792, -3.05555, -0.000304416
66.7919, 0.0721451, 0.000218255, -85.8745, -1.49765, 1.55792, -3.05557, -0.000304457
66.7977, 0.072416, -0.000714687, -85.8461, -1.49766, 1.55793, -3.05559, -0.000304497
66.8035, 0.0733391, -0.000983602, -85.8177, -1.49768, 1.55793, -3.05561, -0.000304538
66.8093, 0.0740609, -0.00034436, -85.7894, -1.49769, 1.55793, -3.05563, -0.000304578
66.8151, 0.0739122, 0.000621032, -85.761, -1.49771, 1.55794, -3.05564, -0.000304619
66.8209, 0.0730157, 0.00103502, -85.7327, -1.49772, 1.55794, -3.05566, -0.00030466
66.8267, 0.0721732, 0.000522068, -85.7044, -1.49774, 1.55794, -3.05568, -0.0003047
66.8325, 0.0721363, -0.000451466, -85.6761, -1.49775, 1.55795, -3.0557, -0.000304741
66.8383, 0.0729247, -0.00100212, -85.6477, -1.49776, 1.55795, -3.05572, -0.000304781
66.8441, 0.07381, -0.000631044, -85.6195, -1.49778, 1.55796, -3.05573, -0.000304822
66.8499, 0.073977, 0.000324808, -85.5912, -1.49779, 1.55796, -3.05575, -0.000304863
66.8557, 0.0732621, 0.000999491, -85.5629, -1.49781, 1.55796, -3.05577, -0.000304903
66.8614, 0.0722999, 0.000782723, -85.5346, -1.49782, 1.55797, -3.05579, -0.000304944
66.8672, 0.0719477, -0.000128721, -85.5064, -1.49784, 1.55797, -3.05581, -0.000304984
66.873, 0.0725105, -0.000910504, -85.4781, -1.49785, 1.55797, -3.05583, -0.000305025
66.8788, 0.073466, -0.000856587, -85.4499, -1.49787, 1.55798, -3.05584, -0.000305066
66.8846, 0.0739385, -1.63283e-05, -85.4217, -1.49788, 1.55798, -3.05586, -0.000305106
66.8904, 0.0734891, 0.000851584, -85.3935, -1.49789, 1.55799, -3.05588, -0.000305147
66.8962, 0.0725108, 0.000964618, -85.3653, -1.49791, 1.55799, -3.0559, -0.000305188
66.902, 0.0718726, 0.000221553, -85.3371, -1.49792, 1.55799, -3.05592, -0.000305228
66.9078, 0.0721359, -0.000707759, -85.3089, -1.49794, 1.558, -3.05593, -0.000305269
66.9136, 0.0730502, -0.000986815, -85.2807, -1.49795, 1.558, -3.05595, -0.00030531
66.9194, 0.0737795, -0.000365163, -85.2526, -1.49797, 1.558, -3.05597, -0.00030535
66.9251, 0.0736557, 0.000597667, -85.2244, -1.49798, 1.55801, -3.05599, -0.000305391
66.9309, 0.0727776, 0.00103646, -85.1963, -1.49799, 1.55801, -3.05601, -0.000305432
66.9367, 0.0719215, 0.00055772, -85.1682, -1.49801, 1.55801, -3.05602, -0.000305473
66.9425, 0.0718424, -0.000408247, -85.14, -1.49802, 1.55802, -3.05604, -0.000305513
66.9483, 0.0725978, -0.00099486, -85.1119, -1.49804, 1.55802, -3.05606, -0.000305554
66.9541, 0.0734972, -0.000676737, -85.0838, -1.49805, 1.55803, -3.05608, -0.000305595
66.9599, 0.073722, 0.000260458, -85.0557, -1.49807, 1.55803, -3.0561, -0.000305635
66.9657, 0.0730588, 0.000977371, -85.0277, -1.49808, 1.55803, -3.05611, -0.000305676
66.9715, 0.0720887, 0.0008329, -84.9996, -1.4981, 1.55804, -3.05613, -0.000305717
66.9773, 0.0716663, -4.30802e-05, -84.9715, -1.49811, 1.55804, -3.05615, -0.000305758
66.9831, 0.0721558, -0.00086733, -84.9435, -1.49812, 1.55804, -3.05617, -0.000305798
66.9889, 0.0731064, -0.000903927, -84.9154, -1.49814, 1.55805, -3.05619, -0.000305839
66.9946, 0.0736568, -0.000120869, -84.8874, -1.49815, 1.55805, -3.0562, -0.00030588
67.0004, 0.0733035, 0.00078283, -84.8594, -1.49817, 1.55805, -3.05622, -0.000305921
67.0062, 0.0723495, 0.00100164, -84.8314, -1.49818, 1.55806, -3.05624, -0.000305961
67.012, 0.0716321, 0.000341244, -84.8034, -1.4982, 1.55806, -3.05626, -0.000306002
67.0178, 0.071777, -0.000609753, -84.7754, -1.49821, 1.55807, -3.05628, -0.000306043
67.0236, 0.0726418, -0.00100506, -84.7474, -1.49822, 1.55807, -3.05629, -0.000306084
67.0294, 0.0734442, -0.000493672, -84.7195, -1.49824, 1.55807, -3.05631, -0.000306125
67.0352, 0.0734586, 0.000469259, -84.6915, -1.49825, 1.55808, -3.05633, -0.000306165
67.041, 0.07266, 0.00102826, -84.6635, -1.49827, 1.55808, -3.05635, -0.000306206
67.0468, 0.0717452, 0.000687566, -84.6356, -1.49828, 1.55808, -3.05637, -0.000306247
67.0526, 0.0715129, -0.000249883, -84.6077, -1.4983, 1.55809, -3.05638, -0.000306288
67.0584, 0.0721557, -0.000952632, -84.5798, -1.49831, 1.55809, -3.0564, -0.000306329
67.0641, 0.0730907, -0.000798333, -84.5519, -1.49832, 1.5581, -3.05642, -0.000306369
67.0699, 0.0734772, 7.56923e-05, -84.524, -1.49834, 1.5581, -3.05644, -0.00030641
67.0757, 0.072961, 0.000895517, -84.4961, -1.49835, 1.5581, -3.05646, -0.000306451
67.0815, 0.0719865, 0.000936261, -84.4682, -1.49837, 1.55811, -3.05647, -0.000306492
67.0873, 0.0714027, 0.000162577, -84.4403, -1.49838, 1.55811, -3.05649, -0.000306533
67.0931, 0.0717121, -0.000741547, -84.4125, -1.4984, 1.55811, -3.05651, -0.000306574
67.0989, 0.0726283, -0.000977984, -84.3846, -1.49841, 1.55812, -3.05653, -0.000306614
67.1047, 0.0733298, -0.000338729, -84.3568, -1.49843, 1.55812, -3.05655, -0.000306655
67.1105, 0.0731858, 0.000611937, -84.329, -1.49844, 1.55812, -3.05656, -0.000306696
67.1163, 0.0723112, 0.00103619, -84.3012, -1.49845, 1.55813, -3.05658, -0.000306737
67.1221, 0.0714641, 0.000560923, -84.2733, -1.49847, 1.55813, -3.0566, -0.000306778
67.1279, 0.0713772, -0.000394885, -84.2455, -1.49848, 1.55814, -3.05662, -0.000306819
67.1336, 0.0721137, -0.000990263, -84.2178, -1.4985, 1.55814, -3.05664, -0.00030686
67.1394, 0.073013, -0.000702236, -84.19, -1.49851, 1.55814, -3.05665, -0.000306901
67.1452, 0.0732724, 0.00021546, -84.1622, -1.49853, 1.55815, -3.05667, -0.000306942
67.151, 0.0726522, 0.000956724, -84.1345, -1.49854, 1.55815, -3.05669, -0.000306982
67.1568, 0.0716846, 0.000871403, -84.1067, -1.49855, 1.55815, -3.05671, -0.000307023
67.1626, 0.0712057, 3.50042e-05, -84.079, -1.49857, 1.55816, -3.05673, -0.000307064
67.1684, 0.0716221, -0.000818959, -84.0513, -1.49858, 1.55816, -3.05674, -0.000307105
67.1742, 0.0725559, -0.000942659, -84.0235, -1.4986, 1.55816, -3.05676, -0.000307146
67.18, 0.0731769, -0.000228451, -83.9958, -1.49861, 1.55817, -3.05678, -0.000307187
67.1858, 0.0729296, 0.00069829, -83.9681, -1.49863, 1.55817, -3.0568, -0.000307228
67.1916, 0.0720184, 0.00102733, -83.9405, -1.49864, 1.55818, -3.05682, -0.000307269
67.1974, 0.0712274, 0.000471734, -83.9128, -1.49865, 1.55818, -3.05683, -0.00030731
67.2031, 0.0712344, -0.000482683, -83.8851, -1.49867, 1.55818, -3.05685, -0.000307351
67.2089, 0.0720202, -0.00100285, -83.8575, -1.49868, 1.55819, -3.05687, -0.000307392
67.2147, 0.0728864, -0.000635558, -83.8298, -1.4987, 1.55819, -3.05689, -0.000307433
67.2205, 0.0730656, 0.00029837, -83.8022, -1.49871, 1.55819, -3.05691, -0.000307474
67.2263, 0.0723898, 0.000985084, -83.7745, -1.49873, 1.5582, -3.05692, -0.000307515
67.2321, 0.0714355, 0.000827091, -83.7469, -1.49874, 1.5582, -3.05694, -0.000307556
67.2379, 0.0710205, -3.74562e-05, -83.7193, -1.49876, 1.55821, -3.05696, -0.000307597
67.2437, 0.0714928, -0.00085638, -83.6917, -1.49877, 1.55821, -3.05698, -0.000307638
67.2495, 0.0724287, -0.000918233, -83.6641, -1.49878, 1.55821, -3.057, -0.000307679
67.2553, 0.0730028, -0.000169951, -83.6366, -1.4988, 1.55822, -3.05701, -0.00030772
67.2611, 0.0727049, 0.000738464, -83.609, -1.49881, 1.55822, -3.05703, -0.000307761
67.2668, 0.0717815, 0.00101909, -83.5814, -1.49883, 1.55822, -3.05705, -0.000307802
67.2726, 0.0710211, 0.000429243, -83.5539, -1.49884, 1.55823, -3.05707, -0.000307843
67.2784, 0.0710698, -0.000519423, -83.5264, -1.49886, 1.55823, -3.05709, -0.000307884
67.2844, 0.0719059, -0.00100665, -83.4979, -1.49887, 1.55823, -3.05711, -0.000307926
67.2904, 0.0727602, -0.000553224, -83.4694, -1.49889, 1.55824, -3.05712, -0.000307969
67.2964, 0.0728328, 0.000422827, -83.441, -1.4989, 1.55824, -3.05714, -0.000308011
67.3024, 0.0720441, 0.00102346, -83.4125, -1.49892, 1.55825, -3.05716, -0.000308054
67.3084, 0.0711059, 0.000696976, -83.3841, -1.49893, 1.55825, -3.05718, -0.000308096
67.3144, 0.0708665, -0.000255967, -83.3557, -1.49894, 1.55825, -3.0572, -0.000308138
67.3204, 0.0715315, -0.000960127, -83.3273, -1.49896, 1.55826, -3.05722, -0.000308181
67.3264, 0.0724764, -0.000769759, -83.2989, -1.49897, 1.55826, -3.05724, -0.000308223
67.3324, 0.0728212, 0.000139864, -83.2705, -1.49899, 1.55827, -3.05725, -0.000308266
67.3383, 0.0722369, 0.000934756, -83.2421, -1.499, 1.55827, -3.05727, -0.000308308
67.3443, 0.0712457, 0.000887204, -83.2137, -1.49902, 1.55827, -3.05729, -0.000308351
67.3503, 0.0707414, 4.1435e-05, -83.1854, -1.49903, 1.55828, -3.05731, -0.000308393
67.3563, 0.0711712, -0.000828443, -83.157, -1.49905, 1.55828, -3.05733, -0.000308436
67.3623, 0.0721279, -0.000927428, -83.1287, -1.49906, 1.55828, -3.05735, -0.000308478
67.3683, 0.0727239, -0.000165762, -83.1003, -1.49908, 1.55829, -3.05737, -0.000308521
67.3743, 0.0724018, 0.000760616, -83.072, -1.49909, 1.55829, -3.05738, -0.000308564
67.3803, 0.0714428, 0.00100655, -83.0437, -1.49911, 1.5583, -3.0574, -0.000308606
67.3863, 0.0707082, 0.000348416, -83.0154, -1.49912, 1.5583, -3.05742, -0.000308649
67.3923, 0.0708534, -0.00061342, -82.9871, -1.49914, 1.5583, -3.05744, -0.000308691
67.3983, 0.0717321, -0.00100298, -82.9589, -1.49915, 1.55831, -3.05746, -0.000308734
67.4042, 0.0725307, -0.000466277, -82.9306, -1.49917, 1.55831, -3.05748, -0.000308776
67.4102, 0.0725095, 0.000507858, -82.9023, -1.49918, 1.55831, -3.0575, -0.000308819
67.4162, 0.0716751, 0.0010338, -82.8741, -1.4992, 1.55832, -3.05751, -0.000308861
67.4222, 0.0707725, 0.00063428, -82.8459, -1.49921, 1.55832, -3.05753, -0.000308904
67.4282, 0.0706075, -0.0003273, -82.8177, -1.49923, 1.55833, -3.05755, -0.000308947
67.4342, 0.0713158, -0.000978247, -82.7894, -1.49924, 1.55833, -3.05757, -0.000308989
67.4402, 0.0722411, -0.000728742, -82.7612, -1.49926, 1.55833, -3.05759, -0.000309032
67.4462, 0.0725315, 0.000194418, -82.733, -1.49927, 1.55834, -3.05761, -0.000309074
67.4522, 0.0719113, 0.000954875, -82.7049, -1.49929, 1.55834, -3.05763, -0.000309117
67.4582, 0.070929, 0.000864716, -82.6767, -1.4993, 1.55834, -3.05764, -0.00030916
67.4642, 0.0704597, 6.19406e-06, -82.6485, -1.49932, 1.55835, -3.05766, -0.000309202
67.4702, 0.0709137, -0.00084422, -82.6204, -1.49933, 1.55835, -3.05768, -0.000309245
67.4761, 0.0718669, -0.000918526, -82.5923, -1.49934, 1.55836, -3.0577, -0.000309287
67.4821, 0.0724451, -0.000150319, -82.5641, -1.49936, 1.55836, -3.05772, -0.00030933
67.4881, 0.0721138, 0.00076679, -82.536, -1.49937, 1.55836, -3.05774, -0.000309373
67.4941, 0.0711591, 0.001006, -82.5079, -1.49939, 1.55837, -3.05776, -0.000309415
67.5001, 0.0704282, 0.000352399, -82.4798, -1.4994, 1.55837, -3.05777, -0.000309458
67.5061, 0.0705656, -0.00060482, -82.4517, -1.49942, 1.55837, -3.05779, -0.000309501
67.5121, 0.0714336, -0.00100418, -82.4237, -1.49943, 1.55838, -3.05781, -0.000309543
67.5181, 0.0722378, -0.000487071, -82.3956, -1.49945, 1.55838, -3.05783, -0.000309586
67.5241, 0.0722424, 0.00048106, -82.3675, -1.49946, 1.55839, -3.05785, -0.000309629
67.5301, 0.0714306, 0.00103043, -82.3395, -1.49948, 1.55839, -3.05787, -0.000309671
67.5361, 0.0705184, 0.000668367, -82.3115, -1.49949, 1.55839, -3.05789, -0.000309714
67.542, 0.0703107, -0.000279612, -82.2834, -1.49951, 1.5584, -3.0579, -0.000309757
67.548, 0.0709799, -0.000963294, -82.2554, -1.49952, 1.5584, -3.05792, -0.000309799
67.554, 0.0719125, -0.000770478, -82.2274, -1.49954, 1.55841, -3.05794, -0.000309842
67.56, 0.0722601, 0.000125476, -82.1994, -1.49955, 1.55841, -3.05796, -0.000309885
67.566, 0.0716991, 0.000922401, -82.1715, -1.49957, 1.55841, -3.05798, -0.000309928
67.572, 0.0707185, 0.000907861, -82.1435, -1.49958, 1.55842, -3.058, -0.00030997
67.578, 0.0701818, 9.55509e-05, -82.1155, -1.4996, 1.55842, -3.05802, -0.000310013
67.584, 0.0705546, -0.000788469, -82.0876, -1.49961, 1.55842, -3.05803, -0.000310056
67.59, 0.0714902, -0.000955222, -82.0596, -1.49963, 1.55843, -3.05805, -0.000310098
67.596, 0.0721406, -0.000256601, -82.0317, -1.49964, 1.55843, -3.05807, -0.000310141
67.602, 0.0719131, 0.000683972, -82.0038, -1.49966, 1.55844, -3.05809, -0.000310184
67.608, 0.0709979, 0.00102849, -81.9759, -1.49967, 1.55844, -3.05811, -0.000310227
67.6139, 0.0701972, 0.000470786, -81.948, -1.49968, 1.55844, -3.05813, -0.00031027
67.6199, 0.07021, -0.00049221, -81.9201, -1.4997, 1.55845, -3.05815, -0.000310312
67.6259, 0.0710111, -0.00100398, -81.8922, -1.49971, 1.55845, -3.05816, -0.000310355
67.6319, 0.0718749, -0.000610193, -81.8644, -1.49973, 1.55845, -3.05818, -0.000310398
67.6379, 0.0720212, 0.000338705, -81.8365, -1.49974, 1.55846, -3.0582, -0.000310441
67.6439, 0.0713077, 0.00100019, -81.8087, -1.49976, 1.55846, -3.05822, -0.000310483
67.6499, 0.0703548, 0.000787883, -81.7808, -1.49977, 1.55847, -3.05824, -0.000310526
67.6559, 0.0699941, -0.000109293, -81.753, -1.49979, 1.55847, -3.05826, -0.000310569
67.6619, 0.0705315, -0.000896085, -81.7252, -1.4998, 1.55847, -3.05828, -0.000310612
67.6679, 0.0714775, -0.000876134, -81.6974, -1.49982, 1.55848, -3.05829, -0.000310655
67.6739, 0.0719817, -6.77846e-05, -81.6696, -1.49983, 1.55848, -3.05831, -0.000310697
67.6798, 0.0715857, 0.000813649, -81.6418, -1.49985, 1.55848, -3.05833, -0.00031074
67.6858, 0.0706272, 0.000989349, -81.614, -1.49986, 1.55849, -3.05835, -0.000310783
67.6918, 0.0699398, 0.000304793, -81.5863, -1.49988, 1.55849, -3.05837, -0.000310826
67.6978, 0.0701169, -0.000635209, -81.5585, -1.49989, 1.5585, -3.05839, -0.000310869
67.7038, 0.0709885, -0.00100149, -81.5308, -1.49991, 1.5585, -3.05841, -0.000310912
67.7098, 0.0717728, -0.000471735, -81.5031, -1.49992, 1.5585, -3.05842, -0.000310955
67.7158, 0.0717662, 0.000486696, -81.4753, -1.49994, 1.55851, -3.05844, -0.000310997
67.7218, 0.0709621, 0.00102983, -81.4476, -1.49995, 1.55851, -3.05846, -0.00031104
67.7278, 0.0700555, 0.000680258, -81.4199, -1.49997, 1.55851, -3.05848, -0.000311083
67.7338, 0.0698306, -0.000253926, -81.3922, -1.49998, 1.55852, -3.0585, -0.000311126
67.7398, 0.0704713, -0.00095149, -81.3646, -1.5, 1.55852, -3.05852, -0.000311169
67.7458, 0.0714014, -0.000800177, -81.3369, -1.50001, 1.55853, -3.05854, -0.000311212
67.7517, 0.0717916, 6.65085e-05, -81.3092, -1.50002, 1.55853, -3.05855, -0.000311255
67.7577, 0.0712872, 0.000887956, -81.2816, -1.50004, 1.55853, -3.05857, -0.000311298
67.7637, 0.0703181, 0.000944335, -81.254, -1.50005, 1.55854, -3.05859, -0.00031134
67.7697, 0.0697205, 0.00018694, -81.2263, -1.50007, 1.55854, -3.05861, -0.000311383
67.7757, 0.0700042, -0.000720607, -81.1987, -1.50008, 1.55854, -3.05863, -0.000311426
67.7817, 0.0709074, -0.000984341, -81.1711, -1.5001, 1.55855, -3.05865, -0.000311469
67.7877, 0.071627, -0.000374274, -81.1435, -1.50011, 1.55855, -3.05867, -0.000311512
67.7937, 0.0715218, 0.000575876, -81.1159, -1.50013, 1.55856, -3.05868, -0.000311555
67.7997, 0.0706713, 0.00103628, -81.0883, -1.50014, 1.55856, -3.0587, -0.000311598
67.8057, 0.0698054, 0.000605668, -81.0608, -1.50016, 1.55856, -3.05872, -0.000311641
67.8117, 0.0696663, -0.000339707, -81.0332, -1.50017, 1.55857, -3.05874, -0.000311684
67.8176, 0.0703617, -0.000975572, -81.0057, -1.50019, 1.55857, -3.05876, -0.000311727
67.8236, 0.0712724, -0.000748438, -80.9781, -1.5002, 1.55858, -3.05878, -0.00031177
67.8296, 0.0715927, 0.000143264, -80.9506, -1.50022, 1.55858, -3.0588, -0.000311813
67.8356, 0.0710318, 0.000923373, -80.9231, -1.50023, 1.55858, -3.05881, -0.000311856
67.8416, 0.0700651, 0.000913892, -80.8956, -1.50025, 1.55859, -3.05883, -0.000311899
67.8476, 0.06952, 0.000123753, -80.8681, -1.50026, 1.55859, -3.05885, -0.000311942
67.8536, 0.0698564, -0.000760402, -80.8406, -1.50028, 1.55859, -3.05887, -0.000311985
67.8596, 0.070769, -0.000971393, -80.8132, -1.50029, 1.5586, -3.05889, -0.000312028
67.8656, 0.0714532, -0.000326864, -80.7857, -1.50031, 1.5586, -3.05891, -0.000312071
67.8716, 0.0713035, 0.000613944, -80.7582, -1.50032, 1.55861, -3.05893, -0.000312114
67.8776, 0.0704375, 0.00103607, -80.7308, -1.50033, 1.55861, -3.05894, -0.000312157
67.8836, 0.0695926, 0.00057464, -80.7034, -1.50035, 1.55861, -3.05896, -0.0003122
67.8895, 0.0694866, -0.00037047, -80.6759, -1.50036, 1.55862, -3.05898, -0.000312243
67.8955, 0.0701979, -0.000981939, -80.6485, -1.50038, 1.55862, -3.059, -0.000312286
67.9015, 0.0710985, -0.000731867, -80.6211, -1.50039, 1.55862, -3.05902, -0.000312329
67.9075, 0.0713981, 0.000163116, -80.5937, -1.50041, 1.55863, -3.05904, -0.000312372
67.9135, 0.070826, 0.000930328, -80.5664, -1.50042, 1.55863, -3.05905, -0.000312415
67.9195, 0.0698635, 0.000908412, -80.539, -1.50044, 1.55864, -3.05907, -0.000312458
67.9255, 0.0693276, 0.000116949, -80.5116, -1.50045, 1.55864, -3.05909, -0.000312501
67.9315, 0.0696666, -0.000761853, -80.4843, -1.50047, 1.55864, -3.05911, -0.000312544
67.9375, 0.0705754, -0.000971655, -80.4569, -1.50048, 1.55865, -3.05913, -0.000312587
67.9435, 0.0712591, -0.000332606, -80.4296, -1.5005, 1.55865, -3.05915, -0.00031263
67.9495, 0.0711177, 0.000605299, -80.4023, -1.50051, 1.55865, -3.05917, -0.000312673
67.9554, 0.0702607, 0.0010362, -80.375, -1.50053, 1.55866, -3.05918, -0.000312717
67.9614, 0.0694117, 0.000590656, -80.3477, -1.50054, 1.55866, -3.0592, -0.00031276
67.9674, 0.0692864, -0.000348335, -80.3204, -1.50056, 1.55867, -3.05922, -0.000312803
67.9734, 0.0699789, -0.000975318, -80.2931, -1.50057, 1.55867, -3.05924, -0.000312846
67.9794, 0.0708826, -0.00075337, -80.2658, -1.50059, 1.55867, -3.05926, -0.000312889
67.9854, 0.0712108, 0.000126718, -80.2386, -1.5006, 1.55868, -3.05928, -0.000312932
67.9914, 0.0706707, 0.000911268, -80.2113, -1.50061, 1.55868, -3.0593, -0.000312975
67.9974, 0.0697122, 0.000929438, -80.1841, -1.50063, 1.55868, -3.05931, -0.000313018
68.0034, 0.0691423, 0.000166379, -80.1569, -1.50064, 1.55869, -3.05933, -0.000313062
68.0094, 0.0694348, -0.000725482, -80.1297, -1.50066, 1.55869, -3.05935, -0.000313105
68.0154, 0.0703268, -0.000984763, -80.1025, -1.50067, 1.5587, -3.05937, -0.000313148
68.0214, 0.0710441, -0.000390842, -80.0753, -1.50069, 1.5587, -3.05939, -0.000313191
68.0273, 0.0709629, 0.000549211, -80.0481, -1.5007, 1.5587, -3.05941, -0.000313234
68.0336, 0.0700996, 0.00103589, -80.0198, -1.50072, 1.55871, -3.05943, -0.000313279
68.0398, 0.0692162, 0.000586513, -79.9915, -1.50073, 1.55871, -3.05945, -0.000313324
68.0461, 0.0691085, -0.000386228, -79.9632, -1.50075, 1.55872, -3.05946, -0.000313369
68.0523, 0.0698603, -0.000990904, -79.9349, -1.50076, 1.55872, -3.05948, -0.000313414
68.0585, 0.0707687, -0.000674346, -79.9067, -1.50078, 1.55872, -3.0595, -0.000313459
68.0648, 0.0709886, 0.000273071, -79.8784, -1.5008, 1.55873, -3.05952, -0.000313504
68.071, 0.0703055, 0.000984713, -79.8502, -1.50081, 1.55873, -3.05954, -0.000313549
68.0772, 0.0693303, 0.000810662, -79.822, -1.50083, 1.55873, -3.05956, -0.000313594
68.0835, 0.0689395, -8.9397e-05, -79.7938, -1.50084, 1.55874, -3.05958, -0.000313639
68.0897, 0.0694752, -0.00089363, -79.7656, -1.50086, 1.55874, -3.0596, -0.000313684
68.096, 0.0704341, -0.000868829, -79.7374, -1.50087, 1.55875, -3.05962, -0.000313729
68.1022, 0.0709282, -3.83172e-05, -79.7092, -1.50089, 1.55875, -3.05964, -0.000313774
68.1084, 0.0704939, 0.000840935, -79.6811, -1.5009, 1.55875, -3.05966, -0.000313819
68.1147, 0.0695134, 0.00096876, -79.6529, -1.50092, 1.55876, -3.05968, -0.000313864
68.1209, 0.0688648, 0.000229576, -79.6248, -1.50093, 1.55876, -3.0597, -0.000313909
68.1272, 0.0691235, -0.000704055, -79.5966, -1.50095, 1.55877, -3.05971, -0.000313954
68.1334, 0.0700397, -0.000983996, -79.5685, -1.50096, 1.55877, -3.05973, -0.000313999
68.1396, 0.0707673, -0.00035673, -79.5404, -1.50098, 1.55877, -3.05975, -0.000314044
68.1459, 0.0706327, 0.000607977, -79.5123, -1.50099, 1.55878, -3.05977, -0.000314089
68.1521, 0.0697447, 0.00103535, -79.4842, -1.50101, 1.55878, -3.05979, -0.000314134
68.1583, 0.0688945, 0.000538716, -79.4561, -1.50103, 1.55879, -3.05981, -0.000314179
68.1646, 0.0688379, -0.000431503, -79.4281, -1.50104, 1.55879, -3.05983, -0.000314224
68.1708, 0.0696116, -0.000997117, -79.4, -1.50106, 1.55879, -3.05985, -0.00031427
68.1771, 0.0705014, -0.000647093, -79.372, -1.50107, 1.5588, -3.05987, -0.000314315
68.1833, 0.0706894, 0.000301502, -79.3439, -1.50109, 1.5588, -3.05989, -0.00031436
68.1895, 0.0699927, 0.00099161, -79.3159, -1.5011, 1.55881, -3.05991, -0.000314405
68.1958, 0.0690268, 0.000800733, -79.2879, -1.50112, 1.55881, -3.05993, -0.00031445
68.202, 0.0686493, -9.82136e-05, -79.2599, -1.50113, 1.55881, -3.05995, -0.000314495
68.2083, 0.0691859, -0.000894475, -79.2319, -1.50115, 1.55882, -3.05997, -0.00031454
68.2145, 0.0701389, -0.000871017, -79.2039, -1.50116, 1.55882, -3.05998, -0.000314585
68.2207, 0.0706363, -4.96759e-05, -79.176, -1.50118, 1.55882, -3.06, -0.00031463
68.227, 0.0702174, 0.000830097, -79.148, -1.50119, 1.55883, -3.06002, -0.000314676
68.2332, 0.0692458, 0.000977467, -79.12, -1.50121, 1.55883, -3.06004, -0.000314721
68.2394, 0.0685809, 0.000260707, -79.0921, -1.50122, 1.55884, -3.06006, -0.000314766
68.2457, 0.0688057, -0.000675979, -79.0642, -1.50124, 1.55884, -3.06008, -0.000314811
68.2519, 0.0697038, -0.000992088, -79.0363, -1.50126, 1.55884, -3.0601, -0.000314856
68.2582, 0.0704559, -0.000404765, -79.0084, -1.50127, 1.55885, -3.06012, -0.000314901
68.2644, 0.0703744, 0.00055898, -78.9805, -1.50129, 1.55885, -3.06014, -0.000314947
68.2706, 0.0695194, 0.00103592, -78.9526, -1.5013, 1.55886, -3.06016, -0.000314992
68.2769, 0.0686429, 0.000599733, -78.9247, -1.50132, 1.55886, -3.06018, -0.000315037
68.2831, 0.068515, -0.000358722, -78.8969, -1.50133, 1.55886, -3.0602, -0.000315082
68.2893, 0.0692356, -0.000982486, -78.869, -1.50135, 1.55887, -3.06022, -0.000315127
68.2956, 0.0701468, -0.000714806, -78.8412, -1.50136, 1.55887, -3.06023, -0.000315173
68.3018, 0.0704216, 0.000204632, -78.8133, -1.50138, 1.55888, -3.06025, -0.000315218
68.3081, 0.0698017, 0.000955225, -78.7855, -1.50139, 1.55888, -3.06027, -0.000315263
68.3143, 0.0688269, 0.000868123, -78.7577, -1.50141, 1.55888, -3.06029, -0.000315308
68.3205, 0.0683521, 2.1664e-05, -78.7299, -1.50142, 1.55889, -3.06031, -0.000315353
68.3268, 0.0687859, -0.000830002, -78.7021, -1.50144, 1.55889, -3.06033, -0.000315399
68.333, 0.0697279, -0.000929254, -78.6744, -1.50145, 1.5589, -3.06035, -0.000315444
68.3393, 0.0703267, -0.000188527, -78.6466, -1.50147, 1.5589, -3.06037, -0.000315489
68.3455, 0.070037, 0.000733362, -78.6188, -1.50148, 1.5589, -3.06039, -0.000315534
68.3517, 0.0691032, 0.00101777, -78.5911, -1.5015, 1.55891, -3.06041, -0.00031558
68.358, 0.0683408, 0.000412936, -78.5634, -1.50152, 1.55891, -3.06043, -0.000315625
68.3642, 0.0684122, -0.000544052, -78.5356, -1.50153, 1.55892, -3.06045, -0.00031567
68.3704, 0.0692397, -0.00100488, -78.5079, -1.50155, 1.55892, -3.06047, -0.000315716
68.3767, 0.0700764, -0.000561914, -78.4802, -1.50156, 1.55892, -3.06048, -0.000315761
68.3829, 0.0701683, 0.000392036, -78.4525, -1.50158, 1.55893, -3.0605, -0.000315806
68.3892, 0.0694212, 0.00101286, -78.4249, -1.50159, 1.55893, -3.06052, -0.000315851
68.3954, 0.0684827, 0.000752182, -78.3972, -1.50161, 1.55893, -3.06054, -0.000315897
68.4016, 0.0681683, -0.000158972, -78.3695, -1.50162, 1.55894, -3.06056, -0.000315942
68.4079, 0.0687415, -0.000915774, -78.3419, -1.50164, 1.55894, -3.06058, -0.000315987
68.4141, 0.0696824, -0.000850797, -78.3143, -1.50165, 1.55895, -3.0606, -0.000316033
68.4203, 0.0701477, -2.20529e-05, -78.2866, -1.50167, 1.55895, -3.06062, -0.000316078
68.4266, 0.0697146, 0.000839704, -78.259, -1.50168, 1.55895, -3.06064, -0.000316123
68.4328, 0.0687516, 0.000975788, -78.2314, -1.5017, 1.55896, -3.06066, -0.000316169
68.4391, 0.068093, 0.00026713, -78.2038, -1.50171, 1.55896, -3.06068, -0.000316214
68.4453, 0.0683042, -0.000662437, -78.1763, -1.50173, 1.55897, -3.0607, -0.00031626
68.4515, 0.0691853, -0.000995947, -78.1487, -1.50174, 1.55897, -3.06071, -0.000316305
68.4578, 0.0699487, -0.000441084, -78.1211, -1.50176, 1.55897, -3.06073, -0.00031635
68.464, 0.0699111, 0.000514457, -78.0936, -1.50178, 1.55898, -3.06075, -0.000316396
68.4703, 0.0690929, 0.00103237, -78.066, -1.50179, 1.55898, -3.06077, -0.000316441
68.4765, 0.0681984, 0.000659168, -78.0385, -1.50181, 1.55899, -3.06079, -0.000316486
68.4827, 0.0679977, -0.000277486, -78.011, -1.50182, 1.55899, -3.06081, -0.000316532
68.489, 0.0686524, -0.000957295, -77.9835, -1.50184, 1.55899, -3.06083, -0.000316577
68.4952, 0.0695758, -0.000785882, -77.956, -1.50185, 1.559, -3.06085, -0.000316623
68.5014, 0.0699471, 8.61557e-05, -77.9285, -1.50187, 1.559, -3.06087, -0.000316668
68.5077, 0.0694291, 0.000896443, -77.901, -1.50188, 1.55901, -3.06089, -0.000316713
68.5139, 0.0684615, 0.000937693, -77.8736, -1.5019, 1.55901, -3.06091, -0.000316759
68.5202, 0.0678755, 0.000174619, -77.8461, -1.50191, 1.55901, -3.06093, -0.000316804
68.5264, 0.0681683, -0.000726781, -77.8187, -1.50193, 1.55902, -3.06095, -0.00031685
68.5326, 0.0690707, -0.000981027, -77.7912, -1.50194, 1.55902, -3.06096, -0.000316895
68.5389, 0.0697832, -0.000367331, -77.7638, -1.50196, 1.55902, -3.06098, -0.000316941
68.5451, 0.0696726, 0.000579532, -77.7364, -1.50197, 1.55903, -3.061, -0.000316986
68.5514, 0.0688226, 0.00103591, -77.709, -1.50199, 1.55903, -3.06102, -0.000317032
68.5576, 0.0679592, 0.000605664, -77.6816, -1.502, 1.55904, -3.06104, -0.000317077
68.5638, 0.067819, -0.000336761, -77.6542, -1.50202, 1.55904, -3.06106, -0.000317123
68.5701, 0.0685097, -0.000972999, -77.6269, -1.50204, 1.55904, -3.06108, -0.000317168
68.5763, 0.0694183, -0.000751513, -77.5995, -1.50205, 1.55905, -3.0611, -0.000317214
68.5825, 0.0697438, 0.000134952, -77.5722, -1.50207, 1.55905, -3.06112, -0.000317259
68.5888, 0.0691917, 0.000917963, -77.5448, -1.50208, 1.55906, -3.06114, -0.000317305
68.595, 0.0682273, 0.000919836, -77.5175, -1.5021, 1.55906, -3.06116, -0.00031735
68.6013, 0.0676722, 0.000139665, -77.4902, -1.50211, 1.55906, -3.06118, -0.000317396
68.6075, 0.0679926, -0.000747389, -77.4629, -1.50213, 1.55907, -3.06119, -0.000317441
68.6137, 0.0688977, -0.000974878, -77.4356, -1.50214, 1.55907, -3.06121, -0.000317487
68.62, 0.0695924, -0.000346991, -77.4083, -1.50216, 1.55908, -3.06123, -0.000317532
68.6262, 0.0694644, 0.000593754, -77.381, -1.50217, 1.55908, -3.06125, -0.000317578
68.6324, 0.0686115, 0.00103593, -77.3538, -1.50219, 1.55908, -3.06127, -0.000317623
68.6387, 0.0677562, 0.00059898, -77.3265, -1.5022, 1.55909, -3.06129, -0.000317669
68.6449, 0.0676219, -0.000340023, -77.2993, -1.50222, 1.55909, -3.06131, -0.000317714
68.6512, 0.0683104, -0.000972553, -77.272, -1.50223, 1.5591, -3.06133, -0.00031776
68.6574, 0.0692156, -0.000754906, -77.2448, -1.50225, 1.5591, -3.06135, -0.000317806
68.6636, 0.0695463, 0.000125089, -77.2176, -1.50226, 1.5591, -3.06137, -0.000317851
68.6699, 0.0690059, 0.000911022, -77.1904, -1.50228, 1.55911, -3.06139, -0.000317897
68.6761, 0.0680459, 0.000928398, -77.1632, -1.50229, 1.55911, -3.06141, -0.000317942
68.6824, 0.067477, 0.000163017, -77.136, -1.50231, 1.55911, -3.06142, -0.000317988
68.6886, 0.0677735, -0.00072831, -77.1089, -1.50233, 1.55912, -3.06144, -0.000318034
68.6948, 0.0686676, -0.00098191, -77.0817, -1.50234, 1.55912, -3.06146, -0.000318079
68.7011, 0.0693801, -0.000381255, -77.0546, -1.50236, 1.55913, -3.06148, -0.000318125
68.7073, 0.0692887, 0.000558994, -77.0274, -1.50237, 1.55913, -3.0615, -0.00031817
68.7138, 0.0684217, 0.00103576, -76.9993, -1.50239, 1.55913, -3.06152, -0.000318218
68.7203, 0.0675438, 0.000579835, -76.9712, -1.5024, 1.55914, -3.06154, -0.000318265
68.7267, 0.0674427, -0.000391313, -76.943, -1.50242, 1.55914, -3.06156, -0.000318312
68.7332, 0.0681956, -0.000990386, -76.9149, -1.50243, 1.55915, -3.06158, -0.00031836
68.7397, 0.0691002, -0.000671026, -76.8868, -1.50245, 1.55915, -3.0616, -0.000318407
68.7461, 0.069317, 0.000274697, -76.8587, -1.50247, 1.55915, -3.06162, -0.000318455
68.7526, 0.0686346, 0.000984347, -76.8307, -1.50248, 1.55916, -3.06164, -0.000318502
68.7591, 0.067661, 0.000811844, -76.8026, -1.5025, 1.55916, -3.06166, -0.000318549
68.7656, 0.067268, -8.50052e-05, -76.7746, -1.50251, 1.55917, -3.06168, -0.000318597
68.772, 0.0677982, -0.00088985, -76.7465, -1.50253, 1.55917, -3.0617, -0.000318644
68.7785, 0.0687545, -0.00087125, -76.7185, -1.50255, 1.55917, -3.06172, -0.000318692
68.785, 0.0692535, -4.68443e-05, -76.6905, -1.50256, 1.55918, -3.06174, -0.000318739
68.7914, 0.0688284, 0.000834343, -76.6625, -1.50258, 1.55918, -3.06176, -0.000318786
68.7979, 0.0678512, 0.00097297, -76.6345, -1.50259, 1.55919, -3.06178, -0.000318834
68.8044, 0.067194, 0.000244057, -76.6065, -1.50261, 1.55919, -3.0618, -0.000318881
68.8109, 0.0674374, -0.000691312, -76.5785, -1.50262, 1.5592, -3.06182, -0.000318929
68.8173, 0.068346, -0.000986209, -76.5505, -1.50264, 1.5592, -3.06184, -0.000318976
68.8238, 0.0690829, -0.000374439, -76.5226, -1.50266, 1.5592, -3.06186, -0.000319024
68.8303, 0.0689678, 0.000590115, -76.4946, -1.50267, 1.55921, -3.06188, -0.000319071
68.8368, 0.0680912, 0.00103574, -76.4667, -1.50269, 1.55921, -3.0619, -0.000319119
68.8432, 0.0672309, 0.000560589, -76.4388, -1.5027, 1.55922, -3.06192, -0.000319166
68.8497, 0.0671488, -0.000405796, -76.4109, -1.50272, 1.55922, -3.06194, -0.000319214
68.8562, 0.0679039, -0.000991668, -76.383, -1.50273, 1.55922, -3.06196, -0.000319261
68.8626, 0.068801, -0.000669499, -76.3551, -1.50275, 1.55923, -3.06198, -0.000319309
68.8691, 0.0690178, 0.000269803, -76.3272, -1.50277, 1.55923, -3.062, -0.000319356
68.8756, 0.0683457, 0.000980501, -76.2994, -1.50278, 1.55924, -3.06202, -0.000319404
68.8821, 0.0673757, 0.000823758, -76.2715, -1.5028, 1.55924, -3.06204, -0.000319451
68.8885, 0.0669654, -5.87794e-05, -76.2437, -1.50281, 1.55924, -3.06206, -0.000319499
68.895, 0.0674686, -0.000873937, -76.2158, -1.50283, 1.55925, -3.06208, -0.000319546
68.9015, 0.0684187, -0.000890268, -76.188, -1.50285, 1.55925, -3.0621, -0.000319594
68.908, 0.0689491, -9.38559e-05, -76.1602, -1.50286, 1.55926, -3.06212, -0.000319641
68.9144, 0.0685707, 0.000800831, -76.1324, -1.50288, 1.55926, -3.06214, -0.000319689
68.9209, 0.0676091, 0.00099245, -76.1046, -1.50289, 1.55926, -3.06216, -0.000319736
68.9274, 0.0669112, 0.000310157, -76.0769, -1.50291, 1.55927, -3.06218, -0.000319784
68.9338, 0.067087, -0.000635014, -76.0491, -1.50292, 1.55927, -3.0622, -0.000319831
68.9403, 0.0679643, -0.000998051, -76.0214, -1.50294, 1.55928, -3.06222, -0.000319879
68.9468, 0.0687448, -0.000455229, -75.9936, -1.50296, 1.55928, -3.06224, -0.000319927
68.9533, 0.0687179, 0.00050811, -75.9659, -1.50297, 1.55928, -3.06226, -0.000319974
68.9597, 0.0678942, 0.00103231, -75.9382, -1.50299, 1.55929, -3.06228, -0.000320022
68.9662, 0.0669946, 0.000650527, -75.9105, -1.503, 1.55929, -3.0623, -0.000320069
68.9727, 0.0668064, -0.000296321, -75.8828, -1.50302, 1.5593, -3.06232, -0.000320117
68.9791, 0.0674825, -0.000964842, -75.8551, -1.50303, 1.5593, -3.06234, -0.000320165
68.9856, 0.0684065, -0.000760585, -75.8274, -1.50305, 1.5593, -3.06236, -0.000320212
68.9921, 0.0687428, 0.000134067, -75.7998, -1.50307, 1.55931, -3.06237, -0.00032026
68.9986, 0.0681791, 0.000923684, -75.7721, -1.50308, 1.55931, -3.06239, -0.000320308
69.005, 0.0672027, 0.000907351, -75.7445, -1.5031, 1.55932, -3.06241, -0.000320355
69.0115, 0.0666662, 0.000100311, -75.7168, -1.50311, 1.55932, -3.06243, -0.000320403
69.018, 0.0670309, -0.00078118, -75.6892, -1.50313, 1.55932, -3.06245, -0.000320451
69.0245, 0.0679588, -0.000956045, -75.6616, -1.50315, 1.55933, -3.06247, -0.000320498
69.0309, 0.0686139, -0.000270106, -75.634, -1.50316, 1.55933, -3.06249, -0.000320546
69.0374, 0.0684028, 0.000668914, -75.6064, -1.50318, 1.55934, -3.06251, -0.000320594
69.0439, 0.067499, 0.00103049, -75.5789, -1.50319, 1.55934, -3.06253, -0.000320641
69.0503, 0.0666879, 0.000495652, -75.5513, -1.50321, 1.55934, -3.06255, -0.000320689
69.0568, 0.0666716, -0.000462472, -75.5237, -1.50322, 1.55935, -3.06257, -0.000320737
69.0633, 0.0674499, -0.000998004, -75.4962, -1.50324, 1.55935, -3.06259, -0.000320784
69.0698, 0.0683218, -0.000639073, -75.4687, -1.50326, 1.55936, -3.06261, -0.000320832
69.0762, 0.0685049, 0.000297183, -75.4412, -1.50327, 1.55936, -3.06263, -0.00032088
69.0827, 0.0678247, 0.000985707, -75.4137, -1.50329, 1.55937, -3.06265, -0.000320928
69.0892, 0.0668668, 0.000820781, -75.3862, -1.5033, 1.55937, -3.06267, -0.000320975
69.0956, 0.06646, -5.17463e-05, -75.3587, -1.50332, 1.55937, -3.06269, -0.000321023
69.1021, 0.0669475, -0.000864356, -75.3312, -1.50333, 1.55938, -3.06271, -0.000321071
69.1086, 0.0678864, -0.000903385, -75.3037, -1.50335, 1.55938, -3.06273, -0.000321119
69.1151, 0.0684384, -0.000135292, -75.2763, -1.50337, 1.55939, -3.06275, -0.000321166
69.1215, 0.0681058, 0.000765464, -75.2489, -1.50338, 1.55939, -3.06277, -0.000321214
69.128, 0.0671672, 0.00100922, -75.2214, -1.5034, 1.55939, -3.06279, -0.000321262
69.1345, 0.0664315, 0.000383081, -75.194, -1.50341, 1.5594, -3.06281, -0.00032131
69.141, 0.0665286, -0.000564047, -75.1666, -1.50343, 1.5594, -3.06283, -0.000321357
69.1474, 0.0673591, -0.00100334, -75.1392, -1.50345, 1.55941, -3.06285, -0.000321405
69.1539, 0.0681825, -0.000551252, -75.1118, -1.50346, 1.55941, -3.06287, -0.000321453
69.1604, 0.0682657, 0.000396454, -75.0844, -1.50348, 1.55941, -3.06289, -0.000321501
69.1668, 0.067523, 0.00101197, -75.0571, -1.50349, 1.55942, -3.06291, -0.000321549
69.1733, 0.0665894, 0.000758611, -75.0297, -1.50351, 1.55942, -3.06293, -0.000321596
69.1798, 0.0662652, -0.000141908, -75.0024, -1.50352, 1.55943, -3.06295, -0.000321644
69.1863, 0.0668187, -0.000904409, -74.9751, -1.50354, 1.55943, -3.06297, -0.000321692
69.1927, 0.0677533, -0.000865135, -74.9477, -1.50356, 1.55943, -3.06299, -0.00032174
69.1992, 0.0682419, -5.90039e-05, -74.9204, -1.50357, 1.55944, -3.06301, -0.000321788
69.2057, 0.0678462, 0.000812346, -74.8931, -1.50359, 1.55944, -3.06303, -0.000321836
69.2122, 0.0668974, 0.000991735, -74.8658, -1.5036, 1.55945, -3.06305, -0.000321884
69.2186, 0.066206, 0.000324046, -74.8386, -1.50362, 1.55945, -3.06307, -0.000321931
69.2251, 0.0663581, -0.000610539, -74.8113, -1.50363, 1.55945, -3.06309, -0.000321979
69.2316, 0.0672074, -0.00100133, -74.784, -1.50365, 1.55946, -3.06311, -0.000322027
69.238, 0.0680036, -0.000510191, -74.7568, -1.50367, 1.55946, -3.06313, -0.000322075
69.2445, 0.0680435, 0.00043674, -74.7296, -1.50368, 1.55947, -3.06315, -0.000322123
69.251, 0.0672798, 0.00101955, -74.7024, -1.5037, 1.55947, -3.06317, -0.000322171
69.2575, 0.06636, 0.000734556, -74.6751, -1.50371, 1.55947, -3.06319, -0.000322219
69.2639, 0.0660656, -0.00017112, -74.6479, -1.50373, 1.55948, -3.06321, -0.000322267
69.2704, 0.0666367, -0.000914686, -74.6208, -1.50374, 1.55948, -3.06323, -0.000322315
69.2769, 0.0675659, -0.000854526, -74.5936, -1.50376, 1.55949, -3.06325, -0.000322363
69.2833, 0.068038, -4.32809e-05, -74.5664, -1.50378, 1.55949, -3.06327, -0.00032241
69.2898, 0.0676327, 0.000819113, -74.5393, -1.50379, 1.55949, -3.06329, -0.000322458
69.2963, 0.0666866, 0.00098979, -74.5121, -1.50381, 1.5595, -3.06331, -0.000322506
69.3028, 0.0660009, 0.00032249, -74.485, -1.50382, 1.5595, -3.06333, -0.000322554
69.3092, 0.0661517, -0.000607986, -74.4579, -1.50384, 1.55951, -3.06335, -0.000322602
69.3157, 0.066995, -0.00100154, -74.4307, -1.50385, 1.55951, -3.06337, -0.00032265
69.3222, 0.0677923, -0.00052059, -74.4036, -1.50387, 1.55951, -3.06339, -0.000322698
69.3287, 0.0678456, 0.000421161, -74.3766, -1.50389, 1.55952, -3.0634, -0.000322746
69.3351, 0.0670964, 0.00101538, -74.3495, -1.5039, 1.55952, -3.06342, -0.000322794
69.3416, 0.0661743, 0.000752965, -74.3224, -1.50392, 1.55953, -3.06344, -0.000322842
69.3481, 0.0658559, -0.000140447, -74.2953, -1.50393, 1.55953, -3.06346, -0.00032289
69.3545, 0.0663998, -0.000899363, -74.2683, -1.50395, 1.55953, -3.06348, -0.000322938
69.361, 0.0673264, -0.000874593, -74.2413, -1.50396, 1.55954, -3.0635, -0.000322986
69.3675, 0.0678295, -8.80513e-05, -74.2142, -1.50398, 1.55954, -3.06352, -0.000323034
69.374, 0.0674664, 0.000787503, -74.1872, -1.504, 1.55955, -3.06354, -0.000323082
69.3804, 0.0665343, 0.0010044, -74.1602, -1.50401, 1.55955, -3.06356, -0.00032313
69.3869, 0.0658158, 0.000378185, -74.1332, -1.50403, 1.55956, -3.06358, -0.000323178
69.3934, 0.0659099, -0.000556356, -74.1062, -1.50404, 1.55956, -3.0636, -0.000323226
69.3999, 0.0667222, -0.00100258, -74.0793, -1.50406, 1.55956, -3.06362, -0.000323275
69.4063, 0.067547, -0.000580955, -74.0523, -1.50407, 1.55957, -3.06364, -0.000323323
69.4128, 0.0676689, 0.000348901, -74.0254, -1.50409, 1.55957, -3.06366, -0.000323371
69.4193, 0.0669716, 0.000995751, -73.9984, -1.50411, 1.55958, -3.06368, -0.000323419
69.4257, 0.0660351, 0.000810144, -73.9715, -1.50412, 1.55958, -3.0637, -0.000323467
69.4322, 0.0656416, -4.94948e-05, -73.9446, -1.50414, 1.55958, -3.06372, -0.000323515
69.4387, 0.0661112, -0.000852947, -73.9177, -1.50415, 1.55959, -3.06374, -0.000323563
69.4452, 0.0670315, -0.00091883, -73.8908, -1.50417, 1.55959, -3.06376, -0.000323611
69.4516, 0.0676087, -0.000191999, -73.8639, -1.50419, 1.5596, -3.06378, -0.000323659
69.4581, 0.067341, 0.00071118, -73.837, -1.5042, 1.5596, -3.0638, -0.000323707
69.4646, 0.0664424, 0.00102608, -73.8102, -1.50422, 1.5596, -3.06382, -0.000323756
69.471, 0.0656603, 0.000486894, -73.7833, -1.50423, 1.55961, -3.06384, -0.000323804
69.4775, 0.0656424, -0.000449787, -73.7565, -1.50425, 1.55961, -3.06386, -0.000323852
69.4843, 0.0664306, -0.00099738, -73.7285, -1.50426, 1.55962, -3.06388, -0.000323902
69.491, 0.0673111, -0.000620246, -73.7005, -1.50428, 1.55962, -3.0639, -0.000323952
69.4978, 0.0674664, 0.000337053, -73.6726, -1.5043, 1.55962, -3.06392, -0.000324002
69.5045, 0.0667409, 0.00100217, -73.6446, -1.50431, 1.55963, -3.06394, -0.000324053
69.5113, 0.0657807, 0.000770096, -73.6167, -1.50433, 1.55963, -3.06396, -0.000324103
69.518, 0.0654444, -0.000147268, -73.5888, -1.50435, 1.55964, -3.06398, -0.000324153
69.5248, 0.0660221, -0.000915577, -73.5609, -1.50436, 1.55964, -3.064, -0.000324203
69.5315, 0.0669734, -0.000837222, -73.533, -1.50438, 1.55965, -3.06402, -0.000324254
69.5383, 0.0674198, 1.58913e-05, -73.5051, -1.5044, 1.55965, -3.06404, -0.000324304
69.545, 0.066942, 0.000869354, -73.4772, -1.50441, 1.55965, -3.06407, -0.000324354
69.5518, 0.0659591, 0.00094971, -73.4493, -1.50443, 1.55966, -3.06409, -0.000324405
69.5585, 0.0653469, 0.000184925, -73.4215, -1.50444, 1.55966, -3.06411, -0.000324455
69.5653, 0.0656442, -0.000732067, -73.3936, -1.50446, 1.55967, -3.06413, -0.000324505
69.572, 0.0665665, -0.000971819, -73.3658, -1.50448, 1.55967, -3.06415, -0.000324555
69.5788, 0.0672649, -0.000318296, -73.338, -1.50449, 1.55967, -3.06417, -0.000324606
69.5855, 0.0670941, 0.000637457, -73.3102, -1.50451, 1.55968, -3.06419, -0.000324656
69.5923, 0.0661942, 0.00103261, -73.2824, -1.50453, 1.55968, -3.06421, -0.000324706
69.599, 0.0653628, 0.000511334, -73.2546, -1.50454, 1.55969, -3.06423, -0.000324757
69.6058, 0.0653343, -0.000455712, -73.2268, -1.50456, 1.55969, -3.06425, -0.000324807
69.6125, 0.0661189, -0.000997184, -73.1991, -1.50458, 1.5597, -3.06427, -0.000324857
69.6193, 0.0669949, -0.000626173, -73.1713, -1.50459, 1.5597, -3.06429, -0.000324908
69.626, 0.0671598, 0.000322789, -73.1436, -1.50461, 1.5597, -3.06431, -0.000324958
69.6328, 0.0664512, 0.000996315, -73.1159, -1.50462, 1.55971, -3.06433, -0.000325009
69.6395, 0.0654918, 0.000789786, -73.0882, -1.50464, 1.55971, -3.06435, -0.000325059
69.6463, 0.065128, -0.000110601, -73.0605, -1.50466, 1.55972, -3.06437, -0.000325109
69.653, 0.065671, -0.000896683, -73.0328, -1.50467, 1.55972, -3.06439, -0.00032516
69.6598, 0.0666184, -0.000864068, -73.0051, -1.50469, 1.55973, -3.06442, -0.00032521
69.6665, 0.0671069, -4.27429e-05, -72.9774, -1.50471, 1.55973, -3.06444, -0.00032526
69.6733, 0.066685, 0.000831489, -72.9498, -1.50472, 1.55973, -3.06446, -0.000325311
69.68, 0.0657162, 0.000976724, -72.9221, -1.50474, 1.55974, -3.06448, -0.000325361
69.6868, 0.0650524, 0.000263864, -72.8945, -1.50476, 1.55974, -3.0645, -0.000325412
69.6935, 0.0652714, -0.000669615, -72.8669, -1.50477, 1.55975, -3.06452, -0.000325462
69.7003, 0.0661623, -0.000990398, -72.8393, -1.50479, 1.55975, -3.06454, -0.000325513
69.707, 0.0669154, -0.000412975, -72.8117, -1.5048, 1.55975, -3.06456, -0.000325563
69.7138, 0.066845, 0.000547183, -72.7841, -1.50482, 1.55976, -3.06458, -0.000325614
69.7205, 0.0660001, 0.00103459, -72.7565, -1.50484, 1.55976, -3.0646, -0.000325664
69.7273, 0.0651187, 0.000615927, -72.729, -1.50485, 1.55977, -3.06462, -0.000325715
69.734, 0.0649703, -0.000335596, -72.7014, -1.50487, 1.55977, -3.06464, -0.000325765
69.7408, 0.0656715, -0.000973801, -72.6739, -1.50489, 1.55978, -3.06466, -0.000325815
69.7475, 0.0665842, -0.000732178, -72.6463, -1.5049, 1.55978, -3.06468, -0.000325866
69.7543, 0.0668837, 0.000173991, -72.6188, -1.50492, 1.55978, -3.0647, -0.000325916
69.761, 0.0662904, 0.000940404, -72.5913, -1.50494, 1.55979, -3.06472, -0.000325967
69.7678, 0.0653166, 0.000887953, -72.5638, -1.50495, 1.55979, -3.06474, -0.000326018
69.7745, 0.0648105, 6.3883e-05, -72.5364, -1.50497, 1.5598, -3.06476, -0.000326068
69.7813, 0.0652052, -0.000801731, -72.5089, -1.50498, 1.5598, -3.06479, -0.000326119
69.788, 0.0661363, -0.000943282, -72.4814, -1.505, 1.5598, -3.06481, -0.000326169
69.7948, 0.0667658, -0.000236359, -72.454, -1.50502, 1.55981, -3.06483, -0.00032622
69.8015, 0.0665238, 0.000693883, -72.4265, -1.50503, 1.55981, -3.06485, -0.00032627
69.8083, 0.0656101, 0.00102623, -72.3991, -1.50505, 1.55982, -3.06487, -0.000326321
69.815, 0.0648169, 0.000468156, -72.3717, -1.50507, 1.55982, -3.06489, -0.000326371
69.8218, 0.0648287, -0.000487632, -72.3443, -1.50508, 1.55983, -3.06491, -0.000326422
69.8285, 0.06562, -0.00099896, -72.3169, -1.5051, 1.55983, -3.06493, -0.000326473
69.8353, 0.0664791, -0.000616227, -72.2895, -1.50512, 1.55983, -3.06495, -0.000326523
69.842, 0.0666362, 0.000323096, -72.2622, -1.50513, 1.55984, -3.06497, -0.000326574
69.8488, 0.0659394, 0.000992925, -72.2348, -1.50515, 1.55984, -3.06499, -0.000326624
69.8555, 0.0649872, 0.000805234, -72.2075, -1.50516, 1.55985, -3.06501, -0.000326675
69.8623, 0.0646012, -7.44147e-05, -72.1801, -1.50518, 1.55985, -3.06503, -0.000326726
69.869, 0.0651051, -0.000873858, -72.1528, -1.5052, 1.55986, -3.06505, -0.000326776
69.8758, 0.0660421, -0.000892511, -72.1255, -1.50521, 1.55986, -3.06507, -0.000326827
69.8825, 0.0665767, -0.000114788, -72.0982, -1.50523, 1.55986, -3.06509, -0.000326877
69.8893, 0.0662273, 0.000777874, -72.0709, -1.50525, 1.55987, -3.06511, -0.000326928
69.896, 0.0652859, 0.00100465, -72.0436, -1.50526, 1.55987, -3.06513, -0.000326979
69.9028, 0.0645616, 0.000367984, -72.0164, -1.50528, 1.55988, -3.06515, -0.000327029
69.9095, 0.0646726, -0.000575226, -71.9891, -1.50529, 1.55988, -3.06518, -0.00032708
69.9163, 0.0655069, -0.00100148, -71.9619, -1.50531, 1.55988, -3.0652, -0.000327131
69.923, 0.0663219, -0.000539502, -71.9346, -1.50533, 1.55989, -3.06522, -0.000327181
69.9298, 0.0663931, 0.000407202, -71.9074, -1.50534, 1.55989, -3.06524, -0.000327232
69.9365, 0.065645, 0.00101365, -71.8802, -1.50536, 1.5599, -3.06526, -0.000327283
69.9433, 0.0647153, 0.00075235, -71.853, -1.50538, 1.5599, -3.06528, -0.000327334
69.95, 0.0643985, -0.000148578, -71.8258, -1.50539, 1.55991, -3.0653, -0.000327384
69.9568, 0.0649552, -0.000905497, -71.7987, -1.50541, 1.55991, -3.06532, -0.000327435
69.9635, 0.0658869, -0.000861143, -71.7715, -1.50543, 1.55991, -3.06534, -0.000327486
69.9703, 0.0663704, -5.4786e-05, -71.7444, -1.50544, 1.55992, -3.06536, -0.000327537
69.977, 0.0659726, 0.000813478, -71.7172, -1.50546, 1.55992, -3.06538, -0.000327587
69.9838, 0.0650251, 0.00099107, -71.6901, -1.50547, 1.55993, -3.0654, -0.000327638
69.9905, 0.0643348, 0.000324853, -71.663, -1.50549, 1.55993, -3.06542, -0.000327689
69.9972, 0.0644849, -0.00060774, -71.6359, -1.50551, 1.55993, -3.06544, -0.00032774
70.004, 0.0653305, -0.000999857, -71.6088, -1.50552, 1.55994, -3.06546, -0.00032779
70.0107, 0.0661262, -0.000513118, -71.5817, -1.50554, 1.55994, -3.06548, -0.000327841
70.0175, 0.0661705, 0.000431236, -71.5546, -1.50556, 1.55995, -3.0655, -0.000327892
70.0242, 0.065412, 0.00101771, -71.5276, -1.50557, 1.55995, -3.06552, -0.000327943
70.031, 0.0644915, 0.000740842, -71.5005, -1.50559, 1.55996, -3.06554, -0.000327993
70.0377, 0.0641885, -0.000159901, -71.4735, -1.5056, 1.55996, -3.06557, -0.000328044
70.0445, 0.0647493, -0.000908116, -71.4464, -1.50562, 1.55996, -3.06559, -0.000328095
70.0512, 0.0656764, -0.00085998, -71.4194, -1.50564, 1.55997, -3.06561, -0.000328146
70.058, 0.066158, -5.76664e-05, -71.3924, -1.50565, 1.55997, -3.06563, -0.000328197
70.0647, 0.0657666, 0.000808527, -71.3654, -1.50567, 1.55998, -3.06565, -0.000328248
70.0715, 0.0648253, 0.000994593, -71.3385, -1.50569, 1.55998, -3.06567, -0.000328298
70.0782, 0.0641284, 0.000341505, -71.3115, -1.5057, 1.55999, -3.06569, -0.000328349
70.085, 0.0642595, -0.000589774, -71.2845, -1.50572, 1.55999, -3.06571, -0.0003284
70.0917, 0.0650914, -0.00100079, -71.2576, -1.50574, 1.55999, -3.06573, -0.000328451
70.0985, 0.065897, -0.000540027, -71.2306, -1.50575, 1.56, -3.06575, -0.000328502
70.1052, 0.0659728, 0.000397314, -71.2037, -1.50577, 1.56, -3.06577, -0.000328553
70.112, 0.0652408, 0.00100908, -71.1768, -1.50578, 1.56001, -3.06579, -0.000328604
70.1187, 0.0643135, 0.000772724, -71.1499, -1.5058, 1.56001, -3.06581, -0.000328655
70.1255, 0.0639691, -0.000109047, -71.123, -1.50582, 1.56001, -3.06583, -0.000328706
70.1322, 0.0644872, -0.000883013, -71.0961, -1.50583, 1.56002, -3.06585, -0.000328756
70.139, 0.065411, -0.000889161, -71.0693, -1.50585, 1.56002, -3.06587, -0.000328807
70.1457, 0.065939, -0.000123001, -71.0424, -1.50587, 1.56003, -3.06589, -0.000328858
70.1525, 0.0656079, 0.000762172, -71.0156, -1.50588, 1.56003, -3.06591, -0.000328909
70.1592, 0.0646866, 0.00101286, -70.9887, -1.5059, 1.56004, -3.06593, -0.00032896
70.166, 0.0639453, 0.000416485, -70.9619, -1.50591, 1.56004, -3.06595, -0.000329011
70.1727, 0.0640001, -0.000519252, -70.9351, -1.50593, 1.56004, -3.06597, -0.000329062
70.1798, 0.0648302, -0.00100084, -70.9071, -1.50595, 1.56005, -3.066, -0.000329115
70.1868, 0.0656768, -0.000550276, -70.8792, -1.50596, 1.56005, -3.06602, -0.000329168
70.1938, 0.0657497, 0.000419264, -70.8513, -1.50598, 1.56006, -3.06604, -0.000329221
70.2009, 0.0649675, 0.00102077, -70.8234, -1.506, 1.56006, -3.06606, -0.000329275
70.2079, 0.0640302, 0.000705005, -70.7956, -1.50602, 1.56007, -3.06608, -0.000329328
70.2149, 0.0637782, -0.000238818, -70.7677, -1.50603, 1.56007, -3.0661, -0.000329381
70.222, 0.0644254, -0.000948958, -70.7398, -1.50605, 1.56007, -3.06612, -0.000329434
70.229, 0.0653652, -0.000778187, -70.712, -1.50607, 1.56008, -3.06615, -0.000329487
70.236, 0.0657258, 0.000117052, -70.6841, -1.50608, 1.56008, -3.06617, -0.00032954
70.2431, 0.0651639, 0.000921029, -70.6563, -1.5061, 1.56009, -3.06619, -0.000329594
70.2501, 0.0641763, 0.000902422, -70.6285, -1.50612, 1.56009, -3.06621, -0.000329647
70.2571, 0.0636457, 7.89587e-05, -70.6007, -1.50613, 1.5601, -3.06623, -0.0003297
70.2642, 0.0640383, -0.000800506, -70.5729, -1.50615, 1.5601, -3.06625, -0.000329753
70.2712, 0.0649814, -0.000937558, -70.5452, -1.50617, 1.5601, -3.06627, -0.000329806
70.2783, 0.0656036, -0.000208598, -70.5174, -1.50619, 1.56011, -3.06629, -0.00032986
70.2853, 0.0653258, 0.000724753, -70.4897, -1.5062, 1.56011, -3.06632, -0.000329913
70.2923, 0.0643852, 0.00101686, -70.4619, -1.50622, 1.56012, -3.06634, -0.000329966
70.2994, 0.0636184, 0.000403963, -70.4342, -1.50624, 1.56012, -3.06636, -0.000330019
70.3064, 0.0637036, -0.000558683, -70.4065, -1.50625, 1.56013, -3.06638, -0.000330073
70.3134, 0.0645475, -0.00100065, -70.3788, -1.50627, 1.56013, -3.0664, -0.000330126
70.3205, 0.0653719, -0.000523254, -70.3511, -1.50629, 1.56014, -3.06642, -0.000330179
70.3275, 0.0654175, 0.000441726, -70.3234, -1.5063, 1.56014, -3.06644, -0.000330232
70.3345, 0.0646286, 0.00102352, -70.2957, -1.50632, 1.56014, -3.06647, -0.000330286
70.3416, 0.0637018, 0.000698174, -70.2681, -1.50634, 1.56015, -3.06649, -0.000330339
70.3486, 0.0634566, -0.000240407, -70.2405, -1.50635, 1.56015, -3.06651, -0.000330392
70.3556, 0.0640978, -0.000946957, -70.2128, -1.50637, 1.56016, -3.06653, -0.000330446
70.3627, 0.0650326, -0.000786313, -70.1852, -1.50639, 1.56016, -3.06655, -0.000330499
70.3697, 0.0654055, 9.63137e-05, -70.1576, -1.50641, 1.56017, -3.06657, -0.000330552
70.3767, 0.0648669, 0.000907633, -70.13, -1.50642, 1.56017, -3.06659, -0.000330606
70.3838, 0.0638859, 0.000919698, -70.1024, -1.50644, 1.56017, -3.06661, -0.000330659
70.3908, 0.0633273, 0.000122486, -70.0749, -1.50646, 1.56018, -3.06664, -0.000330712
70.3978, 0.0636761, -0.000768867, -70.0473, -1.50647, 1.56018, -3.06666, -0.000330766
70.4049, 0.0646039, -0.000956159, -70.0198, -1.50649, 1.56019, -3.06668, -0.000330819
70.4119, 0.0652648, -0.000272504, -69.9922, -1.50651, 1.56019, -3.0667, -0.000330872
70.4189, 0.0650531, 0.000669988, -69.9647, -1.50652, 1.5602, -3.06672, -0.000330926
70.426, 0.0641436, 0.001029, -69.9372, -1.50654, 1.5602, -3.06674, -0.000330979
70.433, 0.0633339, 0.000484594, -69.9097, -1.50656, 1.56021, -3.06676, -0.000331033
70.44, 0.0633312, -0.000476638, -69.8822, -1.50658, 1.56021, -3.06678, -0.000331086
70.4471, 0.0641219, -0.000997332, -69.8548, -1.50659, 1.56021, -3.06681, -0.000331139
70.4541, 0.0649859, -0.00061405, -69.8273, -1.50661, 1.56022, -3.06683, -0.000331193
70.4611, 0.0651387, 0.000331107, -69.7998, -1.50663, 1.56022, -3.06685, -0.000331246
70.4682, 0.0644302, 0.0009968, -69.7724, -1.50664, 1.56023, -3.06687, -0.0003313
70.4752, 0.0634759, 0.000791554, -69.745, -1.50666, 1.56023, -3.06689, -0.000331353
70.4822, 0.0631088, -0.000101439, -69.7176, -1.50668, 1.56024, -3.06691, -0.000331407
70.4893, 0.0636391, -0.00088883, -69.6902, -1.50669, 1.56024, -3.06693, -0.00033146
70.4963, 0.0645805, -0.000872299, -69.6628, -1.50671, 1.56024, -3.06695, -0.000331514
70.5033, 0.0650832, -6.72947e-05, -69.6354, -1.50673, 1.56025, -3.06698, -0.000331567
70.5104, 0.0646874, 0.000812393, -69.608, -1.50674, 1.56025, -3.067, -0.00033162
70.5174, 0.0637293, 0.0009881, -69.5807, -1.50676, 1.56026, -3.06702, -0.000331674
70.5244, 0.0630419, 0.000305131, -69.5533, -1.50678, 1.56026, -3.06704, -0.000331727
70.5315, 0.0632175, -0.000632043, -69.526, -1.5068, 1.56027, -3.06706, -0.000331781
70.5385, 0.0640852, -0.000995489, -69.4987, -1.50681, 1.56027, -3.06708, -0.000331835
70.5455, 0.0648637, -0.000465025, -69.4714, -1.50683, 1.56027, -3.0671, -0.000331888
70.5526, 0.0648515, 0.000490652, -69.4441, -1.50685, 1.56028, -3.06713, -0.000331942
70.5596, 0.0640454, 0.00102894, -69.4168, -1.50686, 1.56028, -3.06715, -0.000331995
70.5666, 0.063141, 0.000676234, -69.3895, -1.50688, 1.56029, -3.06717, -0.000332049
70.5737, 0.0629195, -0.000256192, -69.3623, -1.5069, 1.56029, -3.06719, -0.000332102
70.5807, 0.06356, -0.000947843, -69.335, -1.50691, 1.5603, -3.06721, -0.000332156
70.5877, 0.0644841, -0.000791202, -69.3078, -1.50693, 1.5603, -3.06723, -0.000332209
70.5948, 0.0648651, 7.5345e-05, -69.2806, -1.50695, 1.56031, -3.06725, -0.000332263
70.6018, 0.0643546, 0.000890761, -69.2534, -1.50696, 1.56031, -3.06727, -0.000332317
70.6088, 0.0633861, 0.000940153, -69.2262, -1.50698, 1.56031, -3.0673, -0.00033237
70.6159, 0.0627939, 0.000181018, -69.199, -1.507, 1.56032, -3.06732, -0.000332424
70.6229, 0.0630813, -0.000721187, -69.1718, -1.50701, 1.56032, -3.06734, -0.000332477
70.6299, 0.0639812, -0.000976985, -69.1446, -1.50703, 1.56033, -3.06736, -0.000332531
70.637, 0.0646914, -0.000363386, -69.1175, -1.50705, 1.56033, -3.06738, -0.000332585
70.644, 0.064577, 0.000582686, -69.0903, -1.50707, 1.56034, -3.0674, -0.000332638
70.651, 0.0637238, 0.00103499, -69.0632, -1.50708, 1.56034, -3.06742, -0.000332692
70.6581, 0.0628622, 0.000599456, -69.0361, -1.5071, 1.56034, -3.06744, -0.000332746
70.6651, 0.0627285, -0.000343352, -69.009, -1.50712, 1.56035, -3.06747, -0.000332799
70.6721, 0.0634238, -0.000971641, -68.9819, -1.50713, 1.56035, -3.06749, -0.000332853
70.6792, 0.0643272, -0.000738818, -68.9548, -1.50715, 1.56036, -3.06751, -0.000332907
70.6862, 0.0646381, 0.000151737, -68.9277, -1.50717, 1.56036, -3.06753, -0.00033296
70.6933, 0.0640721, 0.000925291, -68.9007, -1.50718, 1.56037, -3.06755, -0.000333014
70.7003, 0.0631071, 0.000910074, -68.8736, -1.5072, 1.56037, -3.06757, -0.000333068
70.7073, 0.0625664, 0.000120094, -68.8466, -1.50722, 1.56037, -3.06759, -0.000333121
70.7144, 0.0629038, -0.000758697, -68.8196, -1.50723, 1.56038, -3.06761, -0.000333175
70.7214, 0.0638115, -0.000964564, -68.7926, -1.50725, 1.56038, -3.06764, -0.000333229
70.7284, 0.064488, -0.000319885, -68.7656, -1.50727, 1.56039, -3.06766, -0.000333283
70.7355, 0.0643336, 0.000616554, -68.7386, -1.50729, 1.56039, -3.06768, -0.000333336
70.7425, 0.063468, 0.00103462, -68.7116, -1.5073, 1.5604, -3.0677, -0.00033339
70.7495, 0.0626253, 0.000573559, -68.6846, -1.50732, 1.5604, -3.06772, -0.000333444
70.7566, 0.0625187, -0.000367587, -68.6577, -1.50734, 1.56041, -3.06774, -0.000333498
70.7636, 0.0632249, -0.000976179, -68.6307, -1.50735, 1.56041, -3.06776, -0.000333551
70.7706, 0.0641195, -0.000727752, -68.6038, -1.50737, 1.56041, -3.06778, -0.000333605
70.7777, 0.0644169, 0.000162765, -68.5769, -1.50739, 1.56042, -3.0678, -0.000333659
70.7847, 0.0638472, 0.000927939, -68.55, -1.5074, 1.56042, -3.06783, -0.000333713
70.7917, 0.0628868, 0.000909515, -68.5231, -1.50742, 1.56043, -3.06785, -0.000333766
70.7988, 0.0623475, 0.000124134, -68.4962, -1.50744, 1.56043, -3.06787, -0.00033382
70.8058, 0.0626776, -0.000752629, -68.4693, -1.50745, 1.56044, -3.06789, -0.000333874
70.8128, 0.0635784, -0.000967915, -68.4425, -1.50747, 1.56044, -3.06791, -0.000333928
70.8199, 0.064262, -0.000337684, -68.4156, -1.50749, 1.56044, -3.06793, -0.000333982
70.8269, 0.0641281, 0.000596897, -68.3888, -1.5075, 1.56045, -3.06795, -0.000334036
70.8339, 0.0632777, 0.00103486, -68.362, -1.50752, 1.56045, -3.06797, -0.000334089
70.841, 0.0624253, 0.000601785, -68.3352, -1.50754, 1.56046, -3.068, -0.000334143
70.848, 0.0622855, -0.000330963, -68.3084, -1.50756, 1.56046, -3.06802, -0.000334197
70.855, 0.0629627, -0.000965514, -68.2816, -1.50757, 1.56047, -3.06804, -0.000334251
70.8621, 0.0638633, -0.000760114, -68.2548, -1.50759, 1.56047, -3.06806, -0.000334305
70.8691, 0.0642038, 0.000109056, -68.228, -1.50761, 1.56047, -3.06808, -0.000334359
70.8761, 0.0636799, 0.000899934, -68.2013, -1.50762, 1.56048, -3.0681, -0.000334413
70.8832, 0.0627248, 0.000938481, -68.1745, -1.50764, 1.56048, -3.06812, -0.000334467
70.8902, 0.062138, 0.000192634, -68.1478, -1.50766, 1.56049, -3.06814, -0.000334521
70.8972, 0.0624042, -0.000701985, -68.1211, -1.50767, 1.56049, -3.06817, -0.000334575
70.9043, 0.0632819, -0.000984327, -68.0944, -1.50769, 1.5605, -3.06819, -0.000334628
70.9113, 0.06401, -0.000415045, -68.0677, -1.50771, 1.5605, -3.06821, -0.000334682
70.9183, 0.0639562, 0.000521511, -68.041, -1.50772, 1.56051, -3.06823, -0.000334736
70.9257, 0.0631054, 0.00103352, -68.013, -1.50774, 1.56051, -3.06825, -0.000334793
70.9331, 0.0622083, 0.000606939, -67.9851, -1.50776, 1.56051, -3.06827, -0.000334849
70.9404, 0.0620766, -0.000363507, -67.9572, -1.50778, 1.56052, -3.0683, -0.000334906
70.9478, 0.0628148, -0.000982157, -67.9293, -1.50779, 1.56052, -3.06832, -0.000334962
70.9552, 0.0637254, -0.000679165, -67.9014, -1.50781, 1.56053, -3.06834, -0.000335019
70.9625, 0.0639532, 0.000265489, -67.8735, -1.50783, 1.56053, -3.06836, -0.000335076
70.9699, 0.0632732, 0.000981809, -67.8457, -1.50785, 1.56054, -3.06838, -0.000335132
70.9773, 0.0622952, 0.000811306, -67.8178, -1.50786, 1.56054, -3.06841, -0.000335189
70.9847, 0.0619022, -8.84386e-05, -67.79, -1.50788, 1.56055, -3.06843, -0.000335245
70.992, 0.0624381, -0.000890525, -67.7621, -1.5079, 1.56055, -3.06845, -0.000335302
70.9994, 0.0633941, -0.000859117, -67.7343, -1.50792, 1.56056, -3.06847, -0.000335359
71.0068, 0.0638772, -2.38517e-05, -67.7065, -1.50794, 1.56056, -3.0685, -0.000335415
71.0141, 0.063429, 0.000849241, -67.6787, -1.50795, 1.56056, -3.06852, -0.000335472
71.0215, 0.0624447, 0.000960859, -67.6509, -1.50797, 1.56057, -3.06854, -0.000335528
71.0289, 0.0618091, 0.000209678, -67.6232, -1.50799, 1.56057, -3.06856, -0.000335585
71.0362, 0.0620866, -0.000716786, -67.5954, -1.50801, 1.56058, -3.06858, -0.000335642
71.0436, 0.0630069, -0.000972136, -67.5677, -1.50802, 1.56058, -3.06861, -0.000335698
71.051, 0.0637131, -0.000323994, -67.54, -1.50804, 1.56059, -3.06863, -0.000335755
71.0583, 0.0635454, 0.000635616, -67.5122, -1.50806, 1.56059, -3.06865, -0.000335812
71.0657, 0.0626414, 0.00103187, -67.4845, -1.50808, 1.5606, -3.06867, -0.000335868
71.0731, 0.061809, 0.00050451, -67.4569, -1.50809, 1.5606, -3.0687, -0.000335925
71.0804, 0.0617896, -0.000465648, -67.4292, -1.50811, 1.56061, -3.06872, -0.000335982
71.0878, 0.0625839, -0.000996022, -67.4015, -1.50813, 1.56061, -3.06874, -0.000336039
71.0952, 0.0634534, -0.000605169, -67.3739, -1.50815, 1.56061, -3.06876, -0.000336095
71.1025, 0.0635926, 0.00035112, -67.3462, -1.50816, 1.56062, -3.06878, -0.000336152
71.1099, 0.06286, 0.00100472, -67.3186, -1.50818, 1.56062, -3.06881, -0.000336209
71.1173, 0.0619046, 0.000763449, -67.291, -1.5082, 1.56063, -3.06883, -0.000336266
71.1247, 0.0615761, -0.000153225, -67.2634, -1.50822, 1.56063, -3.06885, -0.000336322
71.132, 0.0621553, -0.000914867, -67.2358, -1.50824, 1.56064, -3.06887, -0.000336379
71.1394, 0.0631014, -0.000832745, -67.2082, -1.50825, 1.56064, -3.06889, -0.000336436
71.1468, 0.0635431, 1.80599e-05, -67.1806, -1.50827, 1.56065, -3.06892, -0.000336493
71.1541, 0.0630661, 0.000868392, -67.1531, -1.50829, 1.56065, -3.06894, -0.000336549
71.1615, 0.0620858, 0.000950891, -67.1256, -1.50831, 1.56066, -3.06896, -0.000336606
71.1689, 0.061471, 0.000191957, -67.098, -1.50832, 1.56066, -3.06898, -0.000336663
71.1762, 0.0617593, -0.000723685, -67.0705, -1.50834, 1.56066, -3.06901, -0.00033672
71.1836, 0.0626743, -0.000971432, -67.043, -1.50836, 1.56067, -3.06903, -0.000336777
71.191, 0.0633764, -0.000329063, -67.0155, -1.50838, 1.56067, -3.06905, -0.000336833
71.1983, 0.0632187, 0.000624997, -66.988, -1.50839, 1.56068, -3.06907, -0.00033689
71.2057, 0.0623279, 0.00103335, -66.9606, -1.50841, 1.56068, -3.06909, -0.000336947
71.2131, 0.0614887, 0.000529983, -66.9331, -1.50843, 1.56069, -3.06912, -0.000337004
71.2204, 0.061438, -0.000432627, -66.9057, -1.50845, 1.56069, -3.06914, -0.000337061
71.2278, 0.0622046, -0.000991191, -66.8783, -1.50846, 1.5607, -3.06916, -0.000337118
71.2352, 0.0630853, -0.00064584, -66.8508, -1.50848, 1.5607, -3.06918, -0.000337175
71.2425, 0.0632761, 0.000293416, -66.8234, -1.5085, 1.56071, -3.0692, -0.000337232
71.2499, 0.0625912, 0.000985991, -66.7961, -1.50852, 1.56071, -3.06923, -0.000337289
71.2573, 0.0616279, 0.000813239, -66.7687, -1.50853, 1.56071, -3.06925, -0.000337345
71.2647, 0.061231, -6.96796e-05, -66.7413, -1.50855, 1.56072, -3.06927, -0.000337402
71.272, 0.0617382, -0.000874213, -66.714, -1.50857, 1.56072, -3.06929, -0.000337459
71.2794, 0.0626809, -0.000883108, -66.6866, -1.50859, 1.56073, -3.06932, -0.000337516
71.2868, 0.0632029, -8.92569e-05, -66.6593, -1.5086, 1.56073, -3.06934, -0.000337573
71.2941, 0.0628243, 0.000799776, -66.632, -1.50862, 1.56074, -3.06936, -0.00033763
71.3015, 0.0618673, 0.000993019, -66.6047, -1.50864, 1.56074, -3.06938, -0.000337687
71.3089, 0.0611674, 0.00031942, -66.5774, -1.50866, 1.56075, -3.0694, -0.000337744
71.3162, 0.0613305, -0.00062179, -66.5501, -1.50868, 1.56075, -3.06943, -0.000337801
71.3236, 0.0621953, -0.000994926, -66.5228, -1.50869, 1.56076, -3.06945, -0.000337858
71.331, 0.0629785, -0.000469632, -66.4956, -1.50871, 1.56076, -3.06947, -0.000337915
71.3383, 0.0629704, 0.000487624, -66.4683, -1.50873, 1.56076, -3.06949, -0.000337972
71.3457, 0.0621635, 0.00102868, -66.4411, -1.50875, 1.56077, -3.06951, -0.000338029
71.3531, 0.0612571, 0.00067518, -66.4139, -1.50876, 1.56077, -3.06954, -0.000338086
71.3604, 0.0610372, -0.000259354, -66.3867, -1.50878, 1.56078, -3.06956, -0.000338143
71.3678, 0.0616819, -0.000948585, -66.3595, -1.5088, 1.56078, -3.06958, -0.0003382
71.3752, 0.0626055, -0.000784235, -66.3323, -1.50882, 1.56079, -3.0696, -0.000338257
71.3825, 0.0629775, 8.78172e-05, -66.3052, -1.50883, 1.56079, -3.06963, -0.000338314
71.3899, 0.0624549, 0.000898058, -66.278, -1.50885, 1.5608, -3.06965, -0.000338371
71.3973, 0.0614836, 0.000932806, -66.2509, -1.50887, 1.5608, -3.06967, -0.000338428
71.4047, 0.0609036, 0.000162287, -66.2237, -1.50889, 1.56081, -3.06969, -0.000338486
71.412, 0.0612091, -0.000734916, -66.1966, -1.5089, 1.56081, -3.06971, -0.000338543
71.4194, 0.0621153, -0.000970098, -66.1695, -1.50892, 1.56081, -3.06974, -0.0003386
71.4268, 0.0628102, -0.000337391, -66.1424, -1.50894, 1.56082, -3.06976, -0.000338657
71.4341, 0.0626688, 0.000607042, -66.1153, -1.50896, 1.56082, -3.06978, -0.000338714
71.4415, 0.0618006, 0.00103468, -66.0883, -1.50897, 1.56083, -3.0698, -0.000338771
71.4489, 0.0609516, 0.000571334, -66.0612, -1.50899, 1.56083, -3.06982, -0.000338828
71.4562, 0.06085, -0.000376342, -66.0342, -1.50901, 1.56084, -3.06985, -0.000338885
71.4636, 0.0615684, -0.000978671, -66.0071, -1.50903, 1.56084, -3.06987, -0.000338943
71.471, 0.0624626, -0.000709397, -65.9801, -1.50904, 1.56085, -3.06989, -0.000339
71.4783, 0.0627358, 0.000195326, -65.9531, -1.50906, 1.56085, -3.06991, -0.000339057
71.4857, 0.0621349, 0.000945042, -65.9261, -1.50908, 1.56086, -3.06993, -0.000339114
71.4931, 0.0611696, 0.000885931, -65.8991, -1.5091, 1.56086, -3.06996, -0.000339171
71.5004, 0.0606664, 7.03698e-05, -65.8722, -1.50911, 1.56086, -3.06998, -0.000339229
71.5078, 0.0610478, -0.000790492, -65.8452, -1.50913, 1.56087, -3.07, -0.000339286
71.5152, 0.0619657, -0.000947359, -65.8183, -1.50915, 1.56087, -3.07002, -0.000339343
71.5225, 0.0626059, -0.00026454, -65.7913, -1.50917, 1.56088, -3.07004, -0.0003394
71.5299, 0.0623971, 0.000663702, -65.7644, -1.50918, 1.56088, -3.07007, -0.000339457
71.5373, 0.0615064, 0.00103106, -65.7375, -1.5092, 1.56089, -3.07009, -0.000339515
71.5447, 0.060692, 0.000519356, -65.7106, -1.50922, 1.56089, -3.07011, -0.000339572
71.552, 0.0606448, -0.000426793, -65.6837, -1.50924, 1.5609, -3.07013, -0.000339629
71.5594, 0.0613898, -0.00098718, -65.6568, -1.50925, 1.5609, -3.07016, -0.000339686
71.5668, 0.0622658, -0.000677048, -65.63, -1.50927, 1.5609, -3.07018, -0.000339744
71.5741, 0.0624998, 0.000234398, -65.6031, -1.50929, 1.56091, -3.0702, -0.000339801
71.5815, 0.061875, 0.000958634, -65.5763, -1.50931, 1.56091, -3.07022, -0.000339858
71.5889, 0.0609168, 0.000870271, -65.5495, -1.50933, 1.56092, -3.07024, -0.000339916
71.5965, 0.0604365, 1.23564e-05, -65.5217, -1.50934, 1.56092, -3.07027, -0.000339975
71.6041, 0.0608899, -0.000839993, -65.494, -1.50936, 1.56093, -3.07029, -0.000340034
71.6117, 0.0618433, -0.000904707, -65.4663, -1.50938, 1.56093, -3.07031, -0.000340094
71.6194, 0.0624055, -0.000123272, -65.4386, -1.5094, 1.56094, -3.07033, -0.000340153
71.627, 0.0620452, 0.00078754, -65.4109, -1.50942, 1.56094, -3.07036, -0.000340212
71.6346, 0.0610766, 0.000993833, -65.3832, -1.50943, 1.56095, -3.07038, -0.000340272
71.6422, 0.0603697, 0.000307653, -65.3555, -1.50945, 1.56095, -3.0704, -0.000340331
71.6499, 0.0605538, -0.000642894, -65.3279, -1.50947, 1.56096, -3.07043, -0.00034039
71.6575, 0.0614432, -0.000989409, -65.3003, -1.50949, 1.56096, -3.07045, -0.00034045
71.6651, 0.062209, -0.0004163, -65.2726, -1.50951, 1.56097, -3.07047, -0.000340509
71.6727, 0.0621365, 0.000552873, -65.245, -1.50952, 1.56097, -3.07049, -0.000340568
71.6803, 0.0612761, 0.00103464, -65.2174, -1.50954, 1.56097, -3.07052, -0.000340628
71.688, 0.0603955, 0.000590884, -65.1898, -1.50956, 1.56098, -3.07054, -0.000340687
71.6956, 0.0602793, -0.0003737, -65.1623, -1.50958, 1.56098, -3.07056, -0.000340747
71.7032, 0.0610159, -0.000981726, -65.1347, -1.5096, 1.56099, -3.07059, -0.000340806
71.7108, 0.0619189, -0.000681275, -65.1072, -1.50962, 1.56099, -3.07061, -0.000340866
71.7185, 0.062152, 0.000254004, -65.0796, -1.50963, 1.561, -3.07063, -0.000340925
71.7261, 0.0614881, 0.000975227, -65.0521, -1.50965, 1.561, -3.07065, -0.000340985
71.7337, 0.0605134, 0.000829044, -65.0246, -1.50967, 1.56101, -3.07068, -0.000341044
71.7413, 0.0600944, -5.12529e-05, -64.9971, -1.50969, 1.56101, -3.0707, -0.000341103
71.749, 0.0605932, -0.000868385, -64.9696, -1.50971, 1.56102, -3.07072, -0.000341163
71.7566, 0.0615415, -0.000883643, -64.9421, -1.50972, 1.56102, -3.07075, -0.000341222
71.7642, 0.0620658, -8.40844e-05, -64.9147, -1.50974, 1.56103, -3.07077, -0.000341282
71.7718, 0.0616768, 0.000807674, -64.8872, -1.50976, 1.56103, -3.07079, -0.000341341
71.7795, 0.0607102, 0.000987177, -64.8598, -1.50978, 1.56104, -3.07081, -0.000341401
71.7871, 0.0600213, 0.000293399, -64.8324, -1.5098, 1.56104, -3.07084, -0.000341461
71.7947, 0.060214, -0.000647914, -64.805, -1.50981, 1.56105, -3.07086, -0.00034152
71.8023, 0.0610976, -0.000989412, -64.7776, -1.50983, 1.56105, -3.07088, -0.00034158
71.8099, 0.0618606, -0.000424649, -64.7502, -1.50985, 1.56105, -3.07091, -0.000341639
71.8176, 0.0618013, 0.000537978, -64.7228, -1.50987, 1.56106, -3.07093, -0.000341699
71.8252, 0.0609575, 0.00103381, -64.6955, -1.50989, 1.56106, -3.07095, -0.000341758
71.8328, 0.0600708, 0.00061853, -64.6681, -1.50991, 1.56107, -3.07097, -0.000341818
71.8404, 0.0599199, -0.000334623, -64.6408, -1.50992, 1.56107, -3.071, -0.000341878
71.8481, 0.0606229, -0.000971327, -64.6135, -1.50994, 1.56108, -3.07102, -0.000341937
71.8557, 0.0615336, -0.000722054, -64.5862, -1.50996, 1.56108, -3.07104, -0.000341997
71.8633, 0.061821, 0.000189329, -64.5589, -1.50998, 1.56109, -3.07106, -0.000342056
71.8709, 0.0612129, 0.000947692, -64.5316, -1.51, 1.56109, -3.07109, -0.000342116
71.8786, 0.060237, 0.000876038, -64.5044, -1.51001, 1.5611, -3.07111, -0.000342176
71.8862, 0.0597483, 3.91909e-05, -64.4771, -1.51003, 1.5611, -3.07113, -0.000342235
71.8938, 0.0601659, -0.000815945, -64.4499, -1.51005, 1.56111, -3.07116, -0.000342295
71.9014, 0.0611006, -0.00092755, -64.4227, -1.51007, 1.56111, -3.07118, -0.000342355
71.9091, 0.0617038, -0.000197064, -64.3954, -1.51009, 1.56112, -3.0712, -0.000342414
71.9167, 0.0614232, 0.000724878, -64.3682, -1.5101, 1.56112, -3.07122, -0.000342474
71.9243, 0.0604931, 0.00101868, -64.341, -1.51012, 1.56112, -3.07125, -0.000342534
71.9319, 0.0597241, 0.000424101, -64.3139, -1.51014, 1.56113, -3.07127, -0.000342594
71.9396, 0.0597824, -0.000530281, -64.2867, -1.51016, 1.56113, -3.07129, -0.000342653
71.9472, 0.0605994, -0.000997825, -64.2596, -1.51018, 1.56114, -3.07131, -0.000342713
71.9548, 0.0614344, -0.000564795, -64.2324, -1.51019, 1.56114, -3.07134, -0.000342773
71.9624, 0.0615321, 0.000384479, -64.2053, -1.51021, 1.56115, -3.07136, -0.000342832
71.97, 0.0607909, 0.00100969, -64.1782, -1.51023, 1.56115, -3.07138, -0.000342892
71.9777, 0.0598508, 0.000758535, -64.1511, -1.51025, 1.56116, -3.07141, -0.000342952
71.9853, 0.0595265, -0.000146204, -64.124, -1.51027, 1.56116, -3.07143, -0.000343012
71.9929, 0.0600875, -0.000905323, -64.0969, -1.51028, 1.56117, -3.07145, -0.000343072
72.0005, 0.0610223, -0.000849516, -64.0699, -1.5103, 1.56117, -3.07147, -0.000343131
72.0082, 0.0614907, -2.88278e-05, -64.0428, -1.51032, 1.56118, -3.0715, -0.000343191
72.0158, 0.0610649, 0.000833296, -64.0158, -1.51034, 1.56118, -3.07152, -0.000343251
72.0234, 0.0601047, 0.000978293, -63.9888, -1.51036, 1.56119, -3.07154, -0.000343311
72.031, 0.0594388, 0.000279465, -63.9617, -1.51038, 1.56119, -3.07157, -0.000343371
72.0387, 0.0596361, -0.000648379, -63.9347, -1.51039, 1.56119, -3.07159, -0.000343431
72.0463, 0.0605065, -0.000990545, -63.9078, -1.51041, 1.5612, -3.07161, -0.00034349
72.0539, 0.0612701, -0.000447543, -63.8808, -1.51043, 1.5612, -3.07163, -0.00034355
72.0615, 0.0612419, 0.000503784, -63.8538, -1.51045, 1.56121, -3.07166, -0.00034361
72.0692, 0.0604316, 0.00102989, -63.8269, -1.51047, 1.56121, -3.07168, -0.00034367
72.0768, 0.0595334, 0.000670872, -63.7999, -1.51048, 1.56122, -3.0717, -0.00034373
72.0844, 0.0593168, -0.0002584, -63.773, -1.5105, 1.56122, -3.07172, -0.00034379
72.092, 0.0599547, -0.000945405, -63.7461, -1.51052, 1.56123, -3.07175, -0.00034385
72.0997, 0.0608734, -0.000790633, -63.7192, -1.51054, 1.56123, -3.07177, -0.00034391
72.1073, 0.0612555, 6.99996e-05, -63.6923, -1.51056, 1.56124, -3.07179, -0.00034397
72.1149, 0.0607528, 0.000885562, -63.6655, -1.51057, 1.56124, -3.07182, -0.000344029
72.1225, 0.0597883, 0.00094577, -63.6386, -1.51059, 1.56125, -3.07184, -0.000344089
72.1301, 0.0591863, 0.000199047, -63.6118, -1.51061, 1.56125, -3.07186, -0.000344149
72.1378, 0.0594541, -0.000704362, -63.5849, -1.51063, 1.56126, -3.07188, -0.000344209
72.1454, 0.0603425, -0.000979268, -63.5581, -1.51065, 1.56126, -3.07191, -0.000344269
72.153, 0.0610637, -0.00038765, -63.5313, -1.51066, 1.56126, -3.07193, -0.000344329
72.1606, 0.0609765, 0.000556274, -63.5045, -1.51068, 1.56127, -3.07195, -0.000344389
72.1683, 0.0601418, 0.00103382, -63.4777, -1.5107, 1.56127, -3.07197, -0.000344449
72.1759, 0.0592678, 0.000631826, -63.4509, -1.51072, 1.56128, -3.072, -0.000344509
72.1835, 0.0590954, -0.000300795, -63.4242, -1.51074, 1.56128, -3.07202, -0.000344569
72.1911, 0.0597574, -0.00095684, -63.3974, -1.51075, 1.56129, -3.07204, -0.000344629
72.1988, 0.0606652, -0.000769629, -63.3707, -1.51077, 1.56129, -3.07207, -0.000344689
72.2064, 0.061019, 9.82601e-05, -63.344, -1.51079, 1.5613, -3.07209, -0.000344749
72.214, 0.0604985, 0.00089721, -63.3173, -1.51081, 1.5613, -3.07211, -0.00034481
72.2216, 0.059538, 0.000938437, -63.2906, -1.51083, 1.56131, -3.07213, -0.00034487
72.2293, 0.0589498, 0.000187249, -63.2639, -1.51084, 1.56131, -3.07216, -0.00034493
72.2369, 0.0592245, -0.000708811, -63.2372, -1.51086, 1.56132, -3.07218, -0.00034499
72.2445, 0.0601092, -0.000978791, -63.2106, -1.51088, 1.56132, -3.0722, -0.00034505
72.2521, 0.0608274, -0.000391307, -63.1839, -1.5109, 1.56133, -3.07222, -0.00034511
72.2597, 0.060747, 0.000548145, -63.1573, -1.51092, 1.56133, -3.07225, -0.00034517
72.2677, 0.0598828, 0.00103455, -63.1296, -1.51094, 1.56134, -3.07227, -0.000345233
72.2756, 0.0589988, 0.000585248, -63.1019, -1.51095, 1.56134, -3.07229, -0.000345295
72.2835, 0.0588913, -0.00038526, -63.0743, -1.51097, 1.56134, -3.07232, -0.000345358
72.2915, 0.059641, -0.000984016, -63.0467, -1.51099, 1.56135, -3.07234, -0.00034542
72.2994, 0.060541, -0.000661293, -63.019, -1.51101, 1.56135, -3.07236, -0.000345483
72.3073, 0.0607477, 0.000285645, -62.9914, -1.51103, 1.56136, -3.07239, -0.000345545
72.3152, 0.0600551, 0.000987504, -62.9638, -1.51105, 1.56136, -3.07241, -0.000345608
72.3232, 0.0590817, 0.000801259, -62.9362, -1.51107, 1.56137, -3.07244, -0.00034567
72.3311, 0.0587023, -0.000101551, -62.9087, -1.51109, 1.56137, -3.07246, -0.000345733
72.339, 0.0592461, -0.000893994, -62.8811, -1.5111, 1.56138, -3.07248, -0.000345796
72.3469, 0.0601979, -0.00085161, -62.8536, -1.51112, 1.56138, -3.07251, -0.000345858
72.3549, 0.0606705, -1.40242e-05, -62.8261, -1.51114, 1.56139, -3.07253, -0.000345921
72.3628, 0.0602159, 0.000853288, -62.7985, -1.51116, 1.56139, -3.07255, -0.000345983
72.3707, 0.0592327, 0.000959183, -62.771, -1.51118, 1.5614, -3.07258, -0.000346046
72.3786, 0.0586005, 0.000207981, -62.7436, -1.5112, 1.5614, -3.0726, -0.000346109
72.3866, 0.0588777, -0.000715272, -62.7161, -1.51122, 1.56141, -3.07262, -0.000346171
72.3945, 0.0597939, -0.000970268, -62.6886, -1.51123, 1.56141, -3.07265, -0.000346234
72.4024, 0.0604985, -0.000325881, -62.6612, -1.51125, 1.56142, -3.07267, -0.000346297
72.4103, 0.0603346, 0.000631494, -62.6337, -1.51127, 1.56142, -3.07269, -0.000346359
72.4183, 0.0594349, 0.00103246, -62.6063, -1.51129, 1.56143, -3.07272, -0.000346422
72.4262, 0.0585993, 0.000513942, -62.5789, -1.51131, 1.56143, -3.07274, -0.000346485
72.4341, 0.0585681, -0.000453117, -62.5515, -1.51133, 1.56144, -3.07277, -0.000346547
72.442, 0.0593517, -0.000992483, -62.5241, -1.51135, 1.56144, -3.07279, -0.00034661
72.45, 0.0602233, -0.000616575, -62.4968, -1.51137, 1.56145, -3.07281, -0.000346673
72.4579, 0.0603778, 0.000333746, -62.4694, -1.51138, 1.56145, -3.07284, -0.000346736
72.4658, 0.0596596, 0.000999352, -62.4421, -1.5114, 1.56146, -3.07286, -0.000346798
72.4737, 0.058701, 0.000779744, -62.4147, -1.51142, 1.56146, -3.07288, -0.000346861
72.4817, 0.05835, -0.000126029, -62.3874, -1.51144, 1.56147, -3.07291, -0.000346924
72.4896, 0.0589055, -0.00090092, -62.3601, -1.51146, 1.56147, -3.07293, -0.000346987
72.4975, 0.0598493, -0.000847288, -62.3328, -1.51148, 1.56148, -3.07295, -0.00034705
72.5054, 0.060315, -1.42931e-05, -62.3056, -1.5115, 1.56148, -3.07298, -0.000347112
72.5134, 0.0598677, 0.000848324, -62.2783, -1.51152, 1.56149, -3.073, -0.000347175
72.5213, 0.0588934, 0.000965636, -62.251, -1.51153, 1.56149, -3.07302, -0.000347238
72.5292, 0.0582504, 0.00023317, -62.2238, -1.51155, 1.56149, -3.07305, -0.000347301
72.5371, 0.0584982, -0.000691207, -62.1966, -1.51157, 1.5615, -3.07307, -0.000347364
72.5451, 0.0593972, -0.000978903, -62.1694, -1.51159, 1.5615, -3.07309, -0.000347427
72.553, 0.0601248, -0.000373, -62.1422, -1.51161, 1.56151, -3.07312, -0.000347489
72.5609, 0.0600135, 0.000583418, -62.115, -1.51163, 1.56151, -3.07314, -0.000347552
72.5688, 0.0591471, 0.00103495, -62.0878, -1.51165, 1.56152, -3.07317, -0.000347615
72.5768, 0.0582836, 0.000578815, -62.0607, -1.51166, 1.56152, -3.07319, -0.000347678
72.5847, 0.0581771, -0.000376853, -62.0335, -1.51168, 1.56153, -3.07321, -0.000347741
72.5926, 0.058905, -0.000979207, -62.0064, -1.5117, 1.56153, -3.07324, -0.000347804
72.6005, 0.0598012, -0.000691865, -61.9793, -1.51172, 1.56154, -3.07326, -0.000347867
72.6085, 0.0600509, 0.000228349, -61.9522, -1.51174, 1.56154, -3.07328, -0.00034793
72.6164, 0.059416, 0.000962047, -61.9251, -1.51176, 1.56155, -3.07331, -0.000347993
72.6243, 0.0584453, 0.000857211, -61.898, -1.51178, 1.56155, -3.07333, -0.000348056
72.6322, 0.0579848, 7.89389e-06, -61.871, -1.5118, 1.56156, -3.07335, -0.000348119
72.6402, 0.0584261, -0.000831278, -61.8439, -1.51181, 1.56156, -3.07338, -0.000348182
72.6481, 0.0593603, -0.000916116, -61.8169, -1.51183, 1.56157, -3.0734, -0.000348245
72.656, 0.0599424, -0.000172274, -61.7898, -1.51185, 1.56157, -3.07342, -0.000348308
72.6639, 0.059641, 0.000740744, -61.7628, -1.51187, 1.56158, -3.07345, -0.000348371
72.6719, 0.0587072, 0.00101503, -61.7358, -1.51189, 1.56158, -3.07347, -0.000348434
72.6798, 0.0579506, 0.000408836, -61.7088, -1.51191, 1.56159, -3.07349, -0.000348497
72.6877, 0.0580228, -0.00054143, -61.6819, -1.51193, 1.56159, -3.07352, -0.00034856
72.6957, 0.0588428, -0.000996729, -61.6549, -1.51194, 1.5616, -3.07354, -0.000348623
72.7036, 0.0596701, -0.000556103, -61.628, -1.51196, 1.5616, -3.07357, -0.000348686
72.7115, 0.0597593, 0.00039121, -61.601, -1.51198, 1.56161, -3.07359, -0.000348749
72.7194, 0.0590164, 0.00101063, -61.5741, -1.512, 1.56161, -3.07361, -0.000348812
72.7274, 0.0580793, 0.000757608, -61.5472, -1.51202, 1.56162, -3.07364, -0.000348875
72.7353, 0.0577556, -0.000144464, -61.5203, -1.51204, 1.56162, -3.07366, -0.000348938
72.7432, 0.0583125, -0.00090258, -61.4934, -1.51206, 1.56163, -3.07368, -0.000349001
72.7511, 0.059244, -0.000851583, -61.4666, -1.51208, 1.56163, -3.07371, -0.000349064
72.7591, 0.0597164, -3.70861e-05, -61.4397, -1.51209, 1.56164, -3.07373, -0.000349128
72.767, 0.0593001, 0.000826427, -61.4129, -1.51211, 1.56164, -3.07375, -0.000349191
72.7749, 0.0583441, 0.000982931, -61.386, -1.51213, 1.56165, -3.07378, -0.000349254
72.7828, 0.0576691, 0.000296313, -61.3592, -1.51215, 1.56165, -3.0738, -0.000349317
72.7908, 0.0578484, -0.000632334, -61.3324, -1.51217, 1.56165, -3.07382, -0.00034938
72.7987, 0.0587082, -0.000991698, -61.3056, -1.51219, 1.56166, -3.07385, -0.000349443
72.8066, 0.0594812, -0.000468807, -61.2789, -1.51221, 1.56166, -3.07387, -0.000349507
72.8145, 0.0594772, 0.000479424, -61.2521, -1.51222, 1.56167, -3.07389, -0.00034957
72.8225, 0.0586843, 0.00102639, -61.2253, -1.51224, 1.56167, -3.07392, -0.000349633
72.8304, 0.0577775, 0.000696374, -61.1986, -1.51226, 1.56168, -3.07394, -0.000349696
72.8383, 0.0575294, -0.000222564, -61.1719, -1.51228, 1.56168, -3.07396, -0.000349759
72.8462, 0.0581388, -0.000931076, -61.1452, -1.5123, 1.56169, -3.07399, -0.000349823
72.8542, 0.0590592, -0.000814087, -61.1185, -1.51232, 1.56169, -3.07401, -0.000349886
72.8624, 0.0594742, 5.98111e-05, -61.0909, -1.51234, 1.5617, -3.07404, -0.000349951
72.8706, 0.0589527, 0.000896024, -61.0633, -1.51236, 1.5617, -3.07406, -0.000350017
72.8788, 0.0579589, 0.000923762, -61.0357, -1.51238, 1.56171, -3.07408, -0.000350082
72.887, 0.0573908, 0.000118384, -61.0081, -1.51239, 1.56171, -3.07411, -0.000350148
72.8951, 0.0577531, -0.000777991, -60.9806, -1.51241, 1.56172, -3.07413, -0.000350213
72.9033, 0.0586939, -0.00094101, -60.9531, -1.51243, 1.56172, -3.07416, -0.000350279
72.9115, 0.0593305, -0.000221707, -60.9255, -1.51245, 1.56173, -3.07418, -0.000350344
72.9197, 0.0590611, 0.000718611, -60.898, -1.51247, 1.56173, -3.07421, -0.00035041
72.9279, 0.0581162, 0.0010172, -60.8705, -1.51249, 1.56174, -3.07423, -0.000350475
72.9361, 0.0573449, 0.00040113, -60.8431, -1.51251, 1.56174, -3.07425, -0.000350541
72.9443, 0.0574356, -0.000564416, -60.8156, -1.51253, 1.56175, -3.07428, -0.000350606
72.9525, 0.0582868, -0.000995596, -60.7881, -1.51255, 1.56175, -3.0743, -0.000350672
72.9607, 0.0591019, -0.000498808, -60.7607, -1.51257, 1.56176, -3.07433, -0.000350737
72.9689, 0.0591187, 0.000471118, -60.7333, -1.51259, 1.56176, -3.07435, -0.000350803
72.9771, 0.0583053, 0.00102841, -60.7059, -1.51261, 1.56177, -3.07437, -0.000350869
72.9853, 0.0573868, 0.000665318, -60.6785, -1.51263, 1.56177, -3.0744, -0.000350934
72.9935, 0.0571828, -0.000286274, -60.6511, -1.51264, 1.56178, -3.07442, -0.000351
73.0017, 0.0578606, -0.00095934, -60.6237, -1.51266, 1.56178, -3.07445, -0.000351065
73.0099, 0.0587852, -0.000741911, -60.5964, -1.51268, 1.56179, -3.07447, -0.000351131
73.0181, 0.0590985, 0.000167391, -60.569, -1.5127, 1.56179, -3.0745, -0.000351197
73.0263, 0.0584991, 0.000941994, -60.5417, -1.51272, 1.5618, -3.07452, -0.000351262
73.0345, 0.0575145, 0.000879166, -60.5144, -1.51274, 1.5618, -3.07454, -0.000351328
73.0427, 0.0570205, 3.68196e-05, -60.4871, -1.51276, 1.56181, -3.07457, -0.000351394
73.0509, 0.0574465, -0.000821066, -60.4598, -1.51278, 1.56181, -3.07459, -0.000351459
73.0591, 0.0583886, -0.000917939, -60.4325, -1.5128, 1.56182, -3.07462, -0.000351525
73.0673, 0.0589767, -0.000167038, -60.4053, -1.51282, 1.56182, -3.07464, -0.000351591
73.0755, 0.0586624, 0.000752125, -60.378, -1.51284, 1.56183, -3.07467, -0.000351656
73.0837, 0.0577132, 0.00100944, -60.3508, -1.51286, 1.56183, -3.07469, -0.000351722
73.0919, 0.0569687, 0.000373517, -60.3236, -1.51288, 1.56184, -3.07471, -0.000351788
73.1001, 0.0570826, -0.000581392, -60.2964, -1.51289, 1.56184, -3.07474, -0.000351854
73.1083, 0.0579339, -0.000994862, -60.2692, -1.51291, 1.56185, -3.07476, -0.000351919
73.1165, 0.0587384, -0.000495404, -60.242, -1.51293, 1.56185, -3.07479, -0.000351985
73.1247, 0.0587555, 0.000466852, -60.2148, -1.51295, 1.56186, -3.07481, -0.000352051
73.1329, 0.0579535, 0.00102686, -60.1877, -1.51297, 1.56186, -3.07483, -0.000352117
73.1411, 0.0570359, 0.000682376, -60.1606, -1.51299, 1.56187, -3.07486, -0.000352182
73.1493, 0.0568088, -0.000256594, -60.1334, -1.51301, 1.56187, -3.07488, -0.000352248
73.1575, 0.0574576, -0.000947858, -60.1063, -1.51303, 1.56188, -3.07491, -0.000352314
73.1657, 0.0583832, -0.000772691, -60.0792, -1.51305, 1.56188, -3.07493, -0.00035238
73.1739, 0.05874, 0.000111205, -60.0522, -1.51307, 1.56189, -3.07496, -0.000352446
73.1821, 0.0581924, 0.000912852, -60.0251, -1.51309, 1.56189, -3.07498, -0.000352512
73.1903, 0.0572135, 0.000916289, -59.998, -1.51311, 1.5619, -3.075, -0.000352577
73.1985, 0.0566603, 0.000119362, -59.971, -1.51313, 1.5619, -3.07503, -0.000352643
73.2067, 0.0570085, -0.00076635, -59.944, -1.51314, 1.56191, -3.07505, -0.000352709
73.2149, 0.0579297, -0.000951557, -59.9169, -1.51316, 1.56191, -3.07508, -0.000352775
73.2231, 0.0585861, -0.000272163, -59.8899, -1.51318, 1.56192, -3.0751, -0.000352841
73.2313, 0.058377, 0.000666506, -59.863, -1.5132, 1.56192, -3.07513, -0.000352907
73.2395, 0.0574721, 0.00102987, -59.836, -1.51322, 1.56193, -3.07515, -0.000352973
73.2476, 0.0566589, 0.000495905, -59.809, -1.51324, 1.56193, -3.07517, -0.000353039
73.2558, 0.0566418, -0.000460563, -59.7821, -1.51326, 1.56194, -3.0752, -0.000353105
73.264, 0.057418, -0.00099105, -59.7551, -1.51328, 1.56194, -3.07522, -0.000353171
73.2722, 0.058282, -0.000626096, -59.7282, -1.5133, 1.56195, -3.07525, -0.000353237
73.2804, 0.0584521, 0.000310252, -59.7013, -1.51332, 1.56195, -3.07527, -0.000353303
73.2886, 0.0577615, 0.000989256, -59.6744, -1.51334, 1.56196, -3.07529, -0.000353369
73.2968, 0.0568046, 0.000811209, -59.6475, -1.51336, 1.56196, -3.07532, -0.000353435
73.305, 0.0564097, -6.57005e-05, -59.6207, -1.51337, 1.56197, -3.07534, -0.000353501
73.3132, 0.0569074, -0.000867068, -59.5938, -1.51339, 1.56197, -3.07537, -0.000353567
73.3214, 0.0578413, -0.000886603, -59.567, -1.51341, 1.56198, -3.07539, -0.000353633
73.3296, 0.0583714, -0.000107987, -59.5402, -1.51343, 1.56198, -3.07542, -0.000353699
73.3378, 0.0580148, 0.000782693, -59.5134, -1.51345, 1.56199, -3.07544, -0.000353765
73.346, 0.0570693, 0.00100217, -59.4866, -1.51347, 1.56199, -3.07546, -0.000353831
73.3542, 0.0563493, 0.000358401, -59.4598, -1.51349, 1.562, -3.07549, -0.000353897
73.3624, 0.0564698, -0.000582513, -59.433, -1.51351, 1.562, -3.07551, -0.000353963
73.3706, 0.0573073, -0.00099497, -59.4062, -1.51353, 1.56201, -3.07554, -0.000354029
73.3788, 0.0581103, -0.000518109, -59.3795, -1.51355, 1.56201, -3.07556, -0.000354095
73.387, 0.0581589, 0.000429502, -59.3528, -1.51357, 1.56202, -3.07558, -0.000354161
73.3952, 0.0573946, 0.00101827, -59.326, -1.51359, 1.56202, -3.07561, -0.000354228
73.4034, 0.0564699, 0.000733921, -59.2993, -1.5136, 1.56203, -3.07563, -0.000354294
73.4116, 0.0561757, -0.000174166, -59.2726, -1.51362, 1.56203, -3.07566, -0.00035436
73.4198, 0.0567515, -0.000912762, -59.246, -1.51364, 1.56204, -3.07568, -0.000354426
73.428, 0.0576774, -0.000838, -59.2193, -1.51366, 1.56204, -3.0757, -0.000354492
73.4362, 0.0581296, -1.59477e-05, -59.1927, -1.51368, 1.56205, -3.07573, -0.000354558
73.4444, 0.0576984, 0.000836902, -59.166, -1.5137, 1.56205, -3.07575, -0.000354625
73.4526, 0.0567431, 0.000978685, -59.1394, -1.51372, 1.56206, -3.07578, -0.000354691
73.4608, 0.056078, 0.000287, -59.1128, -1.51374, 1.56206, -3.0758, -0.000354757
73.469, 0.0562637, -0.000636534, -59.0862, -1.51376, 1.56207, -3.07583, -0.000354823
73.4772, 0.0571215, -0.000990326, -59.0596, -1.51378, 1.56207, -3.07585, -0.00035489
73.4854, 0.0578903, -0.000468305, -59.033, -1.5138, 1.56208, -3.07587, -0.000354956
73.4936, 0.0578877, 0.000476335, -59.0065, -1.51382, 1.56208, -3.0759, -0.000355022
73.5018, 0.0571003, 0.00102552, -58.9799, -1.51383, 1.56209, -3.07592, -0.000355088
73.51, 0.0561934, 0.000704779, -58.9534, -1.51385, 1.56209, -3.07595, -0.000355155
73.5182, 0.0559342, -0.00020773, -58.9269, -1.51387, 1.5621, -3.07597, -0.000355221
73.5264, 0.0565292, -0.0009235, -58.9004, -1.51389, 1.5621, -3.07599, -0.000355287
73.5346, 0.0574477, -0.0008253, -58.8739, -1.51391, 1.56211, -3.07602, -0.000355354
73.5431, 0.0578804, 3.87243e-05, -58.8464, -1.51393, 1.56211, -3.07604, -0.000355422
73.5516, 0.0573766, 0.000885058, -58.8189, -1.51395, 1.56212, -3.07607, -0.000355491
73.5601, 0.0563834, 0.000933596, -58.7914, -1.51397, 1.56212, -3.07609, -0.00035556
73.5686, 0.0557979, 0.00014056, -58.764, -1.51399, 1.56213, -3.07612, -0.000355629
73.5771, 0.0561401, -0.000763319, -58.7366, -1.51401, 1.56213, -3.07614, -0.000355698
73.5856, 0.0570761, -0.000946868, -58.7092, -1.51403, 1.56214, -3.07617, -0.000355767
73.5941, 0.0577271, -0.000242298, -58.6817, -1.51405, 1.56214, -3.07619, -0.000355836
73.6027, 0.0574777, 0.00070269, -58.6544, -1.51407, 1.56215, -3.07622, -0.000355905
73.6112, 0.0565395, 0.00102122, -58.627, -1.51409, 1.56215, -3.07624, -0.000355974
73.6197, 0.0557547, 0.000422164, -58.5996, -1.51411, 1.56216, -3.07627, -0.000356043
73.6282, 0.0558235, -0.000544984, -58.5723, -1.51413, 1.56216, -3.07629, -0.000356112
73.6367, 0.0566637, -0.000995142, -58.5449, -1.51415, 1.56217, -3.07632, -0.000356181
73.6452, 0.0574886, -0.000517493, -58.5176, -1.51417, 1.56217, -3.07634, -0.00035625
73.6537, 0.0575267, 0.000450736, -58.4903, -1.51419, 1.56218, -3.07637, -0.000356319
73.6622, 0.0567261, 0.00102562, -58.463, -1.51421, 1.56218, -3.07639, -0.000356388
73.6707, 0.0557996, 0.000683573, -58.4358, -1.51423, 1.56219, -3.07642, -0.000356457
73.6792, 0.055573, -0.000262801, -58.4085, -1.51425, 1.5622, -3.07644, -0.000356526
73.6878, 0.0562337, -0.000951585, -58.3813, -1.51427, 1.5622, -3.07647, -0.000356595
73.6963, 0.0571619, -0.000756807, -58.354, -1.51429, 1.56221, -3.07649, -0.000356664
73.7048, 0.0574961, 0.000143566, -58.3268, -1.51431, 1.56221, -3.07652, -0.000356733
73.7133, 0.0569156, 0.000931477, -58.2996, -1.51433, 1.56222, -3.07654, -0.000356802
73.7218, 0.0559299, 0.00089251, -58.2724, -1.51435, 1.56222, -3.07657, -0.000356871
73.7303, 0.0554148, 6.29434e-05, -58.2452, -1.51437, 1.56223, -3.07659, -0.00035694
73.7388, 0.055818, -0.000805254, -58.2181, -1.51439, 1.56223, -3.07662, -0.000357009
73.7473, 0.0567559, -0.000926688, -58.1909, -1.51441, 1.56224, -3.07664, -0.000357078
73.7558, 0.0573623, -0.000192471, -58.1638, -1.51443, 1.56224, -3.07667, -0.000357148
73.7643, 0.057072, 0.000733396, -58.1367, -1.51445, 1.56225, -3.07669, -0.000357217
73.7729, 0.0561302, 0.00101534, -58.1096, -1.51447, 1.56225, -3.07672, -0.000357286
73.7814, 0.0553688, 0.00039995, -58.0825, -1.51449, 1.56226, -3.07674, -0.000357355
73.7899, 0.0554555, -0.000557432, -58.0554, -1.51451, 1.56226, -3.07677, -0.000357424
73.7984, 0.0562935, -0.000994832, -58.0283, -1.51453, 1.56227, -3.07679, -0.000357494
73.8069, 0.0571106, -0.000519556, -58.0013, -1.51455, 1.56227, -3.07682, -0.000357563
73.8154, 0.057155, 0.000440351, -57.9742, -1.51457, 1.56228, -3.07684, -0.000357632
73.8239, 0.0563699, 0.0010227, -57.9472, -1.51459, 1.56228, -3.07687, -0.000357701
73.8324, 0.0554427, 0.00070567, -57.9202, -1.5146, 1.56229, -3.07689, -0.000357771
73.8409, 0.0551866, -0.000225604, -57.8932, -1.51462, 1.56229, -3.07692, -0.00035784
73.8494, 0.0558124, -0.000936613, -57.8662, -1.51464, 1.5623, -3.07694, -0.000357909
73.858, 0.0567416, -0.000791581, -57.8393, -1.51466, 1.5623, -3.07697, -0.000357978
73.8665, 0.0571256, 7.88684e-05, -57.8123, -1.51468, 1.56231, -3.07699, -0.000358048
73.875, 0.0566045, 0.000896572, -57.7854, -1.5147, 1.56231, -3.07702, -0.000358117
73.8835, 0.0556267, 0.000932007, -57.7585, -1.51472, 1.56232, -3.07704, -0.000358186
73.892, 0.0550467, 0.000154509, -57.7315, -1.51474, 1.56232, -3.07707, -0.000358256
73.9005, 0.0553631, -0.000742431, -57.7046, -1.51476, 1.56233, -3.07709, -0.000358325
73.909, 0.0562756, -0.000960432, -57.6778, -1.51478, 1.56233, -3.07712, -0.000358394
73.9175, 0.0569546, -0.000306442, -57.6509, -1.5148, 1.56234, -3.07714, -0.000358464
73.926, 0.0567795, 0.000637497, -57.624, -1.51482, 1.56234, -3.07717, -0.000358533
73.9346, 0.0558892, 0.00103315, -57.5972, -1.51484, 1.56235, -3.07719, -0.000358602
73.9431, 0.0550566, 0.000530262, -57.5704, -1.51486, 1.56236, -3.07722, -0.000358672
73.9516, 0.0550019, -0.00042447, -57.5436, -1.51488, 1.56236, -3.07724, -0.000358741
73.9601, 0.0557552, -0.000985203, -57.5168, -1.5149, 1.56237, -3.07727, -0.000358811
73.9686, 0.0566315, -0.000656355, -57.49, -1.51492, 1.56237, -3.07729, -0.00035888
73.9771, 0.0568388, 0.000270372, -57.4632, -1.51494, 1.56238, -3.07732, -0.00035895
73.9856, 0.0561773, 0.00097588, -57.4364, -1.51496, 1.56238, -3.07734, -0.000359019
73.9941, 0.0552143, 0.000837929, -57.4097, -1.51498, 1.56239, -3.07737, -0.000359089
74.0026, 0.0547817, -2.08601e-05, -57.383, -1.515, 1.56239, -3.07739, -0.000359158
74.0111, 0.0552425, -0.000843174, -57.3563, -1.51502, 1.5624, -3.07742, -0.000359227
74.0197, 0.0561727, -0.000905344, -57.3296, -1.51504, 1.5624, -3.07744, -0.000359297
74.0282, 0.0567365, -0.000153594, -57.3029, -1.51506, 1.56241, -3.07747, -0.000359367
74.0367, 0.0564215, 0.00075065, -57.2762, -1.51508, 1.56241, -3.07749, -0.000359436
74.0452, 0.055488, 0.00101345, -57.2495, -1.5151, 1.56242, -3.07752, -0.000359506
74.0537, 0.0547381, 0.000405077, -57.2229, -1.51512, 1.56242, -3.07754, -0.000359575
74.0622, 0.0548115, -0.000540301, -57.1963, -1.51514, 1.56243, -3.07757, -0.000359645
74.0707, 0.0556256, -0.00099454, -57.1696, -1.51516, 1.56243, -3.07759, -0.000359714
74.0792, 0.0564501, -0.000560837, -57.143, -1.51518, 1.56244, -3.07762, -0.000359784
74.0877, 0.056547, 0.000380674, -57.1164, -1.5152, 1.56244, -3.07764, -0.000359853
74.0962, 0.0558154, 0.00100716, -57.0899, -1.51522, 1.56245, -3.07767, -0.000359923
74.1048, 0.0548773, 0.000772357, -57.0633, -1.51524, 1.56245, -3.07769, -0.000359993
74.1133, 0.0545337, -0.000118006, -57.0367, -1.51526, 1.56246, -3.07772, -0.000360062
74.1218, 0.0550659, -0.000887573, -57.0102, -1.51528, 1.56246, -3.07774, -0.000360132
74.1303, 0.0559926, -0.000866709, -56.9837, -1.5153, 1.56247, -3.07777, -0.000360202
74.1388, 0.0564903, -7.449e-05, -56.9572, -1.51532, 1.56247, -3.07779, -0.000360271
74.1473, 0.0561099, 0.000799869, -56.9307, -1.51534, 1.56248, -3.07781, -0.000360341
74.1558, 0.0551656, 0.00099726, -56.9042, -1.51536, 1.56248, -3.07784, -0.000360411
74.1643, 0.05446, 0.000347289, -56.8777, -1.51538, 1.56249, -3.07786, -0.00036048
74.1728, 0.0545871, -0.000585765, -56.8513, -1.5154, 1.56249, -3.07789, -0.00036055
74.1814, 0.0554189, -0.000993672, -56.8248, -1.51542, 1.5625, -3.07791, -0.00036062
74.1899, 0.0562178, -0.000524165, -56.7984, -1.51543, 1.5625, -3.07794, -0.00036069
74.1984, 0.0562763, 0.000415888, -56.772, -1.51545, 1.56251, -3.07796, -0.000360759
74.2069, 0.0555277, 0.00101408, -56.7456, -1.51547, 1.56251, -3.07799, -0.000360829
74.2154, 0.054602, 0.000754652, -56.7192, -1.51549, 1.56252, -3.07801, -0.000360899
74.2239, 0.0542804, -0.000137699, -56.6928, -1.51551, 1.56253, -3.07804, -0.000360969
74.2324, 0.0548222, -0.000893537, -56.6665, -1.51553, 1.56253, -3.07806, -0.000361038
74.2409, 0.0557432, -0.000862492, -56.6401, -1.51555, 1.56254, -3.07809, -0.000361108
74.2494, 0.0562339, -7.21954e-05, -56.6138, -1.51557, 1.56254, -3.07811, -0.000361178
74.2579, 0.0558564, 0.000797437, -56.5875, -1.51559, 1.56255, -3.07814, -0.000361248
74.2665, 0.0549187, 0.000999779, -56.5612, -1.51561, 1.56255, -3.07816, -0.000361318
74.275, 0.054209, 0.000362083, -56.5349, -1.51563, 1.56256, -3.07819, -0.000361388
74.2835, 0.0543183, -0.000568146, -56.5086, -1.51565, 1.56256, -3.07821, -0.000361458
74.292, 0.0551351, -0.000994049, -56.4824, -1.51567, 1.56257, -3.07824, -0.000361527
74.3005, 0.055943, -0.000551857, -56.4561, -1.51569, 1.56257, -3.07826, -0.000361597
74.309, 0.0560346, 0.00037942, -56.4299, -1.51571, 1.56258, -3.07829, -0.000361667
74.3175, 0.0553156, 0.00100385, -56.4037, -1.51573, 1.56258, -3.07831, -0.000361737
74.326, 0.0543838, 0.000788982, -56.3774, -1.51575, 1.56259, -3.07834, -0.000361807
74.3345, 0.0540171, -8.09866e-05, -56.3512, -1.51577, 1.56259, -3.07836, -0.000361877
74.343, 0.0545104, -0.000864182, -56.3251, -1.51579, 1.5626, -3.07839, -0.000361947
74.3516, 0.055426, -0.000894112, -56.2989, -1.51581, 1.5626, -3.07841, -0.000362017
74.3601, 0.0559681, -0.000146222, -56.2727, -1.51583, 1.56261, -3.07844, -0.000362087
74.3686, 0.0556599, 0.000743112, -56.2466, -1.51585, 1.56261, -3.07846, -0.000362157
74.3771, 0.0547472, 0.00101875, -56.2205, -1.51587, 1.56262, -3.07849, -0.000362227
74.3856, 0.0539883, 0.00044764, -56.1944, -1.51589, 1.56262, -3.07851, -0.000362297
74.3941, 0.0540094, -0.000485196, -56.1683, -1.51591, 1.56263, -3.07854, -0.000362367
74.403, 0.0548211, -0.000992735, -56.1409, -1.51593, 1.56263, -3.07856, -0.00036244
74.412, 0.0556759, -0.000564852, -56.1136, -1.51595, 1.56264, -3.07859, -0.000362514
74.4209, 0.0557666, 0.000402766, -56.0863, -1.51597, 1.56264, -3.07861, -0.000362587
74.4298, 0.0549914, 0.001018, -56.0589, -1.51599, 1.56265, -3.07864, -0.000362661
74.4387, 0.0540461, 0.000714954, -56.0317, -1.51601, 1.56265, -3.07867, -0.000362734
74.4476, 0.0537812, -0.000226551, -56.0044, -1.51603, 1.56266, -3.07869, -0.000362808
74.4566, 0.0544203, -0.00094064, -55.9771, -1.51605, 1.56267, -3.07872, -0.000362881
74.4655, 0.0553568, -0.000772021, -55.9499, -1.51607, 1.56267, -3.07874, -0.000362955
74.4744, 0.0557124, 0.00012359, -55.9226, -1.51609, 1.56268, -3.07877, -0.000363028
74.4833, 0.055143, 0.000924593, -55.8954, -1.51611, 1.56268, -3.0788, -0.000363102
74.4923, 0.0541522, 0.000897732, -55.8682, -1.51613, 1.56269, -3.07882, -0.000363175
74.5012, 0.053628, 6.85844e-05, -55.841, -1.51615, 1.56269, -3.07885, -0.000363249
74.5101, 0.0540301, -0.000804083, -55.8139, -1.51618, 1.5627, -3.07887, -0.000363322
74.519, 0.0549714, -0.000923358, -55.7867, -1.5162, 1.5627, -3.0789, -0.000363396
74.5279, 0.0555736, -0.000181327, -55.7596, -1.51622, 1.56271, -3.07893, -0.00036347
74.5369, 0.0552696, 0.000744619, -55.7324, -1.51624, 1.56271, -3.07895, -0.000363543
74.5458, 0.0543184, 0.00101103, -55.7053, -1.51626, 1.56272, -3.07898, -0.000363617
74.5547, 0.0535677, 0.000376306, -55.6782, -1.51628, 1.56272, -3.079, -0.00036369
74.5636, 0.0536808, -0.00058145, -55.6511, -1.5163, 1.56273, -3.07903, -0.000363764
74.5726, 0.0545353, -0.000991971, -55.6241, -1.51632, 1.56274, -3.07906, -0.000363838
74.5815, 0.0553362, -0.000483392, -55.597, -1.51634, 1.56274, -3.07908, -0.000363911
74.5904, 0.0553388, 0.000482089, -55.57, -1.51636, 1.56275, -3.07911, -0.000363985
74.5993, 0.054523, 0.00102939, -55.5429, -1.51638, 1.56275, -3.07913, -0.000364059
74.6082, 0.0536096, 0.000663712, -55.5159, -1.5164, 1.56276, -3.07916, -0.000364133
74.6172, 0.0534058, -0.00028318, -55.4889, -1.51642, 1.56276, -3.07919, -0.000364206
74.6261, 0.0540764, -0.00095517, -55.4619, -1.51644, 1.56277, -3.07921, -0.00036428
74.635, 0.0549965, -0.000746062, -55.435, -1.51646, 1.56277, -3.07924, -0.000364354
74.6439, 0.0553174, 0.000154511, -55.408, -1.51648, 1.56278, -3.07926, -0.000364428
74.6529, 0.0547323, 0.000934333, -55.3811, -1.51651, 1.56278, -3.07929, -0.000364501
74.6618, 0.0537504, 0.000891594, -55.3542, -1.51653, 1.56279, -3.07932, -0.000364575
74.6707, 0.0532368, 6.57412e-05, -55.3272, -1.51655, 1.56279, -3.07934, -0.000364649
74.6796, 0.0536339, -0.000800193, -55.3004, -1.51657, 1.5628, -3.07937, -0.000364723
74.6886, 0.0545657, -0.000928763, -55.2735, -1.51659, 1.56281, -3.07939, -0.000364797
74.6975, 0.0551773, -0.00020554, -55.2466, -1.51661, 1.56281, -3.07942, -0.00036487
74.7064, 0.0549025, 0.000720331, -55.2198, -1.51663, 1.56282, -3.07944, -0.000364944
74.7153, 0.0539702, 0.00101964, -55.1929, -1.51665, 1.56282, -3.07947, -0.000365018
74.7242, 0.0531966, 0.000425412, -55.1661, -1.51667, 1.56283, -3.0795, -0.000365092
74.7332, 0.0532546, -0.000530162, -55.1393, -1.51669, 1.56283, -3.07952, -0.000365166
74.7421, 0.0540731, -0.000993363, -55.1125, -1.51671, 1.56284, -3.07955, -0.00036524
74.751, 0.0549025, -0.00055154, -55.0857, -1.51673, 1.56284, -3.07957, -0.000365314
74.7599, 0.0549853, 0.000400385, -55.059, -1.51675, 1.56285, -3.0796, -0.000365388
74.7689, 0.0542303, 0.00101406, -55.0322, -1.51677, 1.56285, -3.07963, -0.000365462
74.7778, 0.053292, 0.000743881, -55.0055, -1.51679, 1.56286, -3.07965, -0.000365536
74.7867, 0.0529866, -0.000168878, -54.9787, -1.51681, 1.56286, -3.07968, -0.00036561
74.7956, 0.0535661, -0.000912744, -54.952, -1.51683, 1.56287, -3.0797, -0.000365684
74.8045, 0.0544972, -0.00082783, -54.9253, -1.51685, 1.56288, -3.07973, -0.000365758
74.8135, 0.0549355, 9.57089e-06, -54.8987, -1.51688, 1.56288, -3.07976, -0.000365832
74.8224, 0.0544754, 0.000856783, -54.872, -1.5169, 1.56289, -3.07978, -0.000365906
74.8313, 0.0535069, 0.000964025, -54.8454, -1.51692, 1.56289, -3.07981, -0.00036598
74.8402, 0.0528688, 0.000237389, -54.8187, -1.51694, 1.5629, -3.07983, -0.000366054
74.8492, 0.0531063, -0.000680172, -54.7921, -1.51696, 1.5629, -3.07986, -0.000366128
74.8581, 0.0539906, -0.000978558, -54.7655, -1.51698, 1.56291, -3.07989, -0.000366202
74.867, 0.054723, -0.000395395, -54.7389, -1.517, 1.56291, -3.07991, -0.000366276
74.8759, 0.0546402, 0.000554444, -54.7123, -1.51702, 1.56292, -3.07994, -0.00036635
74.8848, 0.0537982, 0.00103441, -54.6858, -1.51704, 1.56292, -3.07996, -0.000366424
74.8938, 0.0529203, 0.000622981, -54.6592, -1.51706, 1.56293, -3.07999, -0.000366498
74.9027, 0.0527599, -0.000317229, -54.6327, -1.51708, 1.56293, -3.08001, -0.000366572
74.9116, 0.053439, -0.000960149, -54.6062, -1.5171, 1.56294, -3.08004, -0.000366646
74.9205, 0.0543428, -0.000742225, -54.5797, -1.51712, 1.56295, -3.08007, -0.000366721
74.9295, 0.0546611, 0.000144514, -54.5532, -1.51714, 1.56295, -3.08009, -0.000366795
74.9384, 0.054098, 0.000922871, -54.5267, -1.51716, 1.56296, -3.08012, -0.000366869
74.9473, 0.0531292, 0.000912109, -54.5002, -1.51718, 1.56296, -3.08014, -0.000366943
74.9562, 0.0525839, 0.000122617, -54.4738, -1.5172, 1.56297, -3.08017, -0.000367017
74.9652, 0.05292, -0.000755252, -54.4474, -1.51722, 1.56297, -3.0802, -0.000367092
74.9741, 0.0538252, -0.000955515, -54.4209, -1.51724, 1.56298, -3.08022, -0.000367166
74.983, 0.0544919, -0.000304446, -54.3945, -1.51726, 1.56298, -3.08025, -0.00036724
74.9919, 0.054322, 0.000629919, -54.3681, -1.51729, 1.56299, -3.08027, -0.000367314
75.0008, 0.0534465, 0.00103427, -54.3418, -1.51731, 1.56299, -3.0803, -0.000367389
75.0098, 0.0526095, 0.000557763, -54.3154, -1.51733, 1.563, -3.08033, -0.000367463
75.0187, 0.0525202, -0.000384641, -54.2891, -1.51735, 1.563, -3.08035, -0.000367537
75.0276, 0.0532373, -0.000974595, -54.2627, -1.51737, 1.56301, -3.08038, -0.000367612
75.0365, 0.0541203, -0.000701055, -54.2364, -1.51739, 1.56302, -3.0804, -0.000367686
75.0455, 0.0543865, 0.000197974, -54.2101, -1.51741, 1.56302, -3.08043, -0.00036776
75.0544, 0.0537885, 0.000943688, -54.1838, -1.51743, 1.56303, -3.08045, -0.000367835
75.0633, 0.0528267, 0.000891506, -54.1575, -1.51745, 1.56303, -3.08048, -0.000367909
75.0722, 0.0523148, 8.75062e-05, -54.1313, -1.51747, 1.56304, -3.08051, -0.000367983
75.0811, 0.0526763, -0.00077344, -54.105, -1.51749, 1.56304, -3.08053, -0.000368058
75.0901, 0.0535808, -0.00094884, -54.0788, -1.51751, 1.56305, -3.08056, -0.000368132
75.099, 0.0542307, -0.000288421, -54.0526, -1.51753, 1.56305, -3.08058, -0.000368207
75.1079, 0.0540492, 0.000638305, -54.0264, -1.51755, 1.56306, -3.08061, -0.000368281
75.1168, 0.0531759, 0.00103402, -54.0002, -1.51757, 1.56306, -3.08064, -0.000368355
75.1258, 0.0523444, 0.000559372, -53.974, -1.51759, 1.56307, -3.08066, -0.00036843
75.1347, 0.0522509, -0.000377069, -53.9478, -1.51761, 1.56307, -3.08069, -0.000368504
75.1436, 0.0529571, -0.000971533, -53.9217, -1.51763, 1.56308, -3.08071, -0.000368579
75.1525, 0.0538394, -0.000715018, -53.8955, -1.51765, 1.56308, -3.08074, -0.000368653
75.1614, 0.0541245, 0.0001718, -53.8694, -1.51767, 1.56309, -3.08076, -0.000368728
75.1704, 0.0535519, 0.000929553, -53.8433, -1.51769, 1.5631, -3.08079, -0.000368802
75.1793, 0.0525945, 0.000910803, -53.8172, -1.51772, 1.5631, -3.08082, -0.000368877
75.1882, 0.0520528, 0.000132535, -53.7911, -1.51774, 1.56311, -3.08084, -0.000368951
75.1971, 0.052371, -0.000740344, -53.7651, -1.51776, 1.56311, -3.08087, -0.000369026
75.2061, 0.0532593, -0.000963714, -53.739, -1.51778, 1.56312, -3.08089, -0.000369101
75.215, 0.0539432, -0.00034816, -53.713, -1.5178, 1.56312, -3.08092, -0.000369175
75.2239, 0.0538237, 0.000581548, -53.687, -1.51782, 1.56313, -3.08095, -0.00036925
75.2332, 0.0529498, 0.00103508, -53.66, -1.51784, 1.56313, -3.08097, -0.000369327
75.2424, 0.0520833, 0.000569042, -53.6331, -1.51786, 1.56314, -3.081, -0.000369404
75.2516, 0.05199, -0.000393107, -53.6062, -1.51788, 1.56314, -3.08103, -0.000369482
75.2609, 0.0527343, -0.000979718, -53.5793, -1.5179, 1.56315, -3.08105, -0.000369559
75.2701, 0.0536228, -0.000660688, -53.5524, -1.51792, 1.56316, -3.08108, -0.000369636
75.2794, 0.0538333, 0.000274571, -53.5255, -1.51794, 1.56316, -3.08111, -0.000369714
75.2886, 0.0531575, 0.000980953, -53.4986, -1.51797, 1.56317, -3.08113, -0.000369791
75.2979, 0.052187, 0.000821625, -53.4718, -1.51799, 1.56317, -3.08116, -0.000369869
75.3071, 0.0517776, -5.87418e-05, -53.4449, -1.51801, 1.56318, -3.08119, -0.000369946
75.3164, 0.0522781, -0.000866646, -53.4181, -1.51803, 1.56318, -3.08121, -0.000370024
75.3256, 0.0532182, -0.000875489, -53.3913, -1.51805, 1.56319, -3.08124, -0.000370101
75.3349, 0.0537334, -7.83227e-05, -53.3645, -1.51807, 1.56319, -3.08127, -0.000370178
75.3441, 0.0533428, 0.000808147, -53.3378, -1.51809, 1.5632, -3.08129, -0.000370256
75.3534, 0.0523788, 0.000988672, -53.311, -1.51811, 1.56321, -3.08132, -0.000370333
75.3626, 0.0516872, 0.000302371, -53.2843, -1.51814, 1.56321, -3.08135, -0.000370411
75.3718, 0.0518678, -0.000635193, -53.2575, -1.51816, 1.56322, -3.08137, -0.000370488
75.3811, 0.0527391, -0.000985049, -53.2308, -1.51818, 1.56322, -3.0814, -0.000370566
75.3903, 0.0535027, -0.000435272, -53.2041, -1.5182, 1.56323, -3.08143, -0.000370644
75.3996, 0.053458, 0.000522142, -53.1774, -1.51822, 1.56323, -3.08145, -0.000370721
75.4088, 0.0526271, 0.00103265, -53.1508, -1.51824, 1.56324, -3.08148, -0.000370799
75.4181, 0.0517326, 0.000641857, -53.1241, -1.51826, 1.56324, -3.08151, -0.000370876
75.4273, 0.0515522, -0.000301134, -53.0975, -1.51828, 1.56325, -3.08153, -0.000370954
75.4366, 0.0522267, -0.000956774, -53.0709, -1.5183, 1.56326, -3.08156, -0.000371032
75.4458, 0.0531367, -0.000742726, -53.0443, -1.51833, 1.56326, -3.08159, -0.000371109
75.4551, 0.0534552, 0.00014986, -53.0177, -1.51835, 1.56327, -3.08161, -0.000371187
75.4643, 0.0528816, 0.000928321, -52.9911, -1.51837, 1.56327, -3.08164, -0.000371264
75.4736, 0.0519067, 0.000902875, -52.9645, -1.51839, 1.56328, -3.08167, -0.000371342
75.4828, 0.0513755, 9.70796e-05, -52.938, -1.51841, 1.56328, -3.08169, -0.00037142
75.4921, 0.0517387, -0.000775225, -52.9114, -1.51843, 1.56329, -3.08172, -0.000371498
75.5013, 0.0526555, -0.00094298, -52.8849, -1.51845, 1.56329, -3.08175, -0.000371575
75.5105, 0.053297, -0.00025894, -52.8584, -1.51847, 1.5633, -3.08177, -0.000371653
75.5198, 0.0530789, 0.00067236, -52.8319, -1.51849, 1.56331, -3.0818, -0.000371731
75.529, 0.0521761, 0.00102978, -52.8055, -1.51852, 1.56331, -3.08183, -0.000371808
75.5383, 0.0513657, 0.000499327, -52.779, -1.51854, 1.56332, -3.08185, -0.000371886
75.5475, 0.051342, -0.000451196, -52.7526, -1.51856, 1.56332, -3.08188, -0.000371964
75.5568, 0.0521063, -0.000985788, -52.7261, -1.51858, 1.56333, -3.08191, -0.000372042
75.566, 0.0529679, -0.000635525, -52.6997, -1.5186, 1.56333, -3.08193, -0.00037212
75.5753, 0.0531522, 0.000291179, -52.6733, -1.51862, 1.56334, -3.08196, -0.000372197
75.5845, 0.0524801, 0.000981328, -52.6469, -1.51864, 1.56334, -3.08199, -0.000372275
75.5938, 0.0515227, 0.000830864, -52.6206, -1.51866, 1.56335, -3.08201, -0.000372353
75.603, 0.0510996, -2.74949e-05, -52.5942, -1.51868, 1.56336, -3.08204, -0.000372431
75.6123, 0.0515614, -0.000842555, -52.5679, -1.51871, 1.56336, -3.08207, -0.000372509
75.6215, 0.0524854, -0.000902586, -52.5415, -1.51873, 1.56337, -3.08209, -0.000372587
75.6308, 0.0530463, -0.000156167, -52.5152, -1.51875, 1.56337, -3.08212, -0.000372665
75.64, 0.0527374, 0.000745046, -52.4889, -1.51877, 1.56338, -3.08215, -0.000372743
75.6492, 0.0518103, 0.00101603, -52.4626, -1.51879, 1.56338, -3.08217, -0.000372821
75.6585, 0.0510542, 0.000421818, -52.4364, -1.51881, 1.56339, -3.0822, -0.000372898
75.6677, 0.0511077, -0.000519945, -52.4101, -1.51883, 1.56339, -3.08223, -0.000372976
75.677, 0.0519051, -0.000990931, -52.3839, -1.51885, 1.5634, -3.08225, -0.000373054
75.6862, 0.0527352, -0.000583078, -52.3577, -1.51887, 1.56341, -3.08228, -0.000373132
75.6955, 0.0528601, 0.000348945, -52.3314, -1.5189, 1.56341, -3.08231, -0.00037321
75.7047, 0.0521544, 0.000997295, -52.3053, -1.51892, 1.56342, -3.08233, -0.000373288
75.714, 0.0512114, 0.000801352, -52.2791, -1.51894, 1.56342, -3.08236, -0.000373366
75.7232, 0.0508284, -6.84092e-05, -52.2529, -1.51896, 1.56343, -3.08239, -0.000373445
75.7325, 0.0513173, -0.000859942, -52.2268, -1.51898, 1.56343, -3.08241, -0.000373523
75.7417, 0.0522369, -0.000890357, -52.2006, -1.519, 1.56344, -3.08244, -0.000373601
75.751, 0.0527758, -0.000134403, -52.1745, -1.51902, 1.56344, -3.08247, -0.000373679
75.7602, 0.0524521, 0.000755839, -52.1484, -1.51904, 1.56345, -3.08249, -0.000373757
75.7695, 0.0515274, 0.00101418, -52.1223, -1.51906, 1.56345, -3.08252, -0.000373835
75.7787, 0.0507793, 0.000419341, -52.0962, -1.51908, 1.56346, -3.08255, -0.000373913
75.7879, 0.050832, -0.00051667, -52.0702, -1.51911, 1.56347, -3.08257, -0.000373991
75.7975, 0.0516571, -0.000991319, -52.0431, -1.51913, 1.56347, -3.0826, -0.000374072
75.8071, 0.0524923, -0.000536245, -52.0161, -1.51915, 1.56348, -3.08263, -0.000374153
75.8167, 0.0525521, 0.00043025, -51.9891, -1.51917, 1.56348, -3.08265, -0.000374234
75.8263, 0.0517627, 0.00102249, -51.9621, -1.51919, 1.56349, -3.08268, -0.000374316
75.8359, 0.0508274, 0.000699155, -51.9352, -1.51922, 1.56349, -3.08271, -0.000374397
75.8455, 0.0505813, -0.000243046, -51.9082, -1.51924, 1.5635, -3.08274, -0.000374478
75.8551, 0.0512282, -0.000942989, -51.8813, -1.51926, 1.56351, -3.08277, -0.000374559
75.8647, 0.052157, -0.000762469, -51.8544, -1.51928, 1.56351, -3.08279, -0.00037464
75.8743, 0.052501, 0.000132868, -51.8275, -1.5193, 1.56352, -3.08282, -0.000374722
75.8839, 0.0519278, 0.000926912, -51.8006, -1.51932, 1.56352, -3.08285, -0.000374803
75.8935, 0.0509402, 0.00089752, -51.7737, -1.51935, 1.56353, -3.08288, -0.000374884
75.9031, 0.0504163, 7.24736e-05, -51.7469, -1.51937, 1.56353, -3.0829, -0.000374965
75.9127, 0.0508115, -0.000798137, -51.72, -1.51939, 1.56354, -3.08293, -0.000375046
75.9223, 0.0517462, -0.000924579, -51.6932, -1.51941, 1.56355, -3.08296, -0.000375128
75.9319, 0.052353, -0.000193227, -51.6664, -1.51943, 1.56355, -3.08299, -0.000375209
75.9414, 0.0520633, 0.000732722, -51.6396, -1.51946, 1.56356, -3.08301, -0.00037529
75.951, 0.0511204, 0.00101556, -51.6128, -1.51948, 1.56356, -3.08304, -0.000375372
75.9606, 0.0503576, 0.000400567, -51.5861, -1.5195, 1.56357, -3.08307, -0.000375453
75.9702, 0.0504434, -0.000555926, -51.5593, -1.51952, 1.56358, -3.0831, -0.000375534
75.9798, 0.0512798, -0.000990849, -51.5326, -1.51954, 1.56358, -3.08312, -0.000375616
75.9894, 0.0520925, -0.000513005, -51.5059, -1.51956, 1.56359, -3.08315, -0.000375697
75.999, 0.0521304, 0.000446303, -51.4792, -1.51959, 1.56359, -3.08318, -0.000375779
76.0086, 0.0513408, 0.00102377, -51.4525, -1.51961, 1.5636, -3.08321, -0.00037586
76.0182, 0.0504146, 0.000701095, -51.4258, -1.51963, 1.5636, -3.08323, -0.000375941
76.0278, 0.0501638, -0.000230925, -51.3992, -1.51965, 1.56361, -3.08326, -0.000376023
76.0374, 0.0507928, -0.000935736, -51.3725, -1.51967, 1.56362, -3.08329, -0.000376104
76.047, 0.0517175, -0.000782214, -51.3459, -1.5197, 1.56362, -3.08332, -0.000376186
76.0566, 0.0520904, 9.11281e-05, -51.3193, -1.51972, 1.56363, -3.08334, -0.000376267
76.0662, 0.0515593, 0.000902463, -51.2927, -1.51974, 1.56363, -3.08337, -0.000376349
76.0758, 0.0505804, 0.000927114, -51.2661, -1.51976, 1.56364, -3.0834, -0.00037643
76.0854, 0.0500084, 0.000144116, -51.2396, -1.51978, 1.56364, -3.08343, -0.000376512
76.0949, 0.0503334, -0.000747351, -51.213, -1.5198, 1.56365, -3.08345, -0.000376593
76.1045, 0.0512453, -0.000953068, -51.1865, -1.51983, 1.56366, -3.08348, -0.000376675
76.1141, 0.0519125, -0.000290853, -51.16, -1.51985, 1.56366, -3.08351, -0.000376756
76.1237, 0.0517228, 0.000649425, -51.1335, -1.51987, 1.56367, -3.08354, -0.000376838
76.1333, 0.0508264, 0.00103226, -51.107, -1.51989, 1.56367, -3.08356, -0.00037692
76.1429, 0.0500004, 0.000518667, -51.0805, -1.51991, 1.56368, -3.08359, -0.000377001
76.1525, 0.0499577, -0.000434857, -51.0541, -1.51993, 1.56368, -3.08362, -0.000377083
76.1621, 0.0507157, -0.000983232, -51.0276, -1.51996, 1.56369, -3.08365, -0.000377165
76.1717, 0.0515835, -0.000641766, -51.0012, -1.51998, 1.5637, -3.08367, -0.000377246
76.1813, 0.0517746, 0.000286535, -50.9748, -1.52, 1.5637, -3.0837, -0.000377328
76.1909, 0.0511019, 0.000981097, -50.9484, -1.52002, 1.56371, -3.08373, -0.00037741
76.2005, 0.0501408, 0.000829426, -50.922, -1.52004, 1.56371, -3.08376, -0.000377491
76.2101, 0.0497198, -3.36677e-05, -50.8957, -1.52007, 1.56372, -3.08378, -0.000377573
76.2197, 0.0501897, -0.000847194, -50.8693, -1.52009, 1.56372, -3.08381, -0.000377655
76.2293, 0.0511168, -0.000895493, -50.843, -1.52011, 1.56373, -3.08384, -0.000377736
76.2389, 0.0516665, -0.00013711, -50.8167, -1.52013, 1.56374, -3.08387, -0.000377818
76.2484, 0.0513376, 0.000760972, -50.7904, -1.52015, 1.56374, -3.08389, -0.0003779
76.258, 0.0504007, 0.00101073, -50.7641, -1.52017, 1.56375, -3.08392, -0.000377982
76.2676, 0.0496586, 0.000394128, -50.7378, -1.5202, 1.56375, -3.08395, -0.000378064
76.2772, 0.0497418, -0.000547795, -50.7116, -1.52022, 1.56376, -3.08398, -0.000378145
76.2868, 0.0505575, -0.000990659, -50.6853, -1.52024, 1.56376, -3.084, -0.000378227
76.2964, 0.0513728, -0.000548085, -50.6591, -1.52026, 1.56377, -3.08403, -0.000378309
76.306, 0.051457, 0.000392363, -50.6329, -1.52028, 1.56378, -3.08406, -0.000378391
76.3156, 0.0507186, 0.00100973, -50.6067, -1.5203, 1.56378, -3.08409, -0.000378473
76.3252, 0.0497832, 0.000766471, -50.5805, -1.52033, 1.56379, -3.08411, -0.000378555
76.3348, 0.0494466, -0.0001245, -50.5543, -1.52035, 1.56379, -3.08414, -0.000378637
76.3444, 0.0499818, -0.000887389, -50.5282, -1.52037, 1.5638, -3.08417, -0.000378719
76.354, 0.0509038, -0.000859462, -50.502, -1.52039, 1.5638, -3.0842, -0.000378801
76.3636, 0.0513928, -6.59991e-05, -50.4759, -1.52041, 1.56381, -3.08422, -0.000378883
76.3732, 0.0510065, 0.00080385, -50.4498, -1.52043, 1.56382, -3.08425, -0.000378964
76.3828, 0.0500619, 0.000996318, -50.4237, -1.52046, 1.56382, -3.08428, -0.000379046
76.3924, 0.0493587, 0.000345704, -50.3977, -1.52048, 1.56383, -3.0843, -0.000379128
76.4019, 0.0494858, -0.000584223, -50.3716, -1.5205, 1.56383, -3.08433, -0.00037921
76.4115, 0.0503137, -0.000989662, -50.3456, -1.52052, 1.56384, -3.08436, -0.000379293
76.4211, 0.051108, -0.000521345, -50.3195, -1.52054, 1.56384, -3.08439, -0.000379375
76.4307, 0.0511652, 0.000415738, -50.2935, -1.52056, 1.56385, -3.08441, -0.000379457
76.4403, 0.0504183, 0.00101368, -50.2675, -1.52059, 1.56386, -3.08444, -0.000379539
76.4499, 0.0494925, 0.000758309, -50.2415, -1.52061, 1.56386, -3.08447, -0.000379621
76.4595, 0.0491655, -0.000129659, -50.2156, -1.52063, 1.56387, -3.0845, -0.000379703
76.4691, 0.0496987, -0.000886581, -50.1896, -1.52065, 1.56387, -3.08452, -0.000379785
76.4787, 0.0506148, -0.000863023, -50.1637, -1.52067, 1.56388, -3.08455, -0.000379867
76.4883, 0.0511093, -8.02107e-05, -50.1377, -1.52069, 1.56388, -3.08458, -0.000379949
76.4979, 0.0507405, 0.000790317, -50.1118, -1.52072, 1.56389, -3.08461, -0.000380031
76.5075, 0.0498067, 0.00100349, -50.0859, -1.52074, 1.5639, -3.08463, -0.000380114
76.5171, 0.0490884, 0.000377937, -50.0601, -1.52076, 1.5639, -3.08466, -0.000380196
76.5267, 0.0491804, -0.000550915, -50.0342, -1.52078, 1.56391, -3.08469, -0.000380278
76.5363, 0.0499846, -0.000990058, -50.0083, -1.5208, 1.56391, -3.08472, -0.00038036
76.5459, 0.0507959, -0.000565763, -49.9825, -1.52082, 1.56392, -3.08474, -0.000380442
76.5554, 0.050905, 0.000359461, -49.9567, -1.52085, 1.56392, -3.08477, -0.000380525
76.565, 0.0502015, 0.00099771, -49.9309, -1.52087, 1.56393, -3.0848, -0.000380607
76.5746, 0.0492661, 0.000806823, -49.9051, -1.52089, 1.56394, -3.08483, -0.000380689
76.5842, 0.0488751, -4.99769e-05, -49.8793, -1.52091, 1.56394, -3.08485, -0.000380772
76.5938, 0.0493411, -0.000844853, -49.8536, -1.52093, 1.56395, -3.08488, -0.000380854
76.6034, 0.0502497, -0.000904121, -49.8278, -1.52095, 1.56395, -3.08491, -0.000380936
76.613, 0.0508125, -0.000178563, -49.8021, -1.52098, 1.56396, -3.08493, -0.000381019
76.6226, 0.0505355, 0.00071695, -49.7764, -1.521, 1.56396, -3.08496, -0.000381101
76.6322, 0.0496357, 0.00102531, -49.7507, -1.52102, 1.56397, -3.08499, -0.000381183
76.6418, 0.0488554, 0.000486928, -49.725, -1.52104, 1.56398, -3.08502, -0.000381266
76.6514, 0.0488345, -0.000442882, -49.6993, -1.52106, 1.56398, -3.08504, -0.000381348
76.6614, 0.0496114, -0.000984882, -49.6726, -1.52109, 1.56399, -3.08507, -0.000381434
76.6714, 0.0504787, -0.00061027, -49.6458, -1.52111, 1.56399, -3.0851, -0.00038152
76.6814, 0.0506276, 0.000339352, -49.6191, -1.52113, 1.564, -3.08513, -0.000381606
76.6914, 0.0499035, 0.00100122, -49.5924, -1.52115, 1.56401, -3.08516, -0.000381692
76.7014, 0.0489437, 0.000775532, -49.5657, -1.52118, 1.56401, -3.08519, -0.000381778
76.7114, 0.0485977, -0.000132059, -49.539, -1.5212, 1.56402, -3.08522, -0.000381864
76.7214, 0.0491573, -0.000899221, -49.5124, -1.52122, 1.56402, -3.08524, -0.00038195
76.7314, 0.050095, -0.000832508, -49.4857, -1.52124, 1.56403, -3.08527, -0.000382036
76.7414, 0.050543, 6.70925e-06, -49.4591, -1.52127, 1.56404, -3.0853, -0.000382122
76.7514, 0.0500773, 0.000860126, -49.4325, -1.52129, 1.56404, -3.08533, -0.000382208
76.7614, 0.0490986, 0.000958407, -49.4059, -1.52131, 1.56405, -3.08536, -0.000382294
76.7714, 0.0484688, 0.000214066, -49.3793, -1.52133, 1.56405, -3.08539, -0.00038238
76.7814, 0.0487337, -0.000702079, -49.3528, -1.52136, 1.56406, -3.08541, -0.000382466
76.7914, 0.0496337, -0.000966364, -49.3262, -1.52138, 1.56406, -3.08544, -0.000382553
76.8015, 0.0503397, -0.000342354, -49.2997, -1.5214, 1.56407, -3.08547, -0.000382639
76.8115, 0.0501984, 0.000609011, -49.2732, -1.52142, 1.56408, -3.0855, -0.000382725
76.8215, 0.0493174, 0.00103475, -49.2467, -1.52145, 1.56408, -3.08553, -0.000382811
76.8315, 0.0484662, 0.000554444, -49.2202, -1.52147, 1.56409, -3.08556, -0.000382897
76.8415, 0.048386, -0.000401112, -49.1937, -1.52149, 1.56409, -3.08559, -0.000382984
76.8515, 0.0491272, -0.0009775, -49.1673, -1.52151, 1.5641, -3.08561, -0.00038307
76.8615, 0.0500071, -0.000660744, -49.1408, -1.52154, 1.56411, -3.08564, -0.000383156
76.8715, 0.0502207, 0.000265502, -49.1144, -1.52156, 1.56411, -3.08567, -0.000383242
76.8815, 0.0495587, 0.000975297, -49.088, -1.52158, 1.56412, -3.0857, -0.000383329
76.8915, 0.0485913, 0.000837263, -49.0616, -1.5216, 1.56412, -3.08573, -0.000383415
76.9015, 0.0481591, -2.47208e-05, -49.0353, -1.52163, 1.56413, -3.08576, -0.000383501
76.9115, 0.0486251, -0.000844063, -49.0089, -1.52165, 1.56414, -3.08578, -0.000383588
76.9215, 0.0495548, -0.000893803, -48.9826, -1.52167, 1.56414, -3.08581, -0.000383674
76.9315, 0.0501034, -0.000130886, -48.9563, -1.52169, 1.56415, -3.08584, -0.00038376
76.9415, 0.0497658, 0.00076799, -48.9299, -1.52172, 1.56415, -3.08587, -0.000383847
76.9515, 0.0488219, 0.00100743, -48.9037, -1.52174, 1.56416, -3.0859, -0.000383933
76.9615, 0.0480869, 0.000376728, -48.8774, -1.52176, 1.56417, -3.08593, -0.00038402
76.9715, 0.0481896, -0.000566067, -48.8511, -1.52178, 1.56417, -3.08596, -0.000384106
76.9815, 0.0490185, -0.000988923, -48.8249, -1.52181, 1.56418, -3.08598, -0.000384192
76.9915, 0.0498223, -0.000519924, -48.7986, -1.52183, 1.56418, -3.08601, -0.000384279
77.0015, 0.0498737, 0.000426859, -48.7724, -1.52185, 1.56419, -3.08604, -0.000384365
77.0115, 0.0491088, 0.00101815, -48.7462, -1.52187, 1.5642, -3.08607, -0.000384452
77.0215, 0.0481809, 0.000734944, -48.7201, -1.5219, 1.5642, -3.0861, -0.000384538
77.0315, 0.047885, -0.000172981, -48.6939, -1.52192, 1.56421, -3.08613, -0.000384625
77.0416, 0.0484599, -0.000908672, -48.6677, -1.52194, 1.56421, -3.08615, -0.000384711
77.0516, 0.0493813, -0.000827914, -48.6416, -1.52196, 1.56422, -3.08618, -0.000384798
77.0616, 0.0498226, -2.48596e-06, -48.6155, -1.52199, 1.56423, -3.08621, -0.000384885
77.0716, 0.0493791, 0.00084499, -48.5894, -1.52201, 1.56423, -3.08624, -0.000384971
77.0816, 0.0484197, 0.000974335, -48.5633, -1.52203, 1.56424, -3.08627, -0.000385058
77.0916, 0.0477626, 0.000273684, -48.5372, -1.52205, 1.56424, -3.0863, -0.000385144
77.1016, 0.0479606, -0.000645103, -48.5112, -1.52208, 1.56425, -3.08632, -0.000385231
77.1116, 0.0488205, -0.000981665, -48.4851, -1.5221, 1.56426, -3.08635, -0.000385318
77.1216, 0.0495739, -0.000444006, -48.4591, -1.52212, 1.56426, -3.08638, -0.000385404
77.1316, 0.0495467, 0.000499429, -48.4331, -1.52214, 1.56427, -3.08641, -0.000385491
77.1416, 0.048744, 0.00102901, -48.4071, -1.52217, 1.56427, -3.08644, -0.000385578
77.1516, 0.0478437, 0.000685988, -48.3811, -1.52219, 1.56428, -3.08647, -0.000385665
77.1616, 0.0476066, -0.000231212, -48.3552, -1.52221, 1.56428, -3.08649, -0.000385751
77.1716, 0.0482175, -0.00092785, -48.3292, -1.52223, 1.56429, -3.08652, -0.000385838
77.1816, 0.0491277, -0.000801793, -48.3033, -1.52225, 1.5643, -3.08655, -0.000385925
77.1916, 0.049531, 3.69369e-05, -48.2774, -1.52228, 1.5643, -3.08658, -0.000386012
77.2016, 0.0490607, 0.000863504, -48.2515, -1.5223, 1.56431, -3.08661, -0.000386098
77.2116, 0.0481042, 0.00096527, -48.2256, -1.52232, 1.56431, -3.08664, -0.000386185
77.2216, 0.0474667, 0.000255583, -48.1997, -1.52234, 1.56432, -3.08667, -0.000386272
77.2316, 0.047677, -0.000653754, -48.1739, -1.52237, 1.56433, -3.08669, -0.000386359
77.2416, 0.048534, -0.000980758, -48.148, -1.52239, 1.56433, -3.08672, -0.000386446
77.2516, 0.0492814, -0.000445393, -48.1222, -1.52241, 1.56434, -3.08675, -0.000386533
77.2616, 0.049259, 0.000491852, -48.0964, -1.52243, 1.56434, -3.08678, -0.00038662
77.2716, 0.0484679, 0.00102713, -48.0706, -1.52246, 1.56435, -3.08681, -0.000386706
77.2817, 0.0475672, 0.00070268, -48.0448, -1.52248, 1.56436, -3.08684, -0.000386793
77.2917, 0.0473085, -0.000202777, -48.0191, -1.5225, 1.56436, -3.08686, -0.00038688
77.3017, 0.0478927, -0.000914678, -47.9933, -1.52252, 1.56437, -3.08689, -0.000386967
77.3117, 0.0488009, -0.000825531, -47.9676, -1.52255, 1.56437, -3.08692, -0.000387054
77.3221, 0.0492386, 3.02613e-05, -47.9408, -1.52257, 1.56438, -3.08695, -0.000387145
77.3326, 0.048743, 0.000879372, -47.9139, -1.52259, 1.56439, -3.08698, -0.000387236
77.343, 0.0477504, 0.000939628, -47.8871, -1.52262, 1.56439, -3.08701, -0.000387327
77.3534, 0.0471534, 0.000156679, -47.8603, -1.52264, 1.5644, -3.08704, -0.000387418
77.3639, 0.0474788, -0.000748536, -47.8336, -1.52266, 1.5644, -3.08707, -0.000387508
77.3743, 0.0484051, -0.000944529, -47.8068, -1.52269, 1.56441, -3.0871, -0.000387599
77.3848, 0.0490601, -0.000252466, -47.7801, -1.52271, 1.56442, -3.08713, -0.00038769
77.3952, 0.0488226, 0.000692177, -47.7533, -1.52273, 1.56442, -3.08716, -0.000387781
77.4057, 0.0478898, 0.00102421, -47.7266, -1.52276, 1.56443, -3.08719, -0.000387872
77.4161, 0.0470945, 0.000440816, -47.6999, -1.52278, 1.56444, -3.08722, -0.000387963
77.4265, 0.0471418, -0.000523704, -47.6733, -1.5228, 1.56444, -3.08725, -0.000388054
77.437, 0.047966, -0.000988483, -47.6466, -1.52283, 1.56445, -3.08727, -0.000388145
77.4474, 0.0487933, -0.000530428, -47.62, -1.52285, 1.56445, -3.0873, -0.000388236
77.4579, 0.0488489, 0.00043197, -47.5933, -1.52287, 1.56446, -3.08733, -0.000388327
77.4683, 0.048062, 0.00102233, -47.5667, -1.5229, 1.56447, -3.08736, -0.000388418
77.4788, 0.0471279, 0.000704554, -47.5401, -1.52292, 1.56447, -3.08739, -0.000388509
77.4892, 0.0468738, -0.000231528, -47.5135, -1.52294, 1.56448, -3.08742, -0.0003886
77.4997, 0.047508, -0.000935921, -47.487, -1.52297, 1.56449, -3.08745, -0.000388692
77.5101, 0.0484335, -0.000770634, -47.4604, -1.52299, 1.56449, -3.08748, -0.000388783
77.5205, 0.048791, 0.000113505, -47.4339, -1.52301, 1.5645, -3.08751, -0.000388874
77.531, 0.0482368, 0.000915961, -47.4074, -1.52304, 1.5645, -3.08754, -0.000388965
77.5414, 0.0472519, 0.000911929, -47.3809, -1.52306, 1.56451, -3.08757, -0.000389056
77.5519, 0.0467046, 0.000106183, -47.3544, -1.52308, 1.56452, -3.0876, -0.000389147
77.5623, 0.0470667, -0.000773741, -47.328, -1.52311, 1.56452, -3.08763, -0.000389239
77.5728, 0.0479899, -0.000935264, -47.3015, -1.52313, 1.56453, -3.08766, -0.00038933
77.5832, 0.0486217, -0.000234061, -47.2751, -1.52315, 1.56453, -3.08769, -0.000389421
77.5936, 0.0483739, 0.000698457, -47.2487, -1.52318, 1.56454, -3.08772, -0.000389512
77.6041, 0.0474492, 0.00102473, -47.2223, -1.5232, 1.56455, -3.08775, -0.000389604
77.6145, 0.046657, 0.000452973, -47.1959, -1.52322, 1.56455, -3.08778, -0.000389695
77.625, 0.0466861, -0.000503251, -47.1696, -1.52325, 1.56456, -3.08781, -0.000389786
77.6354, 0.0474884, -0.000987507, -47.1432, -1.52327, 1.56457, -3.08784, -0.000389878
77.6459, 0.0483247, -0.000567448, -47.1169, -1.52329, 1.56457, -3.08786, -0.000389969
77.6563, 0.048427, 0.000380454, -47.0906, -1.52332, 1.56458, -3.08789, -0.00039006
77.6668, 0.0476844, 0.00100964, -47.0643, -1.52334, 1.56458, -3.08792, -0.000390152
77.6772, 0.0467392, 0.000759706, -47.038, -1.52336, 1.56459, -3.08795, -0.000390243
77.6876, 0.0464127, -0.000145536, -47.0118, -1.52339, 1.5646, -3.08798, -0.000390335
77.6981, 0.0469737, -0.000899882, -46.9855, -1.52341, 1.5646, -3.08801, -0.000390426
77.7085, 0.0479018, -0.00083318, -46.9593, -1.52343, 1.56461, -3.08804, -0.000390517
77.719, 0.0483519, -5.78938e-06, -46.9331, -1.52346, 1.56462, -3.08807, -0.000390609
77.7294, 0.0479048, 0.00084747, -46.9069, -1.52348, 1.56462, -3.0881, -0.0003907
77.7399, 0.0469373, 0.000970652, -46.8807, -1.5235, 1.56463, -3.08813, -0.000390792
77.7503, 0.0462858, 0.000255776, -46.8545, -1.52353, 1.56463, -3.08816, -0.000390883
77.7607, 0.0465053, -0.000663942, -46.8284, -1.52355, 1.56464, -3.08819, -0.000390975
77.7712, 0.0473801, -0.000975918, -46.8023, -1.52357, 1.56465, -3.08822, -0.000391067
77.7816, 0.048117, -0.000405746, -46.7761, -1.5236, 1.56465, -3.08825, -0.000391158
77.7921, 0.0480462, 0.000542798, -46.75, -1.52362, 1.56466, -3.08828, -0.00039125
77.8025, 0.0472107, 0.00103402, -46.724, -1.52364, 1.56466, -3.08831, -0.000391341
77.813, 0.046326, 0.000636515, -46.6979, -1.52367, 1.56467, -3.08834, -0.000391433
77.8234, 0.0461491, -0.00029918, -46.6718, -1.52369, 1.56468, -3.08837, -0.000391525
77.8339, 0.0468139, -0.000950977, -46.6458, -1.52371, 1.56468, -3.08839, -0.000391616
77.8443, 0.0477158, -0.000747732, -46.6198, -1.52373, 1.56469, -3.08842, -0.000391708
77.8547, 0.0480442, 0.000131318, -46.5938, -1.52376, 1.5647, -3.08845, -0.0003918
77.8652, 0.0474921, 0.000916005, -46.5678, -1.52378, 1.5647, -3.08848, -0.000391891
77.8756, 0.0465232, 0.000920531, -46.5418, -1.5238, 1.56471, -3.08851, -0.000391983
77.8861, 0.0459638, 0.000142057, -46.5159, -1.52383, 1.56471, -3.08854, -0.000392075
77.8965, 0.0462811, -0.000739183, -46.49, -1.52385, 1.56472, -3.08857, -0.000392167
77.907, 0.0471771, -0.000955064, -46.464, -1.52387, 1.56473, -3.0886, -0.000392259
77.9174, 0.0478508, -0.00031858, -46.4381, -1.5239, 1.56473, -3.08863, -0.00039235
77.9278, 0.0476963, 0.000615531, -46.4122, -1.52392, 1.56474, -3.08866, -0.000392442
77.9383, 0.0468289, 0.00103532, -46.3864, -1.52394, 1.56474, -3.08869, -0.000392534
77.9487, 0.0459823, 0.000577188, -46.3605, -1.52397, 1.56475, -3.08872, -0.000392626
77.9592, 0.0458703, -0.000360399, -46.3347, -1.52399, 1.56476, -3.08875, -0.000392718
77.9696, 0.0465688, -0.000964706, -46.3089, -1.52401, 1.56476, -3.08878, -0.00039281
77.9801, 0.0474522, -0.000713339, -46.283, -1.52404, 1.56477, -3.08881, -0.000392902
77.9905, 0.0477366, 0.000175228, -46.2573, -1.52406, 1.56478, -3.08884, -0.000392993
78.001, 0.0471574, 0.000932875, -46.2315, -1.52408, 1.56478, -3.08886, -0.000393085
78.0114, 0.0461952, 0.000906288, -46.2057, -1.52411, 1.56479, -3.08889, -0.000393177
78.0218, 0.0456598, 0.000119502, -46.18, -1.52413, 1.56479, -3.08892, -0.000393269
78.0323, 0.0459915, -0.00074914, -46.1543, -1.52415, 1.5648, -3.08895, -0.000393361
78.0427, 0.0468838, -0.000952575, -46.1285, -1.52418, 1.56481, -3.08898, -0.000393453
78.0532, 0.0475496, -0.000316989, -46.1029, -1.5242, 1.56481, -3.08901, -0.000393545
78.0636, 0.0473979, 0.000611015, -46.0772, -1.52422, 1.56482, -3.08904, -0.000393637
78.0741, 0.0465401, 0.0010355, -46.0515, -1.52425, 1.56482, -3.08907, -0.00039373
78.0845, 0.045692, 0.00059369, -46.0259, -1.52427, 1.56483, -3.0891, -0.000393822
78.0949, 0.0455592, -0.000335217, -46.0002, -1.52429, 1.56484, -3.08913, -0.000393914
78.1054, 0.0462344, -0.000956666, -45.9746, -1.52431, 1.56484, -3.08916, -0.000394006
78.1158, 0.0471203, -0.000740541, -45.949, -1.52434, 1.56485, -3.08919, -0.000394098
78.1263, 0.0474412, 0.000127647, -45.9234, -1.52436, 1.56486, -3.08922, -0.00039419
78.1367, 0.0469049, 0.000907304, -45.8979, -1.52438, 1.56486, -3.08925, -0.000394282
78.1472, 0.0459492, 0.000935007, -45.8723, -1.52441, 1.56487, -3.08928, -0.000394374
78.1576, 0.0453677, 0.000188287, -45.8468, -1.52443, 1.56487, -3.0893, -0.000394467
78.1681, 0.045634, -0.000697515, -45.8213, -1.52445, 1.56488, -3.08933, -0.000394559
78.1785, 0.0465014, -0.000970616, -45.7958, -1.52448, 1.56489, -3.08936, -0.000394651
78.1889, 0.0472141, -0.000400405, -45.7703, -1.5245, 1.56489, -3.08939, -0.000394743
78.1994, 0.0471493, 0.000529105, -45.7448, -1.52452, 1.5649, -3.08942, -0.000394836
78.2103, 0.0462954, 0.00103445, -45.7181, -1.52455, 1.56491, -3.08945, -0.000394932
78.2213, 0.0453989, 0.00060816, -45.6915, -1.52457, 1.56491, -3.08948, -0.000395029
78.2322, 0.0452631, -0.000355784, -45.6648, -1.5246, 1.56492, -3.08951, -0.000395126
78.2432, 0.0459897, -0.000969716, -45.6382, -1.52462, 1.56492, -3.08954, -0.000395223
78.2541, 0.0468872, -0.000669881, -45.6115, -1.52464, 1.56493, -3.08958, -0.00039532
78.2651, 0.0471093, 0.000267136, -45.5849, -1.52467, 1.56494, -3.08961, -0.000395417
78.276, 0.0464309, 0.000981084, -45.5583, -1.52469, 1.56494, -3.08964, -0.000395514
78.287, 0.0454526, 0.00081823, -45.5318, -1.52472, 1.56495, -3.08967, -0.00039561
78.2979, 0.045048, -7.1114e-05, -45.5052, -1.52474, 1.56496, -3.0897, -0.000395707
78.3089, 0.045564, -0.000872881, -45.4787, -1.52477, 1.56496, -3.08973, -0.000395804
78.3198, 0.0465058, -0.000855026, -45.4522, -1.52479, 1.56497, -3.08976, -0.000395901
78.3308, 0.0469917, -3.50119e-05, -45.4257, -1.52481, 1.56498, -3.08979, -0.000395998
78.3417, 0.0465575, 0.000838786, -45.3992, -1.52484, 1.56498, -3.08982, -0.000396095
78.3527, 0.0455776, 0.00097092, -45.3727, -1.52486, 1.56499, -3.08985, -0.000396192
78.3636, 0.0449219, 0.000242327, -45.3463, -1.52489, 1.565, -3.08988, -0.000396289
78.3746, 0.0451635, -0.000683945, -45.3199, -1.52491, 1.565, -3.08991, -0.000396386
78.3855, 0.0460598, -0.000967159, -45.2934, -1.52494, 1.56501, -3.08994, -0.000396483
78.3965, 0.0467756, -0.000351542, -45.267, -1.52496, 1.56501, -3.08997, -0.000396581
78.4074, 0.0466412, 0.000604231, -45.2407, -1.52498, 1.56502, -3.09001, -0.000396678
78.4184, 0.0457574, 0.00103525, -45.2143, -1.52501, 1.56503, -3.09004, -0.000396775
78.4294, 0.044902, 0.000552881, -45.188, -1.52503, 1.56503, -3.09007, -0.000396872
78.4403, 0.044825, -0.000406203, -45.1616, -1.52506, 1.56504, -3.0901, -0.000396969
78.4513, 0.045573, -0.000976661, -45.1353, -1.52508, 1.56505, -3.09013, -0.000397066
78.4622, 0.0464493, -0.000645315, -45.109, -1.5251, 1.56505, -3.09016, -0.000397164
78.4732, 0.0466437, 0.00028845, -45.0828, -1.52513, 1.56506, -3.09019, -0.000397261
78.4841, 0.0459607, 0.000984657, -45.0565, -1.52515, 1.56507, -3.09022, -0.000397358
78.4951, 0.0449931, 0.000818696, -45.0303, -1.52518, 1.56507, -3.09025, -0.000397455
78.506, 0.0445871, -5.93441e-05, -45.004, -1.5252, 1.56508, -3.09028, -0.000397553
78.517, 0.0450841, -0.00086191, -44.9778, -1.52523, 1.56509, -3.09031, -0.00039765
78.5279, 0.0460163, -0.000870975, -44.9516, -1.52525, 1.56509, -3.09034, -0.000397747
78.5389, 0.0465283, -7.95852e-05, -44.9255, -1.52527, 1.5651, -3.09037, -0.000397845
78.5498, 0.0461419, 0.000804485, -44.8993, -1.5253, 1.56511, -3.0904, -0.000397942
78.5608, 0.0451816, 0.000992593, -44.8732, -1.52532, 1.56511, -3.09043, -0.000398039
78.5717, 0.0444822, 0.000318169, -44.8471, -1.52535, 1.56512, -3.09046, -0.000398137
78.5827, 0.0446444, -0.000617268, -44.821, -1.52537, 1.56512, -3.0905, -0.000398234
78.5936, 0.0455011, -0.000981672, -44.7949, -1.52539, 1.56513, -3.09053, -0.000398332
78.6046, 0.0462691, -0.00045224, -44.7688, -1.52542, 1.56514, -3.09056, -0.000398429
78.6155, 0.0462458, 0.000500038, -44.7427, -1.52544, 1.56514, -3.09059, -0.000398527
78.6265, 0.0454315, 0.00103064, -44.7167, -1.52547, 1.56515, -3.09062, -0.000398624
78.6374, 0.0445269, 0.00067048, -44.6907, -1.52549, 1.56516, -3.09065, -0.000398722
78.6484, 0.0443108, -0.000260633, -44.6647, -1.52552, 1.56516, -3.09068, -0.000398819
78.6593, 0.0449517, -0.000939346, -44.6387, -1.52554, 1.56517, -3.09071, -0.000398917
78.6703, 0.0458615, -0.000767113, -44.6127, -1.52556, 1.56518, -3.09074, -0.000399014
78.6812, 0.0462166, 0.000103005, -44.5868, -1.52559, 1.56518, -3.09077, -0.000399112
78.6922, 0.0456839, 0.000903833, -44.5608, -1.52561, 1.56519, -3.0908, -0.00039921
78.7031, 0.044712, 0.000931091, -44.5349, -1.52564, 1.5652, -3.09083, -0.000399307
78.7141, 0.0441344, 0.00016198, -44.509, -1.52566, 1.5652, -3.09086, -0.000399405
78.725, 0.0444361, -0.000727272, -44.4831, -1.52568, 1.56521, -3.09089, -0.000399503
78.736, 0.0453303, -0.000956823, -44.4573, -1.52571, 1.56521, -3.09092, -0.0003996
78.7469, 0.0460118, -0.00032659, -44.4314, -1.52573, 1.56522, -3.09095, -0.000399698
78.7579, 0.0458636, 0.000610789, -44.4056, -1.52576, 1.56523, -3.09098, -0.000399796
78.7688, 0.0449953, 0.00103566, -44.3798, -1.52578, 1.56523, -3.09101, -0.000399893
78.7798, 0.0441451, 0.000577874, -44.354, -1.5258, 1.56524, -3.09105, -0.000399991
78.7907, 0.0440333, -0.000362032, -44.3282, -1.52583, 1.56525, -3.09108, -0.000400089
78.8017, 0.0447352, -0.000964554, -44.3024, -1.52585, 1.56525, -3.09111, -0.000400187
78.8126, 0.0456179, -0.000705865, -44.2767, -1.52588, 1.56526, -3.09114, -0.000400285
78.8236, 0.0458929, 0.000187899, -44.2509, -1.5259, 1.56527, -3.09117, -0.000400382
78.8345, 0.0453013, 0.000939721, -44.2252, -1.52593, 1.56527, -3.0912, -0.00040048
78.8455, 0.0443367, 0.000897687, -44.1995, -1.52595, 1.56528, -3.09123, -0.000400578
78.8564, 0.0438146, 9.94032e-05, -44.1738, -1.52597, 1.56529, -3.09126, -0.000400676
78.8674, 0.0441654, -0.000763046, -44.1482, -1.526, 1.56529, -3.09129, -0.000400774
78.8783, 0.0450636, -0.000943867, -44.1225, -1.52602, 1.5653, -3.09132, -0.000400872
78.8893, 0.0457119, -0.000287885, -44.0969, -1.52605, 1.5653, -3.09135, -0.00040097
78.9002, 0.0455306, 0.000637706, -44.0713, -1.52607, 1.56531, -3.09138, -0.000401068
78.9112, 0.0446563, 0.0010348, -44.0457, -1.52609, 1.56532, -3.09141, -0.000401166
78.9221, 0.0438222, 0.000562331, -44.0201, -1.52612, 1.56532, -3.09144, -0.000401264
78.9331, 0.0437247, -0.000372082, -43.9945, -1.52614, 1.56533, -3.09147, -0.000401362
78.944, 0.0444259, -0.000965012, -43.969, -1.52617, 1.56534, -3.0915, -0.00040146
78.955, 0.0453022, -0.00070813, -43.9435, -1.52619, 1.56534, -3.09153, -0.000401558
78.9659, 0.0455815, 0.0001771, -43.9179, -1.52621, 1.56535, -3.09156, -0.000401656
78.9769, 0.045005, 0.000931718, -43.8924, -1.52624, 1.56536, -3.09159, -0.000401754
78.9878, 0.0440465, 0.000910431, -43.867, -1.52626, 1.56536, -3.09162, -0.000401852
78.9988, 0.043505, 0.000132592, -43.8415, -1.52629, 1.56537, -3.09166, -0.000401951
79.0097, 0.0438217, -0.000736726, -43.816, -1.52631, 1.56538, -3.09169, -0.000402049
79.0207, 0.0447047, -0.000956155, -43.7906, -1.52633, 1.56538, -3.09172, -0.000402147
79.0316, 0.0453806, -0.000339758, -43.7652, -1.52636, 1.56539, -3.09175, -0.000402245
79.0426, 0.0452542, 0.000586783, -43.7398, -1.52638, 1.56539, -3.09178, -0.000402343
79.0539, 0.0443778, 0.00103577, -43.7135, -1.52641, 1.5654, -3.09181, -0.000402445
79.0653, 0.0435119, 0.00056844, -43.6872, -1.52643, 1.56541, -3.09184, -0.000402547
79.0766, 0.043418, -0.000390674, -43.6609, -1.52646, 1.56541, -3.09187, -0.000402649
79.088, 0.0441574, -0.000973342, -43.6347, -1.52648, 1.56542, -3.0919, -0.000402751
79.0993, 0.0450383, -0.000653695, -43.6085, -1.52651, 1.56543, -3.09193, -0.000402853
79.1107, 0.0452431, 0.000278449, -43.5823, -1.52653, 1.56543, -3.09197, -0.000402955
79.122, 0.0445657, 0.000981884, -43.5561, -1.52656, 1.56544, -3.092, -0.000403056
79.1334, 0.0435951, 0.000823537, -43.5299, -1.52658, 1.56545, -3.09203, -0.000403158
79.1447, 0.0431823, -5.28535e-05, -43.5037, -1.52661, 1.56545, -3.09206, -0.00040326
79.1561, 0.0436751, -0.000858774, -43.4776, -1.52663, 1.56546, -3.09209, -0.000403362
79.1674, 0.0446075, -0.000871011, -43.4515, -1.52666, 1.56547, -3.09212, -0.000403464
79.1788, 0.0451207, -7.97794e-05, -43.4253, -1.52668, 1.56547, -3.09216, -0.000403566
79.1901, 0.0447334, 0.000805164, -43.3993, -1.52671, 1.56548, -3.09219, -0.000403668
79.2015, 0.0437713, 0.000992088, -43.3732, -1.52673, 1.56549, -3.09222, -0.000403771
79.2128, 0.0430726, 0.000315032, -43.3471, -1.52676, 1.56549, -3.09225, -0.000403873
79.2242, 0.0432385, -0.000620384, -43.3211, -1.52678, 1.5655, -3.09228, -0.000403975
79.2355, 0.0440975, -0.000979782, -43.2951, -1.52681, 1.56551, -3.09231, -0.000404077
79.2468, 0.0448615, -0.000443949, -43.2691, -1.52683, 1.56551, -3.09234, -0.000404179
79.2582, 0.0448289, 0.000509099, -43.2431, -1.52685, 1.56552, -3.09238, -0.000404281
79.2695, 0.0440078, 0.00103186, -43.2171, -1.52688, 1.56553, -3.09241, -0.000404383
79.2809, 0.0431061, 0.000660971, -43.1912, -1.5269, 1.56553, -3.09244, -0.000404486
79.2922, 0.0429016, -0.000273349, -43.1652, -1.52693, 1.56554, -3.09247, -0.000404588
79.3036, 0.0435521, -0.000942747, -43.1393, -1.52695, 1.56555, -3.0925, -0.00040469
79.3149, 0.0444591, -0.000755405, -43.1134, -1.52698, 1.56555, -3.09253, -0.000404792
79.3263, 0.0447986, 0.000121833, -43.0876, -1.527, 1.56556, -3.09256, -0.000404895
79.3376, 0.0442499, 0.000913564, -43.0617, -1.52703, 1.56557, -3.0926, -0.000404997
79.349, 0.0432763, 0.000921815, -43.0358, -1.52705, 1.56557, -3.09263, -0.000405099
79.3603, 0.0427142, 0.000140518, -43.01, -1.52708, 1.56558, -3.09266, -0.000405202
79.3717, 0.0430355, -0.000741725, -42.9842, -1.5271, 1.56559, -3.09269, -0.000405304
79.383, 0.0439349, -0.000949405, -42.9584, -1.52713, 1.56559, -3.09272, -0.000405406
79.3944, 0.0446001, -0.000301219, -42.9326, -1.52715, 1.5656, -3.09275, -0.000405509
79.4057, 0.0444264, 0.000633148, -42.9069, -1.52718, 1.56561, -3.09278, -0.000405611
79.4171, 0.0435455, 0.00103484, -42.8811, -1.5272, 1.56561, -3.09282, -0.000405714
79.4284, 0.0427076, 0.000553209, -42.8554, -1.52723, 1.56562, -3.09285, -0.000405816
79.4398, 0.0426232, -0.000389443, -42.8297, -1.52725, 1.56563, -3.09288, -0.000405919
79.4511, 0.0433433, -0.00096945, -42.804, -1.52728, 1.56563, -3.09291, -0.000406021
79.4624, 0.044217, -0.000681553, -42.7784, -1.5273, 1.56564, -3.09294, -0.000406124
79.4738, 0.0444615, 0.000222149, -42.7527, -1.52733, 1.56565, -3.09297, -0.000406226
79.4851, 0.0438434, 0.000954388, -42.7271, -1.52735, 1.56565, -3.093, -0.000406329
79.4965, 0.0428798, 0.000878996, -42.7014, -1.52738, 1.56566, -3.09304, -0.000406432
79.5078, 0.0423862, 6.26722e-05, -42.6758, -1.5274, 1.56567, -3.09307, -0.000406534
79.5192, 0.0427686, -0.000785485, -42.6503, -1.52743, 1.56567, -3.0931, -0.000406637
79.5305, 0.0436729, -0.000930668, -42.6247, -1.52745, 1.56568, -3.09313, -0.00040674
79.5419, 0.0442943, -0.000248309, -42.5991, -1.52747, 1.56569, -3.09316, -0.000406842
79.5532, 0.0440748, 0.000670523, -42.5736, -1.5275, 1.56569, -3.09319, -0.000406945
79.5646, 0.0431838, 0.00103214, -42.5481, -1.52752, 1.5657, -3.09322, -0.000407048
79.5759, 0.0423694, 0.000525521, -42.5226, -1.52755, 1.56571, -3.09326, -0.00040715
79.5873, 0.0423119, -0.000411534, -42.4971, -1.52757, 1.56571, -3.09329, -0.000407253
79.5986, 0.0430382, -0.000971967, -42.4716, -1.5276, 1.56572, -3.09332, -0.000407356
79.61, 0.0439016, -0.000674592, -42.4462, -1.52762, 1.56573, -3.09335, -0.000407459
79.6213, 0.0441392, 0.000223942, -42.4208, -1.52765, 1.56573, -3.09338, -0.000407562
79.6327, 0.0435271, 0.000952047, -42.3953, -1.52767, 1.56574, -3.09341, -0.000407664
79.644, 0.0425697, 0.000886184, -42.37, -1.5277, 1.56575, -3.09344, -0.000407767
79.6558, 0.0420634, 4.82749e-05, -42.3436, -1.52772, 1.56575, -3.09348, -0.000407874
79.6675, 0.0424801, -0.000809898, -42.3173, -1.52775, 1.56576, -3.09351, -0.000407981
79.6793, 0.0434146, -0.000905258, -42.2911, -1.52777, 1.56577, -3.09354, -0.000408087
79.6911, 0.0439912, -0.000152059, -42.2648, -1.5278, 1.56577, -3.09357, -0.000408194
79.7028, 0.0436621, 0.000762716, -42.2386, -1.52783, 1.56578, -3.09361, -0.000408301
79.7146, 0.0427048, 0.001007, -42.2124, -1.52785, 1.56579, -3.09364, -0.000408408
79.7263, 0.0419664, 0.000359956, -42.1862, -1.52788, 1.56579, -3.09367, -0.000408515
79.7381, 0.0420933, -0.000589989, -42.16, -1.5279, 1.5658, -3.0937, -0.000408621
79.7499, 0.042946, -0.000981499, -42.1338, -1.52793, 1.56581, -3.09374, -0.000408728
79.7616, 0.0437283, -0.000461034, -42.1077, -1.52795, 1.56582, -3.09377, -0.000408835
79.7734, 0.0437098, 0.000499422, -42.0815, -1.52798, 1.56582, -3.0938, -0.000408942
79.7852, 0.0428855, 0.00103179, -42.0554, -1.528, 1.56583, -3.09383, -0.000409049
79.7969, 0.041977, 0.000656492, -42.0293, -1.52803, 1.56584, -3.09387, -0.000409156
79.8087, 0.04178, -0.000286879, -42.0033, -1.52806, 1.56584, -3.0939, -0.000409263
79.8205, 0.0424478, -0.000948362, -41.9772, -1.52808, 1.56585, -3.09393, -0.00040937
79.8322, 0.0433556, -0.0007337, -41.9512, -1.52811, 1.56586, -3.09396, -0.000409477
79.844, 0.0436649, 0.000162993, -41.9252, -1.52813, 1.56586, -3.094, -0.000409584
79.8558, 0.0430763, 0.000936366, -41.8992, -1.52816, 1.56587, -3.09403, -0.000409691
79.8675, 0.0420956, 0.000893725, -41.8732, -1.52818, 1.56588, -3.09406, -0.000409798
79.8793, 0.0415782, 7.45098e-05, -41.8472, -1.52821, 1.56588, -3.09409, -0.000409905
79.891, 0.0419631, -0.000787762, -41.8213, -1.52823, 1.56589, -3.09413, -0.000410012
79.9028, 0.0428823, -0.000923108, -41.7953, -1.52826, 1.5659, -3.09416, -0.000410119
79.9146, 0.0434924, -0.000211937, -41.7694, -1.52829, 1.5659, -3.09419, -0.000410226
79.9263, 0.0432277, 0.000710896, -41.7435, -1.52831, 1.56591, -3.09422, -0.000410334
79.9381, 0.0423023, 0.00102391, -41.7177, -1.52834, 1.56592, -3.09426, -0.000410441
79.9499, 0.041517, 0.000449856, -41.6918, -1.52836, 1.56593, -3.09429, -0.000410548
79.9616, 0.0415462, -0.000500225, -41.666, -1.52839, 1.56593, -3.09432, -0.000410655
79.9734, 0.04234, -0.000983214, -41.6401, -1.52841, 1.56594, -3.09435, -0.000410762
79.9852, 0.0431715, -0.000572008, -41.6143, -1.52844, 1.56595, -3.09438, -0.00041087
79.9969, 0.0432824, 0.000368183, -41.5886, -1.52846, 1.56595, -3.09442, -0.000410977
80.0087, 0.0425532, 0.00100564, -41.5628, -1.52849, 1.56596, -3.09445, -0.000411084
80.0204, 0.0416064, 0.00077814, -41.537, -1.52852, 1.56597, -3.09448, -0.000411192
80.0322, 0.0412547, -0.000112363, -41.5113, -1.52854, 1.56597, -3.09451, -0.000411299
80.044, 0.0417845, -0.000880518, -41.4856, -1.52857, 1.56598, -3.09455, -0.000411406
80.0557, 0.0427058, -0.000850735, -41.4599, -1.52859, 1.56599, -3.09458, -0.000411514
80.0675, 0.043186, -5.04237e-05, -41.4342, -1.52862, 1.56599, -3.09461, -0.000411621
80.0793, 0.0427821, 0.000816763, -41.4086, -1.52864, 1.566, -3.09464, -0.000411729
80.091, 0.041827, 0.000990449, -41.3829, -1.52867, 1.56601, -3.09468, -0.000411836
80.1028, 0.0411358, 0.000319631, -41.3573, -1.52869, 1.56601, -3.09471, -0.000411944
80.1146, 0.0412904, -0.000607571, -41.3317, -1.52872, 1.56602, -3.09474, -0.000412051
80.1263, 0.042132, -0.000980622, -41.3061, -1.52874, 1.56603, -3.09477, -0.000412159
80.1381, 0.0429029, -0.000474809, -41.2805, -1.52877, 1.56604, -3.09481, -0.000412266
80.1498, 0.042909, 0.000467561, -41.255, -1.5288, 1.56604, -3.09484, -0.000412374
80.1616, 0.0421239, 0.00102526, -41.2295, -1.52882, 1.56605, -3.09487, -0.000412482
80.1734, 0.0412096, 0.000713836, -41.2039, -1.52885, 1.56606, -3.0949, -0.000412589
80.1851, 0.0409385, -0.00019477, -41.1784, -1.52887, 1.56606, -3.09493, -0.000412697
80.1969, 0.0415227, -0.000911157, -41.153, -1.5289, 1.56607, -3.09497, -0.000412805
80.2087, 0.0424324, -0.000814673, -41.1275, -1.52892, 1.56608, -3.095, -0.000412912
80.2208, 0.0428566, 4.48692e-05, -41.1011, -1.52895, 1.56608, -3.09503, -0.000413024
80.233, 0.042349, 0.000886954, -41.0748, -1.52898, 1.56609, -3.09507, -0.000413136
80.2452, 0.0413546, 0.000935724, -41.0485, -1.529, 1.5661, -3.0951, -0.000413247
80.2574, 0.040765, 0.000147563, -41.0222, -1.52903, 1.5661, -3.09513, -0.000413359
80.2696, 0.0410973, -0.000751686, -40.9959, -1.52906, 1.56611, -3.09517, -0.00041347
80.2818, 0.0420208, -0.000936186, -40.9696, -1.52908, 1.56612, -3.0952, -0.000413582
80.294, 0.0426634, -0.000237856, -40.9434, -1.52911, 1.56613, -3.09523, -0.000413694
80.3061, 0.0424129, 0.000702245, -40.9172, -1.52913, 1.56613, -3.09527, -0.000413806
80.3183, 0.0414757, 0.00102363, -40.891, -1.52916, 1.56614, -3.0953, -0.000413917
80.3305, 0.0406853, 0.00043359, -40.8648, -1.52919, 1.56615, -3.09533, -0.000414029
80.3427, 0.040739, -0.000527835, -40.8386, -1.52921, 1.56615, -3.09537, -0.000414141
80.3549, 0.0415624, -0.000983517, -40.8125, -1.52924, 1.56616, -3.0954, -0.000414253
80.3671, 0.0423805, -0.000519288, -40.7864, -1.52927, 1.56617, -3.09543, -0.000414365
80.3792, 0.0424253, 0.000441153, -40.7602, -1.52929, 1.56618, -3.09547, -0.000414477
80.3914, 0.0416334, 0.00102448, -40.7342, -1.52932, 1.56618, -3.0955, -0.000414588
80.4036, 0.0407008, 0.000701982, -40.7081, -1.52934, 1.56619, -3.09553, -0.0004147
80.4158, 0.0404492, -0.000232587, -40.682, -1.52937, 1.5662, -3.09557, -0.000414812
80.428, 0.0410815, -0.000932185, -40.656, -1.5294, 1.5662, -3.0956, -0.000414924
80.4402, 0.0420006, -0.00076458, -40.63, -1.52942, 1.56621, -3.09563, -0.000415036
80.4524, 0.0423524, 0.000117479, -40.604, -1.52945, 1.56622, -3.09567, -0.000415148
80.4645, 0.0417966, 0.000917159, -40.578, -1.52948, 1.56623, -3.0957, -0.00041526
80.4767, 0.0408118, 0.000914059, -40.552, -1.5295, 1.56623, -3.09573, -0.000415373
80.4889, 0.0402613, 0.000112266, -40.5261, -1.52953, 1.56624, -3.09577, -0.000415485
80.5011, 0.0406157, -0.000766181, -40.5002, -1.52955, 1.56625, -3.0958, -0.000415597
80.5133, 0.0415317, -0.000932422, -40.4743, -1.52958, 1.56625, -3.09583, -0.000415709
80.5255, 0.0421634, -0.000238499, -40.4484, -1.52961, 1.56626, -3.09587, -0.000415821
80.5376, 0.0419219, 0.000692636, -40.4225, -1.52963, 1.56627, -3.0959, -0.000415933
80.5498, 0.0410011, 0.00102753, -40.3967, -1.52966, 1.56627, -3.09593, -0.000416045
80.562, 0.0402016, 0.000467868, -40.3708, -1.52969, 1.56628, -3.09597, -0.000416158
80.5742, 0.0402133, -0.000485342, -40.345, -1.52971, 1.56629, -3.096, -0.00041627
80.5864, 0.0410011, -0.000981629, -40.3192, -1.52974, 1.5663, -3.09603, -0.000416382
80.5986, 0.0418388, -0.000579769, -40.2935, -1.52977, 1.5663, -3.09607, -0.000416495
80.6107, 0.0419579, 0.000361367, -40.2677, -1.52979, 1.56631, -3.0961, -0.000416607
80.6229, 0.0412305, 0.00100482, -40.242, -1.52982, 1.56632, -3.09613, -0.000416719
80.6351, 0.04028, 0.000780094, -40.2163, -1.52984, 1.56632, -3.09617, -0.000416832
80.6473, 0.0399261, -0.000112212, -40.1906, -1.52987, 1.56633, -3.0962, -0.000416944
80.6595, 0.0404579, -0.000881079, -40.1649, -1.5299, 1.56634, -3.09623, -0.000417056
80.6717, 0.0413805, -0.000846838, -40.1392, -1.52992, 1.56635, -3.09627, -0.000417169
80.6839, 0.0418553, -4.10121e-05, -40.1136, -1.52995, 1.56635, -3.0963, -0.000417281
80.696, 0.0414411, 0.000824301, -40.0879, -1.52997, 1.56636, -3.09633, -0.000417394
80.7082, 0.0404811, 0.000986577, -40.0623, -1.53, 1.56637, -3.09637, -0.000417506
80.7204, 0.039798, 0.000304145, -40.0367, -1.53003, 1.56637, -3.0964, -0.000417619
80.7326, 0.0399689, -0.000621728, -40.0112, -1.53005, 1.56638, -3.09643, -0.000417732
80.7448, 0.0408192, -0.000977713, -39.9856, -1.53008, 1.56639, -3.09647, -0.000417844
80.757, 0.0415792, -0.000452527, -39.9601, -1.53011, 1.5664, -3.0965, -0.000417957
80.7691, 0.0415604, 0.00049238, -39.9346, -1.53013, 1.5664, -3.09653, -0.000418069
80.7813, 0.0407576, 0.00102963, -39.9091, -1.53016, 1.56641, -3.09657, -0.000418182
80.7935, 0.0398507, 0.000690394, -39.8836, -1.53018, 1.56642, -3.0966, -0.000418295
80.8057, 0.0396086, -0.000227786, -39.8581, -1.53021, 1.56642, -3.09663, -0.000418407
80.8179, 0.0402185, -0.000923466, -39.8327, -1.53024, 1.56643, -3.09667, -0.00041852
80.8301, 0.0411251, -0.000791192, -39.8073, -1.53026, 1.56644, -3.0967, -0.000418633
80.8422, 0.0415166, 5.26526e-05, -39.7818, -1.53029, 1.56644, -3.09673, -0.000418746
80.8544, 0.041031, 0.000873831, -39.7565, -1.53032, 1.56645, -3.09677, -0.000418859
80.8666, 0.0400683, 0.000959826, -39.7311, -1.53034, 1.56646, -3.0968, -0.000418971
80.8788, 0.0394411, 0.000237311, -39.7057, -1.53037, 1.56647, -3.09683, -0.000419084
80.891, 0.0396691, -0.000666912, -39.6804, -1.53039, 1.56647, -3.09687, -0.000419197
80.9032, 0.0405312, -0.00097068, -39.6551, -1.53042, 1.56648, -3.0969, -0.00041931
80.9154, 0.0412592, -0.000412604, -39.6298, -1.53045, 1.56649, -3.09693, -0.000419423
80.9275, 0.0412027, 0.000524504, -39.6045, -1.53047, 1.56649, -3.09697, -0.000419536
80.9397, 0.0403893, 0.0010326, -39.5793, -1.5305, 1.5665, -3.097, -0.000419649
80.9519, 0.0394976, 0.00067513, -39.554, -1.53052, 1.56651, -3.09703, -0.000419762
80.9641, 0.0392719, -0.000239213, -39.5288, -1.53055, 1.56652, -3.09707, -0.000419875
80.9763, 0.0398823, -0.000924464, -39.5036, -1.53058, 1.56652, -3.0971, -0.000419988
80.9885, 0.0407817, -0.00079333, -39.4784, -1.5306, 1.56653, -3.09713, -0.000420101
81.0011, 0.0411749, 7.44509e-05, -39.4523, -1.53063, 1.56654, -3.09717, -0.000420218
81.0137, 0.0406489, 0.000898774, -39.4263, -1.53066, 1.56654, -3.0972, -0.000420335
81.0263, 0.0396594, 0.000929447, -39.4003, -1.53068, 1.56655, -3.09724, -0.000420452
81.0389, 0.0390821, 0.000139902, -39.3743, -1.53071, 1.56656, -3.09727, -0.000420569
81.0515, 0.039416, -0.000751622, -39.3483, -1.53074, 1.56657, -3.0973, -0.000420686
81.0641, 0.0403322, -0.00093645, -39.3224, -1.53077, 1.56657, -3.09734, -0.000420803
81.0767, 0.0409756, -0.00024832, -39.2965, -1.53079, 1.56658, -3.09737, -0.000420921
81.0893, 0.0407399, 0.000688814, -39.2705, -1.53082, 1.56659, -3.09741, -0.000421038
81.1019, 0.0398153, 0.00102778, -39.2446, -1.53085, 1.5666, -3.09744, -0.000421155
81.1146, 0.0390129, 0.000463671, -39.2188, -1.53087, 1.5666, -3.09748, -0.000421272
81.1272, 0.0390315, -0.000493538, -39.1929, -1.5309, 1.56661, -3.09751, -0.00042139
81.1398, 0.0398286, -0.000981414, -39.1671, -1.53093, 1.56662, -3.09754, -0.000421507
81.1524, 0.040662, -0.000562016, -39.1413, -1.53095, 1.56662, -3.09758, -0.000421624
81.165, 0.0407589, 0.000386502, -39.1155, -1.53098, 1.56663, -3.09761, -0.000421742
81.1776, 0.0400093, 0.00101243, -39.0897, -1.53101, 1.56664, -3.09765, -0.000421859
81.1902, 0.0390622, 0.000755527, -39.0639, -1.53103, 1.56665, -3.09768, -0.000421976
81.2028, 0.0387412, -0.000152853, -39.0382, -1.53106, 1.56665, -3.09772, -0.000422094
81.2154, 0.0393081, -0.000899735, -39.0125, -1.53109, 1.56666, -3.09775, -0.000422211
81.228, 0.0402313, -0.00081864, -38.9868, -1.53112, 1.56667, -3.09778, -0.000422329
81.2406, 0.0406631, 1.67681e-05, -38.9611, -1.53114, 1.56668, -3.09782, -0.000422446
81.2533, 0.0401957, 0.000861302, -38.9354, -1.53117, 1.56668, -3.09785, -0.000422564
81.2659, 0.0392224, 0.000963792, -38.9098, -1.5312, 1.56669, -3.09789, -0.000422681
81.2785, 0.0385847, 0.000234432, -38.8841, -1.53122, 1.5667, -3.09792, -0.000422799
81.2911, 0.038824, -0.000678232, -38.8585, -1.53125, 1.5667, -3.09796, -0.000422917
81.3037, 0.0397029, -0.000965068, -38.8329, -1.53128, 1.56671, -3.09799, -0.000423034
81.3163, 0.0404185, -0.00037321, -38.8074, -1.5313, 1.56672, -3.09802, -0.000423152
81.3289, 0.0403147, 0.00057265, -38.7818, -1.53133, 1.56673, -3.09806, -0.00042327
81.3415, 0.0394607, 0.00103675, -38.7563, -1.53136, 1.56673, -3.09809, -0.000423387
81.3541, 0.0385872, 0.000610593, -38.7308, -1.53139, 1.56674, -3.09813, -0.000423505
81.3667, 0.0384399, -0.000328937, -38.7053, -1.53141, 1.56675, -3.09816, -0.000423623
81.3794, 0.0391236, -0.000954389, -38.6798, -1.53144, 1.56676, -3.09819, -0.000423741
81.392, 0.0400124, -0.000716674, -38.6543, -1.53147, 1.56676, -3.09823, -0.000423859
81.4046, 0.0403023, 0.00017415, -38.6289, -1.53149, 1.56677, -3.09826, -0.000423976
81.4172, 0.0397166, 0.000936117, -38.6035, -1.53152, 1.56678, -3.0983, -0.000424094
81.4298, 0.038746, 0.000902328, -38.5781, -1.53155, 1.56678, -3.09833, -0.000424212
81.4424, 0.0382164, 0.00010367, -38.5527, -1.53157, 1.56679, -3.09837, -0.00042433
81.455, 0.0385661, -0.000761013, -38.5273, -1.5316, 1.5668, -3.0984, -0.000424448
81.4676, 0.0394651, -0.000937293, -38.502, -1.53163, 1.56681, -3.09843, -0.000424566
81.4802, 0.0401059, -0.000272716, -38.4767, -1.53165, 1.56681, -3.09847, -0.000424684
81.4928, 0.0399077, 0.000652987, -38.4514, -1.53168, 1.56682, -3.0985, -0.000424802
81.5054, 0.039021, 0.00103479, -38.4261, -1.53171, 1.56683, -3.09854, -0.00042492
81.5181, 0.0381933, 0.000542158, -38.4008, -1.53173, 1.56684, -3.09857, -0.000425038
81.5307, 0.0381189, -0.000396282, -38.3756, -1.53176, 1.56684, -3.0986, -0.000425156
81.5433, 0.0388377, -0.000967064, -38.3503, -1.53179, 1.56685, -3.09864, -0.000425274
81.5559, 0.0397034, -0.000677079, -38.3251, -1.53182, 1.56686, -3.09867, -0.000425392
81.5685, 0.0399447, 0.000221716, -38.2999, -1.53184, 1.56686, -3.09871, -0.000425511
81.5811, 0.0393312, 0.000952767, -38.2748, -1.53187, 1.56687, -3.09874, -0.000425629
81.5937, 0.0383699, 0.000886325, -38.2496, -1.5319, 1.56688, -3.09878, -0.000425747
81.6063, 0.0378659, 8.09324e-05, -38.2245, -1.53192, 1.56689, -3.09881, -0.000425865
81.6189, 0.0382285, -0.000769731, -38.1993, -1.53195, 1.56689, -3.09884, -0.000425984
81.6315, 0.039122, -0.000935115, -38.1742, -1.53198, 1.5669, -3.09888, -0.000426102
81.6441, 0.039756, -0.000274516, -38.1492, -1.532, 1.56691, -3.09891, -0.00042622
81.6568, 0.0395651, 0.000644811, -38.1241, -1.53203, 1.56692, -3.09895, -0.000426338
81.6694, 0.0386909, 0.00103589, -38.099, -1.53206, 1.56692, -3.09898, -0.000426457
81.682, 0.0378587, 0.000565428, -38.074, -1.53208, 1.56693, -3.09901, -0.000426575
81.6946, 0.0377559, -0.000363573, -38.049, -1.53211, 1.56694, -3.09905, -0.000426694
81.7072, 0.038446, -0.000958388, -38.024, -1.53214, 1.56695, -3.09908, -0.000426812
81.7198, 0.0393173, -0.000713121, -37.999, -1.53216, 1.56695, -3.09912, -0.000426931
81.7324, 0.0396057, 0.000162248, -37.9741, -1.53219, 1.56696, -3.09915, -0.000427049
81.745, 0.0390445, 0.000923161, -37.9492, -1.53222, 1.56697, -3.09918, -0.000427168
81.7576, 0.0380885, 0.000924312, -37.9242, -1.53224, 1.56697, -3.09922, -0.000427286
81.7702, 0.0375257, 0.000166017, -37.8993, -1.53227, 1.56698, -3.09925, -0.000427405
81.7828, 0.037809, -0.000708699, -37.8745, -1.5323, 1.56699, -3.09929, -0.000427523
81.7955, 0.0386749, -0.000960273, -37.8496, -1.53232, 1.567, -3.09932, -0.000427642
81.8081, 0.0393689, -0.000377357, -37.8248, -1.53235, 1.567, -3.09935, -0.000427761
81.8207, 0.0392834, 0.000547133, -37.7999, -1.53238, 1.56701, -3.09939, -0.000427879
81.8339, 0.0384194, 0.00103664, -37.7739, -1.53241, 1.56702, -3.09942, -0.000428004
81.8472, 0.0375288, 0.000597282, -37.7479, -1.53243, 1.56703, -3.09946, -0.000428129
81.8604, 0.0374047, -0.000365309, -37.7218, -1.53246, 1.56703, -3.0995, -0.000428253
81.8737, 0.038134, -0.000966125, -37.6958, -1.53249, 1.56704, -3.09953, -0.000428378
81.8869, 0.0390205, -0.000654639, -37.6699, -1.53252, 1.56705, -3.09957, -0.000428503
81.9001, 0.039226, 0.000282239, -37.6439, -1.53255, 1.56706, -3.0996, -0.000428628
81.9134, 0.038538, 0.000986233, -37.618, -1.53257, 1.56706, -3.09964, -0.000428753
81.9266, 0.037561, 0.000814425, -37.5921, -1.5326, 1.56707, -3.09967, -0.000428877
81.9399, 0.0371616, -7.48684e-05, -37.5662, -1.53263, 1.56708, -3.09971, -0.000429002
81.9531, 0.0376773, -0.000869804, -37.5403, -1.53266, 1.56709, -3.09975, -0.000429127
81.9664, 0.0386114, -0.000846851, -37.5144, -1.53269, 1.56709, -3.09978, -0.000429252
81.9796, 0.0390885, -2.8264e-05, -37.4886, -1.53272, 1.5671, -3.09982, -0.000429377
81.9929, 0.0386506, 0.000841279, -37.4628, -1.53274, 1.56711, -3.09985, -0.000429502
82.0061, 0.037671, 0.000973106, -37.437, -1.53277, 1.56712, -3.09989, -0.000429627
82.0193, 0.0370124, 0.00024909, -37.4112, -1.5328, 1.56713, -3.09992, -0.000429752
82.0326, 0.0372448, -0.000674326, -37.3855, -1.53283, 1.56713, -3.09996, -0.000429877
82.0458, 0.0381313, -0.000962502, -37.3597, -1.53286, 1.56714, -3.1, -0.000430003
82.0591, 0.0388455, -0.000356484, -37.334, -1.53288, 1.56715, -3.10003, -0.000430128
82.0723, 0.0387189, 0.000596064, -37.3083, -1.53291, 1.56716, -3.10007, -0.000430253
82.0856, 0.0378416, 0.00103722, -37.2827, -1.53294, 1.56716, -3.1001, -0.000430378
82.0988, 0.0369783, 0.000571309, -37.257, -1.53297, 1.56717, -3.10014, -0.000430503
82.1121, 0.036879, -0.000381802, -37.2314, -1.533, 1.56718, -3.10017, -0.000430629
82.1253, 0.0376061, -0.000966665, -37.2058, -1.53302, 1.56719, -3.10021, -0.000430754
82.1385, 0.0384822, -0.000660151, -37.1802, -1.53305, 1.56719, -3.10025, -0.000430879
82.1518, 0.0386982, 0.000262077, -37.1546, -1.53308, 1.5672, -3.10028, -0.000431005
82.165, 0.0380375, 0.000975196, -37.129, -1.53311, 1.56721, -3.10032, -0.00043113
82.1783, 0.0370659, 0.000843397, -37.1035, -1.53314, 1.56722, -3.10035, -0.000431255
82.1915, 0.0366248, -1.44158e-05, -37.078, -1.53316, 1.56722, -3.10039, -0.000431381
82.2048, 0.0370808, -0.000833643, -37.0525, -1.53319, 1.56723, -3.10042, -0.000431506
82.218, 0.0380023, -0.000886265, -37.027, -1.53322, 1.56724, -3.10046, -0.000431632
82.2313, 0.0385457, -0.000126886, -37.0016, -1.53325, 1.56725, -3.10049, -0.000431757
82.2445, 0.0382051, 0.000769923, -36.9761, -1.53328, 1.56725, -3.10053, -0.000431883
82.2577, 0.0372589, 0.00100994, -36.9507, -1.5333, 1.56726, -3.10057, -0.000432008
82.271, 0.03652, 0.000382075, -36.9253, -1.53333, 1.56727, -3.1006, -0.000432134
82.2842, 0.0366159, -0.000557663, -36.8999, -1.53336, 1.56728, -3.10064, -0.00043226
82.2975, 0.037436, -0.000979871, -36.8746, -1.53339, 1.56729, -3.10067, -0.000432385
82.3107, 0.0382318, -0.000513512, -36.8492, -1.53342, 1.56729, -3.10071, -0.000432511
82.324, 0.0382788, 0.000429591, -36.8239, -1.53344, 1.5673, -3.10074, -0.000432637
82.3372, 0.0375124, 0.00101996, -36.7986, -1.53347, 1.56731, -3.10078, -0.000432762
82.3505, 0.036582, 0.000740133, -36.7733, -1.5335, 1.56732, -3.10081, -0.000432888
82.3637, 0.0362789, -0.000163102, -36.7481, -1.53353, 1.56732, -3.10085, -0.000433014
82.3769, 0.0368429, -0.000898025, -36.7228, -1.53355, 1.56733, -3.10089, -0.00043314
82.3902, 0.0377549, -0.000822427, -36.6976, -1.53358, 1.56734, -3.10092, -0.000433266
82.4034, 0.0381938, -3.71308e-06, -36.6724, -1.53361, 1.56735, -3.10096, -0.000433391
82.4167, 0.0377532, 0.000842909, -36.6472, -1.53364, 1.56735, -3.10099, -0.000433517
82.4299, 0.0367942, 0.000980074, -36.6221, -1.53367, 1.56736, -3.10103, -0.000433643
82.4432, 0.0361274, 0.000289724, -36.5969, -1.53369, 1.56737, -3.10106, -0.000433769
82.4564, 0.0363074, -0.000626972, -36.5718, -1.53372, 1.56738, -3.1011, -0.000433895
82.4697, 0.0371524, -0.00097428, -36.5467, -1.53375, 1.56738, -3.10113, -0.000434021
82.4829, 0.0379047, -0.000452233, -36.5216, -1.53378, 1.56739, -3.10117, -0.000434147
82.4961, 0.0378895, 0.000485876, -36.4966, -1.53381, 1.5674, -3.10121, -0.000434273
82.5094, 0.037097, 0.00102852, -36.4715, -1.53383, 1.56741, -3.10124, -0.000434399
82.5226, 0.0361887, 0.000707972, -36.4465, -1.53386, 1.56741, -3.10128, -0.000434526
82.5359, 0.0359238, -0.000197883, -36.4215, -1.53389, 1.56742, -3.10131, -0.000434652
82.5491, 0.0365053, -0.00090804, -36.3965, -1.53392, 1.56743, -3.10135, -0.000434778
82.5624, 0.0374076, -0.000812131, -36.3715, -1.53395, 1.56744, -3.10138, -0.000434904
82.5761, 0.0378304, 4.53577e-05, -36.3456, -1.53397, 1.56745, -3.10142, -0.000435035
82.5899, 0.0373226, 0.000887309, -36.3196, -1.534, 1.56745, -3.10146, -0.000435167
82.6037, 0.036327, 0.000938059, -36.2937, -1.53403, 1.56746, -3.10149, -0.000435298
82.6175, 0.0357339, 0.00015232, -36.2678, -1.53406, 1.56747, -3.10153, -0.00043543
82.6313, 0.036061, -0.000746393, -36.242, -1.53409, 1.56748, -3.10157, -0.000435561
82.645, 0.0369798, -0.000933114, -36.2161, -1.53412, 1.56748, -3.1016, -0.000435693
82.6588, 0.0376208, -0.000237952, -36.1903, -1.53415, 1.56749, -3.10164, -0.000435824
82.6726, 0.0373712, 0.000701261, -36.1645, -1.53418, 1.5675, -3.10168, -0.000435956
82.6864, 0.0364342, 0.00102557, -36.1387, -1.53421, 1.56751, -3.10171, -0.000436087
82.7002, 0.0356401, 0.000440003, -36.1129, -1.53424, 1.56752, -3.10175, -0.000436219
82.7139, 0.0356862, -0.000519935, -36.0872, -1.53426, 1.56752, -3.10179, -0.00043635
82.7277, 0.0365027, -0.000979524, -36.0614, -1.53429, 1.56753, -3.10183, -0.000436482
82.7415, 0.0373194, -0.000521716, -36.0357, -1.53432, 1.56754, -3.10186, -0.000436614
82.7553, 0.0373685, 0.000436121, -36.01, -1.53435, 1.56755, -3.1019, -0.000436746
82.769, 0.0365804, 0.0010244, -35.9844, -1.53438, 1.56756, -3.10194, -0.000436877
82.7828, 0.0356444, 0.00071095, -35.9587, -1.53441, 1.56756, -3.10197, -0.000437009
82.7966, 0.0353813, -0.000219073, -35.9331, -1.53444, 1.56757, -3.10201, -0.000437141
82.8104, 0.0360013, -0.00092438, -35.9075, -1.53447, 1.56758, -3.10205, -0.000437273
82.8242, 0.0369176, -0.000769018, -35.8819, -1.5345, 1.56759, -3.10208, -0.000437405
82.8379, 0.0372779, 0.00010551, -35.8564, -1.53452, 1.5676, -3.10212, -0.000437537
82.8517, 0.036733, 0.000910991, -35.8308, -1.53455, 1.5676, -3.10216, -0.000437668
82.8655, 0.0357483, 0.000923698, -35.8053, -1.53458, 1.56761, -3.10219, -0.0004378
82.8793, 0.0351823, 0.000133653, -35.7798, -1.53461, 1.56762, -3.10223, -0.000437932
82.8931, 0.0355158, -0.000749562, -35.7543, -1.53464, 1.56763, -3.10227, -0.000438064
82.9068, 0.0364228, -0.000935159, -35.7289, -1.53467, 1.56763, -3.1023, -0.000438197
82.9206, 0.0370656, -0.000258447, -35.7034, -1.5347, 1.56764, -3.10234, -0.000438329
82.9344, 0.036845, 0.000674872, -35.678, -1.53473, 1.56765, -3.10238, -0.000438461
82.9482, 0.0359336, 0.00103217, -35.6526, -1.53476, 1.56766, -3.10241, -0.000438593
82.962, 0.0351184, 0.000496336, -35.6272, -1.53478, 1.56767, -3.10245, -0.000438725
82.9757, 0.0350986, -0.000454507, -35.6019, -1.53481, 1.56767, -3.10249, -0.000438857
82.9895, 0.0358648, -0.000975119, -35.5765, -1.53484, 1.56768, -3.10252, -0.000438989
83.0033, 0.0367103, -0.000604484, -35.5512, -1.53487, 1.56769, -3.10256, -0.000439122
83.0171, 0.0368605, 0.000327499, -35.5259, -1.5349, 1.5677, -3.1026, -0.000439254
83.0309, 0.0361583, 0.000995359, -35.5006, -1.53493, 1.56771, -3.10263, -0.000439386
83.0446, 0.0352001, 0.00080953, -35.4754, -1.53496, 1.56771, -3.10267, -0.000439519
83.0584, 0.0348064, -6.4476e-05, -35.4501, -1.53499, 1.56772, -3.10271, -0.000439651
83.0722, 0.0352977, -0.000855252, -35.4249, -1.53501, 1.56773, -3.10274, -0.000439784
83.086, 0.0362147, -0.000867029, -35.3997, -1.53504, 1.56774, -3.10278, -0.000439916
83.0997, 0.0367254, -9.08416e-05, -35.3746, -1.53507, 1.56775, -3.10282, -0.000440048
83.1135, 0.036357, 0.000790629, -35.3494, -1.5351, 1.56775, -3.10285, -0.000440181
83.1273, 0.0354088, 0.00100453, -35.3243, -1.53513, 1.56776, -3.10289, -0.000440314
83.1411, 0.0346867, 0.000364831, -35.2992, -1.53516, 1.56777, -3.10293, -0.000440446
83.1549, 0.0347965, -0.00056765, -35.2741, -1.53519, 1.56778, -3.10296, -0.000440579
83.1686, 0.0356156, -0.000978189, -35.249, -1.53522, 1.56778, -3.103, -0.000440711
83.1824, 0.0364035, -0.000509726, -35.2239, -1.53524, 1.56779, -3.10304, -0.000440844
83.1962, 0.036449, 0.000428208, -35.1989, -1.53527, 1.5678, -3.10307, -0.000440977
83.21, 0.0356888, 0.00101906, -35.1739, -1.5353, 1.56781, -3.10311, -0.000441109
83.2238, 0.0347598, 0.000750264, -35.1489, -1.53533, 1.56782, -3.10315, -0.000441242
83.2375, 0.034443, -0.000143441, -35.1239, -1.53536, 1.56782, -3.10318, -0.000441375
83.2513, 0.034987, -0.000886709, -35.099, -1.53539, 1.56783, -3.10322, -0.000441508
83.2651, 0.0358947, -0.000836754, -35.074, -1.53542, 1.56784, -3.10326, -0.000441641
83.2789, 0.0363563, -3.81602e-05, -35.0491, -1.53545, 1.56785, -3.10329, -0.000441773
83.2927, 0.0359495, 0.000818635, -35.0242, -1.53547, 1.56786, -3.10333, -0.000441906
83.3064, 0.0350017, 0.000995189, -34.9993, -1.5355, 1.56786, -3.10337, -0.000442039
83.3202, 0.0343049, 0.000340798, -34.9745, -1.53553, 1.56787, -3.1034, -0.000442172
83.334, 0.0344328, -0.000580566, -34.9496, -1.53556, 1.56788, -3.10344, -0.000442305
83.3478, 0.0352495, -0.000977533, -34.9248, -1.53559, 1.56789, -3.10348, -0.000442438
83.3615, 0.036029, -0.000510735, -34.9, -1.53562, 1.56789, -3.10351, -0.000442571
83.3753, 0.0360795, 0.000418633, -34.8753, -1.53565, 1.5679, -3.10355, -0.000442704
83.3891, 0.0353345, 0.00101513, -34.8505, -1.53568, 1.56791, -3.10359, -0.000442837
83.4029, 0.0344072, 0.000770042, -34.8258, -1.5357, 1.56792, -3.10362, -0.000442971
83.4167, 0.0340641, -0.000106095, -34.8011, -1.53573, 1.56793, -3.10366, -0.000443104
83.4304, 0.034572, -0.000865957, -34.7764, -1.53576, 1.56793, -3.1037, -0.000443237
83.4442, 0.0354729, -0.000863456, -34.7517, -1.53579, 1.56794, -3.10373, -0.00044337
83.458, 0.0359766, -0.000102088, -34.727, -1.53582, 1.56795, -3.10377, -0.000443503
83.4718, 0.0356321, 0.000770911, -34.7024, -1.53585, 1.56796, -3.10381, -0.000443637
83.4856, 0.0347086, 0.00101575, -34.6778, -1.53588, 1.56797, -3.10384, -0.00044377
83.4993, 0.0339642, 0.000426442, -34.6532, -1.53591, 1.56797, -3.10388, -0.000443903
83.5131, 0.0340034, -0.000497541, -34.6286, -1.53593, 1.56798, -3.10392, -0.000444037
83.5276, 0.0348118, -0.000977846, -34.6029, -1.53596, 1.56799, -3.10395, -0.000444177
83.542, 0.0356387, -0.000532814, -34.5772, -1.53599, 1.568, -3.10399, -0.000444316
83.5564, 0.0356987, 0.000427944, -34.5515, -1.53602, 1.56801, -3.10403, -0.000444456
83.5709, 0.0349107, 0.00102405, -34.5258, -1.53605, 1.56801, -3.10407, -0.000444596
83.5853, 0.0339693, 0.000711275, -34.5002, -1.53608, 1.56802, -3.10411, -0.000444736
83.5997, 0.0337067, -0.000223164, -34.4746, -1.53611, 1.56803, -3.10414, -0.000444876
83.6142, 0.0343338, -0.000926244, -34.449, -1.53614, 1.56804, -3.10418, -0.000445016
83.6286, 0.0352507, -0.0007583, -34.4234, -1.53617, 1.56805, -3.10422, -0.000445156
83.643, 0.035596, 0.00012639, -34.3979, -1.5362, 1.56806, -3.10426, -0.000445296
83.6575, 0.0350302, 0.000923301, -34.3723, -1.53623, 1.56806, -3.1043, -0.000445436
83.6719, 0.0340406, 0.000910076, -34.3468, -1.53626, 1.56807, -3.10434, -0.000445576
83.6863, 0.033497, 0.000100201, -34.3213, -1.53629, 1.56808, -3.10437, -0.000445716
83.7008, 0.033863, -0.000772545, -34.2959, -1.53632, 1.56809, -3.10441, -0.000445856
83.7152, 0.0347794, -0.000919969, -34.2704, -1.53635, 1.5681, -3.10445, -0.000445996
83.7296, 0.0353918, -0.000210461, -34.245, -1.53638, 1.56811, -3.10449, -0.000446136
83.7441, 0.0351223, 0.000715489, -34.2196, -1.53641, 1.56811, -3.10453, -0.000446277
83.7585, 0.0341881, 0.00102481, -34.1942, -1.53644, 1.56812, -3.10456, -0.000446417
83.7729, 0.0334024, 0.000440868, -34.1689, -1.53647, 1.56813, -3.1046, -0.000446557
83.7874, 0.0334428, -0.00051096, -34.1435, -1.5365, 1.56814, -3.10464, -0.000446698
83.8018, 0.0342447, -0.000977517, -34.1182, -1.53653, 1.56815, -3.10468, -0.000446838
83.8162, 0.0350629, -0.000542405, -34.0929, -1.53656, 1.56815, -3.10472, -0.000446978
83.8307, 0.0351397, 0.000404086, -34.0676, -1.53659, 1.56816, -3.10476, -0.000447119
83.8451, 0.0343814, 0.0010168, -34.0424, -1.53662, 1.56817, -3.10479, -0.000447259
83.8595, 0.0334384, 0.00075061, -34.0171, -1.53665, 1.56818, -3.10483, -0.0004474
83.874, 0.0331232, -0.000156052, -33.9919, -1.53668, 1.56819, -3.10487, -0.00044754
83.8884, 0.0336881, -0.000896587, -33.9667, -1.53671, 1.5682, -3.10491, -0.000447681
83.9028, 0.0346039, -0.000814364, -33.9416, -1.53674, 1.5682, -3.10495, -0.000447821
83.9173, 0.0350321, 1.62561e-05, -33.9164, -1.53677, 1.56821, -3.10498, -0.000447962
83.9317, 0.0345684, 0.000859064, -33.8913, -1.5368, 1.56822, -3.10502, -0.000448103
83.9461, 0.0335978, 0.000969459, -33.8662, -1.53683, 1.56823, -3.10506, -0.000448243
83.9606, 0.0329511, 0.000251425, -33.8411, -1.53686, 1.56824, -3.1051, -0.000448384
83.975, 0.0331713, -0.000660842, -33.816, -1.53689, 1.56824, -3.10514, -0.000448525
83.9894, 0.0340367, -0.000964299, -33.791, -1.53692, 1.56825, -3.10517, -0.000448666
84.0038, 0.0347595, -0.000393434, -33.766, -1.53695, 1.56826, -3.10521, -0.000448807
84.0183, 0.0346796, 0.000549219, -33.741, -1.53698, 1.56827, -3.10525, -0.000448947
84.0327, 0.0338423, 0.00103697, -33.716, -1.53701, 1.56828, -3.10529, -0.000449088
84.0471, 0.0329557, 0.000643869, -33.691, -1.53704, 1.56829, -3.10533, -0.000449229
84.0616, 0.0327686, -0.000284896, -33.6661, -1.53707, 1.56829, -3.10536, -0.00044937
84.076, 0.0334169, -0.00093779, -33.6412, -1.5371, 1.5683, -3.1054, -0.000449511
84.0904, 0.0343081, -0.000746324, -33.6163, -1.53713, 1.56831, -3.10544, -0.000449652
84.1049, 0.0346402, 0.000121299, -33.5914, -1.53716, 1.56832, -3.10548, -0.000449793
84.1193, 0.0340997, 0.000909761, -33.5665, -1.53719, 1.56833, -3.10552, -0.000449934
84.1337, 0.0331315, 0.000934896, -33.5417, -1.53722, 1.56834, -3.10555, -0.000450075
84.1482, 0.0325498, 0.000176369, -33.5169, -1.53725, 1.56834, -3.10559, -0.000450217
84.1626, 0.0328315, -0.00070778, -33.4921, -1.53728, 1.56835, -3.10563, -0.000450358
84.177, 0.0337059, -0.000953058, -33.4673, -1.53731, 1.56836, -3.10567, -0.000450499
84.1915, 0.0343913, -0.000348927, -33.4426, -1.53734, 1.56837, -3.10571, -0.00045064
84.2059, 0.0342715, 0.000582251, -33.4178, -1.53737, 1.56838, -3.10574, -0.000450782
84.2203, 0.0334257, 0.00103828, -33.3931, -1.5374, 1.56838, -3.10578, -0.000450923
84.2348, 0.0325567, 0.000628022, -33.3684, -1.53743, 1.56839, -3.10582, -0.000451064
84.2492, 0.032385, -0.000294656, -33.3438, -1.53746, 1.5684, -3.10586, -0.000451206
84.2636, 0.0330311, -0.000937742, -33.3191, -1.53749, 1.56841, -3.1059, -0.000451347
84.2781, 0.0339147, -0.000751163, -33.2945, -1.53752, 1.56842, -3.10593, -0.000451489
84.2925, 0.0342546, 0.000104004, -33.2699, -1.53755, 1.56843, -3.10597, -0.00045163
84.3069, 0.0337361, 0.000896353, -33.2453, -1.53758, 1.56843, -3.10601, -0.000451772
84.3214, 0.0327777, 0.000950413, -33.2207, -1.53761, 1.56844, -3.10605, -0.000451913
84.3358, 0.0321709, 0.000221563, -33.1962, -1.53764, 1.56845, -3.10609, -0.000452055
84.3502, 0.0324058, -0.000668937, -33.1717, -1.53767, 1.56846, -3.10612, -0.000452196
84.3647, 0.0332561, -0.00096458, -33.1471, -1.5377, 1.56847, -3.10616, -0.000452338
84.3791, 0.0339744, -0.000415768, -33.1227, -1.53773, 1.56847, -3.1062, -0.00045248
84.3935, 0.0339275, 0.00051115, -33.0982, -1.53775, 1.56848, -3.10624, -0.000452621
84.4086, 0.0330902, 0.00103556, -33.0727, -1.53779, 1.56849, -3.10628, -0.000452769
84.4236, 0.0321809, 0.000645203, -33.0473, -1.53782, 1.5685, -3.10632, -0.000452917
84.4387, 0.0319983, -0.000303261, -33.0219, -1.53785, 1.56851, -3.10636, -0.000453065
84.4537, 0.0326788, -0.000947664, -32.9965, -1.53788, 1.56852, -3.1064, -0.000453212
84.4687, 0.0335757, -0.000704359, -32.9711, -1.53791, 1.56853, -3.10643, -0.00045336
84.4838, 0.0338487, 0.000204701, -32.9458, -1.53794, 1.56853, -3.10647, -0.000453508
84.4988, 0.0332242, 0.00095644, -32.9204, -1.53797, 1.56854, -3.10651, -0.000453656
84.5138, 0.0322399, 0.000872539, -32.8951, -1.538, 1.56855, -3.10655, -0.000453804
84.5289, 0.0317559, 3.02537e-05, -32.8698, -1.53803, 1.56856, -3.10659, -0.000453952
84.5439, 0.0321792, -0.000810714, -32.8446, -1.53806, 1.56857, -3.10663, -0.0004541
84.5589, 0.0330997, -0.000894376, -32.8193, -1.53809, 1.56858, -3.10667, -0.000454248
84.574, 0.0336625, -0.00014707, -32.7941, -1.53813, 1.56859, -3.10671, -0.000454396
84.589, 0.0333361, 0.000759739, -32.7689, -1.53816, 1.56859, -3.10675, -0.000454544
84.604, 0.0323868, 0.00101405, -32.7437, -1.53819, 1.5686, -3.10679, -0.000454692
84.6191, 0.0316367, 0.000389815, -32.7186, -1.53822, 1.56861, -3.10683, -0.00045484
84.6341, 0.0317275, -0.000554063, -32.6934, -1.53825, 1.56862, -3.10687, -0.000454988
84.6491, 0.0325491, -0.000975636, -32.6683, -1.53828, 1.56863, -3.10691, -0.000455136
84.6642, 0.0333414, -0.000500659, -32.6432, -1.53831, 1.56864, -3.10695, -0.000455285
84.6792, 0.0333729, 0.000446982, -32.6182, -1.53834, 1.56864, -3.10699, -0.000455433
84.6942, 0.0325896, 0.0010253, -32.5931, -1.53837, 1.56865, -3.10703, -0.000455581
84.7093, 0.0316602, 0.000722445, -32.5681, -1.5384, 1.56866, -3.10706, -0.00045573
84.7243, 0.0313801, -0.00019181, -32.5431, -1.53843, 1.56867, -3.1071, -0.000455878
84.7393, 0.0319685, -0.000908244, -32.5181, -1.53846, 1.56868, -3.10714, -0.000456027
84.7544, 0.0328772, -0.000794924, -32.4932, -1.5385, 1.56869, -3.10718, -0.000456175
84.7694, 0.0332776, 4.66876e-05, -32.4682, -1.53853, 1.5687, -3.10722, -0.000456324
84.7844, 0.0327912, 0.000874522, -32.4433, -1.53856, 1.5687, -3.10726, -0.000456472
84.7995, 0.0318201, 0.0009611, -32.4184, -1.53859, 1.56871, -3.1073, -0.000456621
84.8145, 0.0311905, 0.000231895, -32.3936, -1.53862, 1.56872, -3.10734, -0.000456769
84.8295, 0.0314265, -0.00067246, -32.3687, -1.53865, 1.56873, -3.10738, -0.000456918
84.8446, 0.032293, -0.000960207, -32.3439, -1.53868, 1.56874, -3.10742, -0.000457067
84.8596, 0.0330046, -0.000381073, -32.3191, -1.53871, 1.56875, -3.10746, -0.000457215
84.8746, 0.0329139, 0.000557903, -32.2943, -1.53874, 1.56876, -3.1075, -0.000457364
84.8897, 0.0320747, 0.00103782, -32.2695, -1.53877, 1.56876, -3.10754, -0.000457513
84.9047, 0.0311919, 0.000641972, -32.2448, -1.5388, 1.56877, -3.10758, -0.000457662
84.9198, 0.031006, -0.000283948, -32.22, -1.53883, 1.56878, -3.10761, -0.000457811
84.9348, 0.0316503, -0.000935469, -32.1953, -1.53886, 1.56879, -3.10765, -0.00045796
84.9498, 0.0325383, -0.000748577, -32.1707, -1.5389, 1.5688, -3.10769, -0.000458109
84.9649, 0.0328745, 0.0001134, -32.146, -1.53893, 1.56881, -3.10773, -0.000458258
84.9799, 0.0323431, 0.000904388, -32.1214, -1.53896, 1.56882, -3.10777, -0.000458407
84.9949, 0.0313777, 0.000942067, -32.0968, -1.53899, 1.56882, -3.10781, -0.000458556
85.01, 0.0307845, 0.000195458, -32.0722, -1.53902, 1.56883, -3.10785, -0.000458705
85.025, 0.0310467, -0.000691529, -32.0476, -1.53905, 1.56884, -3.10789, -0.000458854
85.04, 0.0319111, -0.000956546, -32.023, -1.53908, 1.56885, -3.10793, -0.000459003
85.0551, 0.0326085, -0.00037342, -31.9985, -1.53911, 1.56886, -3.10797, -0.000459152
85.0701, 0.0325155, 0.000556625, -31.974, -1.53914, 1.56887, -3.10801, -0.000459301
85.0858, 0.0316445, 0.00103897, -31.9485, -1.53917, 1.56887, -3.10805, -0.000459457
85.1014, 0.0307548, 0.00059235, -31.923, -1.5392, 1.56888, -3.10809, -0.000459613
85.1171, 0.0306363, -0.000370099, -31.8975, -1.53924, 1.56889, -3.10813, -0.000459768
85.1328, 0.031367, -0.000962356, -31.872, -1.53927, 1.5689, -3.10817, -0.000459924
85.1485, 0.032245, -0.000641337, -31.8466, -1.5393, 1.56891, -3.10821, -0.00046008
85.1641, 0.0324358, 0.00029685, -31.8212, -1.53933, 1.56892, -3.10825, -0.000460236
85.1798, 0.0317368, 0.000992107, -31.7958, -1.53936, 1.56893, -3.10829, -0.000460391
85.1955, 0.0307595, 0.000809364, -31.7704, -1.5394, 1.56894, -3.10833, -0.000460547
85.2112, 0.0303675, -8.2815e-05, -31.7451, -1.53943, 1.56895, -3.10837, -0.000460703
85.2268, 0.0308878, -0.000869811, -31.7198, -1.53946, 1.56895, -3.10841, -0.000460859
85.2425, 0.031816, -0.00083554, -31.6945, -1.53949, 1.56896, -3.10846, -0.000461015
85.2582, 0.0322787, -1.27589e-05, -31.6692, -1.53952, 1.56897, -3.1085, -0.000461171
85.2738, 0.0318281, 0.000850334, -31.6439, -1.53956, 1.56898, -3.10854, -0.000461327
85.2895, 0.0308453, 0.000971589, -31.6187, -1.53959, 1.56899, -3.10858, -0.000461483
85.3052, 0.0301918, 0.000242783, -31.5935, -1.53962, 1.569, -3.10862, -0.00046164
85.3209, 0.0304286, -0.000675905, -31.5683, -1.53965, 1.56901, -3.10866, -0.000461796
85.3365, 0.0313115, -0.000955269, -31.5432, -1.53968, 1.56902, -3.1087, -0.000461952
85.3522, 0.0320152, -0.000344898, -31.518, -1.53972, 1.56903, -3.10874, -0.000462108
85.3679, 0.0318783, 0.000604407, -31.4929, -1.53975, 1.56903, -3.10878, -0.000462265
85.3836, 0.0309969, 0.00103931, -31.4678, -1.53978, 1.56904, -3.10882, -0.000462421
85.3992, 0.0301345, 0.000570797, -31.4427, -1.53981, 1.56905, -3.10886, -0.000462577
85.4149, 0.0300347, -0.000379727, -31.4177, -1.53984, 1.56906, -3.1089, -0.000462734
85.4306, 0.030757, -0.000961256, -31.3927, -1.53987, 1.56907, -3.10894, -0.00046289
85.4462, 0.0316261, -0.000655226, -31.3677, -1.53991, 1.56908, -3.10898, -0.000463047
85.4619, 0.0318386, 0.000263734, -31.3427, -1.53994, 1.56909, -3.10903, -0.000463203
85.4776, 0.0311782, 0.000976226, -31.3177, -1.53997, 1.5691, -3.10907, -0.00046336
85.4933, 0.0302054, 0.000849244, -31.2928, -1.54, 1.56911, -3.10911, -0.000463516
85.5089, 0.0297563, -2.7871e-06, -31.2679, -1.54003, 1.56911, -3.10915, -0.000463673
85.5246, 0.0301997, -0.000823126, -31.243, -1.54007, 1.56912, -3.10919, -0.00046383
85.5403, 0.0311132, -0.000885706, -31.2181, -1.5401, 1.56913, -3.10923, -0.000463986
85.556, 0.0316604, -0.000136716, -31.1933, -1.54013, 1.56914, -3.10927, -0.000464143
85.5716, 0.031331, 0.000761214, -31.1684, -1.54016, 1.56915, -3.10931, -0.0004643
85.5873, 0.0303891, 0.0010165, -31.1436, -1.54019, 1.56916, -3.10935, -0.000464457
85.603, 0.0296368, 0.000405804, -31.1189, -1.54022, 1.56917, -3.10939, -0.000464614
85.6186, 0.0297068, -0.000532512, -31.0941, -1.54026, 1.56918, -3.10943, -0.000464771
85.6343, 0.0305082, -0.000974511, -31.0694, -1.54029, 1.56918, -3.10947, -0.000464928
85.65, 0.0313096, -0.000533935, -31.0447, -1.54032, 1.56919, -3.10951, -0.000465085
85.6657, 0.0313821, 0.000402032, -31.02, -1.54035, 1.5692, -3.10955, -0.000465242
85.6813, 0.0306362, 0.00101481, -30.9953, -1.54038, 1.56921, -3.10959, -0.000465399
85.697, 0.0296964, 0.000770576, -30.9707, -1.54041, 1.56922, -3.10963, -0.000465556
85.7127, 0.0293541, -0.000116212, -30.946, -1.54045, 1.56923, -3.10968, -0.000465713
85.7284, 0.0298781, -0.000873001, -30.9214, -1.54048, 1.56924, -3.10972, -0.00046587
85.744, 0.0307841, -0.000842823, -30.8968, -1.54051, 1.56925, -3.10976, -0.000466027
85.7597, 0.0312583, -5.34157e-05, -30.8723, -1.54054, 1.56926, -3.1098, -0.000466185
85.7754, 0.0308633, 0.000810173, -30.8478, -1.54057, 1.56926, -3.10984, -0.000466342
85.791, 0.0299152, 0.00100114, -30.8232, -1.5406, 1.56927, -3.10988, -0.000466499
85.8067, 0.0292061, 0.000355996, -30.7987, -1.54064, 1.56928, -3.10992, -0.000466657
85.8224, 0.0293196, -0.000567392, -30.7743, -1.54067, 1.56929, -3.10996, -0.000466814
85.8381, 0.0301291, -0.00097358, -30.7498, -1.5407, 1.5693, -3.11, -0.000466972
85.8537, 0.03091, -0.000514454, -30.7254, -1.54073, 1.56931, -3.11004, -0.000467129
85.8694, 0.0309651, 0.000414185, -30.701, -1.54076, 1.56932, -3.11008, -0.000467287
85.8851, 0.0302215, 0.00101553, -30.6766, -1.54079, 1.56933, -3.11012, -0.000467444
85.9008, 0.02929, 0.000775644, -30.6523, -1.54083, 1.56933, -3.11016, -0.000467602
85.9164, 0.02894, -9.87642e-05, -30.6279, -1.54086, 1.56934, -3.1102, -0.00046776
85.9321, 0.0294419, -0.000860286, -30.6036, -1.54089, 1.56935, -3.11024, -0.000467917
85.9478, 0.0303395, -0.000860303, -30.5793, -1.54092, 1.56936, -3.11028, -0.000468075
85.9635, 0.0308413, -0.000100328, -30.555, -1.54095, 1.56937, -3.11032, -0.000468233
85.9791, 0.030495, 0.000772498, -30.5308, -1.54098, 1.56938, -3.11036, -0.000468391
85.9948, 0.0295693, 0.00101757, -30.5066, -1.54102, 1.56939, -3.1104, -0.000468548
86.0105, 0.0288226, 0.000428585, -30.4824, -1.54105, 1.5694, -3.11044, -0.000468706
86.0261, 0.0288595, -0.000494575, -30.4582, -1.54108, 1.56941, -3.11048, -0.000468864
86.0426, 0.0296643, -0.000973487, -30.4329, -1.54111, 1.56941, -3.11053, -0.00046903
86.059, 0.0304866, -0.000528138, -30.4076, -1.54115, 1.56942, -3.11057, -0.000469195
86.0754, 0.0305424, 0.000431405, -30.3823, -1.54118, 1.56943, -3.11061, -0.000469361
86.0918, 0.0297519, 0.00102598, -30.3571, -1.54121, 1.56944, -3.11065, -0.000469526
86.1082, 0.028809, 0.000713068, -30.3319, -1.54124, 1.56945, -3.1107, -0.000469692
86.1246, 0.0285441, -0.00021996, -30.3067, -1.54128, 1.56946, -3.11074, -0.000469857
86.141, 0.029167, -0.000921845, -30.2816, -1.54131, 1.56947, -3.11078, -0.000470023
86.1574, 0.0300792, -0.000754621, -30.2564, -1.54134, 1.56948, -3.11082, -0.000470189
86.1739, 0.0304217, 0.000128062, -30.2313, -1.54138, 1.56949, -3.11087, -0.000470355
86.1903, 0.0298551, 0.000924322, -30.2062, -1.54141, 1.5695, -3.11091, -0.00047052
86.2067, 0.0288644, 0.000913399, -30.1811, -1.54144, 1.56951, -3.11095, -0.000470686
86.2231, 0.0283163, 0.000106856, -30.1561, -1.54148, 1.56952, -3.11099, -0.000470852
86.2395, 0.0286748, -0.0007656, -30.1311, -1.54151, 1.56953, -3.11103, -0.000471018
86.2559, 0.0295852, -0.000917474, -30.1061, -1.54154, 1.56953, -3.11108, -0.000471184
86.2723, 0.0301974, -0.000213566, -30.0811, -1.54157, 1.56954, -3.11112, -0.00047135
86.2887, 0.0299322, 0.000711874, -30.0562, -1.54161, 1.56955, -3.11116, -0.000471516
86.3051, 0.0289999, 0.00102812, -30.0312, -1.54164, 1.56956, -3.1112, -0.000471682
86.3216, 0.0282073, 0.000453161, -30.0063, -1.54167, 1.56957, -3.11125, -0.000471848
86.338, 0.0282338, -0.000496867, -29.9815, -1.54171, 1.56958, -3.11129, -0.000472014
86.3544, 0.0290244, -0.000972716, -29.9566, -1.54174, 1.56959, -3.11133, -0.000472181
86.3708, 0.0298432, -0.000551026, -29.9318, -1.54177, 1.5696, -3.11137, -0.000472347
86.3872, 0.0299318, 0.000390897, -29.907, -1.54181, 1.56961, -3.11141, -0.000472513
86.4036, 0.0291837, 0.00101462, -29.8822, -1.54184, 1.56962, -3.11146, -0.00047268
86.42, 0.0282353, 0.000767178, -29.8574, -1.54187, 1.56963, -3.1115, -0.000472846
86.4364, 0.0278986, -0.000130289, -29.8327, -1.5419, 1.56964, -3.11154, -0.000473012
86.4529, 0.028441, -0.000882203, -29.808, -1.54194, 1.56964, -3.11158, -0.000473179
86.4693, 0.0293524, -0.000824464, -29.7833, -1.54197, 1.56965, -3.11162, -0.000473345
86.4857, 0.0297989, -9.6832e-06, -29.7586, -1.542, 1.56966, -3.11167, -0.000473512
86.5021, 0.0293592, 0.000842839, -29.734, -1.54204, 1.56967, -3.11171, -0.000473679
86.5185, 0.0283929, 0.000983203, -29.7093, -1.54207, 1.56968, -3.11175, -0.000473845
86.5349, 0.0277209, 0.000289645, -29.6847, -1.5421, 1.56969, -3.11179, -0.000474012
86.5513, 0.027903, -0.000627909, -29.6602, -1.54213, 1.5697, -3.11183, -0.000474179
86.5677, 0.0287491, -0.000965622, -29.6356, -1.54217, 1.56971, -3.11188, -0.000474346
86.5841, 0.0294896, -0.000429459, -29.6111, -1.5422, 1.56972, -3.11192, -0.000474512
86.6006, 0.0294495, 0.000510768, -29.5866, -1.54223, 1.56973, -3.11196, -0.000474679
86.617, 0.0286368, 0.00103479, -29.5621, -1.54227, 1.56974, -3.112, -0.000474846
86.6334, 0.0277318, 0.000687493, -29.5376, -1.5423, 1.56975, -3.11204, -0.000475013
86.6498, 0.0274925, -0.000227521, -29.5132, -1.54233, 1.56976, -3.11209, -0.00047518
86.6662, 0.0280965, -0.000915219, -29.4888, -1.54236, 1.56976, -3.11213, -0.000475347
86.6826, 0.0289905, -0.000780355, -29.4644, -1.5424, 1.56977, -3.11217, -0.000475514
86.699, 0.0293723, 5.87163e-05, -29.44, -1.54243, 1.56978, -3.11221, -0.000475681
86.7154, 0.0288848, 0.000875923, -29.4157, -1.54246, 1.56979, -3.11226, -0.000475848
86.7319, 0.027922, 0.000966675, -29.3913, -1.5425, 1.5698, -3.1123, -0.000476016
86.7483, 0.0272855, 0.000254385, -29.367, -1.54253, 1.56981, -3.11234, -0.000476183
86.7647, 0.0274937, -0.000646925, -29.3428, -1.54256, 1.56982, -3.11238, -0.00047635
86.7811, 0.0283379, -0.000963219, -29.3185, -1.54259, 1.56983, -3.11242, -0.000476517
86.7975, 0.0290651, -0.000424639, -29.2943, -1.54263, 1.56984, -3.11246, -0.000476685
86.8139, 0.0290254, 0.00050616, -29.27, -1.54266, 1.56985, -3.11251, -0.000476852
86.8303, 0.0282262, 0.00103309, -29.2459, -1.54269, 1.56986, -3.11255, -0.00047702
86.8467, 0.027323, 0.000707498, -29.2217, -1.54273, 1.56987, -3.11259, -0.000477187
86.8632, 0.0270575, -0.000191463, -29.1976, -1.54276, 1.56987, -3.11263, -0.000477355
86.8796, 0.0276262, -0.000897997, -29.1734, -1.54279, 1.56988, -3.11267, -0.000477522
86.896, 0.0285167, -0.000812501, -29.1493, -1.54282, 1.56989, -3.11272, -0.00047769
86.9132, 0.0289449, 3.63214e-05, -29.1241, -1.54286, 1.5699, -3.11276, -0.000477866
86.9303, 0.0284454, 0.000882753, -29.0989, -1.54289, 1.56991, -3.1128, -0.000478041
86.9475, 0.0274483, 0.000948066, -29.0738, -1.54293, 1.56992, -3.11285, -0.000478217
86.9647, 0.0268391, 0.000173954, -29.0486, -1.54296, 1.56993, -3.11289, -0.000478393
86.9819, 0.0271443, -0.000727806, -29.0235, -1.54299, 1.56994, -3.11294, -0.000478568
86.9991, 0.0280511, -0.000931204, -28.9984, -1.54303, 1.56995, -3.11298, -0.000478744
87.0163, 0.0286979, -0.000251765, -28.9734, -1.54306, 1.56996, -3.11302, -0.00047892
87.0335, 0.0284637, 0.000688467, -28.9483, -1.5431, 1.56997, -3.11307, -0.000479096
87.0506, 0.0275326, 0.0010321, -28.9233, -1.54313, 1.56998, -3.11311, -0.000479272
87.0678, 0.0267221, 0.000467769, -28.8983, -1.54317, 1.56999, -3.11315, -0.000479448
87.085, 0.0267372, -0.000489896, -28.8734, -1.5432, 1.57, -3.1132, -0.000479624
87.1022, 0.0275314, -0.000971437, -28.8484, -1.54323, 1.57001, -3.11324, -0.0004798
87.1194, 0.0283529, -0.000541794, -28.8235, -1.54327, 1.57002, -3.11329, -0.000479976
87.1366, 0.0284279, 0.000408643, -28.7986, -1.5433, 1.57003, -3.11333, -0.000480152
87.1538, 0.0276596, 0.00102083, -28.7738, -1.54334, 1.57004, -3.11337, -0.000480328
87.1709, 0.0267113, 0.000743785, -28.7489, -1.54337, 1.57005, -3.11342, -0.000480505
87.1881, 0.0264061, -0.000171267, -28.7241, -1.54341, 1.57006, -3.11346, -0.000480681
87.2053, 0.026986, -0.000900853, -28.6993, -1.54344, 1.57007, -3.11351, -0.000480857
87.2225, 0.0278984, -0.000790938, -28.6745, -1.54347, 1.57008, -3.11355, -0.000481034
87.2397, 0.0282948, 5.82512e-05, -28.6498, -1.54351, 1.57009, -3.11359, -0.00048121
87.2569, 0.0277915, 0.000885859, -28.6251, -1.54354, 1.57009, -3.11364, -0.000481387
87.2741, 0.0268092, 0.000953143, -28.6004, -1.54358, 1.5701, -3.11368, -0.000481563
87.2912, 0.0261941, 0.000201799, -28.5757, -1.54361, 1.57011, -3.11372, -0.00048174
87.3084, 0.0264623, -0.000697781, -28.551, -1.54364, 1.57012, -3.11377, -0.000481917
87.3256, 0.0273435, -0.000946015, -28.5264, -1.54368, 1.57013, -3.11381, -0.000482093
87.3428, 0.0280243, -0.000324098, -28.5018, -1.54371, 1.57014, -3.11385, -0.00048227
87.36, 0.0278721, 0.000615306, -28.4772, -1.54375, 1.57015, -3.1139, -0.000482447
87.3772, 0.0269931, 0.00104088, -28.4527, -1.54378, 1.57016, -3.11394, -0.000482624
87.3944, 0.0261348, 0.000578037, -28.4282, -1.54381, 1.57017, -3.11399, -0.0004828
87.4115, 0.0260237, -0.000363299, -28.4036, -1.54385, 1.57018, -3.11403, -0.000482977
87.4287, 0.0267259, -0.000953668, -28.3792, -1.54388, 1.57019, -3.11407, -0.000483154
87.4459, 0.0275928, -0.000675092, -28.3547, -1.54392, 1.5702, -3.11412, -0.000483331
87.4631, 0.0278336, 0.000226179, -28.3303, -1.54395, 1.57021, -3.11416, -0.000483508
87.4803, 0.0272091, 0.000959435, -28.3059, -1.54398, 1.57022, -3.1142, -0.000483686
87.4975, 0.0262374, 0.000883859, -28.2815, -1.54402, 1.57023, -3.11425, -0.000483863
87.5147, 0.025738, 6.72173e-05, -28.2571, -1.54405, 1.57024, -3.11429, -0.00048404
87.5318, 0.0261155, -0.000777003, -28.2328, -1.54409, 1.57025, -3.11433, -0.000484217
87.549, 0.0270099, -0.000913999, -28.2085, -1.54412, 1.57026, -3.11438, -0.000484394
87.5662, 0.0276133, -0.000226254, -28.1842, -1.54415, 1.57027, -3.11442, -0.000484572
87.5834, 0.0273734, 0.000687806, -28.1599, -1.54419, 1.57028, -3.11447, -0.000484749
87.6006, 0.0264704, 0.00103598, -28.1357, -1.54422, 1.57029, -3.11451, -0.000484927
87.6178, 0.0256572, 0.000518437, -28.1114, -1.54426, 1.5703, -3.11455, -0.000485104
87.635, 0.0256065, -0.000416066, -28.0872, -1.54429, 1.57031, -3.1146, -0.000485282
87.6521, 0.026331, -0.000961016, -28.0631, -1.54432, 1.57031, -3.11464, -0.000485459
87.6693, 0.0271762, -0.00064822, -28.0389, -1.54436, 1.57032, -3.11468, -0.000485637
87.6865, 0.0273865, 0.000251674, -28.0148, -1.54439, 1.57033, -3.11473, -0.000485814
87.7037, 0.0267536, 0.000965348, -27.9907, -1.54443, 1.57034, -3.11477, -0.000485992
87.7209, 0.0257925, 0.000881909, -27.9666, -1.54446, 1.57035, -3.11481, -0.00048617
87.7388, 0.0252946, 3.39738e-05, -27.9416, -1.5445, 1.57036, -3.11486, -0.000486355
87.7567, 0.0257234, -0.000812237, -27.9165, -1.54453, 1.57037, -3.1149, -0.00048654
87.7746, 0.02665, -0.000878856, -27.8915, -1.54457, 1.57038, -3.11495, -0.000486726
87.7925, 0.0271908, -0.000106452, -27.8665, -1.5446, 1.57039, -3.11499, -0.000486911
87.8104, 0.0268186, 0.000795462, -27.8416, -1.54464, 1.5704, -3.11504, -0.000487097
87.8283, 0.0258437, 0.00100165, -27.8166, -1.54467, 1.57041, -3.11509, -0.000487282
87.8462, 0.0251254, 0.000325386, -27.7917, -1.54471, 1.57042, -3.11513, -0.000487468
87.8641, 0.0252859, -0.000614801, -27.7668, -1.54474, 1.57043, -3.11518, -0.000487653
87.882, 0.026145, -0.000962561, -27.742, -1.54478, 1.57044, -3.11522, -0.000487839
87.8999, 0.0268884, -0.00040318, -27.7171, -1.54481, 1.57045, -3.11527, -0.000488025
87.9178, 0.02681, 0.000553872, -27.6923, -1.54485, 1.57046, -3.11531, -0.00048821
87.9358, 0.0259507, 0.00104092, -27.6675, -1.54488, 1.57047, -3.11536, -0.000488396
87.9537, 0.0250574, 0.000618643, -27.6428, -1.54492, 1.57048, -3.1154, -0.000488582
87.9716, 0.0249046, -0.000329714, -27.6181, -1.54495, 1.57049, -3.11545, -0.000488768
87.9895, 0.0255968, -0.000948248, -27.5933, -1.54499, 1.5705, -3.11549, -0.000488954
88.0074, 0.0264775, -0.000681136, -27.5687, -1.54502, 1.57051, -3.11554, -0.00048914
88.0253, 0.0267235, 0.000229718, -27.544, -1.54506, 1.57052, -3.11558, -0.000489326
88.0432, 0.0260841, 0.000966037, -27.5194, -1.5451, 1.57053, -3.11563, -0.000489512
88.0611, 0.0251022, 0.000868978, -27.4948, -1.54513, 1.57054, -3.11567, -0.000489698
88.079, 0.0246248, 2.71875e-05, -27.4702, -1.54517, 1.57055, -3.11572, -0.000489884
88.0969, 0.0250454, -0.000806438, -27.4456, -1.5452, 1.57056, -3.11576, -0.000490071
88.1148, 0.0259559, -0.000889197, -27.4211, -1.54524, 1.57057, -3.11581, -0.000490257
88.1327, 0.0265141, -0.000149141, -27.3966, -1.54527, 1.57058, -3.11585, -0.000490443
88.1506, 0.0261938, 0.000754737, -27.3721, -1.54531, 1.57059, -3.1159, -0.00049063
88.1685, 0.0252499, 0.00102077, -27.3476, -1.54534, 1.5706, -3.11594, -0.000490816
88.1864, 0.0244879, 0.000414949, -27.3232, -1.54538, 1.57061, -3.11599, -0.000491003
88.2043, 0.0245499, -0.000525424, -27.2988, -1.54541, 1.57062, -3.11603, -0.000491189
88.2222, 0.0253482, -0.000970009, -27.2744, -1.54545, 1.57063, -3.11608, -0.000491376
88.2401, 0.0261472, -0.000528344, -27.2501, -1.54548, 1.57064, -3.11612, -0.000491562
88.258, 0.0262134, 0.000409253, -27.2257, -1.54552, 1.57065, -3.11617, -0.000491749
88.2759, 0.0254596, 0.00101864, -27.2014, -1.54555, 1.57066, -3.11621, -0.000491936
88.2938, 0.0245175, 0.000766525, -27.1771, -1.54559, 1.57067, -3.11626, -0.000492123
88.3118, 0.024181, -0.000124545, -27.1529, -1.54562, 1.57068, -3.1163, -0.00049231
88.3297, 0.0247121, -0.000874758, -27.1286, -1.54566, 1.57069, -3.11635, -0.000492497
88.3476, 0.0256151, -0.000830177, -27.1044, -1.54569, 1.5707, -3.11639, -0.000492683
88.3655, 0.0260724, -3.13892e-05, -27.0802, -1.54573, 1.57071, -3.11644, -0.00049287
88.3834, 0.0256571, 0.000825618, -27.0561, -1.54576, 1.57072, -3.11648, -0.000493058
88.4013, 0.0247011, 0.000997054, -27.0319, -1.5458, 1.57073, -3.11653, -0.000493245
88.4192, 0.0240035, 0.000335967, -27.0078, -1.54583, 1.57074, -3.11657, -0.000493432
88.4371, 0.0241367, -0.000583954, -26.9837, -1.54587, 1.57075, -3.11662, -0.000493619
88.455, 0.0249537, -0.000967761, -26.9596, -1.5459, 1.57076, -3.11666, -0.000493806
88.4729, 0.0257183, -0.000485777, -26.9356, -1.54594, 1.57077, -3.11671, -0.000493994
88.4908, 0.0257425, 0.000445234, -26.9116, -1.54597, 1.57078, -3.11675, -0.000494181
88.5087, 0.0249771, 0.00102432, -26.8876, -1.54601, 1.57079, -3.1168, -0.000494368
88.5266, 0.0240504, 0.000755548, -26.8636, -4.68764, -1.57079, -3.11684, -0.000494556
88.5445, 0.0237265, -0.000128959, -26.8397, -4.68767, -1.57078, -3.11689, -0.000494743
88.5624, 0.024251, -0.000871529, -26.8158, -4.68771, -1.57077, -3.11693, -0.000494931
88.5803, 0.0251444, -0.000838611, -26.7919, -4.68774, -1.57076, -3.11698, -0.000495118
88.5982, 0.0256147, -5.99975e-05, -26.768, -4.68778, -1.57075, -3.11702, -0.000495306
88.6161, 0.0252331, 0.000800202, -26.7441, -4.68781, -1.57074, -3.11707, -0.000495494
88.634, 0.0242958, 0.00101118, -26.7203, -4.68785, -1.57073, -3.11711, -0.000495682
88.6519, 0.0235694, 0.000395533, -26.6965, -4.68788, -1.57072, -3.11716, -0.000495869
88.6699, 0.0236387, -0.00052364, -26.6727, -4.68792, -1.57071, -3.1172, -0.000496057
88.6885, 0.0244501, -0.00096899, -26.6481, -4.68795, -1.5707, -3.11725, -0.000496253
88.7071, 0.0252497, -0.000503434, -26.6234, -4.68799, -1.57069, -3.1173, -0.000496448
88.7257, 0.0252818, 0.00045007, -26.5988, -4.68802, -1.57068, -3.11734, -0.000496643
88.7443, 0.0244865, 0.00102988, -26.5742, -4.68806, -1.57067, -3.11739, -0.000496839
88.7629, 0.0235496, 0.000714493, -26.5496, -4.6881, -1.57066, -3.11744, -0.000497034
88.7815, 0.0232814, -0.000210334, -26.5251, -4.68813, -1.57065, -3.11748, -0.00049723
88.8001, 0.0238887, -0.000912758, -26.5005, -4.68817, -1.57064, -3.11753, -0.000497425
88.8187, 0.0247926, -0.000763631, -26.476, -4.68821, -1.57063, -3.11757, -0.000497621
88.8373, 0.0251511, 0.000101654, -26.4516, -4.68824, -1.57062, -3.11762, -0.000497817
88.8559, 0.0246129, 0.00090847, -26.4271, -4.68828, -1.57061, -3.11767, -0.000498012
88.8745, 0.0236277, 0.000937442, -26.4027, -4.68831, -1.5706, -3.11771, -0.000498208
88.8931, 0.0230415, 0.0001646, -26.3783, -4.68835, -1.57059, -3.11776, -0.000498404
88.9117, 0.0233422, -0.000721279, -26.3539, -4.68839, -1.57058, -3.11781, -0.0004986
88.9303, 0.0242288, -0.000933891, -26.3296, -4.68842, -1.57057, -3.11785, -0.000498796
88.9489, 0.0248826, -0.000286449, -26.3052, -4.68846, -1.57056, -3.1179, -0.000498992
88.9675, 0.024694, 0.000646561, -26.281, -4.68849, -1.57055, -3.11795, -0.000499188
88.9861, 0.0237995, 0.00104088, -26.2567, -4.68853, -1.57054, -3.11799, -0.000499384
89.0047, 0.0229572, 0.000550275, -26.2324, -4.68857, -1.57053, -3.11804, -0.00049958
89.0234, 0.0228762, -0.000391548, -26.2082, -4.6886, -1.57052, -3.11809, -0.000499777
89.042, 0.0235941, -0.000956351, -26.184, -4.68864, -1.57051, -3.11813, -0.000499973
89.0606, 0.0244479, -0.000649785, -26.1599, -4.68868, -1.5705, -3.11818, -0.000500169
89.0792, 0.0246585, 0.000257809, -26.1357, -4.68871, -1.57049, -3.11823, -0.000500366
89.0978, 0.0240117, 0.000972006, -26.1116, -4.68875, -1.57048, -3.11827, -0.000500562
89.1164, 0.0230422, 0.000870279, -26.0875, -4.68878, -1.57047, -3.11832, -0.000500759
89.135, 0.0225637, 4.31417e-05, -26.0634, -4.68882, -1.57046, -3.11836, -0.000500955
89.1536, 0.0229595, -0.000788625, -26.0394, -4.68886, -1.57045, -3.11841, -0.000501152
89.1722, 0.0238529, -0.000903128, -26.0154, -4.68889, -1.57044, -3.11846, -0.000501348
89.1908, 0.0244373, -0.000202817, -25.9914, -4.68893, -1.57042, -3.1185, -0.000501545
89.2094, 0.0241769, 0.000704715, -25.9674, -4.68896, -1.57041, -3.11855, -0.000501742
89.228, 0.0232673, 0.00103541, -25.9435, -4.689, -1.5704, -3.1186, -0.000501939
89.2466, 0.022463, 0.000505578, -25.9196, -4.68904, -1.57039, -3.11864, -0.000502136
89.2652, 0.0224249, -0.000426807, -25.8957, -4.68907, -1.57038, -3.11869, -0.000502333
89.2838, 0.023153, -0.000959827, -25.8718, -4.68911, -1.57037, -3.11873, -0.00050253
89.3024, 0.0239901, -0.000637285, -25.848, -4.68914, -1.57036, -3.11878, -0.000502727
89.321, 0.0241885, 0.000262698, -25.8242, -4.68918, -1.57035, -3.11883, -0.000502924
89.3396, 0.0235495, 0.000969603, -25.8004, -4.68922, -1.57034, -3.11887, -0.000503121
89.3582, 0.0225893, 0.000880764, -25.7766, -4.68925, -1.57033, -3.11892, -0.000503318
89.3777, 0.0220939, 3.16673e-05, -25.7518, -4.68929, -1.57032, -3.11897, -0.000503524
89.3971, 0.0225233, -0.000811499, -25.7271, -4.68933, -1.57031, -3.11902, -0.00050373
89.4165, 0.0234468, -0.000874597, -25.7023, -4.68936, -1.5703, -3.11906, -0.000503936
89.4359, 0.0239823, -0.000101627, -25.6776, -4.6894, -1.57029, -3.11911, -0.000504142
89.4553, 0.0236065, 0.000798266, -25.653, -4.68944, -1.57028, -3.11916, -0.000504348
89.4747, 0.0226306, 0.00100296, -25.6283, -4.68948, -1.57027, -3.11921, -0.000504554
89.4942, 0.0219114, 0.000327519, -25.6037, -4.68951, -1.57026, -3.11926, -0.000504761
89.5136, 0.0220688, -0.000611239, -25.5791, -4.68955, -1.57025, -3.11931, -0.000504967
89.533, 0.0229236, -0.000959849, -25.5546, -4.68959, -1.57024, -3.11935, -0.000505173
89.5524, 0.023665, -0.000403558, -25.53, -4.68963, -1.57023, -3.1194, -0.00050538
89.5718, 0.0235882, 0.000551912, -25.5055, -4.68966, -1.57021, -3.11945, -0.000505586
89.5912, 0.0227307, 0.00104222, -25.4811, -4.6897, -1.5702, -3.1195, -0.000505793
89.6107, 0.0218341, 0.000626214, -25.4566, -4.68974, -1.57019, -3.11955, -0.000505999
89.6301, 0.0216722, -0.000319309, -25.4322, -4.68978, -1.57018, -3.11959, -0.000506206
89.6495, 0.022355, -0.000943146, -25.4078, -4.68981, -1.57017, -3.11964, -0.000506413
89.6689, 0.0232343, -0.000686275, -25.3834, -4.68985, -1.57016, -3.11969, -0.000506619
89.6883, 0.0234885, 0.000219132, -25.359, -4.68989, -1.57015, -3.11974, -0.000506826
89.7077, 0.0228584, 0.000961988, -25.3347, -4.68993, -1.57014, -3.11979, -0.000507033
89.7272, 0.0218751, 0.000879667, -25.3104, -4.68996, -1.57013, -3.11983, -0.00050724
89.7466, 0.0213823, 4.75232e-05, -25.2862, -4.69, -1.57012, -3.11988, -0.000507447
89.766, 0.0217838, -0.000792499, -25.2619, -4.69004, -1.57011, -3.11993, -0.000507654
89.7854, 0.0226879, -0.000894551, -25.2377, -4.69008, -1.5701, -3.11998, -0.000507861
89.8048, 0.0232589, -0.000169937, -25.2135, -4.69011, -1.57009, -3.12003, -0.000508068
89.8242, 0.0229595, 0.0007383, -25.1893, -4.69015, -1.57008, -3.12007, -0.000508275
89.8437, 0.0220231, 0.00102763, -25.1652, -4.69019, -1.57007, -3.12012, -0.000508483
89.8631, 0.021244, 0.000444501, -25.1411, -4.69023, -1.57005, -3.12017, -0.00050869
89.8825, 0.0212745, -0.000495785, -25.117, -4.69026, -1.57004, -3.12022, -0.000508898
89.9019, 0.0220531, -0.000966314, -25.093, -4.6903, -1.57003, -3.12027, -0.000509105
89.9213, 0.0228626, -0.000555572, -25.0689, -4.69034, -1.57002, -3.12031, -0.000509312
89.9407, 0.0229615, 0.000374776, -25.0449, -4.69037, -1.57001, -3.12036, -0.00050952
89.9602, 0.0222326, 0.00101052, -25.0209, -4.69041, -1.57, -3.12041, -0.000509728
89.9796, 0.0212812, 0.000797835, -24.997, -4.69045, -1.56999, -3.12046, -0.000509935
89.999, 0.0209038, -7.60021e-05, -24.9731, -4.69049, -1.56998, -3.12051, -0.000510143
90.0184, 0.0213947, -0.000849806, -24.9492, -4.69052, -1.56997, -3.12055, -0.000510351
90.0378, 0.0222935, -0.000852371, -24.9253, -4.69056, -1.56996, -3.1206, -0.000510559
90.0572, 0.0227885, -8.33209e-05, -24.9014, -4.6906, -1.56995, -3.12065, -0.000510767
90.0767, 0.0224204, 0.00079055, -24.8776, -4.69064, -1.56994, -3.1207, -0.000510975
90.0961, 0.021477, 0.00101477, -24.8538, -4.69067, -1.56993, -3.12075, -0.000511183
90.1155, 0.0207404, 0.000397753, -24.83, -4.69071, -1.56992, -3.12079, -0.000511391
90.1349, 0.0208116, -0.000527758, -24.8063, -4.69075, -1.56991, -3.12084, -0.000511599
90.1543, 0.0215956, -0.000966399, -24.7826, -4.69078, -1.56989, -3.12089, -0.000511807
90.1737, 0.0223869, -0.000543401, -24.7589, -4.69082, -1.56988, -3.12094, -0.000512016
90.1932, 0.0224767, 0.000377281, -24.7352, -4.69086, -1.56987, -3.12099, -0.000512224
90.2126, 0.0217582, 0.00100819, -24.7116, -4.6909, -1.56986, -3.12103, -0.000512432
90.232, 0.0208143, 0.000812209, -24.6879, -4.69093, -1.56985, -3.12108, -0.000512641
90.2514, 0.0204172, -4.18494e-05, -24.6644, -4.69097, -1.56984, -3.12113, -0.000512849
90.2708, 0.0208712, -0.00082684, -24.6408, -4.69101, -1.56983, -3.12118, -0.000513058
90.2902, 0.0217579, -0.000877241, -24.6172, -4.69104, -1.56982, -3.12122, -0.000513267
90.3096, 0.0222942, -0.000152158, -24.5937, -4.69108, -1.56981, -3.12127, -0.000513475
90.3291, 0.0219964, 0.000733845, -24.5702, -4.69112, -1.5698, -3.12132, -0.000513684
90.3485, 0.0210864, 0.00103305, -24.5468, -4.69116, -1.56979, -3.12137, -0.000513893
90.3679, 0.0203008, 0.000494968, -24.5233, -4.69119, -1.56978, -3.12142, -0.000514102
90.3873, 0.0202684, -0.000426046, -24.4999, -4.69123, -1.56977, -3.12146, -0.000514311
90.4075, 0.0210217, -0.000961023, -24.4756, -4.69127, -1.56976, -3.12151, -0.000514529
90.4278, 0.0218639, -0.000592154, -24.4512, -4.69131, -1.56974, -3.12156, -0.000514746
90.448, 0.0220003, 0.000345689, -24.4269, -4.69135, -1.56973, -3.12161, -0.000514964
90.4682, 0.0212752, 0.0010069, -24.4026, -4.69138, -1.56972, -3.12166, -0.000515182
90.4885, 0.0203076, 0.000798062, -24.3783, -4.69142, -1.56971, -3.12171, -0.0005154
90.5087, 0.0199312, -9.13239e-05, -24.3541, -4.69146, -1.5697, -3.12176, -0.000515618
90.5289, 0.0204471, -0.00086332, -24.3299, -4.6915, -1.56969, -3.12181, -0.000515837
90.5492, 0.0213576, -0.000828323, -24.3057, -4.69154, -1.56968, -3.12186, -0.000516055
90.5694, 0.0218151, -1.95321e-05, -24.2816, -4.69158, -1.56967, -3.12191, -0.000516273
90.5896, 0.0213791, 0.000841043, -24.2575, -4.69162, -1.56966, -3.12196, -0.000516491
90.6099, 0.0204051, 0.000988483, -24.2334, -4.69165, -1.56965, -3.12201, -0.00051671
90.6301, 0.0197243, 0.000293798, -24.2093, -4.69169, -1.56963, -3.12206, -0.000516928
90.6503, 0.0199046, -0.000625756, -24.1853, -4.69173, -1.56962, -3.12211, -0.000517147
90.6706, 0.0207506, -0.000956835, -24.1612, -4.69177, -1.56961, -3.12216, -0.000517365
90.6908, 0.0214802, -0.000408788, -24.1372, -4.69181, -1.5696, -3.12221, -0.000517584
90.711, 0.0214173, 0.000533584, -24.1133, -4.69185, -1.56959, -3.12226, -0.000517803
90.7312, 0.0205854, 0.00104096, -24.0894, -4.69189, -1.56958, -3.12231, -0.000518022
90.7515, 0.0196825, 0.000669264, -24.0654, -4.69192, -1.56957, -3.12236, -0.000518241
90.7717, 0.019466, -0.000253733, -24.0416, -4.69196, -1.56956, -3.12241, -0.000518459
90.7919, 0.0200897, -0.000919736, -24.0177, -4.692, -1.56955, -3.12246, -0.000518678
90.8122, 0.0209738, -0.0007482, -23.9939, -4.69204, -1.56953, -3.1225, -0.000518897
90.8324, 0.021314, 0.000109389, -23.9701, -4.69208, -1.56952, -3.12255, -0.000519117
90.8526, 0.0207826, 0.000905728, -23.9463, -4.69212, -1.56951, -3.1226, -0.000519336
90.8729, 0.0198095, 0.000949905, -23.9226, -4.69215, -1.5695, -3.12265, -0.000519555
90.8931, 0.0192056, 0.000205565, -23.8989, -4.69219, -1.56949, -3.1227, -0.000519774
90.9133, 0.0194589, -0.00068168, -23.8752, -4.69223, -1.56948, -3.12275, -0.000519994
90.9336, 0.0203155, -0.000945681, -23.8515, -4.69227, -1.56947, -3.1228, -0.000520213
90.9538, 0.0210029, -0.000360541, -23.8279, -4.69231, -1.56946, -3.12285, -0.000520433
90.974, 0.0208974, 0.000568449, -23.8042, -4.69235, -1.56945, -3.1229, -0.000520652
90.9951, 0.0200183, 0.0010444, -23.7797, -4.69239, -1.56943, -3.12295, -0.000520881
91.0161, 0.0191259, 0.000594894, -23.7552, -4.69243, -1.56942, -3.123, -0.000521109
91.0372, 0.0190038, -0.000364485, -23.7307, -4.69247, -1.56941, -3.12305, -0.000521338
91.0582, 0.0197255, -0.000952209, -23.7063, -4.69251, -1.5694, -3.12311, -0.000521566
91.0792, 0.0205915, -0.000630994, -23.6819, -4.69255, -1.56939, -3.12316, -0.000521795
91.1003, 0.0207735, 0.000303274, -23.6575, -4.69259, -1.56938, -3.12321, -0.000522024
91.1213, 0.0200708, 0.000996742, -23.6331, -4.69262, -1.56937, -3.12326, -0.000522253
91.1424, 0.0190893, 0.000818609, -23.6088, -4.69266, -1.56935, -3.12331, -0.000522482
91.1634, 0.0186856, -6.69729e-05, -23.5845, -4.6927, -1.56934, -3.12336, -0.000522711
91.1844, 0.0191882, -0.000854838, -23.5602, -4.69274, -1.56933, -3.12341, -0.00052294
91.2055, 0.0201039, -0.000831871, -23.536, -4.69278, -1.56932, -3.12346, -0.000523169
91.2265, 0.020568, -2.0877e-05, -23.5118, -4.69282, -1.56931, -3.12352, -0.000523398
91.2476, 0.0201273, 0.000844646, -23.4876, -4.69286, -1.5693, -3.12357, -0.000523627
91.2686, 0.019145, 0.000985373, -23.4634, -4.6929, -1.56929, -3.12362, -0.000523857
91.2897, 0.0184696, 0.000276738, -23.4393, -4.69294, -1.56927, -3.12367, -0.000524086
91.3107, 0.0186702, -0.000643488, -23.4152, -4.69298, -1.56926, -3.12372, -0.000524315
91.3317, 0.0195296, -0.000950963, -23.3911, -4.69302, -1.56925, -3.12377, -0.000524545
91.3528, 0.0202427, -0.000372508, -23.3671, -4.69306, -1.56924, -3.12382, -0.000524775
91.3738, 0.0201385, 0.000573756, -23.3431, -4.6931, -1.56923, -3.12387, -0.000525004
91.3949, 0.0192766, 0.00104462, -23.3191, -4.69314, -1.56922, -3.12393, -0.000525234
91.4159, 0.0183893, 0.000623014, -23.2951, -4.69318, -1.5692, -3.12398, -0.000525464
91.4369, 0.0182285, -0.00031488, -23.2712, -4.69322, -1.56919, -3.12403, -0.000525694
91.458, 0.0188994, -0.000937593, -23.2473, -4.69326, -1.56918, -3.12408, -0.000525924
91.479, 0.0197722, -0.000695802, -23.2234, -4.6933, -1.56917, -3.12413, -0.000526154
91.5001, 0.0200418, 0.000195091, -23.1995, -4.69334, -1.56916, -3.12418, -0.000526384
91.5211, 0.0194377, 0.000949392, -23.1757, -4.69338, -1.56915, -3.12423, -0.000526614
91.5422, 0.0184579, 0.000904903, -23.1519, -4.69342, -1.56914, -3.12428, -0.000526844
91.5632, 0.0179278, 0.000102723, -23.1282, -4.69346, -1.56912, -3.12433, -0.000527074
91.5842, 0.0182753, -0.000753185, -23.1044, -4.6935, -1.56911, -3.12438, -0.000527305
91.6053, 0.0191602, -0.000915084, -23.0807, -4.69354, -1.5691, -3.12444, -0.000527535
91.6263, 0.0197751, -0.000243604, -23.057, -4.69358, -1.56909, -3.12449, -0.000527766
91.6474, 0.0195512, 0.000674846, -23.0334, -4.69362, -1.56908, -3.12454, -0.000527996
91.6684, 0.0186509, 0.001042, -23.0097, -4.69366, -1.56907, -3.12459, -0.000528227
91.6894, 0.017822, 0.000541052, -22.9861, -4.6937, -1.56906, -3.12464, -0.000528458
91.7105, 0.0177473, -0.000392297, -22.9626, -4.69374, -1.56904, -3.12469, -0.000528688
91.7315, 0.0184552, -0.000950893, -22.939, -4.69378, -1.56903, -3.12474, -0.000528919
91.7526, 0.0192995, -0.000654214, -22.9155, -4.69381, -1.56902, -3.12479, -0.00052915
91.7736, 0.0195195, 0.000240309, -22.892, -4.69385, -1.56901, -3.12484, -0.000529381
91.7947, 0.0188939, 0.00096305, -22.8685, -4.69389, -1.569, -3.12489, -0.000529612
91.8157, 0.0179274, 0.000895059, -22.8451, -4.69393, -1.56899, -3.12495, -0.000529843
91.8376, 0.0174108, 5.94208e-05, -22.8208, -4.69397, -1.56898, -3.125, -0.000530083
91.8594, 0.0178137, -0.000792421, -22.7965, -4.69401, -1.56896, -3.12505, -0.000530323
91.8813, 0.0187282, -0.000882307, -22.7723, -4.69406, -1.56895, -3.1251, -0.000530564
91.9031, 0.0192819, -0.000130275, -22.748, -4.6941, -1.56894, -3.12516, -0.000530804
91.925, 0.0189347, 0.000777242, -22.7238, -4.69414, -1.56893, -3.12521, -0.000531044
91.9468, 0.0179672, 0.00101577, -22.6997, -4.69418, -1.56892, -3.12526, -0.000531285
91.9687, 0.0172207, 0.00037092, -22.6755, -4.69422, -1.5689, -3.12532, -0.000531525
91.9905, 0.0173329, -0.000571643, -22.6514, -4.69426, -1.56889, -3.12537, -0.000531766
92.0124, 0.0181633, -0.000960189, -22.6274, -4.6943, -1.56888, -3.12542, -0.000532007
92.0342, 0.0189249, -0.000446073, -22.6033, -4.69434, -1.56887, -3.12547, -0.000532247
92.0561, 0.0188964, 0.000506022, -22.5793, -4.69438, -1.56886, -3.12553, -0.000532488
92.0779, 0.0180686, 0.00104047, -22.5553, -4.69442, -1.56885, -3.12558, -0.000532729
92.0998, 0.0171487, 0.000679682, -22.5314, -4.69446, -1.56883, -3.12563, -0.00053297
92.1216, 0.0169227, -0.000251392, -22.5074, -4.69451, -1.56882, -3.12568, -0.000533211
92.1435, 0.017554, -0.000920466, -22.4835, -4.69455, -1.56881, -3.12574, -0.000533452
92.1653, 0.0184418, -0.000732397, -22.4596, -4.69459, -1.5688, -3.12579, -0.000533694
92.1872, 0.0187601, 0.000143414, -22.4358, -4.69463, -1.56879, -3.12584, -0.000533935
92.209, 0.0181919, 0.000928301, -22.412, -4.69467, -1.56877, -3.12589, -0.000534176
92.2309, 0.0172064, 0.000927682, -22.3882, -4.69471, -1.56876, -3.12595, -0.000534418
92.2527, 0.0166395, 0.000144227, -22.3644, -4.69475, -1.56875, -3.126, -0.000534659
92.2746, 0.016954, -0.000729068, -22.3407, -4.69479, -1.56874, -3.12605, -0.000534901
92.2964, 0.0178349, -0.000923337, -22.317, -4.69483, -1.56873, -3.12611, -0.000535142
92.3183, 0.0184711, -0.00026972, -22.2933, -4.69487, -1.56871, -3.12616, -0.000535384
92.3401, 0.0182698, 0.000656534, -22.2697, -4.69491, -1.5687, -3.12621, -0.000535626
92.362, 0.0173738, 0.00104429, -22.2461, -4.69495, -1.56869, -3.12626, -0.000535868
92.3838, 0.0165318, 0.000556403, -22.2225, -4.69499, -1.56868, -3.12632, -0.00053611
92.4057, 0.016442, -0.000379532, -22.1989, -4.69504, -1.56867, -3.12637, -0.000536352
92.4275, 0.0171452, -0.000948172, -22.1754, -4.69508, -1.56866, -3.12642, -0.000536594
92.4494, 0.0179934, -0.000656809, -22.1519, -4.69512, -1.56864, -3.12647, -0.000536836
92.4712, 0.0182161, 0.000239827, -22.1284, -4.69516, -1.56863, -3.12653, -0.000537078
92.4931, 0.0175872, 0.000964772, -22.105, -4.6952, -1.56862, -3.12658, -0.000537321
92.515, 0.0166167, 0.000892839, -22.0816, -4.69524, -1.56861, -3.12663, -0.000537563
92.5376, 0.0161041, 5.45053e-05, -22.0574, -4.69528, -1.5686, -3.12668, -0.000537814
92.5602, 0.0165109, -0.000794554, -22.0332, -4.69532, -1.56858, -3.12674, -0.000538065
92.5828, 0.0174247, -0.000878647, -22.0091, -4.69536, -1.56857, -3.12679, -0.000538316
92.6054, 0.0179727, -0.000123154, -21.985, -4.69541, -1.56856, -3.12685, -0.000538567
92.628, 0.017619, 0.000782288, -21.9609, -4.69545, -1.56855, -3.1269, -0.000538818
92.6506, 0.0166492, 0.00101514, -21.9368, -4.69549, -1.56853, -3.12696, -0.000539069
92.6732, 0.0159057, 0.000366263, -21.9128, -4.69553, -1.56852, -3.12701, -0.000539321
92.6958, 0.0160224, -0.00057509, -21.8888, -4.69557, -1.56851, -3.12706, -0.000539572
92.7184, 0.0168537, -0.000958468, -21.8649, -4.69562, -1.5685, -3.12712, -0.000539824
92.7411, 0.0176111, -0.000440039, -21.8409, -4.69566, -1.56849, -3.12717, -0.000540075
92.7637, 0.0175763, 0.000511736, -21.817, -4.6957, -1.56847, -3.12723, -0.000540327
92.7863, 0.0167451, 0.00104185, -21.7932, -4.69574, -1.56846, -3.12728, -0.000540579
92.8089, 0.0158263, 0.00067687, -21.7693, -4.69578, -1.56845, -3.12734, -0.000540831
92.8315, 0.0156037, -0.000254611, -21.7455, -4.69583, -1.56844, -3.12739, -0.000541083
92.8541, 0.0162365, -0.000920396, -21.7217, -4.69587, -1.56842, -3.12744, -0.000541335
92.8767, 0.017122, -0.000728686, -21.698, -4.69591, -1.56841, -3.1275, -0.000541587
92.8993, 0.0174359, 0.000147936, -21.6743, -4.69595, -1.5684, -3.12755, -0.000541839
92.9219, 0.0168644, 0.000930634, -21.6506, -4.69599, -1.56839, -3.12761, -0.000542091
92.9445, 0.0158785, 0.000927352, -21.6269, -4.69604, -1.56838, -3.12766, -0.000542343
92.9672, 0.0153127, 0.000143177, -21.6033, -4.69608, -1.56836, -3.12771, -0.000542596
92.9898, 0.0156276, -0.000728853, -21.5797, -4.69612, -1.56835, -3.12777, -0.000542848
93.0124, 0.016507, -0.000921749, -21.5561, -4.69616, -1.56834, -3.12782, -0.000543101
93.035, 0.0171412, -0.00026809, -21.5325, -4.6962, -1.56833, -3.12788, -0.000543353
93.0576, 0.0169388, 0.000657417, -21.509, -4.69624, -1.56831, -3.12793, -0.000543606
93.0802, 0.0160426, 0.00104522, -21.4855, -4.69629, -1.5683, -3.12798, -0.000543859
93.1028, 0.0151996, 0.000558598, -21.4621, -4.69633, -1.56829, -3.12804, -0.000544112
93.1254, 0.0151073, -0.000376441, -21.4387, -4.69637, -1.56828, -3.12809, -0.000544365
93.148, 0.0158074, -0.000946389, -21.4153, -4.69641, -1.56827, -3.12815, -0.000544618
93.1706, 0.0166546, -0.000658123, -21.3919, -4.69645, -1.56825, -3.1282, -0.000544871
93.1933, 0.0168796, 0.000236616, -21.3685, -4.69649, -1.56824, -3.12825, -0.000545124
93.2159, 0.0162537, 0.000963632, -21.3452, -4.69654, -1.56823, -3.12831, -0.000545377
93.2385, 0.0152827, 0.00089695, -21.3219, -4.69658, -1.56822, -3.12836, -0.000545631
93.2619, 0.0147641, 6.25525e-05, -21.2979, -4.69662, -1.5682, -3.12842, -0.000545893
93.2853, 0.0151632, -0.000788873, -21.2739, -4.69666, -1.56819, -3.12847, -0.000546155
93.3087, 0.0160741, -0.000880845, -21.2499, -4.69671, -1.56818, -3.12853, -0.000546418
93.332, 0.0166273, -0.000131763, -21.2259, -4.69675, -1.56817, -3.12858, -0.00054668
93.3554, 0.0162824, 0.0007758, -21.202, -4.69679, -1.56815, -3.12864, -0.000546943
93.3788, 0.0153153, 0.00101897, -21.178, -4.69684, -1.56814, -3.12869, -0.000547205
93.4022, 0.0145636, 0.000379735, -21.1542, -4.69688, -1.56813, -3.12875, -0.000547468
93.4256, 0.0146661, -0.000562499, -21.1303, -4.69692, -1.56812, -3.12881, -0.000547731
93.449, 0.0154894, -0.000958261, -21.1065, -4.69697, -1.5681, -3.12886, -0.000547994
93.4724, 0.0162529, -0.000453364, -21.0827, -4.69701, -1.56809, -3.12892, -0.000548257
93.4958, 0.0162334, 0.000496854, -21.059, -4.69705, -1.56808, -3.12897, -0.00054852
93.5192, 0.0154121, 0.0010407, -21.0352, -4.69709, -1.56807, -3.12903, -0.000548783
93.5426, 0.0144865, 0.000693609, -21.0116, -4.69714, -1.56805, -3.12908, -0.000549046
93.566, 0.0142436, -0.000232511, -20.9879, -4.69718, -1.56804, -3.12914, -0.00054931
93.5894, 0.0148593, -0.000912231, -20.9643, -4.69722, -1.56803, -3.12919, -0.000549573
93.6128, 0.0157466, -0.00074287, -20.9407, -4.69727, -1.56802, -3.12925, -0.000549836
93.6362, 0.0160808, 0.000123186, -20.9171, -4.69731, -1.568, -3.12931, -0.0005501
93.6596, 0.01553, 0.000918443, -20.8935, -4.69735, -1.56799, -3.12936, -0.000550364
93.683, 0.0145449, 0.000941615, -20.87, -4.69739, -1.56798, -3.12942, -0.000550627
93.7064, 0.013956, 0.00017452, -20.8466, -4.69744, -1.56797, -3.12947, -0.000550891
93.7298, 0.014242, -0.000706696, -20.8231, -4.69748, -1.56795, -3.12953, -0.000551155
93.7531, 0.0151121, -0.000929156, -20.7997, -4.69752, -1.56794, -3.12958, -0.000551419
93.7765, 0.0157659, -0.000300077, -20.7763, -4.69757, -1.56793, -3.12964, -0.000551683
93.7999, 0.0155959, 0.000628953, -20.7529, -4.69761, -1.56792, -3.12969, -0.000551947
93.8233, 0.0147153, 0.00104773, -20.7296, -4.69765, -1.5679, -3.12975, -0.000552212
93.8467, 0.0138544, 0.000593644, -20.7063, -4.69769, -1.56789, -3.1298, -0.000552476
93.8701, 0.013723, -0.000336823, -20.683, -4.69774, -1.56788, -3.12986, -0.000552741
93.8935, 0.0143958, -0.000936676, -20.6598, -4.69778, -1.56787, -3.12992, -0.000553005
93.9169, 0.0152522, -0.000688539, -20.6366, -4.69782, -1.56785, -3.12997, -0.00055327
93.9403, 0.0155164, 0.000191255, -20.6134, -4.69787, -1.56784, -3.13003, -0.000553534
93.9637, 0.014926, 0.000943931, -20.5902, -4.69791, -1.56783, -3.13008, -0.000553799
93.9871, 0.0139537, 0.000923591, -20.5671, -4.69795, -1.56781, -3.13014, -0.000554064
94.0105, 0.0133971, 0.000149899, -20.544, -4.69799, -1.5678, -3.13019, -0.000554329
94.0339, 0.0136945, -0.000713379, -20.521, -4.69804, -1.56779, -3.13025, -0.000554594
94.0573, 0.0145532, -0.000929298, -20.4979, -4.69808, -1.56778, -3.1303, -0.000554859
94.0807, 0.0152041, -0.000315805, -20.4749, -4.69812, -1.56776, -3.13036, -0.000555124
94.1041, 0.0150583, 0.000603418, -20.4519, -4.69816, -1.56775, -3.13041, -0.00055539
94.1283, 0.0141676, 0.00104821, -20.4281, -4.69821, -1.56774, -3.13047, -0.000555665
94.1526, 0.0132891, 0.000583029, -20.4043, -4.69825, -1.56773, -3.13053, -0.00055594
94.1769, 0.0131773, -0.000368729, -20.3806, -4.6983, -1.56771, -3.13058, -0.000556216
94.2012, 0.013891, -0.000946652, -20.3569, -4.69834, -1.5677, -3.13064, -0.000556492
94.2255, 0.0147453, -0.000631326, -20.3332, -4.69839, -1.56769, -3.1307, -0.000556768
94.2498, 0.0149322, 0.000291323, -20.3095, -4.69843, -1.56767, -3.13076, -0.000557044
94.274, 0.0142465, 0.000992201, -20.2859, -4.69847, -1.56766, -3.13081, -0.00055732
94.2983, 0.0132648, 0.000844837, -20.2623, -4.69852, -1.56765, -3.13087, -0.000557596
94.3226, 0.012825, -1.66879e-05, -20.2387, -4.69856, -1.56763, -3.13093, -0.000557872
94.3469, 0.0132781, -0.000822654, -20.2152, -4.69861, -1.56762, -3.13098, -0.000558148
94.3712, 0.0141794, -0.000856622, -20.1917, -4.69865, -1.56761, -3.13104, -0.000558424
94.3955, 0.0146888, -9.06719e-05, -20.1682, -4.69869, -1.5676, -3.1311, -0.000558701
94.4197, 0.0143175, 0.000794818, -20.1448, -4.69874, -1.56758, -3.13116, -0.000558977
94.444, 0.0133571, 0.00101731, -20.1214, -4.69878, -1.56757, -3.13121, -0.000559254
94.4683, 0.012617, 0.000382638, -20.098, -4.69883, -1.56756, -3.13127, -0.000559531
94.4926, 0.0127089, -0.000548384, -20.0746, -4.69887, -1.56754, -3.13133, -0.000559808
94.5169, 0.0135109, -0.00095768, -20.0513, -4.69891, -1.56753, -3.13138, -0.000560084
94.5412, 0.01428, -0.000488258, -20.028, -4.69896, -1.56752, -3.13144, -0.000560361
94.5654, 0.0143056, 0.000447079, -20.0048, -4.699, -1.5675, -3.1315, -0.000560639
94.5897, 0.0135292, 0.00103129, -19.9815, -4.69905, -1.56749, -3.13156, -0.000560916
94.614, 0.0125904, 0.000757033, -19.9583, -4.69909, -1.56748, -3.13161, -0.000561193
94.6383, 0.0122668, -0.00013498, -19.9352, -4.69913, -1.56747, -3.13167, -0.00056147
94.6626, 0.0127989, -0.00086996, -19.912, -4.69918, -1.56745, -3.13173, -0.000561748
94.6869, 0.013686, -0.000812822, -19.8889, -4.69922, -1.56744, -3.13178, -0.000562025
94.7111, 0.0141238, -1.51589e-05, -19.8659, -4.69927, -1.56743, -3.13184, -0.000562303
94.7354, 0.0136989, 0.000834125, -19.8428, -4.69931, -1.56741, -3.1319, -0.000562581
94.7597, 0.012741, 0.00100527, -19.8198, -4.69935, -1.5674, -3.13195, -0.000562859
94.784, 0.0120354, 0.000353588, -19.7968, -4.6994, -1.56739, -3.13201, -0.000563136
94.8083, 0.0121473, -0.000560987, -19.7739, -4.69944, -1.56738, -3.13207, -0.000563414
94.8325, 0.0129413, -0.000956948, -19.751, -4.69949, -1.56736, -3.13212, -0.000563693
94.8568, 0.0137018, -0.00049851, -19.7281, -4.69953, -1.56735, -3.13218, -0.000563971
94.8811, 0.0137451, 0.00042218, -19.7052, -4.69957, -1.56734, -3.13224, -0.000564249
94.9054, 0.0129995, 0.00102291, -19.6824, -4.69962, -1.56732, -3.13229, -0.000564527
94.9297, 0.0120612, 0.00079624, -19.6596, -4.69966, -1.56731, -3.13235, -0.000564806
94.954, 0.0116862, -6.39273e-05, -19.6368, -4.69971, -1.5673, -3.13241, -0.000565084
94.9782, 0.0121519, -0.000830811, -19.6141, -4.69975, -1.56728, -3.13246, -0.000565363
95.0025, 0.0130275, -0.000859773, -19.5914, -4.69979, -1.56727, -3.13252, -0.000565642
95.0268, 0.0135401, -0.000128659, -19.5687, -4.69984, -1.56726, -3.13258, -0.000565921
95.0511, 0.0132252, 0.000748143, -19.546, -4.69988, -1.56725, -3.13264, -0.0005662
95.0754, 0.0123115, 0.00103765, -19.5234, -4.69992, -1.56723, -3.13269, -0.000566479
95.0997, 0.0115263, 0.000500257, -19.5008, -4.69997, -1.56722, -3.13275, -0.000566758
95.1239, 0.011486, -0.000414465, -19.4783, -4.70001, -1.56721, -3.13281, -0.000567037
95.1494, 0.0122279, -0.000951619, -19.4547, -4.70006, -1.56719, -3.13286, -0.000567329
95.1748, 0.0130625, -0.000588549, -19.4311, -4.7001, -1.56718, -3.13292, -0.000567622
95.2002, 0.0131976, 0.000345404, -19.4076, -4.70015, -1.56717, -3.13298, -0.000567914
95.2257, 0.0124729, 0.00101013, -19.3841, -4.70019, -1.56715, -3.13304, -0.000568207
95.2511, 0.0114992, 0.000811084, -19.3606, -4.70024, -1.56714, -3.1331, -0.0005685
95.2765, 0.0111066, -7.12009e-05, -19.3372, -4.70029, -1.56713, -3.13316, -0.000568793
95.3019, 0.0116028, -0.000847854, -19.3138, -4.70033, -1.56711, -3.13322, -0.000569086
95.3274, 0.0125028, -0.000828134, -19.2905, -4.70038, -1.5671, -3.13328, -0.000569379
95.3528, 0.012966, -3.19239e-05, -19.2671, -4.70042, -1.56708, -3.13334, -0.000569672
95.3782, 0.012543, 0.000833182, -19.2438, -4.70047, -1.56707, -3.1334, -0.000569966
95.4036, 0.0115699, 0.00100241, -19.2206, -4.70051, -1.56706, -3.13346, -0.000570259
95.4291, 0.0108664, 0.000328685, -19.1973, -4.70056, -1.56704, -3.13352, -0.000570553
95.4545, 0.0110105, -0.000592599, -19.1741, -4.70061, -1.56703, -3.13357, -0.000570846
95.4799, 0.0118331, -0.000951827, -19.1509, -4.70065, -1.56702, -3.13363, -0.00057114
95.5053, 0.0125717, -0.000435995, -19.1278, -4.7007, -1.567, -3.13369, -0.000571434
95.5308, 0.0125411, 0.000501417, -19.1047, -4.70074, -1.56699, -3.13375, -0.000571728
95.5562, 0.0117306, 0.00104166, -19.0816, -4.70079, -1.56698, -3.13381, -0.000572022
95.5816, 0.0108083, 0.000715901, -19.0586, -4.70083, -1.56696, -3.13387, -0.000572316
95.6071, 0.0105357, -0.000190365, -19.0356, -4.70088, -1.56695, -3.13393, -0.00057261
95.6325, 0.0111075, -0.000890256, -19.0126, -4.70092, -1.56694, -3.13399, -0.000572905
95.6579, 0.0119877, -0.000779422, -18.9896, -4.70097, -1.56692, -3.13405, -0.000573199
95.6833, 0.0123769, 4.41114e-05, -18.9667, -4.70102, -1.56691, -3.13411, -0.000573494
95.7088, 0.0119027, 0.000869555, -18.9438, -4.70106, -1.5669, -3.13417, -0.000573788
95.7342, 0.0109358, 0.00098823, -18.921, -4.70111, -1.56688, -3.13422, -0.000574083
95.7596, 0.0102671, 0.000300669, -18.8982, -4.70115, -1.56687, -3.13428, -0.000574378
95.785, 0.0104285, -0.000602922, -18.8754, -4.7012, -1.56685, -3.13434, -0.000574673
95.8105, 0.011241, -0.000951213, -18.8526, -4.70124, -1.56684, -3.1344, -0.000574968
95.8359, 0.0119727, -0.000449486, -18.8299, -4.70129, -1.56683, -3.13446, -0.000575263
95.8613, 0.0119639, 0.000473687, -18.8072, -4.70133, -1.56681, -3.13452, -0.000575558
95.8867, 0.0111861, 0.00103496, -18.7845, -4.70138, -1.5668, -3.13458, -0.000575853
95.9122, 0.0102606, 0.000761052, -18.7619, -4.70142, -1.56679, -3.13464, -0.000576149
95.9376, 0.00993033, -0.000114431, -18.7393, -4.70147, -1.56677, -3.1347, -0.000576444
95.963, 0.0104332, -0.000852859, -18.7167, -4.70151, -1.56676, -3.13475, -0.00057674
95.9885, 0.0113064, -0.000834596, -18.6942, -4.70156, -1.56675, -3.13481, -0.000577036
96.0149, 0.0117816, -3.74553e-05, -18.6707, -4.70161, -1.56673, -3.13487, -0.000577344
96.0414, 0.0113554, 0.000835787, -18.6473, -4.70165, -1.56672, -3.13494, -0.000577652
96.0679, 0.0103717, 0.000999427, -18.6239, -4.7017, -1.5667, -3.135, -0.000577961
96.0944, 0.00967261, 0.000308864, -18.6005, -4.70175, -1.56669, -3.13506, -0.000578269
96.1209, 0.00984112, -0.000614865, -18.5772, -4.7018, -1.56668, -3.13512, -0.000578578
96.1474, 0.0106818, -0.000945804, -18.5539, -4.70184, -1.56666, -3.13518, -0.000578887
96.1739, 0.0114014, -0.000390818, -18.5307, -4.70189, -1.56665, -3.13524, -0.000579196
96.2004, 0.0113185, 0.000553854, -18.5075, -4.70194, -1.56663, -3.1353, -0.000579505
96.2269, 0.0104674, 0.00104896, -18.4843, -4.70198, -1.56662, -3.13536, -0.000579814
96.2534, 0.00956225, 0.000657717, -18.4611, -4.70203, -1.56661, -3.13542, -0.000580123
96.2799, 0.00936097, -0.000271543, -18.438, -4.70208, -1.56659, -3.13549, -0.000580432
96.3064, 0.00999726, -0.000918382, -18.4149, -4.70212, -1.56658, -3.13555, -0.000580742
96.3329, 0.0108679, -0.000715076, -18.3919, -4.70217, -1.56656, -3.13561, -0.000581051
96.3594, 0.0111673, 0.000157441, -18.3688, -4.70222, -1.56655, -3.13567, -0.000581361
96.3858, 0.0105944, 0.000933687, -18.3458, -4.70227, -1.56654, -3.13573, -0.000581671
96.4123, 0.00961088, 0.00093639, -18.3229, -4.70231, -1.56652, -3.13579, -0.000581981
96.4388, 0.00903383, 0.000165676, -18.3, -4.70236, -1.56651, -3.13585, -0.00058229
96.4653, 0.00932258, -0.000706288, -18.2771, -4.70241, -1.56649, -3.13591, -0.000582601
96.4918, 0.0101834, -0.000923229, -18.2542, -4.70245, -1.56648, -3.13597, -0.000582911
96.5183, 0.0108294, -0.000299543, -18.2314, -4.7025, -1.56647, -3.13603, -0.000583221
96.5448, 0.0106634, 0.00062396, -18.2086, -4.70255, -1.56645, -3.13609, -0.000583531
96.5713, 0.00979045, 0.0010513, -18.1858, -4.70259, -1.56644, -3.13616, -0.000583842
96.5978, 0.00892246, 0.000617028, -18.1631, -4.70264, -1.56642, -3.13622, -0.000584153
96.6243, 0.00876307, -0.000303934, -18.1404, -4.70269, -1.56641, -3.13628, -0.000584463
96.6508, 0.00940628, -0.000922598, -18.1177, -4.70273, -1.5664, -3.13634, -0.000584774
96.6773, 0.010261, -0.000712156, -18.0951, -4.70278, -1.56638, -3.1364, -0.000585085
96.7038, 0.0105593, 0.000145702, -18.0725, -4.70283, -1.56637, -3.13646, -0.000585396
96.7302, 0.0100099, 0.00092057, -18.0499, -4.70287, -1.56635, -3.13652, -0.000585707
96.7567, 0.00904144, 0.000956342, -18.0274, -4.70292, -1.56634, -3.13658, -0.000586019
96.7832, 0.00843413, 0.000225171, -18.0049, -4.70297, -1.56633, -3.13664, -0.00058633
96.8097, 0.00865956, -0.000653928, -17.9824, -4.70301, -1.56631, -3.1367, -0.000586641
96.8362, 0.00948613, -0.000940886, -17.96, -4.70306, -1.5663, -3.13676, -0.000586953
96.8627, 0.010179, -0.000396696, -17.9376, -4.70311, -1.56628, -3.13682, -0.000587265
96.8892, 0.0101193, 0.000520329, -17.9152, -4.70315, -1.56627, -3.13688, -0.000587577
96.9169, 0.0092759, 0.00104765, -17.8919, -4.7032, -1.56626, -3.13695, -0.000587902
96.9446, 0.00835169, 0.000672508, -17.8686, -4.70325, -1.56624, -3.13701, -0.000588228
96.9722, 0.00813593, -0.000264017, -17.8453, -4.7033, -1.56623, -3.13707, -0.000588554
96.9999, 0.00877653, -0.000918039, -17.8221, -4.70335, -1.56621, -3.13714, -0.000588881
97.0276, 0.00965245, -0.00070381, -17.7989, -4.7034, -1.5662, -3.1372, -0.000589207
97.0553, 0.00993562, 0.000184196, -17.7757, -4.70345, -1.56618, -3.13726, -0.000589533
97.0829, 0.00933177, 0.000951146, -17.7526, -4.7035, -1.56617, -3.13733, -0.00058986
97.1106, 0.00833821, 0.000914492, -17.7295, -4.70354, -1.56615, -3.13739, -0.000590187
97.1383, 0.0077957, 0.000109456, -17.7064, -4.70359, -1.56614, -3.13745, -0.000590513
97.166, 0.0081405, -0.000747939, -17.6834, -4.70364, -1.56612, -3.13752, -0.00059084
97.1936, 0.00902191, -0.000899426, -17.6604, -4.70369, -1.56611, -3.13758, -0.000591167
97.2213, 0.00961792, -0.000213649, -17.6374, -4.70374, -1.5661, -3.13764, -0.000591495
97.249, 0.00936231, 0.000703272, -17.6145, -4.70379, -1.56608, -3.13771, -0.000591822
97.2767, 0.00843963, 0.00104575, -17.5916, -4.70384, -1.56607, -3.13777, -0.000592149
97.3044, 0.00761758, 0.000515789, -17.5687, -4.70388, -1.56605, -3.13783, -0.000592477
97.332, 0.00757161, -0.000420729, -17.5459, -4.70393, -1.56604, -3.1379, -0.000592804
97.3597, 0.00829699, -0.000946244, -17.5231, -4.70398, -1.56602, -3.13796, -0.000593132
97.3874, 0.00911838, -0.000605162, -17.5003, -4.70403, -1.56601, -3.13802, -0.00059346
97.4151, 0.00928102, 0.00030388, -17.4776, -4.70408, -1.56599, -3.13808, -0.000593788
97.4427, 0.00860444, 0.000992493, -17.4549, -4.70413, -1.56598, -3.13815, -0.000594116
97.4704, 0.00763361, 0.000867031, -17.4323, -4.70417, -1.56596, -3.13821, -0.000594444
97.4981, 0.00716385, 3.82496e-05, -17.4096, -4.70422, -1.56595, -3.13827, -0.000594773
97.5258, 0.00755549, -0.000779517, -17.3871, -4.70427, -1.56593, -3.13834, -0.000595101
97.5534, 0.00842861, -0.000885429, -17.3645, -4.70432, -1.56592, -3.1384, -0.00059543
97.5811, 0.00899381, -0.000191235, -17.342, -4.70437, -1.56591, -3.13846, -0.000595758
97.6088, 0.00872881, 0.000708383, -17.3195, -4.70442, -1.56589, -3.13853, -0.000596087
97.6365, 0.00782071, 0.00104733, -17.297, -4.70446, -1.56588, -3.13859, -0.000596416
97.6641, 0.00700146, 0.000539791, -17.2746, -4.70451, -1.56586, -3.13865, -0.000596745
97.6918, 0.00692362, -0.000381624, -17.2522, -4.70456, -1.56585, -3.13871, -0.000597074
97.7195, 0.00760972, -0.000937122, -17.2298, -4.70461, -1.56583, -3.13878, -0.000597403
97.7472, 0.00843837, -0.000659724, -17.2075, -4.70466, -1.56582, -3.13884, -0.000597733
97.7749, 0.00867188, 0.000214642, -17.1852, -4.70471, -1.5658, -3.1389, -0.000598062
97.8025, 0.00807592, 0.000950701, -17.163, -4.70475, -1.56579, -3.13896, -0.000598392
97.8302, 0.00711154, 0.000933085, -17.1407, -4.7048, -1.56577, -3.13903, -0.000598722
97.8591, 0.00653806, 0.00013708, -17.1176, -4.70485, -1.56576, -3.13909, -0.000599066
97.888, 0.00686564, -0.000736009, -17.0944, -4.7049, -1.56574, -3.13916, -0.000599411
97.9169, 0.00775127, -0.000900305, -17.0713, -4.70495, -1.56573, -3.13922, -0.000599756
97.9458, 0.00835306, -0.00021069, -17.0483, -4.705, -1.56571, -3.13929, -0.0006001
97.9747, 0.0080882, 0.000712588, -17.0252, -4.70505, -1.5657, -3.13935, -0.000600445
98.0036, 0.00715129, 0.00104423, -17.0022, -4.7051, -1.56568, -3.13942, -0.000600791
98.0325, 0.00633452, 0.000490834, -16.9793, -4.70515, -1.56567, -3.13949, -0.000601136
98.0614, 0.00631869, -0.00045279, -16.9563, -4.7052, -1.56565, -3.13955, -0.000601481
98.0903, 0.00707064, -0.000948817, -16.9334, -4.70525, -1.56564, -3.13962, -0.000601827
98.1192, 0.00787852, -0.000560112, -16.9106, -4.7053, -1.56562, -3.13968, -0.000602172
98.1481, 0.00798533, 0.00036752, -16.8878, -4.70535, -1.56561, -3.13975, -0.000602518
98.1771, 0.00725537, 0.00101613, -16.865, -4.7054, -1.56559, -3.13981, -0.000602864
98.206, 0.00628815, 0.000817443, -16.8422, -4.70545, -1.56558, -3.13988, -0.00060321
98.2349, 0.00588741, -5.16656e-05, -16.8195, -4.7055, -1.56556, -3.13994, -0.000603556
98.2638, 0.00635745, -0.000829884, -16.7968, -4.70555, -1.56555, -3.14001, -0.000603903
98.2927, 0.00724225, -0.000839547, -16.7742, -4.7056, -1.56553, -3.14007, -0.000604249
98.3216, 0.00772805, -7.48257e-05, -16.7516, -4.70566, -1.56552, -3.14014, -0.000604596
98.3505, 0.00735176, 0.000798823, -16.729, -4.70571, -1.5655, -3.1402, -0.000604942
98.3794, 0.00639843, 0.00102567, -16.7065, -4.70575, -1.56549, -3.14027, -0.000605289
98.4083, 0.00564918, 0.000412307, -16.6839, -4.7058, -1.56547, -3.14033, -0.000605636
98.4372, 0.00570493, -0.000510644, -16.6615, -4.70585, -1.56546, -3.1404, -0.000605983
98.4661, 0.00647224, -0.000949988, -16.639, -4.7059, -1.56544, -3.14046, -0.00060633
98.495, 0.00724903, -0.000531212, -16.6166, -4.70595, -1.56543, -3.14053, -0.000606677
98.5239, 0.00732931, 0.000385177, -16.5943, -4.706, -1.56541, -3.14059, -0.000607025
98.5528, 0.00660456, 0.00101691, -16.5719, -4.70605, -1.5654, -3.14066, -0.000607372
98.5817, 0.00565099, 0.000828208, -16.5496, -4.7061, -1.56538, -3.14072, -0.00060772
98.6106, 0.00523537, -1.81358e-05, -16.5274, -4.70615, -1.56537, -3.14079, -0.000608068
98.6395, 0.00566512, -0.00080424, -16.5051, -4.7062, -1.56535, -3.14085, -0.000608416
98.6684, 0.00653288, -0.000867269, -16.4829, -4.70625, -1.56534, -3.14092, -0.000608764
98.6973, 0.00706519, -0.000156629, -16.4608, -4.7063, -1.56532, -3.14098, -0.000609112
98.7262, 0.0067747, 0.000728694, -16.4386, -4.70635, -1.56531, -3.14105, -0.000609461
98.7551, 0.00586574, 0.00104702, -16.4165, -4.7064, -1.56529, -3.14111, -0.000609809
98.784, 0.0050579, 0.000534519, -16.3945, -4.70645, -1.56528, -3.14118, -0.000610158
98.8129, 0.00498232, -0.000379013, -16.3725, -4.7065, -1.56526, -3.14124, -0.000610506
98.843, 0.00569314, -0.000939136, -16.3496, -4.70655, -1.56524, -3.14131, -0.000610869
98.873, 0.00652933, -0.000615653, -16.3268, -4.70661, -1.56523, -3.14138, -0.000611232
98.9031, 0.0067019, 0.000301085, -16.304, -4.70666, -1.56521, -3.14144, -0.000611595
98.9331, 0.00601454, 0.000996922, -16.2812, -4.70671, -1.5652, -3.14151, -0.000611958
98.9632, 0.00503202, 0.000857826, -16.2585, -4.70676, -1.56518, -3.14158, -0.000612321
98.9932, 0.00457583, 9.3612e-06, -16.2358, 1.57637, -1.56517, 3.14154, -0.000612685
99.0233, 0.00499982, -0.000800068, -16.2132, 1.57632, -1.56515, 3.14147, -0.000613048
99.0533, 0.00588392, -0.000860826, -16.1905, 1.57627, -1.56513, 3.1414, -0.000613412
99.0834, 0.00640824, -0.000122354, -16.168, 1.57622, -1.56512, 3.14134, -0.000613776
99.1134, 0.00607172, 0.000768401, -16.1454, 1.57617, -1.5651, 3.14127, -0.00061414
99.1435, 0.00512537, 0.00103592, -16.1229, 1.57612, -1.56509, 3.1412, -0.000614504
99.1735, 0.00434794, 0.000450281, -16.1004, 1.57606, -1.56507, 3.14114, -0.000614868
99.2036, 0.00436725, -0.000478533, -16.078, 1.57601, -1.56506, 3.14107, -0.000615232
99.2347, 0.00515048, -0.000948292, -16.0549, 1.57596, -1.56504, 3.141, -0.000615609
99.2657, 0.00594436, -0.000500554, -16.0317, 1.57591, -1.56502, 3.14093, -0.000615986
99.2968, 0.00597533, 0.000452587, -16.0087, 1.57585, -1.56501, 3.14086, -0.000616363
99.3279, 0.00516954, 0.00104128, -15.9856, 1.5758, -1.56499, 3.14079, -0.00061674
99.3589, 0.00421367, 0.00073212, -15.9626, 1.57575, -1.56498, 3.14072, -0.000617118
99.39, 0.00392617, -0.000191535, -15.9397, 1.57569, -1.56496, 3.14065, -0.000617496
99.4211, 0.00451646, -0.000892842, -15.9167, 1.57564, -1.56494, 3.14058, -0.000617873
99.4522, 0.00540163, -0.000740533, -15.8938, 1.57559, -1.56493, 3.14051, -0.000618251
99.4832, 0.00573736, 0.000125486, -15.871, 1.57553, -1.56491, 3.14045, -0.000618629
99.5143, 0.00517713, 0.000926377, -15.8482, 1.57548, -1.56489, 3.14038, -0.000619007
99.5454, 0.00417768, 0.000946375, -15.8254, 1.57543, -1.56488, 3.14031, -0.000619386
99.5764, 0.00358455, 0.000170504, -15.8026, 1.57538, -1.56486, 3.14024, -0.000619764
99.6075, 0.00387669, -0.000708306, -15.7799, 1.57532, -1.56485, 3.14017, -0.000620143
99.6386, 0.00474485, -0.000910135, -15.7573, 1.57527, -1.56483, 3.1401, -0.000620522
99.6696, 0.00537211, -0.00025882, -15.7346, 1.57522, -1.56481, 3.14003, -0.0006209
99.7007, 0.00515926, 0.000667951, -15.7121, 1.57516, -1.5648, 3.13996, -0.00062128
99.7318, 0.00425008, 0.0010537, -15.6895, 1.57511, -1.56478, 3.13989, -0.000621659
99.7629, 0.00339866, 0.000561868, -15.667, 1.57506, -1.56477, 3.13982, -0.000622038
99.7939, 0.00330382, -0.000373803, -15.6445, 1.57501, -1.56475, 3.13976, -0.000622418
99.825, 0.00399952, -0.000934805, -15.6221, 1.57495, -1.56473, 3.13969, -0.000622797
99.8561, 0.00483118, -0.00063397, -15.5996, 1.5749, -1.56472, 3.13962, -0.000623177
99.8871, 0.00503027, 0.000264386, -15.5773, 1.57485, -1.5647, 3.13955, -0.000623557
99.9182, 0.00438095, 0.000980074, -15.5549, 1.57479, -1.56468, 3.13948, -0.000623937
99.9493, 0.00340165, 0.000895575, -15.5326, 1.57474, -1.56467, 3.13941, -0.000624317
99.9815, 0.00288945, 5.21604e-05, -15.5096, 1.57469, -1.56465, 3.13934, -0.000624711
100.014, 0.0032955, -0.000788149, -15.4866, 1.57463, -1.56464, 3.13927, -0.000625105
100.046, 0.00419547, -0.000857342, -15.4636, 1.57458, -1.56462, 3.1392, -0.0006255
100.078, 0.00471761, -9.51341e-05, -15.4407, 1.57452, -1.5646, 3.13913, -0.000625894
100.11, 0.00433915, 0.000802664, -15.4178, 1.57447, -1.56459, 3.13905, -0.000626289
100.142, 0.0033571, 0.00102178, -15.3949, 1.57441, -1.56457, 3.13898, -0.000626684
100.175, 0.00261222, 0.000366694, -15.3721, 1.57436, -1.56455, 3.13891, -0.000627078
100.207, 0.00272609, -0.000568732, -15.3493, 1.57431, -1.56454, 3.13884, -0.000627474
100.239, 0.00354424, -0.000942384, -15.3266, 1.57425, -1.56452, 3.13877, -0.000627869
100.271, 0.0042817, -0.000421252, -15.3039, 1.5742, -1.5645, 3.1387, -0.000628264
100.303, 0.00423073, 0.000525414, -15.2812, 1.57414, -1.56449, 3.13863, -0.00062866
100.335, 0.00339122, 0.0010519, -15.2586, 1.57409, -1.56447, 3.13856, -0.000629055
100.368, 0.00246437, 0.000691591, -15.236, 1.57403, -1.56445, 3.13849, -0.000629451
100.4, 0.00222437, -0.000232607, -15.2134, 1.57398, -1.56444, 3.13842, -0.000629847
100.432, 0.00283292, -0.000901106, -15.1909, 1.57393, -1.56442, 3.13834, -0.000630243
100.464, 0.00370222, -0.000725132, -15.1684, 1.57387, -1.5644, 3.13827, -0.00063064
100.496, 0.00401886, 0.000137432, -15.146, 1.57382, -1.56439, 3.1382, -0.000631036
100.528, 0.00345955, 0.000927375, -15.1236, 1.57376, -1.56437, 3.13813, -0.000631433
100.561, 0.00246945, 0.000953904, -15.1012, 1.57371, -1.56435, 3.13806, -0.00063183
100.593, 0.00186677, 0.000196766, -15.0789, 1.57365, -1.56434, 3.13799, -0.000632227
100.625, 0.00212733, -0.000682255, -15.0566, 1.5736, -1.56432, 3.13792, -0.000632624
100.657, 0.00297484, -0.000919874, -15.0344, 1.57355, -1.5643, 3.13785, -0.000633021
100.689, 0.00362684, -0.000312793, -15.0122, 1.57349, -1.56429, 3.13778, -0.000633418
100.722, 0.00347466, 0.000611952, -14.99, 1.57344, -1.56427, 3.13771, -0.000633816
100.754, 0.00260574, 0.00105731, -14.9679, 1.57338, -1.56425, 3.13764, -0.000634214
100.786, 0.00172219, 0.000642855, -14.9458, 1.57333, -1.56424, 3.13757, -0.000634612
100.818, 0.00153413, -0.000273371, -14.9237, 1.57328, -1.56422, 3.1375, -0.00063501
100.85, 0.00215339, -0.000907284, -14.9017, 1.57322, -1.5642, 3.13742, -0.000635408
100.882, 0.00300377, -0.000720207, -14.8797, 1.57317, -1.56419, 3.13735, -0.000635806
100.915, 0.00331659, 0.000126003, -14.8577, 1.57311, -1.56417, 3.13728, -0.000636205
100.947, 0.00278331, 0.000912431, -14.8358, 1.57306, -1.56415, 3.13721, -0.000636604
100.979, 0.00181187, 0.00097529, -14.814, 1.57301, -1.56414, 3.13714, -0.000637002
101.011, 0.00117656, 0.000264412, -14.7921, 1.57295, -1.56412, 3.13707, -0.000637401
101.043, 0.00136441, -0.000620245, -14.7703, 1.5729, -1.5641, 3.137, -0.000637801
101.075, 0.00216988, -0.00093706, -14.7486, 1.57284, -1.56409, 3.13693, -0.0006382
101.108, 0.00287291, -0.000423497, -14.7268, 1.57279, -1.56407, 3.13686, -0.000638599
101.14, 0.00284346, 0.000489592, -14.7051, 1.57274, -1.56405, 3.13679, -0.000638999
101.173, 0.00202478, 0.00104824, -14.6826, 1.57268, -1.56404, 3.13672, -0.000639415
101.207, 0.00108225, 0.000724013, -14.6601, 1.57263, -1.56402, 3.13664, -0.000639831
101.24, 0.000803251, -0.000191883, -14.6377, 1.57257, -1.564, 3.13657, -0.000640247
101.274, 0.00138271, -0.000886533, -14.6153, 1.57251, -1.56398, 3.1365, -0.000640663
101.307, 0.00225666, -0.000747675, -14.593, 1.57246, -1.56397, 3.13642, -0.000641079
101.341, 0.00260571, 9.93441e-05, -14.5706, 1.5724, -1.56395, 3.13635, -0.000641496
101.374, 0.00207659, 0.000908542, -14.5484, 1.57235, -1.56393, 3.13628, -0.000641912
101.407, 0.00108689, 0.000971992, -14.5261, 1.57229, -1.56392, 3.13621, -0.000642329
101.441, 0.000453378, 0.000237248, -14.5039, 1.57223, -1.5639, 3.13613, -0.000642746
101.474, 0.00067744, -0.0006532, -14.4818, 1.57218, -1.56388, 3.13606, -0.000643163
101.508, 0.00151301, -0.000926034, -14.4596, 1.57212, -1.56386, 3.13599, -0.000643581
101.541, 0.00218653, -0.000347497, -14.4375, 1.57207, -1.56385, 3.13591, -0.000643998
101.575, 0.00206945, 0.000579992, -14.4155, 1.57201, -1.56383, 3.13584, -0.000644416
101.608, 0.00121768, 0.00105712, -14.3935, 1.57196, -1.56381, 3.13577, -0.000644834
101.642, 0.000317138, 0.000676308, -14.3715, 1.5719, -1.56379, 3.1357, -0.000645252
101.675, 9.09223e-05, -0.000233259, -14.3496, 1.57184, -1.56378, 3.13562, -0.00064567
101.709, 0.000682004, -0.000893472, -14.3277, 1.57179, -1.56376, 3.13555, -0.000646089
101.742, 0.00153709, -0.000743557, -14.3058, 1.57173, -1.56374, 3.13548, -0.000646507
101.775, 0.00188261, 8.62222e-05, -14.284, 1.57168, -1.56373, 3.1354, -0.000646926
101.809, 0.00138129, 0.000891316, -14.2623, 1.57162, -1.56371, 3.13533, -0.000647345
101.842, 0.000412493, 0.000992707, -14.2405, 1.57157, -1.56369, 3.13526, -0.000647764
101.876, -0.000253654, 0.000307885, -14.2188, 1.57151, -1.56367, 3.13519, -0.000648183
101.909, -0.000106046, -0.000585583, -14.1971, 1.57146, -1.56366, 3.13511, -0.000648603
101.943, 0.000682325, -0.000939467, -14.1755, 1.5714, -1.56364, 3.13504, -0.000649022
101.976, 0.00140516, -0.000460624, -14.1539, 1.57135, -1.56362, 3.13497, -0.000649442
102.01, 0.00141542, 0.000449474, -14.1324, 1.57129, -1.56361, 3.1349, -0.000649862
102.043, 0.000661445, 0.00103434, -14.1109, 1.57124, -1.56359, 3.13482, -0.000650282
102.077, -0.000275946, 0.000811564, -14.0894, 1.57118, -1.56357, 3.13475, -0.000650702
102.11, -0.000668536, -3.19272e-05, -14.068, 1.57112, -1.56355, 3.13468, -0.000651123
102.143, -0.000241041, -0.000799939, -14.0466, 1.57107, -1.56354, 3.13461, -0.000651543
102.177, 0.000607422, -0.000862851, -14.0252, 1.57101, -1.56352, 3.13453, -0.000651964
102.212, 0.00114221, -0.000133125, -14.003, 1.57096, -1.5635, 3.13446, -0.000652403
102.247, 0.000811923, 0.000764878, -13.9808, 1.5709, -1.56348, 3.13438, -0.000652842
102.282, -0.000140629, 0.00104243, -13.9586, 1.57084, -1.56347, 3.13431, -0.000653281
102.316, -0.000929731, 0.000459184, -13.9365, 1.57078, -1.56345, 3.13423, -0.00065372
102.351, -0.000917683, -0.000472476, -13.9145, 1.57073, -1.56343, 3.13416, -0.000654159
102.386, -0.000168148, -0.000940581, -13.8924, 1.57067, -1.56341, 3.13408, -0.000654599
102.421, 0.000615936, -0.000540869, -13.8704, 1.57061, -1.5634, 3.13401, -0.000655039
102.456, 0.000706619, 0.000377541, -13.8485, 1.57055, -1.56338, 3.13393, -0.000655479
102.491, -2.10202e-05, 0.00102062, -13.8266, 1.5705, -1.56336, 3.13386, -0.000655919
102.526, -0.000987365, 0.000836564, -13.8047, 1.57044, -1.56334, 3.13378, -0.00065636
102.56, -0.00141212, -1.34543e-05, -13.7829, 1.57038, -1.56332, 3.13371, -0.0006568
102.595, -0.000983343, -0.000800071, -13.7611, 1.57032, -1.56331, 3.13363, -0.000657241
102.63, -0.000118759, -0.000853002, -13.7394, 1.57027, -1.56329, 3.13356, -0.000657682
102.665, 0.000396433, -0.000130144, -13.7176, 1.57021, -1.56327, 3.13348, -0.000658123
102.7, 7.85606e-05, 0.000752908, -13.696, 1.57015, -1.56325, 3.13341, -0.000658564
102.735, -0.000848804, 0.00104947, -13.6743, 1.5701, -1.56323, 3.13333, -0.000659006
102.77, -0.00165014, 0.000512107, -13.6528, 1.57004, -1.56322, 3.13326, -0.000659447
102.805, -0.00170086, -0.000404382, -13.6312, 1.56998, -1.5632, 3.13318, -0.000659889
102.841, -0.000973732, -0.000935362, -13.6088, 1.56992, -1.56318, 3.1331, -0.000660349
102.877, -0.000157977, -0.000571888, -13.5865, 1.56986, -1.56316, 3.13302, -0.000660809
102.913, -3.736e-05, 0.000357071, -13.5642, 1.5698, -1.56314, 3.13295, -0.000661269
102.95, -0.000769661, 0.00102019, -13.5419, 1.56974, -1.56313, 3.13287, -0.00066173
102.986, -0.00175259, 0.000828602, -13.5197, 1.56968, -1.56311, 3.13279, -0.00066219
103.022, -0.00216579, -4.41719e-05, -13.4976, 1.56963, -1.56309, 3.13271, -0.000662651
103.058, -0.00169859, -0.000823369, -13.4754, 1.56957, -1.56307, 3.13264, -0.000663112
103.095, -0.000818813, -0.000822253, -13.4534, 1.56951, -1.56305, 3.13256, -0.000663573
103.131, -0.000353635, -4.4949e-05, -13.4313, 1.56945, -1.56303, 3.13248, -0.000664035
103.167, -0.00076094, 0.000824154, -13.4093, 1.56939, -1.56301, 3.1324, -0.000664496
103.204, -0.00173295, 0.00102533, -13.3873, 1.56933, -1.563, 3.13232, -0.000664958
103.24, -0.0024721, 0.000386135, -13.3654, 1.56927, -1.56298, 3.13225, -0.00066542
103.276, -0.00238874, -0.000534738, -13.3435, 1.56921, -1.56296, 3.13217, -0.000665882
103.312, -0.00160963, -0.000938678, -13.3217, 1.56915, -1.56294, 3.13209, -0.000666344
103.349, -0.000861237, -0.000479037, -13.2999, 1.56909, -1.56292, 3.13201, -0.000666807
103.385, -0.000838405, 0.000445071, -13.2782, 1.56903, -1.5629, 3.13194, -0.00066727
103.421, -0.00160837, 0.00103882, -13.2564, 1.56897, -1.56288, 3.13186, -0.000667733
103.457, -0.00255963, 0.000795696, -13.2348, 1.56892, -1.56287, 3.13178, -0.000668196
103.494, -0.00293039, -7.34162e-05, -13.2131, 1.56886, -1.56285, 3.1317, -0.000668659
103.53, -0.00245792, -0.000826814, -13.1915, 1.5688, -1.56283, 3.13163, -0.000669123
103.566, -0.00159621, -0.000826202, -13.17, 1.56874, -1.56281, 3.13155, -0.000669587
103.602, -0.001125, -7.51625e-05, -13.1485, 1.56868, -1.56279, 3.13147, -0.000670051
103.639, -0.00148935, 0.000790377, -13.127, 1.56862, -1.56277, 3.1314, -0.000670515
103.675, -0.00242914, 0.00104285, -13.1056, 1.56856, -1.56276, 3.13132, -0.000670979
103.711, -0.00320409, 0.000473389, -13.0842, 1.5685, -1.56274, 3.13124, -0.000671444
103.748, -0.00321686, -0.000438983, -13.0628, 1.56845, -1.56272, 3.13116, -0.000671909
103.786, -0.0024621, -0.000936924, -13.0404, 1.56838, -1.5627, 3.13108, -0.000672398
103.824, -0.00166342, -0.000522703, -13.018, 1.56832, -1.56268, 3.131, -0.000672888
103.862, -0.00160373, 0.000423078, -12.9956, 1.56826, -1.56266, 3.13092, -0.000673378
103.9, -0.00239004, 0.00104064, -12.9733, 1.5682, -1.56264, 3.13084, -0.000673868
103.938, -0.00336383, 0.000773231, -12.9511, 1.56814, -1.56262, 3.13076, -0.000674358
103.977, -0.0037025, -0.000134342, -12.9289, 1.56807, -1.5626, 3.13068, -0.000674849
104.015, -0.00315999, -0.000864086, -12.9067, 1.56801, -1.56258, 3.1306, -0.00067534
104.053, -0.00228105, -0.000763296, -12.8846, 1.56795, -1.56256, 3.13051, -0.000675831
104.091, -0.00190666, 7.45833e-05, -12.8625, 1.56789, -1.56254, 3.13043, -0.000676322
104.129, -0.00242259, 0.00090097, -12.8404, 1.56783, -1.56252, 3.13035, -0.000676814
104.168, -0.00342206, 0.000983031, -12.8184, 1.56777, -1.56251, 3.13027, -0.000677305
104.206, -0.00407377, 0.000251477, -12.7965, 1.5677, -1.56249, 3.13019, -0.000677797
104.244, -0.00385906, -0.000645372, -12.7746, 1.56764, -1.56247, 3.13011, -0.00067829
104.282, -0.00302434, -0.000918789, -12.7527, 1.56758, -1.56245, 3.13003, -0.000678782
104.32, -0.00235717, -0.000331926, -12.7309, 1.56752, -1.56243, 3.12995, -0.000679274
104.358, -0.00249296, 0.000599229, -12.7091, 1.56746, -1.56241, 3.12987, -0.000679767
104.397, -0.00336354, 0.00106289, -12.6873, 1.5674, -1.56239, 3.12979, -0.00068026
104.435, -0.00426374, 0.000658893, -12.6656, 1.56734, -1.56237, 3.12971, -0.000680754
104.473, -0.00446801, -0.000259569, -12.644, 1.56727, -1.56235, 3.12963, -0.000681247
104.511, -0.00385615, -0.000898421, -12.6224, 1.56721, -1.56233, 3.12954, -0.000681741
104.549, -0.00301018, -0.000709794, -12.6008, 1.56715, -1.56231, 3.12946, -0.000682235
104.588, -0.00270833, 0.000141214, -12.5793, 1.56709, -1.56229, 3.12938, -0.000682729
104.626, -0.00325832, 0.000925092, -12.5578, 1.56703, -1.56227, 3.1293, -0.000683223
104.664, -0.00424041, 0.000974915, -12.5363, 1.56697, -1.56225, 3.12922, -0.000683718
104.702, -0.0048713, 0.000251651, -12.5149, 1.56691, -1.56224, 3.12914, -0.000684213
104.74, -0.00467059, -0.000629475, -12.4936, 1.56685, -1.56222, 3.12906, -0.000684708
104.778, -0.0038627, -0.000924723, -12.4722, 1.56678, -1.5622, 3.12898, -0.000685203
104.817, -0.00318073, -0.00038839, -12.451, 1.56672, -1.56218, 3.1289, -0.000685698
104.855, -0.00324676, 0.000526579, -12.4297, 1.56666, -1.56216, 3.12882, -0.000686194
104.895, -0.00409549, 0.00105921, -12.4076, 1.5666, -1.56214, 3.12874, -0.000686711
104.934, -0.00503451, 0.000697803, -12.3856, 1.56654, -1.56212, 3.12865, -0.000687228
104.974, -0.00527974, -0.000230085, -12.3636, 1.56647, -1.5621, 3.12857, -0.000687745
105.014, -0.00467216, -0.000893963, -12.3417, 1.56641, -1.56208, 3.12849, -0.000688262
105.054, -0.00381236, -0.000704517, -12.3197, 1.56635, -1.56206, 3.1284, -0.00068878
105.094, -0.0035199, 0.000166607, -12.2979, 1.56628, -1.56204, 3.12832, -0.000689298
105.133, -0.00410671, 0.000946787, -12.2761, 1.56622, -1.56202, 3.12824, -0.000689816
105.173, -0.00510797, 0.000949435, -12.2543, 1.56615, -1.562, 3.12815, -0.000690334
105.213, -0.00569859, 0.000175762, -12.2326, 1.56609, -1.56198, 3.12807, -0.000690853
105.253, -0.0054191, -0.000693807, -12.2109, 1.56603, -1.56196, 3.12799, -0.000691372
105.292, -0.00457235, -0.000900463, -12.1893, 1.56596, -1.56194, 3.1279, -0.000691891
105.332, -0.00395188, -0.000267461, -12.1677, 1.5659, -1.56192, 3.12782, -0.00069241
105.372, -0.00414905, 0.000653112, -12.1461, 1.56584, -1.5619, 3.12774, -0.00069293
105.412, -0.00504457, 0.0010651, -12.1246, 1.56578, -1.56188, 3.12765, -0.00069345
105.452, -0.00591893, 0.000616245, -12.1031, 1.56571, -1.56186, 3.12757, -0.00069397
105.491, -0.00607632, -0.000304454, -12.0817, 1.56565, -1.56184, 3.12749, -0.00069449
105.531, -0.00543937, -0.000907524, -12.0603, 1.56559, -1.56182, 3.1274, -0.00069501
105.571, -0.00460832, -0.000680311, -12.039, 1.56552, -1.5618, 3.12732, -0.000695531
105.611, -0.00434363, 0.000180512, -12.0177, 1.56546, -1.56178, 3.12724, -0.000696052
105.651, -0.0049203, 0.000943277, -11.9965, 1.5654, -1.56176, 3.12715, -0.000696573
105.69, -0.00590105, 0.000964735, -11.9753, 1.56533, -1.56174, 3.12707, -0.000697095
105.73, -0.00651204, 0.000230236, -11.9541, 1.56527, -1.56172, 3.12699, -0.000697617
105.77, -0.00629543, -0.000640888, -11.933, 1.56521, -1.5617, 3.1269, -0.000698138
105.81, -0.00548859, -0.000919922, -11.9119, 1.56514, -1.56168, 3.12682, -0.000698661
105.849, -0.00481868, -0.000377019, -11.8909, 1.56508, -1.56166, 3.12674, -0.000699183
105.889, -0.00489352, 0.000533427, -11.8699, 1.56502, -1.56164, 3.12666, -0.000699706
105.931, -0.00574971, 0.0010619, -11.8479, 1.56495, -1.56162, 3.12657, -0.000700255
105.973, -0.00668945, 0.000691854, -11.8259, 1.56489, -1.5616, 3.12648, -0.000700804
106.015, -0.00692673, -0.000239786, -11.804, 1.56482, -1.56157, 3.1264, -0.000701353
106.056, -0.00631121, -0.000895555, -11.7822, 1.56476, -1.56155, 3.12631, -0.000701903
106.098, -0.00545531, -0.00069105, -11.7604, 1.56469, -1.56153, 3.12622, -0.000702453
106.14, -0.00518043, 0.000187833, -11.7386, 1.56462, -1.56151, 3.12613, -0.000703003
106.182, -0.00578605, 0.000958554, -11.7169, 1.56456, -1.56149, 3.12605, -0.000703554
106.223, -0.0067909, 0.00094045, -11.6952, 1.56449, -1.56147, 3.12596, -0.000704105
106.265, -0.00736588, 0.000153204, -11.6736, 1.56443, -1.56145, 3.12587, -0.000704656
106.307, -0.00706589, -0.000708413, -11.652, 1.56436, -1.56143, 3.12579, -0.000705207
106.349, -0.0062149, -0.00089014, -11.6305, 1.56429, -1.56141, 3.1257, -0.000705759
106.39, -0.00561472, -0.000236601, -11.609, 1.56423, -1.56139, 3.12561, -0.00070631
106.432, -0.00584272, 0.000680499, -11.5876, 1.56416, -1.56136, 3.12553, -0.000706862
106.474, -0.00675439, 0.0010658, -11.5662, 1.5641, -1.56134, 3.12544, -0.000707415
106.516, -0.00761629, 0.000589324, -11.5449, 1.56403, -1.56132, 3.12536, -0.000707967
106.558, -0.00774366, -0.000335014, -11.5236, 1.56397, -1.5613, 3.12527, -0.00070852
106.599, -0.00708687, -0.000912711, -11.5023, 1.5639, -1.56128, 3.12518, -0.000709073
106.641, -0.00626657, -0.000651795, -11.4811, 1.56384, -1.56126, 3.1251, -0.000709627
106.683, -0.00603758, 0.000221763, -11.4599, 1.56377, -1.56124, 3.12501, -0.00071018
106.725, -0.0066469, 0.000963998, -11.4388, 1.56371, -1.56122, 3.12492, -0.000710734
106.766, -0.00763065, 0.000947986, -11.4177, 1.56364, -1.5612, 3.12484, -0.000711289
106.81, -0.00821938, 0.000154854, -11.3959, 1.56357, -1.56118, 3.12475, -0.000711864
106.853, -0.00791183, -0.000714882, -11.3741, 1.5635, -1.56115, 3.12466, -0.00071244
106.896, -0.00704862, -0.00088124, -11.3524, 1.56344, -1.56113, 3.12457, -0.000713016
106.94, -0.00646383, -0.000198904, -11.3307, 1.56337, -1.56111, 3.12448, -0.000713592
106.983, -0.00673682, 0.000720881, -11.309, 1.5633, -1.56109, 3.12439, -0.000714169
107.026, -0.00768135, 0.00106134, -11.2874, 1.56323, -1.56107, 3.1243, -0.000714746
107.07, -0.00851922, 0.000524433, -11.2659, 1.56317, -1.56105, 3.12421, -0.000715323
107.113, -0.00857256, -0.000412718, -11.2444, 1.5631, -1.56102, 3.12412, -0.0007159
107.157, -0.00785757, -0.000925713, -11.2229, 1.56303, -1.561, 3.12403, -0.000716478
107.2, -0.0070622, -0.000567896, -11.2015, 1.56296, -1.56098, 3.12395, -0.000717056
107.243, -0.00693869, 0.000344839, -11.1802, 1.5629, -1.56096, 3.12386, -0.000717634
107.287, -0.00764962, 0.00101735, -11.1589, 1.56283, -1.56094, 3.12377, -0.000718213
107.33, -0.00863414, 0.000868959, -11.1376, 1.56276, -1.56092, 3.12368, -0.000718792
107.373, -0.00910009, 3.16442e-05, -11.1164, 1.56269, -1.56089, 3.12359, -0.000719371
107.417, -0.00870748, -0.000771761, -11.0952, 1.56263, -1.56087, 3.1235, -0.00071995
107.46, -0.00785418, -0.000853462, -11.0741, 1.56256, -1.56085, 3.12341, -0.00072053
107.503, -0.00732783, -0.000147145, -11.053, 1.56249, -1.56083, 3.12332, -0.00072111
107.547, -0.00763149, 0.000742973, -11.032, 1.56243, -1.56081, 3.12323, -0.00072169
107.59, -0.00856082, 0.00106198, -11.011, 1.56236, -1.56079, 3.12315, -0.000722271
107.633, -0.00938492, 0.000543399, -10.99, 1.56229, -1.56077, 3.12306, -0.000722852
107.677, -0.00946749, -0.00037238, -10.9691, 1.56222, -1.56074, 3.12297, -0.000723433
107.722, -0.00876686, -0.000920689, -10.9475, 1.56215, -1.56072, 3.12288, -0.000724036
107.767, -0.00795506, -0.000582992, -10.926, 1.56209, -1.5607, 3.12278, -0.000724639
107.812, -0.00781681, 0.000335953, -10.9044, 1.56202, -1.56068, 3.12269, -0.000725242
107.857, -0.00853295, 0.00101865, -10.883, 1.56195, -1.56065, 3.1226, -0.000725846
107.902, -0.00952797, 0.000863266, -10.8615, 1.56188, -1.56063, 3.12251, -0.00072645
107.947, -0.00998575, 1.07996e-05, -10.8402, 1.56181, -1.56061, 3.12242, -0.000727055
107.991, -0.0095683, -0.000787618, -10.8188, 1.56174, -1.56059, 3.12233, -0.000727659
108.036, -0.00870528, -0.000834499, -10.7975, 1.56167, -1.56056, 3.12223, -0.000728264
108.081, -0.00821058, -9.26529e-05, -10.7763, 1.5616, -1.56054, 3.12214, -0.000728869
108.126, -0.00857158, 0.000790564, -10.7551, 1.56153, -1.56052, 3.12205, -0.000729475
108.171, -0.00953184, 0.00105114, -10.734, 1.56146, -1.5605, 3.12196, -0.000730081
108.216, -0.010321, 0.000467837, -10.7129, 1.56139, -1.56048, 3.12187, -0.000730687
108.261, -0.010322, -0.000454542, -10.6919, 1.56132, -1.56045, 3.12178, -0.000731294
108.308, -0.0095602, -0.000927028, -10.67, 1.56125, -1.56043, 3.12168, -0.000731925
108.355, -0.00878524, -0.000482169, -10.6482, 1.56118, -1.56041, 3.12159, -0.000732558
108.402, -0.00877133, 0.000468799, -10.6264, 1.56111, -1.56038, 3.12149, -0.00073319
108.448, -0.0095927, 0.0010573, -10.6047, 1.56104, -1.56036, 3.1214, -0.000733823
108.495, -0.010565, 0.000751274, -10.5831, 1.56096, -1.56034, 3.1213, -0.000734456
108.542, -0.0108734, -0.000167996, -10.5615, 1.56089, -1.56031, 3.12121, -0.00073509
108.589, -0.0103081, -0.000869436, -10.5399, 1.56082, -1.56029, 3.12111, -0.000735723
108.636, -0.00944504, -0.000724729, -10.5184, 1.56075, -1.56027, 3.12102, -0.000736357
108.682, -0.00912121, 0.000132575, -10.4969, 1.56068, -1.56024, 3.12092, -0.000736992
108.729, -0.00968594, 0.000935538, -10.4755, 1.56061, -1.56022, 3.12083, -0.000737627
108.776, -0.0106972, 0.000972195, -10.4542, 1.56053, -1.5602, 3.12073, -0.000738262
108.823, -0.0113222, 0.000214154, -10.4329, 1.56046, -1.56018, 3.12064, -0.000738897
108.87, -0.0110755, -0.00066698, -10.4116, 1.56039, -1.56015, 3.12054, -0.000739533
108.917, -0.0102406, -0.000897561, -10.3904, 1.56032, -1.56013, 3.12045, -0.000740169
108.963, -0.00961261, -0.000279313, -10.3693, 1.56025, -1.56011, 3.12035, -0.000740805
109.01, -0.00979928, 0.000645254, -10.3482, 1.56018, -1.56008, 3.12026, -0.000741442
109.057, -0.0106964, 0.00107274, -10.3271, 1.56011, -1.56006, 3.12017, -0.000742079
109.104, -0.0115867, 0.000636395, -10.3061, 1.56004, -1.56004, 3.12007, -0.000742717
109.151, -0.0117652, -0.000283622, -10.2851, 1.55996, -1.56001, 3.11998, -0.000743354
109.197, -0.0111435, -0.000895699, -10.2642, 1.55989, -1.55999, 3.11988, -0.000743992
109.244, -0.0103177, -0.000678356, -10.2434, 1.55982, -1.55997, 3.11979, -0.000744631
109.291, -0.0100523, 0.000179233, -10.2226, 1.55975, -1.55994, 3.11969, -0.000745269
109.338, -0.0106299, 0.000946621, -10.2018, 1.55968, -1.55992, 3.1196, -0.000745908
109.385, -0.0116181, 0.000976054, -10.1811, 1.55961, -1.5599, 3.11951, -0.000746548
109.431, -0.0122428, 0.000246653, -10.1604, 1.55954, -1.55988, 3.11941, -0.000747187
109.478, -0.0120417, -0.000625969, -10.1398, 1.55947, -1.55985, 3.11932, -0.000747827
109.525, -0.0112462, -0.000912031, -10.1192, 1.5594, -1.55983, 3.11922, -0.000748468
109.572, -0.0105805, -0.000376399, -10.0987, 1.55932, -1.55981, 3.11913, -0.000749108
109.619, -0.0106545, 0.000532681, -10.0782, 1.55925, -1.55978, 3.11904, -0.000749749
109.668, -0.0115126, 0.00106859, -10.0568, 1.55918, -1.55976, 3.11894, -0.000750423
109.717, -0.0124634, 0.000708679, -10.0354, 1.55911, -1.55973, 3.11884, -0.000751097
109.766, -0.0127198, -0.000219175, -10.014, 1.55903, -1.55971, 3.11874, -0.000751771
109.815, -0.0121226, -0.000882369, -9.99271, 1.55896, -1.55969, 3.11864, -0.000752446
109.865, -0.0112743, -0.000691634, -9.97146, 1.55888, -1.55966, 3.11854, -0.000753121
109.914, -0.0109945, 0.000179413, -9.95027, 1.55881, -1.55964, 3.11845, -0.000753796
109.963, -0.0115929, 0.000957658, -9.92912, 1.55873, -1.55961, 3.11835, -0.000754472
110.012, -0.0126034, 0.000958779, -9.90803, 1.55866, -1.55959, 3.11825, -0.000755148
110.061, -0.0132029, 0.000186038, -9.88698, 1.55859, -1.55957, 3.11815, -0.000755825
110.11, -0.0129347, -0.000681569, -9.86599, 1.55851, -1.55954, 3.11805, -0.000756502
110.16, -0.0121012, -0.000888794, -9.84505, 1.55844, -1.55952, 3.11796, -0.000757179
110.209, -0.0114915, -0.000259522, -9.82417, 1.55836, -1.55949, 3.11786, -0.000757857
110.258, -0.0116944, 0.000658816, -9.80333, 1.55829, -1.55947, 3.11776, -0.000758534
110.307, -0.0125946, 0.00107535, -9.78254, 1.55822, -1.55944, 3.11766, -0.000759213
110.356, -0.0134808, 0.000636206, -9.7618, 1.55814, -1.55942, 3.11756, -0.000759891
110.406, -0.0136602, -0.000279378, -9.74112, 1.55807, -1.5594, 3.11747, -0.00076057
110.455, -0.0130467, -0.000890888, -9.72048, 1.558, -1.55937, 3.11737, -0.00076125
110.504, -0.0122262, -0.000682363, -9.6999, 1.55792, -1.55935, 3.11727, -0.00076193
110.553, -0.0119535, 0.000166122, -9.67936, 1.55785, -1.55932, 3.11717, -0.00076261
110.602, -0.0125164, 0.000938806, -9.65888, 1.55777, -1.5593, 3.11707, -0.00076329
110.651, -0.0135013, 0.000989959, -9.63844, 1.5577, -1.55928, 3.11698, -0.000763971
110.701, -0.0141465, 0.000280948, -9.61805, 1.55763, -1.55925, 3.11688, -0.000764652
110.75, -0.0139795, -0.000595678, -9.59772, 1.55755, -1.55923, 3.11678, -0.000765334
110.799, -0.0132035, -0.00091432, -9.57743, 1.55748, -1.5592, 3.11668, -0.000766015
110.848, -0.012521, -0.000415532, -9.55719, 1.55741, -1.55918, 3.11659, -0.000766698
110.897, -0.0125515, 0.000487307, -9.537, 1.55733, -1.55916, 3.11649, -0.00076738
110.949, -0.0133748, 0.00106321, -9.51587, 1.55726, -1.55913, 3.11639, -0.000768097
111, -0.0143432, 0.000762834, -9.4948, 1.55718, -1.55911, 3.11629, -0.000768814
111.052, -0.0146665, -0.000142943, -9.47378, 1.5571, -1.55908, 3.11618, -0.000769531
111.104, -0.0141311, -0.0008521, -9.45281, 1.55703, -1.55905, 3.11608, -0.000770248
111.155, -0.0132791, -0.00074295, -9.4319, 1.55695, -1.55903, 3.11598, -0.000770967
111.207, -0.0129245, 8.46288e-05, -9.41104, 1.55687, -1.559, 3.11588, -0.000771685
111.258, -0.01344, 0.000906024, -9.39023, 1.5568, -1.55898, 3.11578, -0.000772404
111.31, -0.0144402, 0.00100895, -9.36948, 1.55672, -1.55895, 3.11567, -0.000773123
111.362, -0.0151245, 0.000308602, -9.34878, 1.55664, -1.55893, 3.11557, -0.000773843
111.413, -0.0149718, -0.000587925, -9.32813, 1.55657, -1.5589, 3.11547, -0.000774563
111.465, -0.0141832, -0.000911299, -9.30753, 1.55649, -1.55888, 3.11537, -0.000775283
111.516, -0.0135003, -0.000388671, -9.28699, 1.55641, -1.55885, 3.11527, -0.000776004
111.568, -0.0135678, 0.000531206, -9.26649, 1.55634, -1.55883, 3.11517, -0.000776725
111.619, -0.014389, 0.00106768, -9.24605, 1.55626, -1.5588, 3.11506, -0.000777446
111.671, -0.0153318, 0.000770812, -9.22566, 1.55619, -1.55878, 3.11496, -0.000778168
111.723, -0.0156681, -0.000105419, -9.20533, 1.55611, -1.55875, 3.11486, -0.000778891
111.774, -0.0151838, -0.000825088, -9.18504, 1.55603, -1.55873, 3.11476, -0.000779613
111.826, -0.0143502, -0.000789737, -9.1648, 1.55596, -1.5587, 3.11466, -0.000780337
111.88, -0.0139233, 1.66251e-05, -9.14356, 1.55588, -1.55868, 3.11455, -0.000781098
111.934, -0.0144011, 0.000879869, -9.12237, 1.5558, -1.55865, 3.11445, -0.00078186
111.989, -0.0154192, 0.00101968, -9.10124, 1.55572, -1.55862, 3.11434, -0.000782623
112.043, -0.0161301, 0.000314542, -9.08017, 1.55564, -1.5586, 3.11423, -0.000783385
112.097, -0.0159703, -0.00059873, -9.05915, 1.55556, -1.55857, 3.11413, -0.000784149
112.152, -0.0151587, -0.000903979, -9.03819, 1.55548, -1.55854, 3.11402, -0.000784912
112.206, -0.014491, -0.000333406, -9.01728, 1.5554, -1.55852, 3.11392, -0.000785677
112.26, -0.0146276, 0.000603298, -8.99643, 1.55532, -1.55849, 3.11381, -0.000786441
112.315, -0.0155138, 0.00107902, -8.97564, 1.55524, -1.55847, 3.1137, -0.000787206
112.369, -0.0164378, 0.000679293, -8.95489, 1.55516, -1.55844, 3.1136, -0.000787972
112.423, -0.016662, -0.000241575, -8.93421, 1.55508, -1.55841, 3.11349, -0.000788738
112.477, -0.0160646, -0.000879583, -8.91358, 1.555, -1.55839, 3.11339, -0.000789504
112.532, -0.0152367, -0.000683755, -8.893, 1.55492, -1.55836, 3.11328, -0.000790271
112.586, -0.014962, 0.000172321, -8.87248, 1.55484, -1.55833, 3.11317, -0.000791038
112.64, -0.0155414, 0.000949887, -8.85201, 1.55476, -1.55831, 3.11307, -0.000791806
112.695, -0.0165424, 0.000984732, -8.8316, 1.55468, -1.55828, 3.11296, -0.000792574
112.749, -0.017178, 0.00025164, -8.81124, 1.5546, -1.55825, 3.11286, -0.000793342
112.803, -0.0169787, -0.000623352, -8.79094, 1.55452, -1.55823, 3.11275, -0.000794111
112.858, -0.0161845, -0.000900727, -8.77069, 1.55444, -1.5582, 3.11265, -0.00079488
112.912, -0.015533, -0.000350724, -8.75049, 1.55436, -1.55818, 3.11254, -0.00079565
112.966, -0.0156349, 0.000561632, -8.73034, 1.55429, -1.55815, 3.11244, -0.00079642
113.023, -0.0165173, 0.00107875, -8.70926, 1.5542, -1.55812, 3.11232, -0.000797229
113.08, -0.017468, 0.000692269, -8.68823, 1.55412, -1.55809, 3.11221, -0.000798039
113.137, -0.0177028, -0.000243205, -8.66726, 1.55404, -1.55807, 3.1121, -0.000798849
113.194, -0.0170893, -0.000883097, -8.64635, 1.55395, -1.55804, 3.11199, -0.000799659
113.251, -0.0162561, -0.000656233, -8.62549, 1.55387, -1.55801, 3.11188, -0.00080047
113.308, -0.0160207, 0.000230125, -8.6047, 1.55379, -1.55798, 3.11177, -0.000801281
113.365, -0.0166619, 0.000985713, -8.58396, 1.55371, -1.55796, 3.11166, -0.000802093
113.422, -0.0176809, 0.000944025, -8.56328, 1.55362, -1.55793, 3.11155, -0.000802905
113.479, -0.0182521, 0.000146662, -8.54265, 1.55354, -1.5579, 3.11144, -0.000803718
113.536, -0.0179503, -0.000703585, -8.52209, 1.55346, -1.55787, 3.11133, -0.000804531
113.593, -0.0171158, -0.000865172, -8.50158, 1.55338, -1.55785, 3.11122, -0.000805345
113.65, -0.0165475, -0.000201914, -8.48112, 1.55329, -1.55782, 3.11111, -0.000806159
113.707, -0.016806, 0.000708331, -8.46072, 1.55321, -1.55779, 3.111, -0.000806973
113.764, -0.0177347, 0.00108132, -8.44038, 1.55313, -1.55776, 3.11089, -0.000807788
113.821, -0.0186049, 0.00060106, -8.4201, 1.55305, -1.55774, 3.11078, -0.000808604
113.878, -0.0187452, -0.000317733, -8.39987, 1.55296, -1.55771, 3.11067, -0.00080942
113.935, -0.0181108, -0.000892504, -8.3797, 1.55288, -1.55768, 3.11056, -0.000810236
113.992, -0.0173118, -0.000639581, -8.35958, 1.5528, -1.55766, 3.11045, -0.000811053
114.049, -0.0170903, 0.000223377, -8.33952, 1.55272, -1.55763, 3.11034, -0.000811871
114.106, -0.0176971, 0.000970111, -8.31951, 1.55264, -1.5576, 3.11024, -0.000812689
114.163, -0.0186896, 0.000978885, -8.29956, 1.55255, -1.55757, 3.11013, -0.000813507
114.223, -0.0193188, 0.000206997, -8.27882, 1.55247, -1.55754, 3.11001, -0.000814361
114.282, -0.0190627, -0.00067095, -8.25813, 1.55238, -1.55752, 3.1099, -0.000815216
114.341, -0.0182302, -0.000873956, -8.2375, 1.5523, -1.55749, 3.10978, -0.000816071
114.401, -0.0176368, -0.000226516, -8.21693, 1.55221, -1.55746, 3.10967, -0.000816926
114.46, -0.0178785, 0.000696117, -8.19642, 1.55213, -1.55743, 3.10956, -0.000817782
114.52, -0.018813, 0.00108371, -8.17597, 1.55204, -1.5574, 3.10944, -0.000818639
114.579, -0.0196948, 0.000601597, -8.15557, 1.55196, -1.55737, 3.10933, -0.000819496
114.639, -0.0198324, -0.000325947, -8.13524, 1.55187, -1.55734, 3.10922, -0.000820354
114.698, -0.019185, -0.000894187, -8.11496, 1.55179, -1.55732, 3.1091, -0.000821212
114.758, -0.0183877, -0.000616288, -8.09474, 1.5517, -1.55729, 3.10899, -0.00082207
114.817, -0.018197, 0.000264549, -8.07458, 1.55162, -1.55726, 3.10888, -0.000822929
114.876, -0.0188441, 0.000993696, -8.05448, 1.55153, -1.55723, 3.10876, -0.000823789
114.936, -0.0198464, 0.000953451, -8.03443, 1.55145, -1.5572, 3.10865, -0.000824649
114.998, -0.0204331, 0.000143553, -8.01362, 1.55136, -1.55717, 3.10853, -0.000825545
115.06, -0.0201165, -0.000714502, -7.99287, 1.55127, -1.55714, 3.10841, -0.000826442
115.122, -0.0192672, -0.000846669, -7.97218, 1.55118, -1.55711, 3.1083, -0.00082734
115.183, -0.0187298, -0.000138877, -7.95155, 1.5511, -1.55708, 3.10818, -0.000828237
115.245, -0.0190607, 0.000771549, -7.93099, 1.55101, -1.55705, 3.10806, -0.000829136
115.307, -0.0200384, 0.00107431, -7.91048, 1.55092, -1.55702, 3.10794, -0.000830035
115.369, -0.0208717, 0.000505679, -7.89004, 1.55083, -1.557, 3.10783, -0.000830934
115.431, -0.0209052, -0.000427977, -7.86966, 1.55074, -1.55697, 3.10771, -0.000831835
115.493, -0.0201916, -0.000906138, -7.84933, 1.55066, -1.55694, 3.10759, -0.000832735
115.555, -0.0194345, -0.000514662, -7.82907, 1.55057, -1.55691, 3.10747, -0.000833637
115.617, -0.0193673, 0.000401229, -7.80887, 1.55048, -1.55688, 3.10736, -0.000834538
115.679, -0.0201191, 0.00104723, -7.78873, 1.55039, -1.55685, 3.10724, -0.000835441
115.74, -0.0211137, 0.000869958, -7.76864, 1.55031, -1.55682, 3.10712, -0.000836344
115.802, -0.0215734, 2.65623e-05, -7.74862, 1.55022, -1.55679, 3.10701, -0.000837247
115.864, -0.0211847, -0.000760382, -7.72866, 1.55013, -1.55676, 3.10689, -0.000838151
115.926, -0.0203566, -0.000824259, -7.70875, 1.55004, -1.55673, 3.10677, -0.000839056
115.988, -0.0198639, -0.000115765, -7.6889, 1.54996, -1.5567, 3.10666, -0.000839961
116.05, -0.0201911, 0.000765547, -7.66912, 1.54987, -1.55667, 3.10654, -0.000840866
116.112, -0.0211325, 0.0010825, -7.64939, 1.54978, -1.55664, 3.10642, -0.000841773
116.174, -0.0219737, 0.000575425, -7.62972, 1.5497, -1.55661, 3.10631, -0.000842679
116.236, -0.0220915, -0.000330587, -7.61011, 1.54961, -1.55658, 3.10619, -0.000843587
116.301, -0.0214249, -0.000894308, -7.58961, 1.54952, -1.55655, 3.10607, -0.000844538
116.365, -0.0206294, -0.000575285, -7.56918, 1.54943, -1.55652, 3.10595, -0.00084549
116.43, -0.020494, 0.000337074, -7.54882, 1.54933, -1.55649, 3.10582, -0.000846443
116.495, -0.0212147, 0.00103178, -7.52852, 1.54924, -1.55646, 3.1057, -0.000847396
116.56, -0.0222312, 0.000898895, -7.50828, 1.54915, -1.55643, 3.10558, -0.00084835
116.625, -0.0227307, 6.05556e-05, -7.4881, 1.54906, -1.5564, 3.10546, -0.000849305
116.69, -0.0223605, -0.000747597, -7.46798, 1.54897, -1.55637, 3.10534, -0.00085026
116.755, -0.0215262, -0.000824681, -7.44793, 1.54888, -1.55634, 3.10522, -0.000851216
116.82, -0.0210292, -0.000108947, -7.42794, 1.54879, -1.55631, 3.1051, -0.000852172
116.884, -0.0213718, 0.000779767, -7.40801, 1.5487, -1.55627, 3.10497, -0.000853129
116.949, -0.022333, 0.00108105, -7.38814, 1.54861, -1.55624, 3.10485, -0.000854087
117.014, -0.0231682, 0.000542857, -7.36834, 1.54852, -1.55621, 3.10473, -0.000855045
117.079, -0.0232482, -0.00037361, -7.34859, 1.54843, -1.55618, 3.10461, -0.000856004
117.147, -0.022551, -0.000898441, -7.32808, 1.54833, -1.55615, 3.10448, -0.000857003
117.214, -0.0217744, -0.000524952, -7.30764, 1.54824, -1.55612, 3.10436, -0.000858004
117.282, -0.0217015, 0.000405143, -7.28727, 1.54815, -1.55609, 3.10423, -0.000859004
117.349, -0.0224765, 0.00105655, -7.26696, 1.54805, -1.55605, 3.10411, -0.000860006
117.417, -0.0234876, 0.000851926, -7.24671, 1.54796, -1.55602, 3.10398, -0.000861008
117.485, -0.0239214, -2.15041e-05, -7.22653, 1.54787, -1.55599, 3.10386, -0.000862011
117.552, -0.0234825, -0.00078991, -7.20641, 1.54777, -1.55596, 3.10373, -0.000863015
117.62, -0.0226435, -0.000780783, -7.18636, 1.54768, -1.55593, 3.1036, -0.000864019
117.687, -0.0222198, -7.32938e-06, -7.16637, 1.54758, -1.55589, 3.10348, -0.000865024
117.755, -0.022657, 0.000854722, -7.14645, 1.54749, -1.55586, 3.10335, -0.000866029
117.822, -0.0236526, 0.00106138, -7.12659, 1.5474, -1.55583, 3.10323, -0.000867035
117.89, -0.0244284, 0.000440066, -7.10679, 1.5473, -1.5558, 3.1031, -0.000868042
117.958, -0.0244034, -0.000472824, -7.08706, 1.54721, -1.55577, 3.10298, -0.00086905
118.028, -0.0236543, -0.000899376, -7.06672, 1.54711, -1.55573, 3.10285, -0.000870092
118.097, -0.0229312, -0.000429226, -7.04645, 1.54702, -1.5557, 3.10272, -0.000871135
118.167, -0.0229664, 0.000511117, -7.02624, 1.54692, -1.55567, 3.10259, -0.000872179
118.237, -0.0238088, 0.00108229, -7.0061, 1.54683, -1.55564, 3.10246, -0.000873224
118.307, -0.0247925, 0.000781897, -6.98603, 1.54673, -1.5556, 3.10233, -0.000874269
118.377, -0.0251355, -0.000119329, -6.96602, 1.54663, -1.55557, 3.1022, -0.000875315
118.447, -0.0246262, -0.000828101, -6.94608, 1.54654, -1.55554, 3.10207, -0.000876362
118.517, -0.0237976, -0.00072854, -6.9262, 1.54644, -1.5555, 3.10195, -0.000877409
118.589, -0.0234561, 0.000120205, -6.90572, 1.54634, -1.55547, 3.10181, -0.000878493
118.661, -0.0240284, 0.00094812, -6.88531, 1.54624, -1.55544, 3.10168, -0.000879577
118.734, -0.0250767, 0.00100145, -6.86497, 1.54615, -1.5554, 3.10155, -0.000880662
118.806, -0.0257375, 0.000237763, -6.8447, 1.54605, -1.55537, 3.10141, -0.000881748
118.878, -0.0255072, -0.000648683, -6.8245, 1.54595, -1.55533, 3.10128, -0.000882835
118.95, -0.0246872, -0.000862434, -6.80436, 1.54585, -1.5553, 3.10115, -0.000883922
119.023, -0.0241007, -0.000217733, -6.7843, 1.54575, -1.55527, 3.10102, -0.00088501
119.095, -0.0243531, 0.000707824, -6.7643, 1.54565, -1.55523, 3.10088, -0.000886099
119.167, -0.0253027, 0.00109638, -6.74437, 1.54555, -1.5552, 3.10075, -0.000887188
119.239, -0.0261979, 0.000611395, -6.72451, 1.54546, -1.55517, 3.10062, -0.000888279
119.312, -0.0263443, -0.000317549, -6.70471, 1.54536, -1.55513, 3.10049, -0.00088937
119.384, -0.0257056, -0.000881267, -6.68498, 1.54526, -1.5551, 3.10036, -0.000890462
119.456, -0.0249234, -0.000595981, -6.66532, 1.54516, -1.55506, 3.10022, -0.000891554
119.528, -0.024754, 0.000287447, -6.64573, 1.54506, -1.55503, 3.10009, -0.000892647
119.601, -0.0254211, 0.00101094, -6.6262, 1.54496, -1.555, 3.09996, -0.000893742
119.673, -0.0264354, 0.000961863, -6.60673, 1.54487, -1.55496, 3.09983, -0.000894836
119.748, -0.0270279, 0.00014618, -6.58649, 1.54476, -1.55493, 3.09969, -0.00089598
119.824, -0.0267149, -0.000707295, -6.56632, 1.54466, -1.55489, 3.09955, -0.000897124
119.899, -0.0258779, -0.000827458, -6.54622, 1.54456, -1.55486, 3.09942, -0.000898269
119.975, -0.025364, -0.000111791, -6.52619, 1.54446, -1.55482, 3.09928, -0.000899414
120.05, -0.0257204, 0.000794614, -6.50624, 1.54436, -1.55479, 3.09914, -0.000900561
120.125, -0.0267145, 0.00108584, -6.48635, 1.54426, -1.55475, 3.09901, -0.000901708
120.201, -0.0275536, 0.000509708, -6.46653, 1.54415, -1.55472, 3.09887, -0.000902857
120.276, -0.0275915, -0.000421215, -6.44678, 1.54405, -1.55468, 3.09873, -0.000904006
120.352, -0.0268899, -0.000891432, -6.4271, 1.54395, -1.55465, 3.0986, -0.000905155
120.427, -0.0261515, -0.000496134, -6.40749, 1.54385, -1.55461, 3.09846, -0.000906306
120.502, -0.0261014, 0.000417072, -6.38795, 1.54375, -1.55458, 3.09832, -0.000907457
120.578, -0.0268642, 0.00106068, -6.36848, 1.54365, -1.55454, 3.09819, -0.00090861
120.653, -0.0278691, 0.000887707, -6.34908, 1.54355, -1.55451, 3.09805, -0.000909763
120.729, -0.0283473, 5.14232e-05, -6.32974, 1.54344, -1.55447, 3.09792, -0.000910916
120.804, -0.0279846, -0.000737185, -6.31047, 1.54334, -1.55444, 3.09778, -0.000912071
120.88, -0.0271766, -0.000816576, -6.29127, 1.54324, -1.5544, 3.09764, -0.000913226
120.955, -0.026685, -0.000125779, -6.27214, 1.54314, -1.55437, 3.09751, -0.000914383
121.03, -0.026999, 0.000756329, -6.25307, 1.54304, -1.55433, 3.09737, -0.00091554
121.106, -0.0279363, 0.00110073, -6.23407, 1.54294, -1.5543, 3.09724, -0.000916698
121.181, -0.0288059, 0.000629241, -6.21514, 1.54284, -1.55426, 3.0971, -0.000917856
121.257, -0.0289809, -0.000267004, -6.19627, 1.54274, -1.55423, 3.09697, -0.000919016
121.336, -0.0283653, -0.000868253, -6.17652, 1.54263, -1.55419, 3.09682, -0.000920235
121.415, -0.027572, -0.000605539, -6.15683, 1.54253, -1.55415, 3.09668, -0.000921455
121.494, -0.0273921, 0.000283633, -6.13722, 1.54242, -1.55412, 3.09654, -0.000922676
121.574, -0.0280699, 0.00101776, -6.11768, 1.54232, -1.55408, 3.0964, -0.000923898
121.653, -0.0291014, 0.000960769, -6.09821, 1.54221, -1.55404, 3.09625, -0.000925121
121.732, -0.029684, 0.000168412, -6.07881, 1.54211, -1.55401, 3.09611, -0.000926345
121.811, -0.0294115, -0.000673153, -6.05949, 1.542, -1.55397, 3.09597, -0.00092757
121.891, -0.0286129, -0.000845264, -6.04023, 1.5419, -1.55393, 3.09583, -0.000928795
121.97, -0.0280588, -0.00020708, -6.02105, 1.54179, -1.5539, 3.09569, -0.000930022
122.049, -0.0283029, 0.000696965, -6.00193, 1.54169, -1.55386, 3.09555, -0.000931249
122.131, -0.0292597, 0.00110624, -5.98221, 1.54158, -1.55382, 3.0954, -0.000932521
122.213, -0.0301766, 0.000629239, -5.96256, 1.54147, -1.55378, 3.09525, -0.000933794
122.295, -0.0303394, -0.000304986, -5.94298, 1.54136, -1.55375, 3.09511, -0.000935068
122.377, -0.0297064, -0.000871838, -5.92348, 1.54125, -1.55371, 3.09496, -0.000936343
122.46, -0.0289312, -0.00057919, -5.90405, 1.54115, -1.55367, 3.09482, -0.000937619
122.542, -0.0287815, 0.00031216, -5.88469, 1.54104, -1.55363, 3.09467, -0.000938896
122.624, -0.0294743, 0.00102867, -5.86541, 1.54093, -1.55359, 3.09453, -0.000940174
122.706, -0.0305013, 0.000957727, -5.8462, 1.54082, -1.55356, 3.09438, -0.000941453
122.791, -0.0310823, 0.000126481, -5.82626, 1.54071, -1.55352, 3.09423, -0.000942787
122.877, -0.0307519, -0.000715627, -5.8064, 1.5406, -1.55348, 3.09408, -0.000944121
122.962, -0.0299195, -0.000803897, -5.78662, 1.54049, -1.55344, 3.09393, -0.000945456
123.048, -0.0294412, -6.48251e-05, -5.76691, 1.54037, -1.5534, 3.09377, -0.000946793
123.133, -0.029843, 0.000832384, -5.74728, 1.54026, -1.55336, 3.09362, -0.000948131
123.219, -0.0308593, 0.00108747, -5.72773, 1.54015, -1.55332, 3.09347, -0.000949469
123.305, -0.031684, 0.000480346, -5.70826, 1.54004, -1.55328, 3.09332, -0.000950809
123.39, -0.0316916, -0.000447366, -5.68886, 1.53993, -1.55324, 3.09317, -0.000952149
123.476, -0.0309799, -0.000881751, -5.66954, 1.53982, -1.5532, 3.09302, -0.000953491
123.561, -0.03027, -0.000449423, -5.65029, 1.5397, -1.55316, 3.09287, -0.000954834
123.647, -0.0302709, 0.000469283, -5.63112, 1.53959, -1.55313, 3.09272, -0.000956177
123.732, -0.0310711, 0.00108239, -5.61202, 1.53948, -1.55309, 3.09257, -0.000957522
123.818, -0.0320764, 0.000870101, -5.593, 1.53937, -1.55305, 3.09242, -0.000958868
123.903, -0.0325276, 1.95693e-05, -5.57405, 1.53926, -1.55301, 3.09227, -0.000960215
123.989, -0.032143, -0.000747503, -5.55518, 1.53915, -1.55297, 3.09212, -0.000961562
124.074, -0.0313442, -0.00078989, -5.53638, 1.53904, -1.55293, 3.09197, -0.000962911
124.163, -0.0308888, -4.59004e-05, -5.517, 1.53892, -1.55289, 3.09181, -0.000964308
124.251, -0.0312999, 0.000839944, -5.4977, 1.53881, -1.55285, 3.09166, -0.000965707
124.34, -0.0323104, 0.00109208, -5.47847, 1.5387, -1.55281, 3.0915, -0.000967106
124.428, -0.0331365, 0.000497278, -5.45932, 1.53858, -1.55277, 3.09135, -0.000968506
124.517, -0.0331654, -0.000423338, -5.44025, 1.53847, -1.55273, 3.09119, -0.000969908
124.609, -0.0324466, -0.000877686, -5.42057, 1.53835, -1.55269, 3.09103, -0.000971361
124.7, -0.0317302, -0.000424613, -5.40098, 1.53823, -1.55264, 3.09088, -0.000972815
124.792, -0.0317702, 0.000518671, -5.38146, 1.53811, -1.5526, 3.09072, -0.000974271
124.884, -0.0326298, 0.00110142, -5.36203, 1.53799, -1.55256, 3.09056, -0.000975728
124.976, -0.0336402, 0.000807602, -5.34267, 1.53788, -1.55252, 3.0904, -0.000977186
125.067, -0.0340095, -9.43916e-05, -5.3234, 1.53776, -1.55248, 3.09024, -0.000978645
125.159, -0.0335221, -0.000805228, -5.3042, 1.53764, -1.55244, 3.09008, -0.000980105
125.251, -0.0327143, -0.000705114, -5.28509, 1.53752, -1.55239, 3.08992, -0.000981567
125.346, -0.0323965, 0.000144867, -5.26541, 1.5374, -1.55235, 3.08975, -0.000983079
125.44, -0.0329931, 0.000971312, -5.24581, 1.53728, -1.55231, 3.08959, -0.000984593
125.535, -0.0340627, 0.00102205, -5.2263, 1.53716, -1.55226, 3.08943, -0.000986108
125.63, -0.034743, 0.000258651, -5.20687, 1.53704, -1.55222, 3.08926, -0.000987624
125.725, -0.034535, -0.000625257, -5.18752, 1.53692, -1.55218, 3.0891, -0.000989142
125.82, -0.0337404, -0.000839599, -5.16826, 1.5368, -1.55214, 3.08893, -0.000990661
125.915, -0.0331757, -0.000200333, -5.14907, 1.53668, -1.55209, 3.08877, -0.000992181
126.01, -0.0334419, 0.00072232, -5.12997, 1.53656, -1.55205, 3.08861, -0.000993702
126.104, -0.034404, 0.00111955, -5.11096, 1.53644, -1.55201, 3.08844, -0.000995224
126.199, -0.0353248, 0.000651703, -5.09202, 1.53632, -1.55196, 3.08828, -0.000996748
126.294, -0.0355145, -0.000269509, -5.07316, 1.5362, -1.55192, 3.08812, -0.000998273
126.389, -0.0349204, -0.000850731, -5.05439, 1.53608, -1.55188, 3.08796, -0.000999799
126.484, -0.0341571, -0.000600534, -5.03569, 1.53596, -1.55184, 3.08779, -0.00100133
126.579, -0.0339723, 0.000262286, -5.01708, 1.53584, -1.55179, 3.08763, -0.00100286
126.673, -0.0346161, 0.0010085, -4.99854, 1.53572, -1.55175, 3.08747, -0.00100439
126.768, -0.035644, 0.00101778, -4.98008, 1.5356, -1.55171, 3.0873, -0.00100592
126.867, -0.0363123, 0.000248476, -4.96089, 1.53547, -1.55166, 3.08714, -0.00100752
126.966, -0.0360989, -0.000627017, -4.94178, 1.53535, -1.55162, 3.08697, -0.00100912
127.065, -0.0353111, -0.000833688, -4.92276, 1.53522, -1.55157, 3.0868, -0.00101072
127.165, -0.034755, -0.000196304, -4.90382, 1.5351, -1.55153, 3.08663, -0.00101233
127.264, -0.0350212, 0.000722024, -4.88497, 1.53497, -1.55148, 3.08646, -0.00101393
127.363, -0.035979, 0.00112451, -4.8662, 1.53485, -1.55144, 3.08629, -0.00101554
127.462, -0.0369058, 0.000670736, -4.84751, 1.53473, -1.5514, 3.08612, -0.00101715
127.561, -0.0371172, -0.000243696, -4.82891, 1.5346, -1.55135, 3.08595, -0.00101876
127.66, -0.0365461, -0.000839675, -4.81039, 1.53448, -1.55131, 3.08579, -0.00102037
127.759, -0.0357844, -0.000618871, -4.79195, 1.53435, -1.55126, 3.08562, -0.00102198
127.858, -0.0355731, 0.00022677, -4.77359, 1.53423, -1.55122, 3.08545, -0.00102359
127.957, -0.0361845, 0.000990516, -4.75531, 1.53411, -1.55117, 3.08528, -0.00102521
128.056, -0.0372089, 0.00104486, -4.73711, 1.53398, -1.55113, 3.08511, -0.00102683
128.159, -0.0379197, 0.000312698, -4.71821, 1.53386, -1.55108, 3.08494, -0.00102851
128.263, -0.0377688, -0.000576306, -4.69939, 1.53373, -1.55104, 3.08476, -0.0010302
128.366, -0.0370083, -0.000845486, -4.68065, 1.5336, -1.55099, 3.08459, -0.0010319
128.47, -0.0364133, -0.000267828, -4.66201, 1.53347, -1.55094, 3.08441, -0.00103359
128.573, -0.0366031, 0.00065248, -4.64344, 1.53334, -1.5509, 3.08424, -0.00103528
128.681, -0.037565, 0.0011297, -4.62416, 1.53321, -1.55085, 3.08406, -0.00103705
128.789, -0.0385446, 0.000693648, -4.60496, 1.53308, -1.5508, 3.08388, -0.00103883
128.897, -0.0387727, -0.000249606, -4.58585, 1.53294, -1.55075, 3.0837, -0.0010406
129.005, -0.0381716, -0.00084373, -4.56684, 1.53281, -1.55071, 3.08351, -0.00104237
129.113, -0.0374071, -0.00056017, -4.54792, 1.53268, -1.55066, 3.08333, -0.00104415
129.221, -0.0372781, 0.000340527, -4.52909, 1.53254, -1.55061, 3.08315, -0.00104593
129.328, -0.0380089, 0.00105842, -4.51034, 1.53241, -1.55056, 3.08297, -0.00104771
129.436, -0.0390676, 0.000967784, -4.49169, 1.53228, -1.55051, 3.08279, -0.00104949
129.544, -0.0396468, 0.000156045, -4.47313, 1.53214, -1.55046, 3.08261, -0.00105128
129.652, -0.0393667, -0.000669646, -4.45465, 1.53201, -1.55042, 3.08243, -0.00105306
129.76, -0.0385889, -0.000802874, -4.43626, 1.53188, -1.55037, 3.08225, -0.00105485
129.868, -0.0380906, -0.000137441, -4.41796, 1.53175, -1.55032, 3.08207, -0.00105663
129.976, -0.0383997, 0.000758438, -4.39975, 1.53162, -1.55027, 3.08189, -0.00105842
130.084, -0.0393598, 0.00113418, -4.38162, 1.53148, -1.55023, 3.08171, -0.00106022
130.192, -0.0402773, 0.000684011, -4.36358, 1.53135, -1.55018, 3.08153, -0.00106201
130.3, -0.0405061, -0.000212654, -4.34562, 1.53122, -1.55013, 3.08135, -0.0010638
130.413, -0.0399396, -0.000828903, -4.32696, 1.53108, -1.55008, 3.08116, -0.00106568
130.525, -0.0391752, -0.000592043, -4.30839, 1.53095, -1.55003, 3.08098, -0.00106756
130.638, -0.0390004, 0.000282825, -4.28991, 1.53081, -1.54998, 3.08079, -0.00106944
130.751, -0.0396783, 0.00103313, -4.27152, 1.53067, -1.54993, 3.0806, -0.00107132
130.864, -0.0407359, 0.00101727, -4.25322, 1.53054, -1.54988, 3.08042, -0.0010732
130.976, -0.0413856, 0.000257395, -4.23501, 1.5304, -1.54983, 3.08023, -0.00107508
131.089, -0.041199, -0.000596799, -4.21689, 1.53026, -1.54978, 3.08004, -0.00107697
131.202, -0.0404553, -0.000828721, -4.19886, 1.53013, -1.54973, 3.07986, -0.00107886
131.315, -0.0398917, -0.000252073, -4.18092, 1.52999, -1.54968, 3.07967, -0.00108075
131.427, -0.0400828, 0.000649566, -4.16307, 1.52985, -1.54963, 3.07949, -0.00108264
131.547, -0.0410447, 0.00114031, -4.14415, 1.52971, -1.54958, 3.07929, -0.00108466
131.667, -0.0420416, 0.000723498, -4.12534, 1.52957, -1.54953, 3.07909, -0.00108667
131.788, -0.0423032, -0.000213764, -4.10662, 1.52942, -1.54947, 3.07889, -0.00108869
131.908, -0.0417329, -0.000825715, -4.088, 1.52928, -1.54942, 3.0787, -0.00109072
132.028, -0.0409746, -0.000572058, -4.06947, 1.52913, -1.54937, 3.0785, -0.00109274
132.148, -0.0408252, 0.000314455, -4.05104, 1.52899, -1.54931, 3.0783, -0.00109477
132.268, -0.041534, 0.0010528, -4.03271, 1.52885, -1.54926, 3.07811, -0.0010968
132.388, -0.0426019, 0.00100556, -4.01448, 1.5287, -1.54921, 3.07791, -0.00109883
132.508, -0.0432307, 0.000222677, -3.99633, 1.52856, -1.54916, 3.07771, -0.00110086
132.628, -0.0430121, -0.000620216, -3.97829, 1.52841, -1.5491, 3.07752, -0.00110289
132.748, -0.0422613, -0.000810028, -3.96034, 1.52827, -1.54905, 3.07732, -0.00110493
132.868, -0.0417332, -0.000194773, -3.94248, 1.52813, -1.549, 3.07713, -0.00110696
132.988, -0.0419826, 0.000705723, -3.92471, 1.52799, -1.54895, 3.07693, -0.001109
133.114, -0.0429666, 0.00114766, -3.90616, 1.52784, -1.54889, 3.07673, -0.00111115
133.241, -0.0439415, 0.00069876, -3.8877, 1.52769, -1.54884, 3.07652, -0.00111329
133.367, -0.0441764, -0.000232455, -3.86935, 1.52754, -1.54878, 3.07632, -0.00111544
133.493, -0.043605, -0.000822271, -3.8511, 1.52739, -1.54873, 3.07611, -0.00111759
133.619, -0.0428639, -0.000560908, -3.83294, 1.52724, -1.54867, 3.07591, -0.00111974
133.745, -0.0427232, 0.000316559, -3.81489, 1.52709, -1.54862, 3.07571, -0.0011219
133.871, -0.0434234, 0.00105284, -3.79693, 1.52694, -1.54856, 3.0755, -0.00112405
133.997, -0.044487, 0.00102583, -3.77907, 1.52679, -1.54851, 3.0753, -0.00112621
134.128, -0.0451502, 0.000229221, -3.76059, 1.52664, -1.54845, 3.07509, -0.00112846
134.259, -0.0449212, -0.00063011, -3.7422, 1.52648, -1.54839, 3.07488, -0.00113071
134.391, -0.0441514, -0.000787094, -3.72392, 1.52633, -1.54834, 3.07467, -0.00113296
134.522, -0.0436612, -0.000111491, -3.70574, 1.52618, -1.54828, 3.07445, -0.00113522
134.653, -0.0440094, 0.000797311, -3.68767, 1.52602, -1.54822, 3.07424, -0.00113748
134.784, -0.0450176, 0.00115079, -3.6697, 1.52587, -1.54816, 3.07403, -0.00113974
134.916, -0.0459449, 0.000653198, -3.65182, 1.52572, -1.54811, 3.07382, -0.001142
135.047, -0.0461348, -0.000261774, -3.63405, 1.52556, -1.54805, 3.07361, -0.00114427
135.183, -0.0455371, -0.000823712, -3.61574, 1.5254, -1.54799, 3.0734, -0.00114662
135.319, -0.0448123, -0.000506463, -3.59754, 1.52525, -1.54793, 3.07318, -0.00114897
135.455, -0.0447415, 0.000399491, -3.57944, 1.52509, -1.54787, 3.07296, -0.00115132
135.591, -0.0455167, 0.00109512, -3.56144, 1.52493, -1.54782, 3.07275, -0.00115368
135.727, -0.0465925, 0.000980961, -3.54355, 1.52477, -1.54776, 3.07253, -0.00115604
135.868, -0.0471825, 0.000129667, -3.5251, 1.52461, -1.5477, 3.0723, -0.00115849
136.009, -0.0468655, -0.000687221, -3.50675, 1.52444, -1.54764, 3.07208, -0.00116094
136.15, -0.0460861, -0.000733202, -3.48851, 1.52428, -1.54757, 3.07186, -0.0011634
136.291, -0.0456918, 2.34116e-05, -3.47039, 1.52412, -1.54751, 3.07163, -0.00116586
136.433, -0.0461703, 0.000903759, -3.45237, 1.52396, -1.54745, 3.07141, -0.00116832
136.574, -0.0472338, 0.00113577, -3.43446, 1.52379, -1.54739, 3.07119, -0.00117078
136.715, -0.0480931, 0.000527171, -3.41666, 1.52363, -1.54733, 3.07096, -0.00117325
136.856, -0.048152, -0.000387643, -3.39896, 1.52347, -1.54727, 3.07074, -0.00117572
137.002, -0.0474812, -0.000825731, -3.38076, 1.5233, -1.54721, 3.07051, -0.00117827
137.148, -0.0468248, -0.000368931, -3.36267, 1.52313, -1.54715, 3.07028, -0.00118084
137.294, -0.0469147, 0.000565495, -3.34469, 1.52297, -1.54708, 3.07005, -0.0011834
137.44, -0.0478089, 0.00114949, -3.32682, 1.5228, -1.54702, 3.06982, -0.00118597
137.586, -0.048863, 0.000879475, -3.30907, 1.52263, -1.54696, 3.06959, -0.00118853
137.732, -0.0493091, 4.32669e-07, -3.29142, 1.52247, -1.5469, 3.06936, -0.00119111
137.878, -0.0489166, -0.000727901, -3.27388, 1.5223, -1.54683, 3.06913, -0.00119368
138.024, -0.0481694, -0.000690838, -3.25645, 1.52213, -1.54677, 3.06891, -0.00119626
138.177, -0.047841, 0.000112792, -3.23835, 1.52196, -1.54671, 3.06867, -0.00119895
138.329, -0.0484066, 0.000969658, -3.22037, 1.52179, -1.54664, 3.06843, -0.00120165
138.482, -0.0495048, 0.00111773, -3.20251, 1.52162, -1.54658, 3.06819, -0.00120435
138.635, -0.0503137, 0.000437138, -3.18476, 1.52144, -1.54651, 3.06795, -0.00120706
138.787, -0.0502829, -0.00046707, -3.16713, 1.52127, -1.54645, 3.06772, -0.00120976
138.94, -0.0495992, -0.000811434, -3.1496, 1.5211, -1.54638, 3.06748, -0.00121247
139.092, -0.0490022, -0.00030916, -3.13219, 1.52093, -1.54632, 3.06724, -0.00121519
139.245, -0.0491402, 0.000604293, -3.11489, 1.52075, -1.54625, 3.06701, -0.0012179
139.404, -0.0500767, 0.00116641, -3.09699, 1.52058, -1.54618, 3.06676, -0.00122074
139.563, -0.0511373, 0.000848127, -3.07921, 1.5204, -1.54612, 3.06652, -0.00122357
139.721, -0.0515417, -5.64493e-05, -3.06154, 1.52022, -1.54605, 3.06627, -0.00122641
139.88, -0.0511018, -0.000748549, -3.044, 1.52004, -1.54598, 3.06602, -0.00122925
140.039, -0.0503632, -0.000632707, -3.02657, 1.51986, -1.54592, 3.06578, -0.0012321
140.205, -0.0501209, 0.000219622, -3.00855, 1.51968, -1.54585, 3.06553, -0.00123506
140.37, -0.0507842, 0.00103761, -2.99066, 1.5195, -1.54578, 3.06527, -0.00123803
140.535, -0.051909, 0.001087, -2.9729, 1.51931, -1.54571, 3.06502, -0.001241
140.7, -0.0526517, 0.000335948, -2.95526, 1.51913, -1.54564, 3.06476, -0.00124397
140.866, -0.0525262, -0.000542261, -2.93773, 1.51894, -1.54557, 3.06451, -0.00124695
141.031, -0.0518142, -0.000780875, -2.92033, 1.51876, -1.5455, 3.06426, -0.00124993
141.196, -0.0512949, -0.000183283, -2.90304, 1.51858, -1.54543, 3.06401, -0.00125291
141.362, -0.0515631, 0.000730152, -2.88588, 1.5184, -1.54536, 3.06375, -0.0012559
141.534, -0.0525839, 0.00118757, -2.86809, 1.51821, -1.54529, 3.06349, -0.00125902
141.706, -0.0536068, 0.000747653, -2.85043, 1.51802, -1.54521, 3.06323, -0.00126214
141.879, -0.0538907, -0.000183663, -2.8329, 1.51783, -1.54514, 3.06297, -0.00126527
142.051, -0.0533642, -0.000778774, -2.81549, 1.51764, -1.54507, 3.0627, -0.0012684
142.224, -0.0526624, -0.000524441, -2.79821, 1.51745, -1.545, 3.06244, -0.00127154
142.396, -0.0525543, 0.000348376, -2.78105, 1.51726, -1.54492, 3.06218, -0.00127468
142.569, -0.0532833, 0.00108889, -2.764, 1.51707, -1.54485, 3.06192, -0.00127782
142.741, -0.0543824, 0.00107747, -2.74708, 1.51688, -1.54478, 3.06166, -0.00128097
142.921, -0.0551022, 0.0002947, -2.72954, 1.51668, -1.54471, 3.06139, -0.00128426
143.101, -0.0549382, -0.000569144, -2.71212, 1.51649, -1.54463, 3.06112, -0.00128755
143.281, -0.0542212, -0.000752288, -2.69484, 1.51629, -1.54456, 3.06085, -0.00129085
143.461, -0.0537534, -0.00010554, -2.67768, 1.5161, -1.54448, 3.06058, -0.00129415
143.641, -0.0541006, 0.000803274, -2.66064, 1.5159, -1.54441, 3.06031, -0.00129746
143.821, -0.0551209, 0.00119944, -2.64374, 1.51571, -1.54433, 3.06004, -0.00130077
144.001, -0.0561115, 0.000759698, -2.62695, 1.51551, -1.54426, 3.05977, -0.00130409
144.182, -0.056413, -0.000137189, -2.61029, 1.51532, -1.54418, 3.0595, -0.00130741
144.369, -0.0559188, -0.00075847, -2.59304, 1.51511, -1.5441, 3.05922, -0.00131087
144.557, -0.0552202, -0.000532162, -2.57593, 1.51491, -1.54403, 3.05894, -0.00131434
144.745, -0.0550987, 0.000333221, -2.55895, 1.51471, -1.54395, 3.05866, -0.00131781
144.933, -0.0558206, 0.00108971, -2.5421, 1.51451, -1.54387, 3.05838, -0.00132129
145.12, -0.0569335, 0.00110242, -2.52537, 1.51431, -1.54379, 3.0581, -0.00132478
145.315, -0.0576848, 0.000338662, -2.50814, 1.5141, -1.54371, 3.05781, -0.0013284
145.51, -0.0575639, -0.000531989, -2.49105, 1.51389, -1.54363, 3.05752, -0.00133202
145.705, -0.056872, -0.000749416, -2.47409, 1.51368, -1.54355, 3.05723, -0.00133565
145.9, -0.0563919, -0.000137011, -2.45727, 1.51347, -1.54347, 3.05694, -0.00133928
146.095, -0.0567033, 0.00077262, -2.44057, 1.51327, -1.54339, 3.05666, -0.00134292
146.298, -0.0577528, 0.00121403, -2.42333, 1.51305, -1.54331, 3.05636, -0.00134672
146.501, -0.058791, 0.000767596, -2.40623, 1.51283, -1.54322, 3.05606, -0.00135051
146.704, -0.0590948, -0.000157661, -2.38927, 1.51262, -1.54314, 3.05576, -0.00135432
146.907, -0.0586, -0.000749604, -2.37244, 1.51241, -1.54306, 3.05546, -0.00135813
147.11, -0.0579281, -0.000506206, -2.35576, 1.51219, -1.54297, 3.05517, -0.00136194
147.313, -0.0578311, 0.000353107, -2.3392, 1.51198, -1.54289, 3.05487, -0.00136576
147.516, -0.0585582, 0.00110164, -2.32279, 1.51176, -1.54281, 3.05457, -0.00136958
147.718, -0.059672, 0.00112605, -2.3065, 1.51155, -1.54273, 3.05428, -0.00137341
147.932, -0.0604526, 0.00037362, -2.28952, 1.51133, -1.54264, 3.05397, -0.00137744
148.145, -0.0603648, -0.000502242, -2.27269, 1.5111, -1.54255, 3.05366, -0.00138148
148.358, -0.0596945, -0.000738409, -2.256, 1.51088, -1.54247, 3.05335, -0.00138552
148.572, -0.0592168, -0.000143421, -2.23945, 1.51066, -1.54238, 3.05304, -0.00138957
148.785, -0.0595194, 0.000766316, -2.22304, 1.51043, -1.54229, 3.05273, -0.00139362
149.009, -0.0605774, 0.00123042, -2.20598, 1.5102, -1.5422, 3.0524, -0.00139788
149.233, -0.0616447, 0.000801057, -2.18907, 1.50997, -1.54211, 3.05208, -0.00140214
149.456, -0.0619834, -0.000124205, -2.17231, 1.50974, -1.54202, 3.05176, -0.00140641
149.68, -0.0615145, -0.00072875, -2.1557, 1.50951, -1.54193, 3.05144, -0.00141068
149.904, -0.060855, -0.000498321, -2.13923, 1.50927, -1.54184, 3.05111, -0.00141496
150.127, -0.0607626, 0.000357216, -2.12291, 1.50904, -1.54175, 3.05079, -0.00141925
150.351, -0.0614963, 0.00111292, -2.10674, 1.50881, -1.54166, 3.05047, -0.00142354
150.575, -0.062626, 0.00114997, -2.0907, 1.50858, -1.54157, 3.05015, -0.00142784
150.81, -0.0634339, 0.000408416, -2.07402, 1.50834, -1.54147, 3.04982, -0.00143236
151.044, -0.0633804, -0.000469916, -2.0575, 1.5081, -1.54138, 3.04948, -0.00143688
151.279, -0.062736, -0.000724393, -2.04113, 1.50786, -1.54128, 3.04915, -0.00144142
151.514, -0.0622633, -0.000150138, -2.02491, 1.50762, -1.54119, 3.04881, -0.00144595
151.749, -0.0625547, 0.00075736, -2.00883, 1.50738, -1.5411, 3.04848, -0.0014505
151.998, -0.0636216, 0.00124903, -1.99196, 1.50713, -1.541, 3.04813, -0.00145532
152.246, -0.0647233, 0.00084117, -1.97526, 1.50688, -1.5409, 3.04777, -0.00146015
152.495, -0.0651044, -8.35133e-05, -1.95871, 1.50662, -1.5408, 3.04742, -0.00146499
152.744, -0.0646672, -0.000703526, -1.94233, 1.50637, -1.5407, 3.04707, -0.00146983
152.993, -0.0640224, -0.000489495, -1.9261, 1.50612, -1.5406, 3.04672, -0.00147468
153.241, -0.0639348, 0.000361005, -1.91003, 1.50587, -1.5405, 3.04637, -0.00147954
153.49, -0.0646754, 0.0011256, -1.89411, 1.50562, -1.5404, 3.04602, -0.00148441
153.739, -0.0658237, 0.00117865, -1.87835, 1.50537, -1.5403, 3.04567, -0.00148928
154, -0.0666644, 0.0004509, -1.862, 1.50511, -1.5402, 3.04531, -0.00149439
154.26, -0.0666526, -0.000430203, -1.84581, 1.50485, -1.5401, 3.04494, -0.00149951
154.521, -0.0660397, -0.000707179, -1.82979, 1.50459, -1.53999, 3.04458, -0.00150464
154.781, -0.0655729, -0.000158825, -1.81393, 1.50433, -1.53989, 3.04422, -0.00150978
155.042, -0.0658499, 0.000744916, -1.79823, 1.50407, -1.53979, 3.04385, -0.00151492
155.321, -0.0669238, 0.00127003, -1.78158, 1.50379, -1.53968, 3.04347, -0.00152044
155.6, -0.0680658, 0.000892342, -1.76512, 1.50351, -1.53957, 3.04308, -0.00152597
155.879, -0.0685022, -2.86249e-05, -1.74883, 1.50324, -1.53946, 3.04269, -0.0015315
156.158, -0.0681086, -0.000670609, -1.73271, 1.50296, -1.53935, 3.04231, -0.00153705
156.437, -0.0674815, -0.000484533, -1.71676, 1.50269, -1.53924, 3.04192, -0.0015426
156.716, -0.0673911, 0.000354548, -1.70098, 1.50241, -1.53913, 3.04154, -0.00154817
156.995, -0.0681295, 0.00113396, -1.68537, 1.50214, -1.53902, 3.04116, -0.00155374
157.274, -0.069297, 0.00121822, -1.66993, 1.50186, -1.53891, 3.04077, -0.00155932
157.566, -0.0701859, 0.000517513, -1.65396, 1.50158, -1.5388, 3.04037, -0.00156516
157.857, -0.0702389, -0.000368877, -1.63818, 1.50129, -1.53868, 3.03997, -0.00157101
158.149, -0.0696713, -0.000687491, -1.62257, 1.50101, -1.53857, 3.03958, -0.00157687
158.44, -0.0692032, -0.000186216, -1.60713, 1.50072, -1.53846, 3.03918, -0.00158274
158.732, -0.0694439, 0.000709335, -1.59185, 1.50044, -1.53834, 3.03878, -0.00158862
159.044, -0.0704935, 0.00128855, -1.57569, 1.50014, -1.53822, 3.03836, -0.00159493
159.356, -0.0716809, 0.000991108, -1.55971, 1.49984, -1.5381, 3.03794, -0.00160124
159.668, -0.0722294, 0.000100994, -1.54392, 1.49954, -1.53798, 3.03751, -0.00160757
159.98, -0.0719432, -0.000601883, -1.52832, 1.49924, -1.53786, 3.03709, -0.00161391
160.292, -0.0713369, -0.000529008, -1.51289, 1.49894, -1.53774, 3.03667, -0.00162026
160.623, -0.0711814, 0.00029691, -1.49675, 1.49862, -1.53761, 3.03623, -0.00162699
160.954, -0.0719224, 0.00113811, -1.48081, 1.4983, -1.53748, 3.03578, -0.00163374
161.284, -0.0731617, 0.0012548, -1.46507, 1.49799, -1.53736, 3.03534, -0.0016405
161.615, -0.0740876, 0.000567638, -1.44952, 1.49767, -1.53723, 3.0349, -0.00164728
161.945, -0.0741904, -0.000317156, -1.43416, 1.49736, -1.5371, 3.03446, -0.00165406
162.276, -0.0736679, -0.000656568, -1.41898, 1.49704, -1.53698, 3.03402, -0.00166086
162.606, -0.0732181, -0.000186227, -1.40399, 1.49673, -1.53685, 3.03358, -0.00166767
162.937, -0.0734486, 0.000698704, -1.38919, 1.49642, -1.53672, 3.03314, -0.00167449
163.293, -0.0744957, 0.00131364, -1.37345, 1.49608, -1.53659, 3.03267, -0.00168185
163.648, -0.0757261, 0.00107131, -1.35792, 1.49575, -1.53645, 3.0322, -0.00168922
164.004, -0.0763638, 0.000207087, -1.34259, 1.49541, -1.53632, 3.03173, -0.0016966
164.36, -0.0761695, -0.000530554, -1.32747, 1.49508, -1.53618, 3.03126, -0.001704
164.716, -0.0756021, -0.000533872, -1.31253, 1.49475, -1.53605, 3.03079, -0.00171141
165.091, -0.0754097, 0.000231965, -1.29699, 1.4944, -1.53591, 3.0303, -0.00171925
165.466, -0.0760813, 0.00110295, -1.28165, 1.49405, -1.53576, 3.02981, -0.0017271
165.842, -0.0773161, 0.00133508, -1.26653, 1.4937, -1.53562, 3.02932, -0.00173496
166.217, -0.0783569, 0.000756182, -1.25161, 1.49335, -1.53548, 3.02883, -0.00174284
166.593, -0.0786429, -0.000133664, -1.23689, 1.493, -1.53534, 3.02834, -0.00175074
166.994, -0.0782062, -0.000615719, -1.22137, 1.49263, -1.53519, 3.02782, -0.0017592
167.395, -0.0777325, -0.000216773, -1.20609, 1.49227, -1.53504, 3.0273, -0.00176767
167.796, -0.0779504, 0.00069476, -1.19102, 1.4919, -1.53489, 3.02679, -0.00177617
168.198, -0.0789649, 0.00133742, -1.17617, 1.49153, -1.53474, 3.02627, -0.00178468
168.599, -0.0802179, 0.00119332, -1.16153, 1.49116, -1.53459, 3.02575, -0.0017932
169.026, -0.0810099, 0.000348817, -1.1462, 1.49077, -1.53443, 3.02521, -0.00180229
169.452, -0.0809246, -0.000445768, -1.1311, 1.49039, -1.53427, 3.02466, -0.00181139
169.879, -0.0803965, -0.000506414, -1.11623, 1.49, -1.53411, 3.02411, -0.00182051
170.305, -0.0802062, 0.000197217, -1.10159, 1.48961, -1.53396, 3.02357, -0.00182965
170.732, -0.0808132, 0.00106851, -1.08717, 1.48923, -1.5338, 3.02303, -0.00183881
171.175, -0.082064, 0.00140778, -1.07242, 1.48883, -1.53364, 3.02247, -0.00184834
171.618, -0.0832195, 0.000919751, -1.0579, 1.48843, -1.53347, 3.02191, -0.0018579
172.061, -0.0836667, 3.33114e-05, -1.0436, 1.48804, -1.53331, 3.02135, -0.00186747
172.537, -0.0833529, -0.000544881, -1.02849, 1.48761, -1.53313, 3.02075, -0.00187778
173.013, -0.0828926, -0.000255326, -1.01364, 1.48719, -1.53296, 3.02015, -0.00188811
173.489, -0.0830496, 0.000626942, -0.999029, 1.48676, -1.53279, 3.01955, -0.00189847
173.965, -0.0840236, 0.00134819, -0.984663, 1.48634, -1.53261, 3.01896, -0.00190885
174.441, -0.0853361, 0.00133217, -0.970534, 1.48592, -1.53244, 3.01836, -0.00191925
174.953, -0.0863086, 0.000556611, -0.955622, 1.48547, -1.53225, 3.01773, -0.00193044
175.464, -0.086407, -0.000294935, -0.940973, 1.48502, -1.53207, 3.01709, -0.00194166
175.975, -0.0859638, -0.000488428, -0.926583, 1.48457, -1.53188, 3.01646, -0.00195291
176.486, -0.0857381, 0.000116293, -0.912446, 1.48413, -1.5317, 3.01583, -0.00196418
176.997, -0.0862632, 0.00100647, -0.898557, 1.48368, -1.53152, 3.0152, -0.00197548
177.546, -0.0875457, 0.00148443, -0.883926, 1.4832, -1.53132, 3.01452, -0.00198763
178.094, -0.0888528, 0.00109902, -0.869569, 1.48273, -1.53112, 3.01385, -0.00199981
178.642, -0.0894856, 0.000214157, -0.855481, 1.48225, -1.53093, 3.01318, -0.00201202
179.212, -0.0893269, -0.000435138, -0.841126, 1.48176, -1.53072, 3.01249, -0.00202473
179.782, -0.0889199, -0.000275756, -0.827048, 1.48127, -1.53052, 3.01179, -0.00203748
180.381, -0.0890376, 0.0005823, -0.812525, 1.48076, -1.53031, 3.01107, -0.00205092
180.981, -0.0900232, 0.00138238, -0.798296, 1.48025, -1.5301, 3.01034, -0.0020644
181.58, -0.0914394, 0.00145818, -0.784354, 1.47974, -1.52988, 3.00962, -0.00207792
182.179, -0.0925275, 0.000785868, -0.770691, 1.47923, -1.52967, 3.0089, -0.00209147
182.779, -0.0928441, -6.37832e-05, -0.757303, 1.47872, -1.52946, 3.00818, -0.00210505
183.414, -0.0925464, -0.000424175, -0.743398, 1.47818, -1.52924, 3.00742, -0.00211949
184.05, -0.0923072, 3.73046e-05, -0.729786, 1.47764, -1.52902, 3.00666, -0.00213397
184.686, -0.0927406, 0.000922324, -0.716462, 1.47711, -1.52879, 3.00591, -0.00214848
185.374, -0.0940075, 0.00155856, -0.702347, 1.47653, -1.52855, 3.00509, -0.00216424
186.062, -0.0954731, 0.00135912, -0.688552, 1.47596, -1.52832, 3.00428, -0.00218005
186.776, -0.0964062, 0.000505677, -0.674589, 1.47537, -1.52807, 3.00344, -0.00219647
187.489, -0.0964923, -0.000241977, -0.660951, 1.47478, -1.52782, 3.0026, -0.00221293
188.202, -0.0961882, -0.000267131, -0.647631, 1.47419, -1.52758, 3.00176, -0.00222944
188.956, -0.0962425, 0.000473837, -0.633874, 1.47356, -1.52732, 3.00088, -0.00224696
189.711, -0.0971259, 0.00135204, -0.620453, 1.47294, -1.52706, 3, -0.00226452
190.465, -0.0985807, 0.00165889, -0.607359, 1.47233, -1.5268, 2.99913, -0.00228214
191.219, -0.0999249, 0.00119537, -0.594583, 1.47171, -1.52655, 2.99826, -0.00229981
192.017, -0.100636, 0.000312842, -0.581416, 1.47106, -1.52628, 2.99734, -0.00231853
192.868, -0.100601, -0.000262047, -0.567726, 1.47037, -1.52599, 2.99636, -0.00233858
193.719, -0.100412, 8.69332e-06, -0.554407, 1.46968, -1.5257, 2.99538, -0.0023587
194.571, -0.100796, 0.000865408, -0.541447, 1.469, -1.52541, 2.99441, -0.00237888
195.456, -0.102016, 0.00163002, -0.528343, 1.46829, -1.52512, 2.99341, -0.00239991
196.341, -0.103608, 0.00167941, -0.515603, 1.46758, -1.52482, 2.9924, -0.00242102
197.29, -0.104932, 0.000969381, -0.502328, 1.46682, -1.52451, 2.99133, -0.00244373
198.239, -0.105426, 0.000123861, -0.489446, 1.46607, -1.52419, 2.99026, -0.00246651
199.189, -0.10535, -0.000159736, -0.476943, 1.46532, -1.52388, 2.9892, -0.00248937
200.173, -0.105378, 0.00034053, -0.464361, 1.46454, -1.52356, 2.9881, -0.00251315
201.193, -0.106118, 0.00125398, -0.451728, 1.46374, -1.52322, 2.98696, -0.00253787
202.289, -0.107696, 0.00186445, -0.438598, 1.46288, -1.52287, 2.98575, -0.00256451
203.385, -0.109421, 0.00163842, -0.425905, 1.46203, -1.52251, 2.98454, -0.00259125
204.526, -0.110611, 0.00080038, -0.41314, 1.46114, -1.52214, 2.98328, -0.00261918
205.666, -0.110987, 9.26849e-05, -0.400814, 1.46026, -1.52177, 2.98203, -0.0026472
206.807, -0.111001, 7.23178e-05, -0.388909, 1.45938, -1.52141, 2.98079, -0.00267533
208.062, -0.111376, 0.000807096, -0.37628, 1.45842, -1.52101, 2.97942, -0.00270638
209.317, -0.112555, 0.001699, -0.36412, 1.45746, -1.52061, 2.97807, -0.00273754
210.625, -0.11438, 0.00206868, -0.351927, 1.45646, -1.52019, 2.97666, -0.00277014
211.933, -0.116118, 0.00165865, -0.340201, 1.45547, -1.51978, 2.97525, -0.00280286
213.323, -0.117271, 0.000810161, -0.328224, 1.45442, -1.51935, 2.97377, -0.00283778
214.818, -0.117716, 0.000227363, -0.315889, 1.45329, -1.51888, 2.97217, -0.00287546
216.313, -0.117963, 0.000446044, -0.304085, 1.45217, -1.51842, 2.97059, -0.00291328
217.918, -0.118778, 0.00132339, -0.291972, 1.45098, -1.51792, 2.9689, -0.00295406
219.523, -0.120397, 0.00213844, -0.280412, 1.44978, -1.51743, 2.96722, -0.002995
221.128, -0.122418, 0.00232154, -0.269375, 1.4486, -1.51694, 2.96554, -0.0030361
222.911, -0.124385, 0.00176267, -0.257693, 1.44728, -1.5164, 2.96368, -0.00308195
224.695, -0.125602, 0.000960977, -0.24659, 1.44597, -1.51586, 2.96184, -0.003128
226.643, -0.126254, 0.00055555, -0.235086, 1.44455, -1.51528, 2.95983, -0.0031785
228.592, -0.126862, 0.0009301, -0.224195, 1.44313, -1.5147, 2.95784, -0.00322922
230.714, -0.128134, 0.00185733, -0.212986, 1.4416, -1.51408, 2.95568, -0.00328471
232.958, -0.130271, 0.0026592, -0.201833, 1.43998, -1.51342, 2.9534, -0.00334363
235.202, -0.13272, 0.00277213, -0.191346, 1.43837, -1.51277, 2.95114, -0.00340279
237.76, -0.135109, 0.00217314, -0.180147, 1.43654, -1.51203, 2.94858, -0.00347055
240.318, -0.136713, 0.00144885, -0.169695, 1.43472, -1.5113, 2.94603, -0.00353861
243.066, -0.137856, 0.00121005, -0.15924, 1.43278, -1.51053, 2.9433, -0.00361202
245.942, -0.139103, 0.00172771, -0.14908, 1.43075, -1.50972, 2.94047, -0.00368922
249.082, -0.141102, 0.00273421, -0.13883, 1.42854, -1.50885, 2.93739, -0.00377387
252.542, -0.144063, 0.00359686, -0.128465, 1.42612, -1.5079, 2.93403, -0.00386753
256.001, -0.147264, 0.00377807, -0.118981, 1.42371, -1.50696, 2.93068, -0.0039616
260.105, -0.150612, 0.00332019, -0.108756, 1.42087, -1.50586, 2.92673, -0.00407367
264.21, -0.153203, 0.00279018, -0.0995303, 1.41803, -1.50478, 2.92281, -0.00418621
268.782, -0.155542, 0.00273447, -0.0902955, 1.41488, -1.50359, 2.91847, -0.00431203
273.751, -0.15811, 0.00342545, -0.0813598, 1.41147, -1.50231, 2.91379, -0.00444922
279.399, -0.161599, 0.004688, -0.0724135, 1.40761, -1.50088, 2.90849, -0.00460563
285.825, -0.166271, 0.00599354, -0.0635815, 1.40322, -1.49929, 2.90251, -0.004784
292.82, -0.171626, 0.00683962, -0.0553461, 1.39845, -1.49759, 2.89604, -0.00497841
301.385, -0.177805, 0.00728181, -0.046885, 1.3926, -1.49556, 2.88816, -0.00521638
310.927, -0.183909, 0.00771327, -0.0391617, 1.38608, -1.49336, 2.87944, -0.00548088
321.885, -0.190237, 0.0087563, -0.0320408, 1.37856, -1.4909, 2.86946, -0.00578292
334.378, -0.197159, 0.0107763, -0.0256786, 1.36992, -1.48819, 2.85811, -0.00612379
350.406, -0.206046, 0.0142487, -0.0195425, 1.3587, -1.48485, 2.84354, -0.00655348
371.285, -0.217557, 0.0195117, -0.0139309, 1.34377, -1.4807, 2.82447, -0.00709569
400.393, -0.232676, 0.0275313, -0.00895419, 1.32219, -1.47529, 2.79749, -0.00780781
435.274, -0.2485, 0.0378236, -0.0054972, 1.29481, -1.46931, 2.76412, -0.00857479
479.239, -0.264637, 0.0513486, -0.00315153, 1.25723, -1.46246, 2.71968, -0.00937565
534.987, -0.279823, 0.0683831, -0.00169411, 1.20308, -1.45472, 2.65779, -0.0100796
609.597, -0.293426, 0.0897558, -0.000842982, 1.11494, -1.44577, 2.56071, -0.0104338
719.083, -0.304822, 0.117855, -0.000384107, 0.936183, -1.43509, 2.37127, -0.00987923
875.339, -0.31052, 0.151874, -0.000172817, 0.51287, -1.4239, 1.93677, -0.00844918
998.654, -0.308796, 0.166906, -8.75137e-05, 0.0326491, -1.41788, 1.45053, -0.00941377
1159.85, -0.306023, 0.168567, -2.70246e-05, -0.518362, -1.41321, 0.894845, -0.0182785
1335.68, -0.305066, 0.166524, -1.05667e-05, -0.849945, -1.41177, 0.561825, -0.0417952
1533.43, -0.304496, 0.16545, -5.37335e-07, -1.03488, -1.4142, 0.379322, -0.082037
1767.08, -0.304641, 0.16551, 3.05066e-07, -1.14604, -1.4219, 0.275859, -0.130127
2085.44, -0.304966, 0.165576, 1.41525e-07, -1.21716, -1.43914, 0.221975, -0.159843
2283.38, -0.305176, 0.165604, 1.50049e-07, -1.23464, -1.45269, 0.218047, -0.149275
