7.5, 0.0315741, -0.00030119, -216.102, -1.53891, -0.682219, -0.856694, -0.000877638
7.5, 0.0315742, -0.000301324, -216.102, -1.53891, -0.682219, -0.856694, -0.000877638
7.50001, 0.0315748, -0.000301924, -216.102, -1.53891, -0.682219, -0.856694, -0.000877639
7.50003, 0.0315775, -0.000304612, -216.101, -1.53891, -0.682218, -0.856695, -0.00087764
7.50012, 0.0315897, -0.000316425, -216.097, -1.53891, -0.682214, -0.856698, -0.000877644
7.50053, 0.0316501, -0.000363418, -216.079, -1.53891, -0.682197, -0.856715, -0.000877663
7.50237, 0.0319817, -0.000424497, -216, -1.5389, -0.682118, -0.856787, -0.000877749
7.50507, 0.0323193, -8.98551e-05, -215.884, -1.5389, -0.682002, -0.856893, -0.000877874
7.50776, 0.0321511, 0.000343629, -215.768, -1.53889, -0.681886, -0.856999, -0.000877999
7.51046, 0.0316923, 0.000351798, -215.652, -1.53888, -0.681771, -0.857105, -0.000878124
7.51315, 0.0315089, -7.48728e-05, -215.536, -1.53887, -0.681655, -0.857211, -0.00087825
7.51585, 0.0318335, -0.000421184, -215.42, -1.53886, -0.681539, -0.857318, -0.000878375
7.51855, 0.0322859, -0.000269719, -215.304, -1.53885, -0.681423, -0.857424, -0.0008785
7.52124, 0.0323326, 0.000196694, -215.188, -1.53884, -0.681308, -0.85753, -0.000878625
7.52394, 0.0319293, 0.000416602, -215.073, -1.53883, -0.681192, -0.857636, -0.000878751
7.52663, 0.0315726, 0.000125862, -214.957, -1.53882, -0.681076, -0.857743, -0.000878876
7.52933, 0.0317023, -0.000325954, -214.842, -1.53881, -0.68096, -0.857849, -0.000879001
7.53202, 0.0321738, -0.000396643, -214.726, -1.5388, -0.680844, -0.857955, -0.000879126
7.53472, 0.0324332, -1.79611e-06, -214.611, -1.53879, -0.680729, -0.858061, -0.000879252
7.53741, 0.0321814, 0.000385379, -214.496, -1.53878, -0.680613, -0.858168, -0.000879377
7.54011, 0.0317315, 0.000301702, -214.38, -1.53877, -0.680497, -0.858274, -0.000879502
7.5428, 0.0316328, -0.000152425, -214.265, -1.53876, -0.680381, -0.858381, -0.000879627
7.5455, 0.0320142, -0.000434449, -214.15, -1.53875, -0.680265, -0.858487, -0.000879753
7.5482, 0.0324317, -0.000208095, -214.035, -1.53874, -0.680149, -0.858593, -0.000879878
7.55089, 0.0323991, 0.000256445, -213.92, -1.53873, -0.680033, -0.8587, -0.000880003
7.55359, 0.0319669, 0.000405881, -213.805, -1.53872, -0.679917, -0.858806, -0.000880128
7.55628, 0.0316608, 6.27315e-05, -213.69, -1.53871, -0.679801, -0.858913, -0.000880254
7.55898, 0.0318558, -0.000364807, -213.575, -1.5387, -0.679685, -0.859019, -0.000880379
7.56167, 0.0323312, -0.000369096, -213.461, -1.53869, -0.679569, -0.859126, -0.000880504
7.56437, 0.0325342, 5.45829e-05, -213.346, -1.53869, -0.679453, -0.859233, -0.000880629
7.56706, 0.0322358, 0.00040383, -213.232, -1.53868, -0.679337, -0.859339, -0.000880755
7.56976, 0.0318009, 0.000265277, -213.117, -1.53867, -0.67922, -0.859446, -0.00088088
7.57245, 0.0317552, -0.000196793, -213.003, -1.53866, -0.679104, -0.859553, -0.000881005
7.57515, 0.0321636, -0.000436155, -212.888, -1.53865, -0.678988, -0.859659, -0.00088113
7.57785, 0.0325548, -0.000170469, -212.774, -1.53864, -0.678872, -0.859766, -0.000881256
7.58054, 0.0324787, 0.000286505, -212.66, -1.53863, -0.678756, -0.859873, -0.000881381
7.58324, 0.0320365, 0.000396223, -212.546, -1.53862, -0.678639, -0.85998, -0.000881506
7.58593, 0.0317602, 2.9856e-05, -212.431, -1.53861, -0.678523, -0.860086, -0.000881631
7.58863, 0.0319857, -0.000381375, -212.317, -1.5386, -0.678407, -0.860193, -0.000881756
7.59132, 0.0324587, -0.000354344, -212.203, -1.53859, -0.67829, -0.8603, -0.000881882
7.59402, 0.0326351, 7.88288e-05, -212.089, -1.53858, -0.678174, -0.860407, -0.000882007
7.59671, 0.0323194, 0.000409885, -211.976, -1.53857, -0.678058, -0.860514, -0.000882132
7.59941, 0.0318929, 0.000251128, -211.862, -1.53856, -0.677941, -0.860621, -0.000882257
7.6021, 0.031866, -0.000211216, -211.748, -1.53855, -0.677825, -0.860728, -0.000882383
7.6048, 0.0322808, -0.000436338, -211.634, -1.53854, -0.677709, -0.860835, -0.000882508
7.6075, 0.0326634, -0.000161516, -211.521, -1.53853, -0.677592, -0.860942, -0.000882633
7.61019, 0.0325785, 0.000292106, -211.407, -1.53852, -0.677476, -0.861049, -0.000882758
7.61299, 0.0321198, 0.000389051, -211.29, -1.53851, -0.677355, -0.86116, -0.000882888
7.61578, 0.0318625, -7.78807e-06, -211.172, -1.5385, -0.677234, -0.861271, -0.000883018
7.61858, 0.0321381, -0.000405359, -211.055, -1.53849, -0.677113, -0.861382, -0.000883148
7.62137, 0.0326165, -0.000310556, -210.937, -1.53848, -0.676992, -0.861493, -0.000883278
7.62417, 0.032717, 0.000158781, -210.82, -1.53848, -0.676871, -0.861604, -0.000883407
7.62697, 0.0323275, 0.000421394, -210.702, -1.53847, -0.67675, -0.861715, -0.000883537
7.62976, 0.0319422, 0.00015268, -210.585, -1.53846, -0.676629, -0.861826, -0.000883667
7.63256, 0.0320492, -0.000314984, -210.468, -1.53845, -0.676508, -0.861937, -0.000883797
7.63535, 0.0325281, -0.000404259, -210.351, -1.53844, -0.676387, -0.862049, -0.000883927
7.63815, 0.0328002, -5.36547e-06, -210.234, -1.53843, -0.676266, -0.86216, -0.000884057
7.64094, 0.0325426, 0.000389975, -210.117, -1.53842, -0.676145, -0.862271, -0.000884187
7.64374, 0.0320847, 0.000295278, -210, -1.53841, -0.676024, -0.862382, -0.000884316
7.64653, 0.0320016, -0.000172662, -209.883, -1.5384, -0.675903, -0.862494, -0.000884446
7.64933, 0.0324071, -0.000438869, -209.766, -1.53839, -0.675782, -0.862605, -0.000884576
7.65213, 0.0328153, -0.000176895, -209.65, -1.53838, -0.675661, -0.862716, -0.000884706
7.65492, 0.0327378, 0.000291738, -209.533, -1.53837, -0.67554, -0.862828, -0.000884836
7.65772, 0.0322818, 0.000393032, -209.417, -1.53836, -0.675419, -0.862939, -0.000884966
7.66051, 0.0320175, 3.36751e-06, -209.3, -1.53835, -0.675297, -0.863051, -0.000885095
7.66331, 0.0322795, -0.000400667, -209.184, -1.53834, -0.675176, -0.863162, -0.000885225
7.6661, 0.0327595, -0.000325796, -209.067, -1.53833, -0.675055, -0.863274, -0.000885355
7.6689, 0.0328838, 0.000136274, -208.951, -1.53832, -0.674934, -0.863385, -0.000885485
7.6717, 0.0325131, 0.000422217, -208.835, -1.53831, -0.674812, -0.863497, -0.000885615
7.67449, 0.0321109, 0.000184113, -208.719, -1.5383, -0.674691, -0.863608, -0.000885745
7.67729, 0.0321781, -0.000288064, -208.603, -1.53829, -0.67457, -0.86372, -0.000885875
7.68008, 0.0326446, -0.000420507, -208.487, -1.53828, -0.674448, -0.863832, -0.000886004
7.68288, 0.0329556, -5.27629e-05, -208.371, -1.53827, -0.674327, -0.863943, -0.000886134
7.68567, 0.032746, 0.000368883, -208.255, -1.53826, -0.674205, -0.864055, -0.000886264
7.68847, 0.0322819, 0.00033367, -208.139, -1.53825, -0.674084, -0.864167, -0.000886394
7.69127, 0.0321369, -0.000115411, -208.024, -1.53824, -0.673962, -0.864278, -0.000886524
7.69406, 0.0324977, -0.000435145, -207.908, -1.53823, -0.673841, -0.86439, -0.000886653
7.69686, 0.0329399, -0.000239518, -207.792, -1.53822, -0.673719, -0.864502, -0.000886783
7.69965, 0.0329417, 0.000235013, -207.677, -1.53821, -0.673598, -0.864614, -0.000886913
7.70245, 0.032513, 0.000416275, -207.561, -1.5382, -0.673476, -0.864726, -0.000887043
7.70524, 0.032182, 8.62649e-05, -207.446, -1.53819, -0.673355, -0.864838, -0.000887173
7.70804, 0.0323585, -0.000357617, -207.331, -1.53818, -0.673233, -0.864949, -0.000887303
7.71083, 0.0328416, -0.000381869, -207.216, -1.53817, -0.673112, -0.865061, -0.000887432
7.71363, 0.0330628, 4.2257e-05, -207.1, -1.53816, -0.67299, -0.865173, -0.000887562
7.71643, 0.0327685, 0.000405709, -206.985, -1.53815, -0.672868, -0.865285, -0.000887692
7.71922, 0.0323236, 0.000273077, -206.87, -1.53814, -0.672747, -0.865397, -0.000887822
7.72202, 0.0322722, -0.000196452, -206.755, -1.53813, -0.672625, -0.865509, -0.000887952
7.72481, 0.032687, -0.000441144, -206.64, -1.53812, -0.672503, -0.865621, -0.000888081
7.72761, 0.0330838, -0.000168899, -206.526, -1.53811, -0.672381, -0.865734, -0.000888211
7.7304, 0.0330005, 0.000294927, -206.411, -1.53811, -0.67226, -0.865846, -0.000888341
7.7332, 0.0325484, 0.000397186, -206.296, -1.5381, -0.672138, -0.865958, -0.000888471
7.736, 0.0322779, 1.64053e-05, -206.182, -1.53809, -0.672016, -0.86607, -0.000888601
7.73879, 0.0325221, -0.000393913, -206.067, -1.53808, -0.671894, -0.866182, -0.00088873
7.74159, 0.0330018, -0.000346013, -205.953, -1.53807, -0.671772, -0.866294, -0.00088886
7.74438, 0.0331586, 0.000102807, -205.838, -1.53806, -0.67165, -0.866407, -0.00088899
7.74718, 0.0328183, 0.000419739, -205.724, -1.53805, -0.671528, -0.866519, -0.00088912
7.74997, 0.032396, 0.000229293, -205.61, -1.53804, -0.671406, -0.866631, -0.00088925
7.75277, 0.0324033, -0.000242588, -205.495, -1.53803, -0.671284, -0.866743, -0.000889379
7.75557, 0.0328426, -0.000437512, -205.381, -1.53802, -0.671162, -0.866856, -0.000889509
7.75836, 0.0332057, -0.00012541, -205.267, -1.53801, -0.67104, -0.866968, -0.000889639
7.76116, 0.0330756, 0.000324826, -205.153, -1.538, -0.670918, -0.867081, -0.000889769
7.76395, 0.0326175, 0.000382112, -205.039, -1.53799, -0.670796, -0.867193, -0.000889899
7.76675, 0.0323827, -2.06789e-05, -204.926, -1.53798, -0.670674, -0.867305, -0.000890028
7.76954, 0.0326588, -0.000409057, -204.812, -1.53797, -0.670552, -0.867418, -0.000890158
7.77234, 0.0331319, -0.000326393, -204.698, -1.53796, -0.67043, -0.86753, -0.000890288
7.77513, 0.0332575, 0.00012977, -204.584, -1.53795, -0.670308, -0.867643, -0.000890418
7.77793, 0.0328998, 0.000423795, -204.471, -1.53794, -0.670185, -0.867756, -0.000890548
7.78073, 0.0324899, 0.000211152, -204.357, -1.53793, -0.670063, -0.867868, -0.000890677
7.78352, 0.0325192, -0.00025865, -204.244, -1.53792, -0.669941, -0.867981, -0.000890807
7.78632, 0.0329642, -0.000435719, -204.131, -1.53791, -0.669819, -0.868093, -0.000890937
7.78911, 0.0333157, -0.000113379, -204.017, -1.5379, -0.669696, -0.868206, -0.000891067
7.79191, 0.0331746, 0.000331512, -203.904, -1.53789, -0.669574, -0.868319, -0.000891196
7.7947, 0.0327171, 0.000379877, -203.791, -1.53788, -0.669452, -0.868431, -0.000891326
7.7975, 0.0324879, -2.42665e-05, -203.678, -1.53787, -0.669329, -0.868544, -0.000891456
7.8003, 0.0327648, -0.000409992, -203.565, -1.53786, -0.669207, -0.868657, -0.000891586
7.80309, 0.0332364, -0.000328715, -203.452, -1.53785, -0.669085, -0.86877, -0.000891715
7.80589, 0.0333658, 0.000124675, -203.339, -1.53784, -0.668962, -0.868883, -0.000891845
7.80868, 0.0330143, 0.00042356, -203.226, -1.53784, -0.66884, -0.868995, -0.000891975
7.81148, 0.032601, 0.000221514, -203.113, -1.53783, -0.668717, -0.869108, -0.000892105
7.81427, 0.032616, -0.000246922, -203, -1.53782, -0.668595, -0.869221, -0.000892235
7.81707, 0.0330525, -0.000439389, -202.888, -1.53781, -0.668472, -0.869334, -0.000892364
7.81986, 0.0334166, -0.000133649, -202.775, -1.5378, -0.66835, -0.869447, -0.000892494
7.82266, 0.0332989, 0.000316685, -202.663, -1.53779, -0.668227, -0.86956, -0.000892624
7.82546, 0.0328467, 0.000391867, -202.55, -1.53778, -0.668105, -0.869673, -0.000892754
7.82825, 0.0325927, 5.60673e-06, -202.438, -1.53777, -0.667982, -0.869786, -0.000892883
7.83105, 0.0328401, -0.00039685, -202.326, -1.53776, -0.667859, -0.869899, -0.000893013
7.83384, 0.0333149, -0.000352511, -202.213, -1.53775, -0.667737, -0.870012, -0.000893143
7.83664, 0.0334822, 8.72165e-05, -202.101, -1.53774, -0.667614, -0.870125, -0.000893273
7.83943, 0.0331612, 0.000417084, -201.989, -1.53773, -0.667491, -0.870239, -0.000893402
7.84223, 0.0327316, 0.000258856, -201.877, -1.53772, -0.667369, -0.870352, -0.000893532
7.84503, 0.0326966, -0.000205677, -201.765, -1.53771, -0.667246, -0.870465, -0.000893662
7.84782, 0.0331069, -0.000444465, -201.653, -1.5377, -0.667123, -0.870578, -0.000893792
7.85062, 0.0335037, -0.000184677, -201.542, -1.53769, -0.667, -0.870691, -0.000893921
7.85341, 0.0334447, 0.000276394, -201.43, -1.53768, -0.666877, -0.870805, -0.000894051
7.85631, 0.0329909, 0.000407028, -201.314, -1.53767, -0.66675, -0.870922, -0.000894186
7.85922, 0.0326994, 3.1344e-05, -201.198, -1.53766, -0.666622, -0.87104, -0.00089432
7.86212, 0.032937, -0.000392883, -201.082, -1.53765, -0.666495, -0.871157, -0.000894455
7.86502, 0.0334263, -0.000349709, -200.966, -1.53764, -0.666367, -0.871275, -0.00089459
7.86792, 0.0335847, 0.000108006, -200.851, -1.53763, -0.66624, -0.871393, -0.000894724
7.87082, 0.0332322, 0.000424405, -200.735, -1.53762, -0.666112, -0.871511, -0.000894859
7.87373, 0.0328087, 0.000216014, -200.62, -1.53761, -0.665984, -0.871628, -0.000894994
7.87663, 0.0328391, -0.000264316, -200.504, -1.5376, -0.665857, -0.871746, -0.000895128
7.87953, 0.0332982, -0.000435197, -200.389, -1.53759, -0.665729, -0.871864, -0.000895263
7.88243, 0.0336427, -9.03699e-05, -200.274, -1.53758, -0.665601, -0.871982, -0.000895398
7.88533, 0.0334687, 0.00035335, -200.158, -1.53757, -0.665473, -0.8721, -0.000895532
7.88824, 0.0329984, 0.000360662, -200.043, -1.53756, -0.665346, -0.872218, -0.000895667
7.89114, 0.0328108, -7.6854e-05, -199.928, -1.53755, -0.665218, -0.872336, -0.000895802
7.89404, 0.0331432, -0.000432153, -199.813, -1.53754, -0.66509, -0.872454, -0.000895936
7.89694, 0.0336074, -0.00027807, -199.698, -1.53753, -0.664962, -0.872572, -0.000896071
7.89984, 0.0336575, 0.000199835, -199.583, -1.53752, -0.664834, -0.87269, -0.000896206
7.90275, 0.0332455, 0.000427766, -199.469, -1.53751, -0.664706, -0.872808, -0.00089634
7.90565, 0.0328777, 0.000132707, -199.354, -1.5375, -0.664578, -0.872926, -0.000896475
7.90855, 0.0330062, -0.000331509, -199.239, -1.53749, -0.66445, -0.873044, -0.00089661
7.91145, 0.0334887, -0.000409368, -199.125, -1.53748, -0.664322, -0.873162, -0.000896744
7.91435, 0.0337599, -8.18127e-06, -199.01, -1.53747, -0.664194, -0.87328, -0.000896879
7.91726, 0.0335081, 0.000392629, -198.896, -1.53746, -0.664066, -0.873398, -0.000897014
7.92016, 0.0330457, 0.000315028, -198.781, -1.53745, -0.663938, -0.873517, -0.000897148
7.92306, 0.0329357, -0.000148082, -198.667, -1.53745, -0.66381, -0.873635, -0.000897283
7.92596, 0.0333203, -0.000445134, -198.553, -1.53744, -0.663682, -0.873753, -0.000897417
7.92886, 0.0337535, -0.000223093, -198.439, -1.53743, -0.663554, -0.873871, -0.000897552
7.93176, 0.0337324, 0.000253809, -198.325, -1.53742, -0.663426, -0.87399, -0.000897687
7.93467, 0.0332941, 0.000419451, -198.21, -1.53741, -0.663297, -0.874108, -0.000897821
7.93757, 0.0329702, 7.77824e-05, -198.097, -1.5374, -0.663169, -0.874227, -0.000897956
7.94047, 0.0331558, -0.00036613, -197.983, -1.53739, -0.663041, -0.874345, -0.000898091
7.94337, 0.0336424, -0.000387076, -197.869, -1.53738, -0.662913, -0.874463, -0.000898225
7.94627, 0.0338664, 3.9284e-05, -197.755, -1.53737, -0.662784, -0.874582, -0.00089836
7.94918, 0.0335751, 0.000409198, -197.641, -1.53736, -0.662656, -0.8747, -0.000898495
7.95208, 0.0331242, 0.000286484, -197.528, -1.53735, -0.662528, -0.874819, -0.000898629
7.95498, 0.0330565, -0.000183814, -197.414, -1.53734, -0.662399, -0.874938, -0.000898764
7.95788, 0.0334629, -0.00044788, -197.301, -1.53733, -0.662271, -0.875056, -0.000898898
7.96078, 0.0338767, -0.000195466, -197.188, -1.53732, -0.662143, -0.875175, -0.000899033
7.96369, 0.0338233, 0.000276467, -197.074, -1.53731, -0.662014, -0.875293, -0.000899168
7.96659, 0.0333774, 0.000414005, -196.961, -1.5373, -0.661886, -0.875412, -0.000899302
7.96949, 0.0330735, 5.62755e-05, -196.848, -1.53729, -0.661757, -0.875531, -0.000899437
7.97239, 0.0332787, -0.000377387, -196.735, -1.53728, -0.661629, -0.87565, -0.000899571
7.97529, 0.0337639, -0.000379679, -196.622, -1.53727, -0.6615, -0.875768, -0.000899706
7.9782, 0.0339734, 5.16424e-05, -196.509, -1.53726, -0.661371, -0.875887, -0.000899841
7.9811, 0.0336743, 0.000412684, -196.396, -1.53725, -0.661243, -0.876006, -0.000899975
7.984, 0.0332273, 0.000282524, -196.283, -1.53724, -0.661114, -0.876125, -0.00090011
7.9869, 0.0331646, -0.000186728, -196.17, -1.53723, -0.660986, -0.876244, -0.000900244
7.9898, 0.0335702, -0.000448687, -196.058, -1.53722, -0.660857, -0.876363, -0.000900379
7.9927, 0.0339834, -0.000199049, -195.945, -1.53721, -0.660728, -0.876482, -0.000900514
7.99561, 0.0339358, 0.000271766, -195.832, -1.5372, -0.660599, -0.876601, -0.000900648
7.99851, 0.0334943, 0.000417352, -195.72, -1.53719, -0.660471, -0.87672, -0.000900783
8.00141, 0.0331824, 6.9324e-05, -195.608, -1.53718, -0.660342, -0.876839, -0.000900917
8.00431, 0.0333722, -0.000368907, -195.495, -1.53717, -0.660213, -0.876958, -0.000901052
8.00721, 0.0338551, -0.000390437, -195.383, -1.53716, -0.660084, -0.877077, -0.000901187
8.01012, 0.0340841, 2.91742e-05, -195.271, -1.53715, -0.659955, -0.877196, -0.000901321
8.01302, 0.0338064, 0.000405185, -195.159, -1.53714, -0.659827, -0.877315, -0.000901456
8.01592, 0.033354, 0.000304121, -195.047, -1.53713, -0.659698, -0.877434, -0.00090159
8.01893, 0.0332659, -0.000173737, -194.931, -1.53712, -0.659564, -0.877558, -0.00090173
8.02193, 0.0336782, -0.000449511, -194.815, -1.53711, -0.659431, -0.877681, -0.000901869
8.02493, 0.0340986, -0.000186116, -194.699, -1.5371, -0.659297, -0.877804, -0.000902009
8.02794, 0.0340257, 0.000294175, -194.583, -1.53709, -0.659163, -0.877928, -0.000902148
8.03094, 0.0335613, 0.000405019, -194.467, -1.53708, -0.65903, -0.878052, -0.000902287
8.03395, 0.0332842, 1.16133e-05, -194.352, -1.53707, -0.658896, -0.878175, -0.000902427
8.03695, 0.0335439, -0.000406489, -194.236, -1.53706, -0.658763, -0.878299, -0.000902566
8.03996, 0.0340363, -0.000340631, -194.121, -1.53705, -0.658629, -0.878422, -0.000902705
8.04296, 0.034175, 0.000128708, -194.006, -1.53704, -0.658495, -0.878546, -0.000902845
8.04597, 0.0338041, 0.000431394, -193.89, -1.53703, -0.658361, -0.87867, -0.000902984
8.04897, 0.0333861, 0.000200513, -193.775, -1.53702, -0.658228, -0.878793, -0.000903123
8.05198, 0.0334395, -0.000283754, -193.66, -1.53701, -0.658094, -0.878917, -0.000903263
8.05498, 0.0339115, -0.000435151, -193.545, -1.537, -0.65796, -0.879041, -0.000903402
8.05799, 0.0342432, -7.09755e-05, -193.43, -1.53699, -0.657826, -0.879165, -0.000903541
8.06099, 0.0340464, 0.00036852, -193.315, -1.53698, -0.657692, -0.879289, -0.000903681
8.064, 0.0335711, 0.000353103, -193.2, -1.53697, -0.657558, -0.879413, -0.00090382
8.067, 0.0334024, -9.82226e-05, -193.085, -1.53696, -0.657424, -0.879536, -0.000903959
8.07001, 0.0337551, -0.000441767, -192.971, -1.53695, -0.65729, -0.87966, -0.000904099
8.07301, 0.0342167, -0.000264534, -192.856, -1.53694, -0.657156, -0.879784, -0.000904238
8.07602, 0.0342446, 0.000220084, -192.741, -1.53693, -0.657022, -0.879908, -0.000904377
8.07902, 0.0338178, 0.000430285, -192.627, -1.53692, -0.656888, -0.880032, -0.000904517
8.08203, 0.0334603, 0.00011437, -192.512, -1.53691, -0.656754, -0.880156, -0.000904656
8.08503, 0.0336121, -0.000348883, -192.398, -1.5369, -0.65662, -0.880281, -0.000904795
8.08804, 0.0341032, -0.000405225, -192.284, -1.53689, -0.656486, -0.880405, -0.000904935
8.09104, 0.0343583, 1.2265e-05, -192.17, -1.53688, -0.656352, -0.880529, -0.000905074
8.09405, 0.0340852, 0.000404809, -192.056, -1.53687, -0.656218, -0.880653, -0.000905213
8.09705, 0.0336219, 0.000304386, -191.942, -1.53686, -0.656083, -0.880777, -0.000905353
8.10005, 0.0335324, -0.000168911, -191.828, -1.53685, -0.655949, -0.880901, -0.000905492
8.10306, 0.0339346, -0.000451585, -191.714, -1.53684, -0.655815, -0.881026, -0.000905631
8.10606, 0.034362, -0.000207855, -191.6, -1.53683, -0.655681, -0.88115, -0.000905771
8.10907, 0.0343189, 0.000272374, -191.486, -1.53682, -0.655546, -0.881274, -0.00090591
8.11207, 0.0338688, 0.000419297, -191.372, -1.53681, -0.655412, -0.881399, -0.000906049
8.11508, 0.0335571, 5.91724e-05, -191.259, -1.5368, -0.655277, -0.881523, -0.000906188
8.11808, 0.0337645, -0.000381277, -191.145, -1.53679, -0.655143, -0.881648, -0.000906328
8.12109, 0.0342569, -0.000381243, -191.032, -1.53678, -0.655009, -0.881772, -0.000906467
8.12409, 0.0344644, 5.87861e-05, -190.918, -1.53677, -0.654874, -0.881897, -0.000906606
8.1271, 0.0341541, 0.00041923, -190.805, -1.53676, -0.65474, -0.882021, -0.000906746
8.1301, 0.0337041, 0.000275377, -190.692, -1.53675, -0.654605, -0.882146, -0.000906885
8.13311, 0.033656, -0.000202907, -190.579, -1.53674, -0.654471, -0.88227, -0.000907024
8.13611, 0.0340776, -0.00045281, -190.465, -1.53673, -0.654336, -0.882395, -0.000907164
8.13912, 0.034485, -0.000180989, -190.352, -1.53672, -0.654201, -0.88252, -0.000907303
8.14212, 0.0344116, 0.000293024, -190.239, -1.53671, -0.654067, -0.882644, -0.000907442
8.14513, 0.0339558, 0.000413339, -190.127, -1.5367, -0.653932, -0.882769, -0.000907581
8.14813, 0.0336633, 3.94254e-05, -190.014, -1.53669, -0.653797, -0.882894, -0.000907721
8.15114, 0.0338877, -0.0003908, -189.901, -1.53668, -0.653663, -0.883018, -0.00090786
8.15414, 0.034378, -0.000374536, -189.788, -1.53667, -0.653528, -0.883143, -0.000907999
8.15715, 0.034573, 6.87632e-05, -189.676, -1.53666, -0.653393, -0.883268, -0.000908139
8.16015, 0.0342573, 0.00042172, -189.563, -1.53665, -0.653258, -0.883393, -0.000908278
8.16316, 0.0338108, 0.000273285, -189.451, -1.53664, -0.653124, -0.883518, -0.000908417
8.16616, 0.0337646, -0.000203293, -189.338, -1.53663, -0.652989, -0.883643, -0.000908556
8.16917, 0.0341837, -0.000453705, -189.226, -1.53662, -0.652854, -0.883768, -0.000908696
8.17217, 0.0345924, -0.000187427, -189.114, -1.53661, -0.652719, -0.883893, -0.000908835
8.17518, 0.0345282, 0.000286127, -189.002, -1.5366, -0.652584, -0.884018, -0.000908974
8.17818, 0.0340774, 0.000418032, -188.89, -1.53659, -0.652449, -0.884143, -0.000909114
8.18118, 0.0337738, 5.59767e-05, -188.778, -1.53658, -0.652314, -0.884268, -0.000909253
8.18419, 0.0339796, -0.000380892, -188.666, -1.53657, -0.652179, -0.884393, -0.000909392
8.18719, 0.034468, -0.000387911, -188.554, -1.53656, -0.652044, -0.884518, -0.000909531
8.1902, 0.0346867, 4.255e-05, -188.442, -1.53655, -0.651909, -0.884643, -0.000909671
8.1932, 0.0343952, 0.000413886, -188.33, -1.53654, -0.651774, -0.884768, -0.00090981
8.19621, 0.0339412, 0.000298628, -188.218, -1.53653, -0.651639, -0.884894, -0.000909949
8.19933, 0.0338664, -0.000188834, -188.102, -1.53652, -0.651498, -0.885024, -0.000910094
8.20246, 0.034294, -0.00045453, -187.986, -1.53651, -0.651358, -0.885154, -0.000910239
8.20558, 0.0347099, -0.000171704, -187.87, -1.5365, -0.651217, -0.885285, -0.000910384
8.20871, 0.0346156, 0.000311477, -187.755, -1.53649, -0.651076, -0.885415, -0.000910528
8.21183, 0.0341399, 0.000401529, -187.639, -1.53648, -0.650936, -0.885545, -0.000910673
8.21496, 0.0338793, -1.16384e-05, -187.523, -1.53647, -0.650795, -0.885676, -0.000910818
8.21808, 0.0341654, -0.000421345, -187.408, -1.53646, -0.650654, -0.885806, -0.000910963
8.22121, 0.0346601, -0.00032617, -187.292, -1.53645, -0.650514, -0.885937, -0.000911108
8.22433, 0.034771, 0.000157054, -187.177, -1.53644, -0.650373, -0.886067, -0.000911253
8.22746, 0.0343755, 0.000437852, -187.061, -1.53643, -0.650232, -0.886198, -0.000911397
8.23058, 0.0339691, 0.00017388, -186.946, -1.53642, -0.650091, -0.886328, -0.000911542
8.23371, 0.0340594, -0.000312691, -186.831, -1.53641, -0.64995, -0.886459, -0.000911687
8.23683, 0.0345486, -0.000429408, -186.716, -1.5364, -0.649809, -0.88659, -0.000911832
8.23996, 0.0348539, -3.47192e-05, -186.601, -1.53639, -0.649668, -0.88672, -0.000911977
8.24308, 0.0346172, 0.000391524, -186.486, -1.53638, -0.649527, -0.886851, -0.000912121
8.24621, 0.0341385, 0.000332177, -186.371, -1.53637, -0.649386, -0.886982, -0.000912266
8.24933, 0.0340107, -0.000140371, -186.256, -1.53636, -0.649245, -0.887113, -0.000912411
8.25246, 0.0344004, -0.000453688, -186.141, -1.53635, -0.649104, -0.887243, -0.000912556
8.25558, 0.0348484, -0.000229069, -186.026, -1.53634, -0.648963, -0.887374, -0.000912701
8.25871, 0.0348257, 0.00026164, -185.912, -1.53633, -0.648822, -0.887505, -0.000912845
8.26183, 0.0343726, 0.000426109, -185.797, -1.53632, -0.648681, -0.887636, -0.00091299
8.26496, 0.0340479, 6.64355e-05, -185.683, -1.53631, -0.64854, -0.887767, -0.000913135
8.26808, 0.0342547, -0.000383848, -185.568, -1.5363, -0.648399, -0.887898, -0.00091328
8.27121, 0.034756, -0.000383148, -185.454, -1.53629, -0.648257, -0.888029, -0.000913424
8.27433, 0.0349616, 6.72379e-05, -185.34, -1.53628, -0.648116, -0.88816, -0.000913569
8.27745, 0.0346374, 0.000426413, -185.226, -1.53627, -0.647975, -0.888291, -0.000913714
8.28058, 0.0341846, 0.000263947, -185.112, -1.53626, -0.647833, -0.888422, -0.000913859
8.2837, 0.0341578, -0.00022511, -184.998, -1.53625, -0.647692, -0.888554, -0.000914004
8.28683, 0.0346008, -0.000455512, -184.884, -1.53624, -0.647551, -0.888685, -0.000914148
8.28995, 0.034996, -0.000152267, -184.77, -1.53623, -0.647409, -0.888816, -0.000914293
8.29308, 0.034884, 0.000322187, -184.656, -1.53622, -0.647268, -0.888947, -0.000914438
8.2962, 0.034411, 0.000402086, -184.542, -1.5362, -0.647126, -0.889079, -0.000914583
8.29933, 0.0341527, -7.30588e-06, -184.429, -1.53619, -0.646985, -0.88921, -0.000914727
8.30245, 0.0344282, -0.000418529, -184.315, -1.53618, -0.646843, -0.889341, -0.000914872
8.30558, 0.0349217, -0.000342988, -184.202, -1.53617, -0.646702, -0.889473, -0.000915017
8.3087, 0.0350594, 0.000129149, -184.088, -1.53616, -0.64656, -0.889604, -0.000915162
8.31183, 0.0346904, 0.000437724, -183.975, -1.53615, -0.646419, -0.889736, -0.000915307
8.31495, 0.0342643, 0.000217477, -183.862, -1.53614, -0.646277, -0.889867, -0.000915451
8.31808, 0.0342972, -0.000270497, -183.749, -1.53613, -0.646135, -0.889999, -0.000915596
8.3212, 0.0347618, -0.000449304, -183.635, -1.53612, -0.645994, -0.89013, -0.000915741
8.32433, 0.0351211, -0.000108222, -183.522, -1.53611, -0.645852, -0.890262, -0.000915886
8.32745, 0.0349637, 0.000350039, -183.409, -1.5361, -0.64571, -0.890393, -0.00091603
8.33058, 0.0344873, 0.000385631, -183.297, -1.53609, -0.645568, -0.890525, -0.000916175
8.3337, 0.0342648, -4.28685e-05, -183.184, -1.53608, -0.645426, -0.890657, -0.00091632
8.33683, 0.0345692, -0.000431402, -183.071, -1.53607, -0.645285, -0.890788, -0.000916465
8.33995, 0.0350546, -0.000323925, -182.958, -1.53606, -0.645143, -0.89092, -0.000916609
8.34308, 0.0351634, 0.000152996, -182.846, -1.53605, -0.645001, -0.891052, -0.000916754
8.3462, 0.0347805, 0.000440339, -182.733, -1.53604, -0.644859, -0.891184, -0.000916899
8.34933, 0.0343663, 0.000202112, -182.621, -1.53603, -0.644717, -0.891316, -0.000917044
8.35245, 0.0344167, -0.00028269, -182.509, -1.53602, -0.644575, -0.891448, -0.000917188
8.35558, 0.0348842, -0.000447822, -182.396, -1.53601, -0.644433, -0.891579, -0.000917333
8.3587, 0.035235, -0.000101068, -182.284, -1.536, -0.644291, -0.891711, -0.000917478
8.36183, 0.0350723, 0.000353079, -182.172, -1.53599, -0.644149, -0.891843, -0.000917622
8.36495, 0.0345978, 0.000386053, -182.06, -1.53598, -0.644006, -0.891975, -0.000917767
8.36808, 0.0343751, -4.00072e-05, -181.948, -1.53597, -0.643864, -0.892108, -0.000917912
8.3712, 0.0346742, -0.000429922, -181.836, -1.53596, -0.643722, -0.89224, -0.000918057
8.37432, 0.0351593, -0.000331526, -181.724, -1.53595, -0.64358, -0.892372, -0.000918201
8.37745, 0.03528, 0.000140641, -181.612, -1.53594, -0.643438, -0.892504, -0.000918346
8.38057, 0.0349086, 0.000439759, -181.501, -1.53593, -0.643295, -0.892636, -0.000918491
8.3837, 0.0344867, 0.000220259, -181.389, -1.53592, -0.643153, -0.892768, -0.000918636
8.38682, 0.0345131, -0.000263828, -181.277, -1.53591, -0.643011, -0.892901, -0.00091878
8.38995, 0.0349685, -0.000453861, -181.166, -1.5359, -0.642868, -0.893033, -0.000918925
8.39307, 0.0353393, -0.000131235, -181.055, -1.53589, -0.642726, -0.893165, -0.00091907
8.3962, 0.0352105, 0.000332167, -180.943, -1.53588, -0.642583, -0.893298, -0.000919214
8.39932, 0.0347423, 0.000403459, -180.832, -1.53587, -0.642441, -0.89343, -0.000919359
8.40245, 0.0344843, 1.21952e-06, -180.721, -1.53586, -0.642299, -0.893562, -0.000919504
8.40557, 0.0347437, -0.000412617, -180.61, -1.53585, -0.642156, -0.893695, -0.000919649
8.4087, 0.0352343, -0.000363867, -180.499, -1.53584, -0.642013, -0.893827, -0.000919793
8.41182, 0.0354058, 9.11371e-05, -180.388, -1.53583, -0.641871, -0.89396, -0.000919938
8.41495, 0.0350739, 0.000431727, -180.277, -1.53582, -0.641728, -0.894092, -0.000920083
8.41807, 0.0346298, 0.000269072, -180.166, -1.53581, -0.641586, -0.894225, -0.000920227
8.4212, 0.0345917, -0.000210694, -180.055, -1.5358, -0.641443, -0.894358, -0.000920372
8.42432, 0.0350139, -0.000460511, -179.945, -1.53579, -0.6413, -0.89449, -0.000920517
8.42745, 0.0354268, -0.000196295, -179.834, -1.53578, -0.641157, -0.894623, -0.000920661
8.43057, 0.0353723, 0.000280936, -179.724, -1.53577, -0.641015, -0.894756, -0.000920806
8.4337, 0.0349243, 0.000428918, -179.613, -1.53576, -0.640872, -0.894889, -0.000920951
8.43682, 0.0346029, 8.01522e-05, -179.503, -1.53575, -0.640729, -0.895021, -0.000921096
8.43995, 0.0347835, -0.000369544, -179.392, -1.53574, -0.640586, -0.895154, -0.00092124
8.44307, 0.0352725, -0.000411001, -179.282, -1.53573, -0.640443, -0.895287, -0.000921385
8.4462, 0.0355279, 2.17095e-06, -179.172, -1.53572, -0.6403, -0.89542, -0.00092153
8.44932, 0.0352728, 0.000402753, -179.062, -1.53571, -0.640158, -0.895553, -0.000921674
8.45245, 0.0348069, 0.0003388, -178.952, -1.5357, -0.640015, -0.895686, -0.000921819
8.45557, 0.0346669, -0.000117062, -178.842, -1.53569, -0.639872, -0.895819, -0.000921964
8.4587, 0.0350211, -0.000451172, -178.732, -1.53568, -0.639729, -0.895952, -0.000922108
8.46182, 0.035482, -0.000287965, -178.622, -1.53567, -0.639585, -0.896085, -0.000922253
8.46495, 0.0355429, 0.000188631, -178.513, -1.53566, -0.639442, -0.896218, -0.000922398
8.46807, 0.0351472, 0.000443474, -178.403, -1.53565, -0.639299, -0.896351, -0.000922542
8.4712, 0.0347501, 0.000191198, -178.293, -1.53564, -0.639156, -0.896484, -0.000922687
8.47432, 0.0348074, -0.000285145, -178.184, -1.53563, -0.639013, -0.896617, -0.000922832
8.47756, 0.0352839, -0.000448615, -178.071, -1.53562, -0.638865, -0.896756, -0.000922982
8.4808, 0.0356323, -8.87126e-05, -177.957, -1.53561, -0.638716, -0.896894, -0.000923132
8.48403, 0.0354507, 0.000366027, -177.844, -1.5356, -0.638568, -0.897032, -0.000923281
8.48727, 0.0349678, 0.000375375, -177.731, -1.53559, -0.638419, -0.89717, -0.000923431
8.49051, 0.034769, -7.12754e-05, -177.618, -1.53558, -0.638271, -0.897308, -0.000923581
8.49375, 0.0351018, -0.000444116, -177.505, -1.53557, -0.638122, -0.897446, -0.000923731
8.49699, 0.035584, -0.00030189, -177.392, -1.53556, -0.637973, -0.897585, -0.000923881
8.50022, 0.0356574, 0.000186664, -177.279, -1.53555, -0.637825, -0.897723, -0.000924031
8.50346, 0.035248, 0.000444159, -177.166, -1.53554, -0.637676, -0.897861, -0.000924181
8.5067, 0.0348515, 0.000167082, -177.053, -1.53553, -0.637527, -0.898, -0.000924331
8.50994, 0.0349472, -0.000317477, -176.941, -1.53552, -0.637379, -0.898138, -0.000924481
8.51318, 0.0354341, -0.000438954, -176.828, -1.53551, -0.63723, -0.898276, -0.00092463
8.51641, 0.0357514, -5.49399e-05, -176.716, -1.5355, -0.637081, -0.898415, -0.00092478
8.51965, 0.0355388, 0.000383026, -176.603, -1.53549, -0.636932, -0.898553, -0.00092493
8.52289, 0.0350583, 0.000361138, -176.491, -1.53548, -0.636784, -0.898692, -0.00092508
8.52613, 0.0348853, -9.44387e-05, -176.379, -1.53547, -0.636635, -0.898831, -0.00092523
8.52937, 0.035234, -0.00045003, -176.267, -1.53546, -0.636486, -0.898969, -0.00092538
8.5326, 0.0357081, -0.000290058, -176.155, -1.53544, -0.636337, -0.899108, -0.00092553
8.53584, 0.0357659, 0.000198086, -176.043, -1.53543, -0.636188, -0.899247, -0.00092568
8.53908, 0.0353525, 0.000444667, -175.931, -1.53542, -0.636039, -0.899385, -0.000925829
8.54232, 0.034962, 0.000162682, -175.819, -1.53541, -0.63589, -0.899524, -0.000925979
8.54556, 0.0350607, -0.00031911, -175.707, -1.5354, -0.635741, -0.899663, -0.000926129
8.54879, 0.0355454, -0.000440449, -175.595, -1.53539, -0.635592, -0.899802, -0.000926279
8.55203, 0.0358647, -6.08712e-05, -175.484, -1.53538, -0.635442, -0.899941, -0.000926429
8.55527, 0.0356604, 0.000378819, -175.372, -1.53537, -0.635293, -0.90008, -0.000926579
8.55851, 0.0351817, 0.000369196, -175.261, -1.53536, -0.635144, -0.900219, -0.000926729
8.56175, 0.0349947, -7.80833e-05, -175.149, -1.53535, -0.634995, -0.900358, -0.000926878
8.56498, 0.035327, -0.00044554, -175.038, -1.53534, -0.634846, -0.900497, -0.000927028
8.56822, 0.0358062, -0.000309047, -174.927, -1.53533, -0.634696, -0.900636, -0.000927178
8.57146, 0.0358913, 0.000173398, -174.816, -1.53532, -0.634547, -0.900775, -0.000927328
8.5747, 0.0354966, 0.000445671, -174.704, -1.53531, -0.634398, -0.900914, -0.000927478
8.57793, 0.0350885, 0.000194753, -174.593, -1.5353, -0.634248, -0.901053, -0.000927628
8.58117, 0.0351478, -0.00029037, -174.482, -1.53529, -0.634099, -0.901192, -0.000927778
8.58441, 0.0356177, -0.00045253, -174.372, -1.53528, -0.633949, -0.901331, -0.000927927
8.58765, 0.0359705, -0.000106179, -174.261, -1.53527, -0.6338, -0.901471, -0.000928077
8.59089, 0.0358141, 0.000351385, -174.15, -1.53526, -0.63365, -0.90161, -0.000928227
8.59412, 0.0353396, 0.000396561, -174.039, -1.53525, -0.633501, -0.901749, -0.000928377
8.59736, 0.0351014, -2.17801e-05, -173.929, -1.53524, -0.633351, -0.901889, -0.000928527
8.6006, 0.0353827, -0.000425578, -173.818, -1.53523, -0.633201, -0.902028, -0.000928677
8.60384, 0.0358738, -0.000354475, -173.708, -1.53522, -0.633052, -0.902168, -0.000928826
8.60708, 0.0360268, 0.000109976, -173.598, -1.53521, -0.632902, -0.902307, -0.000928976
8.61031, 0.0356797, 0.000438967, -173.487, -1.5352, -0.632752, -0.902447, -0.000929126
8.61355, 0.0352391, 0.00025885, -173.377, -1.53519, -0.632603, -0.902586, -0.000929276
8.61679, 0.0352167, -0.000225333, -173.267, -1.53518, -0.632453, -0.902726, -0.000929426
8.62003, 0.035649, -0.00046432, -173.157, -1.53517, -0.632303, -0.902865, -0.000929576
8.62327, 0.0360574, -0.000187799, -173.047, -1.53516, -0.632153, -0.903005, -0.000929725
8.6265, 0.0359916, 0.00029083, -172.937, -1.53515, -0.632003, -0.903145, -0.000929875
8.62987, 0.0355196, 0.000425047, -172.823, -1.53514, -0.631848, -0.90329, -0.000930031
8.63323, 0.0352156, 3.55432e-05, -172.709, -1.53513, -0.631692, -0.903435, -0.000930186
8.63659, 0.0354584, -0.000407778, -172.595, -1.53512, -0.631536, -0.90358, -0.000930342
8.63995, 0.0359679, -0.000371304, -172.482, -1.53511, -0.63138, -0.903725, -0.000930497
8.64331, 0.036144, 0.000100587, -172.368, -1.5351, -0.631225, -0.903871, -0.000930653
8.64667, 0.0357883, 0.000440802, -172.254, -1.53508, -0.631069, -0.904016, -0.000930808
8.65003, 0.0353406, 0.00024146, -172.141, -1.53507, -0.630913, -0.904161, -0.000930964
8.65339, 0.03535, -0.000258049, -172.027, -1.53506, -0.630757, -0.904306, -0.000931119
8.65676, 0.0358173, -0.000459733, -171.914, -1.53505, -0.630601, -0.904452, -0.000931275
8.66012, 0.0361961, -0.000122897, -171.801, -1.53504, -0.630445, -0.904597, -0.00093143
8.66348, 0.036047, 0.000349772, -171.687, -1.53503, -0.630289, -0.904743, -0.000931586
8.66684, 0.0355608, 0.00039456, -171.574, -1.53502, -0.630133, -0.904888, -0.000931741
8.6702, 0.0353295, -4.13904e-05, -171.461, -1.53501, -0.629977, -0.905034, -0.000931897
8.67356, 0.0356404, -0.000438976, -171.348, -1.535, -0.629821, -0.905179, -0.000932052
8.67692, 0.0361361, -0.000325876, -171.236, -1.53499, -0.629665, -0.905325, -0.000932208
8.68028, 0.0362405, 0.000163107, -171.123, -1.53498, -0.629509, -0.90547, -0.000932363
8.68365, 0.0358428, 0.000447945, -171.01, -1.53497, -0.629353, -0.905616, -0.000932519
8.68701, 0.0354269, 0.000191646, -170.897, -1.53496, -0.629197, -0.905762, -0.000932674
8.69037, 0.035497, -0.000302089, -170.785, -1.53495, -0.62904, -0.905908, -0.00093283
8.69373, 0.0359821, -0.000449821, -170.672, -1.53494, -0.628884, -0.906053, -0.000932985
8.69709, 0.0363219, -7.76714e-05, -170.56, -1.53493, -0.628728, -0.906199, -0.000933141
8.70045, 0.0361284, 0.000375226, -170.448, -1.53492, -0.628571, -0.906345, -0.000933296
8.70381, 0.0356424, 0.000375725, -170.335, -1.53491, -0.628415, -0.906491, -0.000933452
8.70717, 0.0354479, -7.62319e-05, -170.223, -1.5349, -0.628258, -0.906637, -0.000933607
8.71054, 0.0357852, -0.000449425, -170.111, -1.53489, -0.628102, -0.906783, -0.000933762
8.7139, 0.0362704, -0.00030626, -169.999, -1.53487, -0.627945, -0.906929, -0.000933918
8.71726, 0.0363472, 0.000184937, -169.887, -1.53486, -0.627789, -0.907075, -0.000934073
8.72062, 0.0359385, 0.000449016, -169.775, -1.53485, -0.627632, -0.907221, -0.000934229
8.72398, 0.0355347, 0.000177616, -169.664, -1.53484, -0.627476, -0.907367, -0.000934384
8.72734, 0.0356194, -0.000311815, -169.552, -1.53483, -0.627319, -0.907514, -0.00093454
8.7307, 0.0361055, -0.000448369, -169.44, -1.53482, -0.627162, -0.90766, -0.000934695
8.73406, 0.0364385, -7.34471e-05, -169.329, -1.53481, -0.627006, -0.907806, -0.000934851
8.73743, 0.0362435, 0.00037622, -169.217, -1.5348, -0.626849, -0.907952, -0.000935006
8.74079, 0.0357598, 0.000378101, -169.106, -1.53479, -0.626692, -0.908099, -0.000935162
8.74415, 0.0355611, -6.94479e-05, -168.995, -1.53478, -0.626535, -0.908245, -0.000935317
8.74751, 0.0358896, -0.000447127, -168.883, -1.53477, -0.626378, -0.908392, -0.000935473
8.75087, 0.0363763, -0.000317773, -168.772, -1.53476, -0.626222, -0.908538, -0.000935628
8.75423, 0.0364703, 0.000168409, -168.661, -1.53475, -0.626065, -0.908685, -0.000935783
8.75759, 0.0360756, 0.000449432, -168.55, -1.53474, -0.625908, -0.908831, -0.000935939
8.76095, 0.0356601, 0.000201342, -168.439, -1.53473, -0.625751, -0.908978, -0.000936094
8.76432, 0.0357147, -0.000289339, -168.328, -1.53472, -0.625594, -0.909124, -0.00093625
8.76768, 0.0361879, -0.00045757, -168.218, -1.53471, -0.625437, -0.909271, -0.000936405
8.77104, 0.0365472, -0.00011036, -168.107, -1.5347, -0.625279, -0.909418, -0.000936561
8.7744, 0.0363921, 0.00035297, -167.996, -1.53469, -0.625122, -0.909564, -0.000936716
8.77776, 0.0359131, 0.000400892, -167.886, -1.53468, -0.624965, -0.909711, -0.000936871
8.78112, 0.0356712, -2.09748e-05, -167.775, -1.53467, -0.624808, -0.909858, -0.000937027
8.78448, 0.0359548, -0.000429355, -167.665, -1.53466, -0.624651, -0.910005, -0.000937182
8.78784, 0.036451, -0.000357561, -167.555, -1.53465, -0.624493, -0.910152, -0.000937338
8.79121, 0.036605, 0.000111847, -167.445, -1.53463, -0.624336, -0.910299, -0.000937493
8.79457, 0.0362535, 0.000443175, -167.334, -1.53462, -0.624179, -0.910446, -0.000937649
8.79793, 0.0358092, 0.000259284, -167.224, -1.53461, -0.624021, -0.910593, -0.000937804
8.80129, 0.0357894, -0.000230011, -167.114, -1.5346, -0.623864, -0.91074, -0.000937959
8.80465, 0.0362279, -0.000468432, -167.005, -1.53459, -0.623706, -0.910887, -0.000938115
8.80801, 0.0366382, -0.00018575, -166.895, -1.53458, -0.623549, -0.911034, -0.00093827
8.81137, 0.0365671, 0.000296964, -166.785, -1.53457, -0.623391, -0.911181, -0.000938426
8.81486, 0.0360897, 0.000427406, -166.671, -1.53456, -0.623228, -0.911334, -0.000938587
8.81834, 0.035787, 3.13265e-05, -166.558, -1.53455, -0.623065, -0.911486, -0.000938748
8.82183, 0.0360363, -0.000413645, -166.444, -1.53454, -0.622901, -0.911639, -0.000938909
8.82531, 0.03655, -0.000372191, -166.331, -1.53453, -0.622738, -0.911792, -0.00093907
8.8288, 0.0367235, 0.000105319, -166.217, -1.53452, -0.622574, -0.911944, -0.000939231
8.83228, 0.0363618, 0.000445363, -166.104, -1.53451, -0.622411, -0.912097, -0.000939392
8.83576, 0.0359119, 0.00024054, -165.991, -1.5345, -0.622247, -0.91225, -0.000939553
8.83925, 0.0359253, -0.000263327, -165.878, -1.53449, -0.622084, -0.912403, -0.000939714
8.84273, 0.0363982, -0.000463449, -165.765, -1.53448, -0.62192, -0.912556, -0.000939875
8.84622, 0.0367782, -0.000121202, -165.652, -1.53447, -0.621756, -0.912709, -0.000940037
8.8497, 0.0366249, 0.00035456, -165.539, -1.53445, -0.621593, -0.912862, -0.000940198
8.85319, 0.0361343, 0.000396905, -165.426, -1.53444, -0.621429, -0.913015, -0.000940359
8.85667, 0.0359033, -4.40391e-05, -165.313, -1.53443, -0.621265, -0.913168, -0.00094052
8.86016, 0.0362188, -0.000443684, -165.201, -1.53442, -0.621101, -0.913321, -0.000940681
8.86364, 0.0367183, -0.000327722, -165.088, -1.53441, -0.620937, -0.913474, -0.000940842
8.86712, 0.0368222, 0.000165751, -164.976, -1.5344, -0.620773, -0.913628, -0.000941003
8.87061, 0.0364205, 0.00045197, -164.864, -1.53439, -0.62061, -0.913781, -0.000941164
8.87409, 0.0360016, 0.000192688, -164.751, -1.53438, -0.620446, -0.913934, -0.000941325
8.87758, 0.0360729, -0.000305173, -164.639, -1.53437, -0.620281, -0.914088, -0.000941486
8.88106, 0.0365623, -0.000453971, -164.527, -1.53436, -0.620117, -0.914241, -0.000941647
8.88455, 0.0369051, -7.88006e-05, -164.415, -1.53435, -0.619953, -0.914394, -0.000941808
8.88803, 0.0367107, 0.000378157, -164.303, -1.53434, -0.619789, -0.914548, -0.000941969
8.89152, 0.0362207, 0.000379661, -164.191, -1.53433, -0.619625, -0.914701, -0.00094213
8.895, 0.0360233, -7.54987e-05, -164.079, -1.53432, -0.619461, -0.914855, -0.000942291
8.89848, 0.0363621, -0.000453037, -163.968, -1.53431, -0.619297, -0.915009, -0.000942453
8.90197, 0.0368521, -0.000310886, -163.856, -1.53429, -0.619132, -0.915162, -0.000942614
8.90545, 0.0369324, 0.000184021, -163.744, -1.53428, -0.618968, -0.915316, -0.000942775
8.90894, 0.0365221, 0.000453026, -163.633, -1.53427, -0.618804, -0.91547, -0.000942936
8.91242, 0.036113, 0.0001825, -163.521, -1.53426, -0.618639, -0.915623, -0.000943097
8.91591, 0.0361943, -0.000311587, -163.41, -1.53425, -0.618475, -0.915777, -0.000943258
8.91939, 0.0366831, -0.000453802, -163.299, -1.53424, -0.61831, -0.915931, -0.000943419
8.92288, 0.0370229, -7.92436e-05, -163.188, -1.53423, -0.618146, -0.916085, -0.00094358
8.92636, 0.0368317, 0.000376477, -163.077, -1.53422, -0.617981, -0.916239, -0.000943741
8.92984, 0.0363441, 0.000384693, -162.966, -1.53421, -0.617817, -0.916393, -0.000943902
8.93333, 0.0361378, -6.35469e-05, -162.855, -1.5342, -0.617652, -0.916547, -0.000944063
8.93681, 0.0364633, -0.000449046, -162.744, -1.53419, -0.617487, -0.916701, -0.000944224
8.9403, 0.036956, -0.000326404, -162.633, -1.53418, -0.617323, -0.916855, -0.000944385
8.94378, 0.0370594, 0.000162172, -162.523, -1.53417, -0.617158, -0.917009, -0.000944546
8.94727, 0.0366668, 0.000452982, -162.412, -1.53416, -0.616993, -0.917163, -0.000944707
8.95075, 0.0362432, 0.000211443, -162.302, -1.53415, -0.616828, -0.917318, -0.000944868
8.95424, 0.0362879, -0.000283995, -162.191, -1.53414, -0.616663, -0.917472, -0.000945029
8.95772, 0.0367611, -0.000463954, -162.081, -1.53412, -0.616498, -0.917626, -0.00094519
8.9612, 0.0371315, -0.000122401, -161.971, -1.53411, -0.616334, -0.917781, -0.000945351
8.96469, 0.036987, 0.000348635, -161.86, -1.5341, -0.616169, -0.917935, -0.000945512
8.96817, 0.0365057, 0.000409931, -161.75, -1.53409, -0.616004, -0.918089, -0.000945673
8.97166, 0.0362503, -8.0404e-06, -161.64, -1.53408, -0.615839, -0.918244, -0.000945834
8.97514, 0.0365241, -0.000427496, -161.53, -1.53407, -0.615673, -0.918398, -0.000945995
8.97863, 0.0370263, -0.000370168, -161.42, -1.53406, -0.615508, -0.918553, -0.000946156
8.98211, 0.0371967, 9.8024e-05, -161.311, -1.53405, -0.615343, -0.918708, -0.000946317
8.9856, 0.0368539, 0.000443996, -161.201, -1.53404, -0.615178, -0.918862, -0.000946478
8.98908, 0.0364, 0.000274866, -161.091, -1.53403, -0.615013, -0.919017, -0.000946639
8.99256, 0.0363622, -0.00021678, -160.982, -1.53402, -0.614847, -0.919172, -0.0009468
8.99605, 0.0367946, -0.000473343, -160.872, -1.53401, -0.614682, -0.919327, -0.000946961
8.99953, 0.0372192, -0.000204737, -160.763, -1.534, -0.614517, -0.919481, -0.000947122
9.00302, 0.0371678, 0.000284668, -160.654, -1.53399, -0.614351, -0.919636, -0.000947283
9.0065, 0.036711, 0.000441967, -160.544, -1.53398, -0.614186, -0.919791, -0.000947444
9.00999, 0.0363764, 9.02075e-05, -160.435, -1.53397, -0.61402, -0.919946, -0.000947605
9.01347, 0.0365525, -0.000373711, -160.326, -1.53396, -0.613855, -0.920101, -0.000947766
9.01696, 0.0370524, -0.000427728, -160.217, -1.53395, -0.613689, -0.920256, -0.000947927
9.02044, 0.0373257, -1.17055e-05, -160.108, -1.53393, -0.613524, -0.920411, -0.000948088
9.02392, 0.0370779, 0.000406827, -159.999, -1.53392, -0.613358, -0.920566, -0.000948249
9.02741, 0.0365991, 0.000358731, -159.891, -1.53391, -0.613193, -0.920721, -0.00094841
9.03089, 0.0364375, -0.000101516, -159.782, -1.5339, -0.613027, -0.920877, -0.000948571
9.03438, 0.0367851, -0.000458724, -159.673, -1.53389, -0.612861, -0.921032, -0.000948732
9.03786, 0.0372647, -0.000314108, -159.565, -1.53388, -0.612695, -0.921187, -0.000948893
9.04148, 0.0373451, 0.000188703, -159.452, -1.53387, -0.612523, -0.921349, -0.00094906
9.0451, 0.0369243, 0.000455253, -159.34, -1.53386, -0.612351, -0.92151, -0.000949227
9.04872, 0.0365169, 0.00016838, -159.227, -1.53385, -0.612178, -0.921671, -0.000949394
9.05234, 0.0366205, -0.000330006, -159.115, -1.53384, -0.612006, -0.921833, -0.000949561
9.05596, 0.0371243, -0.000447581, -159.003, -1.53383, -0.611834, -0.921994, -0.000949729
9.05958, 0.0374429, -4.53255e-05, -158.89, -1.53382, -0.611661, -0.922156, -0.000949896
9.0632, 0.037212, 0.00039944, -158.778, -1.53381, -0.611489, -0.922318, -0.000950063
9.06682, 0.0367183, 0.000360285, -158.666, -1.5338, -0.611316, -0.922479, -0.00095023
9.07044, 0.0365586, -0.000115901, -158.554, -1.53378, -0.611144, -0.922641, -0.000950397
9.07406, 0.0369338, -0.000466426, -158.442, -1.53377, -0.610971, -0.922803, -0.000950565
9.07768, 0.0374137, -0.000278177, -158.331, -1.53376, -0.610798, -0.922964, -0.000950732
9.0813, 0.0374457, 0.000226484, -158.219, -1.53375, -0.610626, -0.923126, -0.000950899
9.08492, 0.0370057, 0.00045364, -158.107, -1.53374, -0.610453, -0.923288, -0.000951066
9.08854, 0.0366237, 0.000136833, -157.996, -1.53373, -0.61028, -0.92345, -0.000951233
9.09215, 0.0367606, -0.000351596, -157.884, -1.53372, -0.610107, -0.923612, -0.0009514
9.09577, 0.0372679, -0.000439177, -157.773, -1.53371, -0.609935, -0.923774, -0.000951567
9.09939, 0.0375643, -2.39526e-05, -157.662, -1.5337, -0.609762, -0.923936, -0.000951735
9.10301, 0.0373163, 0.000408162, -157.55, -1.53369, -0.609589, -0.924098, -0.000951902
9.10663, 0.0368267, 0.00035278, -157.439, -1.53368, -0.609416, -0.92426, -0.000952069
9.11025, 0.0366792, -0.000124904, -157.328, -1.53367, -0.609243, -0.924423, -0.000952236
9.11387, 0.0370576, -0.000468195, -157.217, -1.53365, -0.60907, -0.924585, -0.000952403
9.11749, 0.0375339, -0.0002781, -157.107, -1.53364, -0.608897, -0.924747, -0.00095257
9.12111, 0.0375672, 0.000223912, -156.996, -1.53363, -0.608723, -0.92491, -0.000952738
9.12473, 0.0371322, 0.000455165, -156.885, -1.53362, -0.60855, -0.925072, -0.000952905
9.12835, 0.0367457, 0.000148132, -156.774, -1.53361, -0.608377, -0.925234, -0.000953072
9.13197, 0.0368675, -0.000341257, -156.664, -1.5336, -0.608204, -0.925397, -0.000953239
9.13559, 0.0373685, -0.000447288, -156.553, -1.53359, -0.60803, -0.925559, -0.000953406
9.13921, 0.0376825, -4.81165e-05, -156.443, -1.53358, -0.607857, -0.925722, -0.000953573
9.14283, 0.0374604, 0.000395508, -156.333, -1.53357, -0.607684, -0.925885, -0.00095374
9.14645, 0.0369708, 0.000372864, -156.223, -1.53356, -0.60751, -0.926047, -0.000953907
9.15007, 0.0367895, -8.93899e-05, -156.112, -1.53355, -0.607337, -0.92621, -0.000954075
9.15369, 0.0371365, -0.000459902, -156.002, -1.53354, -0.607163, -0.926373, -0.000954242
9.15731, 0.0376255, -0.000313916, -155.892, -1.53353, -0.60699, -0.926536, -0.000954409
9.16092, 0.0377087, 0.000180664, -155.783, -1.53351, -0.606816, -0.926698, -0.000954576
9.16454, 0.0373036, 0.00045763, -155.673, -1.5335, -0.606642, -0.926861, -0.000954743
9.16816, 0.0368861, 0.000200865, -155.563, -1.53349, -0.606469, -0.927024, -0.00095491
9.17178, 0.0369447, -0.00029594, -155.453, -1.53348, -0.606295, -0.927187, -0.000955077
9.1754, 0.0374243, -0.000466335, -155.344, -1.53347, -0.606121, -0.92735, -0.000955244
9.17902, 0.0377907, -0.000116848, -155.234, -1.53346, -0.605947, -0.927513, -0.000955412
9.18264, 0.0376398, 0.000354554, -155.125, -1.53345, -0.605774, -0.927676, -0.000955579
9.18626, 0.0371558, 0.000412555, -155.016, -1.53344, -0.6056, -0.92784, -0.000955746
9.18988, 0.0369001, -8.03645e-06, -154.907, -1.53343, -0.605426, -0.928003, -0.000955913
9.1935, 0.0371741, -0.0004303, -154.797, -1.53342, -0.605252, -0.928166, -0.00095608
9.19712, 0.0376792, -0.00037669, -154.688, -1.53341, -0.605078, -0.928329, -0.000956247
9.20074, 0.0378568, 9.1572e-05, -154.579, -1.5334, -0.604904, -0.928493, -0.000956414
9.20436, 0.037519, 0.000445673, -154.471, -1.53339, -0.60473, -0.928656, -0.000956581
9.20798, 0.0370592, 0.000286825, -154.362, -1.53337, -0.604555, -0.928819, -0.000956748
9.2116, 0.037007, -0.000205514, -154.253, -1.53336, -0.604381, -0.928983, -0.000956915
9.21522, 0.0374325, -0.000477592, -154.144, -1.53335, -0.604207, -0.929146, -0.000957082
9.21884, 0.0378695, -0.000224351, -154.036, -1.53334, -0.604033, -0.92931, -0.000957249
9.22246, 0.0378401, 0.00026959, -153.927, -1.53333, -0.603859, -0.929474, -0.000957417
9.22608, 0.0373898, 0.000450902, -153.819, -1.53332, -0.603684, -0.929637, -0.000957584
9.22969, 0.0370347, 0.000117298, -153.711, -1.53331, -0.60351, -0.929801, -0.000957751
9.23331, 0.0371831, -0.000357954, -153.602, -1.5333, -0.603335, -0.929965, -0.000957918
9.23693, 0.0376807, -0.000444611, -153.494, -1.53329, -0.603161, -0.930129, -0.000958085
9.24055, 0.0379846, -4.67078e-05, -153.386, -1.53328, -0.602986, -0.930292, -0.000958252
9.24417, 0.0377689, 0.000392401, -153.278, -1.53327, -0.602812, -0.930456, -0.000958419
9.24779, 0.0372858, 0.000384776, -153.17, -1.53326, -0.602637, -0.93062, -0.000958586
9.25141, 0.0370837, -6.04819e-05, -153.063, -1.53325, -0.602463, -0.930784, -0.000958753
9.25503, 0.0373978, -0.000449286, -152.955, -1.53324, -0.602288, -0.930948, -0.00095892
9.25865, 0.0378916, -0.000351373, -152.847, -1.53323, -0.602113, -0.931112, -0.000959087
9.26244, 0.0380234, 0.0001482, -152.734, -1.53321, -0.60193, -0.931284, -0.000959262
9.26624, 0.037625, 0.000458211, -152.622, -1.5332, -0.601747, -0.931456, -0.000959437
9.27003, 0.0371883, 0.000207007, -152.509, -1.53319, -0.601563, -0.931629, -0.000959613
9.27383, 0.03725, -0.00030374, -152.397, -1.53318, -0.60138, -0.931801, -0.000959788
9.27762, 0.0377489, -0.00046261, -152.284, -1.53317, -0.601197, -0.931973, -0.000959963
9.28142, 0.0381017, -8.02326e-05, -152.172, -1.53316, -0.601013, -0.932145, -0.000960138
9.28521, 0.0379008, 0.000386384, -152.06, -1.53315, -0.60083, -0.932318, -0.000960313
9.289, 0.0373996, 0.000381037, -151.947, -1.53314, -0.600646, -0.93249, -0.000960488
9.2928, 0.0372083, -8.92945e-05, -151.835, -1.53313, -0.600463, -0.932662, -0.000960663
9.29659, 0.037567, -0.000464956, -151.723, -1.53311, -0.600279, -0.932835, -0.000960838
9.30039, 0.0380624, -0.000300147, -151.612, -1.5331, -0.600095, -0.933008, -0.000961013
9.30418, 0.0381202, 0.000209031, -151.5, -1.53309, -0.599912, -0.93318, -0.000961188
9.30798, 0.0376857, 0.000459283, -151.388, -1.53308, -0.599728, -0.933353, -0.000961363
9.31177, 0.0372865, 0.000155058, -151.276, -1.53307, -0.599544, -0.933525, -0.000961539
9.31556, 0.037407, -0.000343669, -151.165, -1.53306, -0.59936, -0.933698, -0.000961714
9.31936, 0.0379175, -0.000448507, -151.053, -1.53305, -0.599177, -0.933871, -0.000961889
9.32315, 0.0382294, -3.65223e-05, -150.942, -1.53304, -0.598993, -0.934044, -0.000962064
9.32695, 0.037989, 0.000407019, -150.831, -1.53303, -0.598809, -0.934217, -0.000962239
9.33074, 0.0374926, 0.000361078, -150.72, -1.53301, -0.598625, -0.93439, -0.000962414
9.33453, 0.0373357, -0.000119789, -150.608, -1.533, -0.598441, -0.934563, -0.000962589
9.33833, 0.0377148, -0.000471644, -150.497, -1.53299, -0.598256, -0.934736, -0.000962764
9.34212, 0.0381984, -0.000283001, -150.387, -1.53298, -0.598072, -0.934909, -0.000962939
9.34592, 0.0382344, 0.000224973, -150.276, -1.53297, -0.597888, -0.935082, -0.000963114
9.34971, 0.0377942, 0.000459077, -150.165, -1.53296, -0.597704, -0.935255, -0.000963289
9.35351, 0.0374044, 0.000146867, -150.054, -1.53295, -0.59752, -0.935428, -0.000963464
9.3573, 0.0375314, -0.000347542, -149.944, -1.53294, -0.597335, -0.935602, -0.000963639
9.36109, 0.0380398, -0.000449248, -149.833, -1.53293, -0.597151, -0.935775, -0.000963814
9.36489, 0.0383516, -4.0745e-05, -149.723, -1.53291, -0.596966, -0.935948, -0.000963989
9.36868, 0.0381186, 0.000403696, -149.612, -1.5329, -0.596782, -0.936122, -0.000964164
9.37248, 0.0376239, 0.000369485, -149.502, -1.53289, -0.596597, -0.936295, -0.000964339
9.37627, 0.0374528, -0.000103154, -149.392, -1.53288, -0.596413, -0.936469, -0.000964514
9.38006, 0.0378149, -0.000467867, -149.282, -1.53287, -0.596228, -0.936642, -0.00096469
9.38386, 0.0383048, -0.000304246, -149.172, -1.53286, -0.596044, -0.936816, -0.000964865
9.38765, 0.0383707, 0.000198528, -149.062, -1.53285, -0.595859, -0.93699, -0.00096504
9.39145, 0.0379501, 0.000461726, -148.952, -1.53284, -0.595674, -0.937164, -0.000965215
9.39524, 0.0375395, 0.000183381, -148.843, -1.53283, -0.595489, -0.937337, -0.00096539
9.39904, 0.0376224, -0.000316455, -148.733, -1.53282, -0.595304, -0.937511, -0.000965565
9.40283, 0.0381158, -0.000464878, -148.623, -1.5328, -0.59512, -0.937685, -0.00096574
9.40662, 0.0384672, -9.25927e-05, -148.514, -1.53279, -0.594935, -0.937859, -0.000965915
9.41042, 0.0382879, 0.000374296, -148.405, -1.53278, -0.59475, -0.938033, -0.00096609
9.41421, 0.0377957, 0.000402914, -148.295, -1.53277, -0.594565, -0.938207, -0.000966265
9.41801, 0.0375646, -3.87194e-05, -148.186, -1.53276, -0.59438, -0.938381, -0.00096644
9.4218, 0.0378696, -0.000447337, -148.077, -1.53275, -0.594194, -0.938555, -0.000966615
9.4256, 0.0383758, -0.000358589, -147.968, -1.53274, -0.594009, -0.938729, -0.00096679
9.42939, 0.0385208, 0.000126064, -147.859, -1.53273, -0.593824, -0.938904, -0.000966965
9.43318, 0.0381532, 0.000456676, -147.75, -1.53272, -0.593639, -0.939078, -0.00096714
9.43698, 0.0377023, 0.000259208, -147.641, -1.53271, -0.593453, -0.939252, -0.000967315
9.44077, 0.0376903, -0.000242324, -147.533, -1.53269, -0.593268, -0.939427, -0.00096749
9.44457, 0.0381425, -0.00048123, -147.424, -1.53268, -0.593083, -0.939601, -0.000967665
9.44836, 0.0385607, -0.000188522, -147.316, -1.53267, -0.592897, -0.939776, -0.00096784
9.45215, 0.0384863, 0.000305402, -147.207, -1.53266, -0.592712, -0.93995, -0.000968015
9.45609, 0.0379978, 0.000439123, -147.095, -1.53265, -0.592519, -0.940131, -0.000968196
9.46002, 0.0376864, 3.50979e-05, -146.983, -1.53264, -0.592327, -0.940312, -0.000968377
9.46396, 0.0379378, -0.000422634, -146.871, -1.53263, -0.592135, -0.940493, -0.000968559
9.46789, 0.0384646, -0.000387184, -146.759, -1.53262, -0.591942, -0.940675, -0.00096874
9.47182, 0.0386513, 9.84786e-05, -146.647, -1.53261, -0.59175, -0.940856, -0.000968922
9.47576, 0.0382896, 0.000455125, -146.535, -1.53259, -0.591557, -0.941037, -0.000969103
9.47969, 0.0378239, 0.000258603, -146.423, -1.53258, -0.591364, -0.941218, -0.000969284
9.48362, 0.0378212, -0.000256831, -146.311, -1.53257, -0.591172, -0.9414, -0.000969466
9.48756, 0.0382974, -0.000479165, -146.2, -1.53256, -0.590979, -0.941581, -0.000969647
9.49149, 0.038701, -0.000145363, -146.088, -1.53255, -0.590786, -0.941763, -0.000969829
9.49542, 0.0385679, 0.000348809, -145.977, -1.53254, -0.590593, -0.941944, -0.00097001
9.49936, 0.0380694, 0.000419163, -145.865, -1.53253, -0.5904, -0.942126, -0.000970191
9.50329, 0.0378077, -1.67348e-05, -145.754, -1.53252, -0.590207, -0.942308, -0.000970373
9.50722, 0.0381041, -0.000444481, -145.643, -1.5325, -0.590014, -0.942489, -0.000970554
9.51116, 0.0386223, -0.000360687, -145.532, -1.53249, -0.589821, -0.942671, -0.000970735
9.51509, 0.0387662, 0.000135438, -145.421, -1.53248, -0.589628, -0.942853, -0.000970917
9.51903, 0.0383807, 0.000461018, -145.31, -1.53247, -0.589435, -0.943035, -0.000971098
9.52296, 0.0379315, 0.000234686, -145.199, -1.53246, -0.589242, -0.943217, -0.00097128
9.52689, 0.0379578, -0.000277857, -145.089, -1.53245, -0.589049, -0.943399, -0.000971461
9.53083, 0.0384412, -0.000477101, -144.978, -1.53244, -0.588856, -0.943581, -0.000971642
9.53476, 0.03883, -0.000130925, -144.868, -1.53242, -0.588662, -0.943763, -0.000971824
9.53869, 0.0386841, 0.000356344, -144.757, -1.53241, -0.588469, -0.943945, -0.000972005
9.54263, 0.0381873, 0.000417261, -144.647, -1.5324, -0.588275, -0.944127, -0.000972186
9.54656, 0.0379307, -1.83786e-05, -144.537, -1.53239, -0.588082, -0.944309, -0.000972368
9.55049, 0.0382248, -0.000444104, -144.426, -1.53238, -0.587888, -0.944492, -0.000972549
9.55443, 0.0387409, -0.000366363, -144.316, -1.53237, -0.587695, -0.944674, -0.00097273
9.55836, 0.0388942, 0.000124096, -144.206, -1.53236, -0.587501, -0.944856, -0.000972912
9.56229, 0.0385208, 0.000459596, -144.096, -1.53235, -0.587307, -0.945039, -0.000973093
9.56623, 0.0380657, 0.000252981, -143.987, -1.53234, -0.587114, -0.945221, -0.000973274
9.57016, 0.0380666, -0.000256715, -143.877, -1.53232, -0.58692, -0.945404, -0.000973456
9.5741, 0.0385348, -0.000482144, -143.767, -1.53231, -0.586726, -0.945587, -0.000973637
9.57803, 0.038944, -0.000164507, -143.658, -1.5323, -0.586532, -0.945769, -0.000973818
9.58196, 0.0388373, 0.000330629, -143.548, -1.53229, -0.586338, -0.945952, -0.000974
9.5859, 0.0383507, 0.000435186, -143.439, -1.53228, -0.586144, -0.946135, -0.000974181
9.58983, 0.0380547, 3.00025e-05, -143.33, -1.53227, -0.58595, -0.946318, -0.000974362
9.59376, 0.0383005, -0.000420774, -143.221, -1.53226, -0.585756, -0.946501, -0.000974544
9.5977, 0.0388192, -0.000402254, -143.111, -1.53225, -0.585562, -0.946683, -0.000974725
9.60163, 0.0390316, 6.37314e-05, -143.002, -1.53223, -0.585368, -0.946867, -0.000974906
9.60556, 0.0387089, 0.000445758, -142.894, -1.53222, -0.585174, -0.94705, -0.000975087
9.6095, 0.0382317, 0.000309425, -142.785, -1.53221, -0.584979, -0.947233, -0.000975269
9.61343, 0.0381549, -0.00018963, -142.676, -1.5322, -0.584785, -0.947416, -0.00097545
9.61736, 0.0385776, -0.000484775, -142.567, -1.53219, -0.584591, -0.947599, -0.000975631
9.6213, 0.039033, -0.000241994, -142.459, -1.53218, -0.584396, -0.947782, -0.000975813
9.62523, 0.0390183, 0.000263249, -142.35, -1.53217, -0.584202, -0.947966, -0.000975994
9.62917, 0.0385636, 0.000459789, -142.242, -1.53216, -0.584007, -0.948149, -0.000976175
9.6331, 0.038195, 0.000126373, -142.134, -1.53215, -0.583813, -0.948332, -0.000976356
9.63703, 0.0383402, -0.000360566, -142.025, -1.53213, -0.583618, -0.948516, -0.000976538
9.64097, 0.0388476, -0.000452965, -141.917, -1.53212, -0.583424, -0.9487, -0.000976719
9.6449, 0.039159, -4.76257e-05, -141.809, -1.53211, -0.583229, -0.948883, -0.0009769
9.64883, 0.0389379, 0.000399896, -141.701, -1.5321, -0.583034, -0.949067, -0.000977082
9.65277, 0.0384452, 0.000388109, -141.593, -1.53209, -0.582839, -0.94925, -0.000977263
9.6567, 0.0382451, -6.90888e-05, -141.486, -1.53208, -0.582644, -0.949434, -0.000977444
9.66063, 0.0385731, -0.000460142, -141.378, -1.53207, -0.582449, -0.949618, -0.000977625
9.66457, 0.0390748, -0.000348801, -141.27, -1.53206, -0.582254, -0.949802, -0.000977807
9.66867, 0.0391958, 0.000162115, -141.158, -1.53204, -0.582051, -0.949994, -0.000977996
9.67278, 0.0387828, 0.000466179, -141.046, -1.53203, -0.581847, -0.950186, -0.000978185
9.67689, 0.0383461, 0.000198731, -140.934, -1.53202, -0.581644, -0.950378, -0.000978374
9.681, 0.038423, -0.000318875, -140.822, -1.53201, -0.58144, -0.95057, -0.000978564
9.6851, 0.0389346, -0.000466793, -140.71, -1.532, -0.581236, -0.950763, -0.000978753
9.68921, 0.0392826, -6.87709e-05, -140.598, -1.53199, -0.581032, -0.950955, -0.000978942
9.69332, 0.0390657, 0.00039938, -140.487, -1.53198, -0.580828, -0.951147, -0.000979131
9.69742, 0.038557, 0.000379625, -140.375, -1.53196, -0.580624, -0.95134, -0.00097932
9.70153, 0.038376, -0.000103825, -140.264, -1.53195, -0.58042, -0.951532, -0.00097951
9.70564, 0.0387511, -0.000475772, -140.152, -1.53194, -0.580216, -0.951725, -0.000979699
9.70974, 0.03925, -0.000294985, -140.041, -1.53193, -0.580012, -0.951917, -0.000979888
9.71385, 0.039295, 0.000223485, -139.93, -1.53192, -0.579808, -0.95211, -0.000980077
9.71796, 0.0388471, 0.000465604, -139.819, -1.53191, -0.579603, -0.952303, -0.000980266
9.72206, 0.03845, 0.000145665, -139.708, -1.53189, -0.579399, -0.952496, -0.000980456
9.72617, 0.0385857, -0.000357977, -139.597, -1.53188, -0.579195, -0.952689, -0.000980645
9.73028, 0.0391071, -0.000451596, -139.486, -1.53187, -0.57899, -0.952881, -0.000980834
9.73438, 0.0394137, -2.56448e-05, -139.375, -1.53186, -0.578786, -0.953074, -0.000981023
9.73849, 0.039159, 0.000418607, -139.264, -1.53185, -0.578581, -0.953267, -0.000981212
9.7426, 0.0386562, 0.000359872, -139.154, -1.53184, -0.578377, -0.953461, -0.000981402
9.7467, 0.0385083, -0.000132283, -139.043, -1.53183, -0.578172, -0.953654, -0.000981591
9.75081, 0.0389012, -0.000481386, -138.933, -1.53181, -0.577967, -0.953847, -0.00098178
9.75492, 0.0393885, -0.000279782, -138.823, -1.5318, -0.577763, -0.95404, -0.000981969
9.75902, 0.0394149, 0.000236483, -138.713, -1.53179, -0.577558, -0.954233, -0.000982158
9.76313, 0.0389637, 0.000465459, -138.603, -1.53178, -0.577353, -0.954427, -0.000982348
9.76724, 0.0385739, 0.000141191, -138.493, -1.53177, -0.577148, -0.95462, -0.000982537
9.77135, 0.0387115, -0.00035877, -138.383, -1.53176, -0.576943, -0.954814, -0.000982726
9.77545, 0.0392294, -0.000454161, -138.273, -1.53175, -0.576738, -0.955007, -0.000982915
9.77956, 0.0395403, -3.51012e-05, -138.163, -1.53173, -0.576533, -0.955201, -0.000983104
9.78367, 0.0392981, 0.000412848, -138.054, -1.53172, -0.576328, -0.955395, -0.000983293
9.78777, 0.0387967, 0.000372187, -137.944, -1.53171, -0.576123, -0.955588, -0.000983482
9.79188, 0.038628, -0.000109431, -137.835, -1.5317, -0.575918, -0.955782, -0.000983672
9.79599, 0.038999, -0.000476562, -137.725, -1.53169, -0.575712, -0.955976, -0.000983861
9.80009, 0.0394953, -0.000307099, -137.616, -1.53168, -0.575507, -0.95617, -0.00098405
9.8042, 0.0395597, 0.000203472, -137.507, -1.53167, -0.575302, -0.956364, -0.000984239
9.80831, 0.0391322, 0.000469, -137.398, -1.53165, -0.575096, -0.956558, -0.000984428
9.81241, 0.0387162, 0.000185743, -137.289, -1.53164, -0.574891, -0.956752, -0.000984617
9.81652, 0.0388006, -0.000321476, -137.18, -1.53163, -0.574685, -0.956946, -0.000984806
9.82063, 0.0393012, -0.000473015, -137.071, -1.53162, -0.57448, -0.95714, -0.000984996
9.82473, 0.0396594, -9.66142e-05, -136.962, -1.53161, -0.574274, -0.957335, -0.000985185
9.82884, 0.0394805, 0.000378223, -136.854, -1.5316, -0.574068, -0.957529, -0.000985374
9.83295, 0.0389817, 0.000411336, -136.745, -1.53159, -0.573862, -0.957723, -0.000985563
9.83705, 0.0387429, -3.41823e-05, -136.637, -1.53157, -0.573657, -0.957918, -0.000985752
9.84116, 0.0390474, -0.000452354, -136.529, -1.53156, -0.573451, -0.958112, -0.000985941
9.84527, 0.0395624, -0.000369694, -136.42, -1.53155, -0.573245, -0.958307, -0.00098613
9.84937, 0.0397181, 0.000119522, -136.312, -1.53154, -0.573039, -0.958501, -0.000986319
9.85348, 0.0393521, 0.000462228, -136.204, -1.53153, -0.572833, -0.958696, -0.000986508
9.85759, 0.0388907, 0.000272233, -136.096, -1.53152, -0.572627, -0.958891, -0.000986698
9.8617, 0.0388664, -0.000235683, -135.988, -1.53151, -0.57242, -0.959086, -0.000986887
9.8658, 0.0393186, -0.000489929, -135.88, -1.53149, -0.572214, -0.959281, -0.000987076
9.86991, 0.0397514, -0.000205464, -135.773, -1.53148, -0.572008, -0.959475, -0.000987265
9.87402, 0.0396925, 0.000297903, -135.665, -1.53147, -0.571802, -0.95967, -0.000987454
9.87812, 0.0392212, 0.000456259, -135.558, -1.53146, -0.571595, -0.959865, -0.000987643
9.88223, 0.0388778, 9.31238e-05, -135.45, -1.53145, -0.571389, -0.960061, -0.000987832
9.88634, 0.0390581, -0.000385257, -135.343, -1.53144, -0.571182, -0.960256, -0.000988021
9.89044, 0.0395728, -0.000445404, -135.236, -1.53143, -0.570976, -0.960451, -0.00098821
9.89455, 0.0398611, -2.1052e-05, -135.128, -1.53142, -0.570769, -0.960646, -0.000988399
9.89866, 0.0396154, 0.00041528, -135.021, -1.5314, -0.570563, -0.960842, -0.000988588
9.90276, 0.0391218, 0.000379225, -134.914, -1.53139, -0.570356, -0.961037, -0.000988777
9.90687, 0.0389405, -8.84765e-05, -134.807, -1.53138, -0.570149, -0.961232, -0.000988966
9.91098, 0.0392841, -0.000469427, -134.701, -1.53137, -0.569942, -0.961428, -0.000989156
9.91508, 0.0397844, -0.00034271, -134.594, -1.53136, -0.569736, -0.961623, -0.000989345
9.91938, 0.0398933, 0.000173672, -134.483, -1.53135, -0.569519, -0.961828, -0.000989542
9.92367, 0.0394719, 0.000470536, -134.371, -1.53134, -0.569303, -0.962033, -0.00098974
9.92797, 0.0390374, 0.000194372, -134.26, -1.53132, -0.569086, -0.962237, -0.000989938
9.93226, 0.0391209, -0.000325274, -134.149, -1.53131, -0.56887, -0.962442, -0.000990135
9.93655, 0.0396364, -0.000470486, -134.038, -1.5313, -0.568653, -0.962647, -0.000990333
9.94085, 0.0399855, -6.95268e-05, -133.927, -1.53129, -0.568437, -0.962852, -0.000990531
9.94514, 0.0397688, 0.000401664, -133.816, -1.53128, -0.56822, -0.963057, -0.000990728
9.94944, 0.0392574, 0.000385487, -133.705, -1.53126, -0.568003, -0.963262, -0.000990926
9.95373, 0.0390699, -9.81982e-05, -133.594, -1.53125, -0.567786, -0.963467, -0.000991124
9.95802, 0.0394408, -0.000478089, -133.484, -1.53124, -0.56757, -0.963672, -0.000991321
9.96232, 0.0399462, -0.000306874, -133.373, -1.53123, -0.567353, -0.963877, -0.000991519
9.96661, 0.0400053, 0.000213203, -133.263, -1.53122, -0.567136, -0.964082, -0.000991716
9.97091, 0.0395631, 0.000470796, -133.152, -1.53121, -0.566919, -0.964287, -0.000991914
9.9752, 0.0391528, 0.000164234, -133.042, -1.53119, -0.566701, -0.964493, -0.000992112
9.97949, 0.0392685, -0.000346626, -132.932, -1.53118, -0.566484, -0.964698, -0.000992309
9.98379, 0.0397878, -0.000464151, -132.822, -1.53117, -0.566267, -0.964904, -0.000992507
9.98808, 0.0401175, -5.17592e-05, -132.712, -1.53116, -0.56605, -0.965109, -0.000992705
9.99238, 0.0398871, 0.000408946, -132.602, -1.53115, -0.565832, -0.965315, -0.000992902
9.99667, 0.0393794, 0.000381597, -132.493, -1.53114, -0.565615, -0.965521, -0.0009931
10.001, 0.0391985, -0.000101241, -132.383, -1.53112, -0.565398, -0.965727, -0.000993297
10.0053, 0.0395674, -0.000478455, -132.273, -1.53111, -0.56518, -0.965932, -0.000993495
10.0096, 0.0400713, -0.000313068, -132.164, -1.5311, -0.564962, -0.966138, -0.000993693
10.0138, 0.0401403, 0.000202657, -132.055, -1.53109, -0.564745, -0.966344, -0.00099389
10.0181, 0.039709, 0.000472246, -131.945, -1.53108, -0.564527, -0.96655, -0.000994088
10.0224, 0.0392892, 0.000185053, -131.836, -1.53107, -0.564309, -0.966756, -0.000994285
10.0267, 0.039378, -0.00032716, -131.727, -1.53105, -0.564092, -0.966962, -0.000994483
10.031, 0.0398859, -0.000474811, -131.618, -1.53104, -0.563874, -0.967169, -0.000994681
10.0353, 0.0402421, -8.89016e-05, -131.509, -1.53103, -0.563656, -0.967375, -0.000994878
10.0396, 0.0400518, 0.000387073, -131.401, -1.53102, -0.563438, -0.967581, -0.000995076
10.0439, 0.0395471, 0.000407856, -131.292, -1.53101, -0.56322, -0.967788, -0.000995273
10.0482, 0.039319, -4.95736e-05, -131.183, -1.531, -0.563001, -0.967994, -0.000995471
10.0525, 0.0396408, -0.000462115, -131.075, -1.53098, -0.562783, -0.968201, -0.000995668
10.0568, 0.040158, -0.000359484, -130.967, -1.53097, -0.562565, -0.968407, -0.000995866
10.0611, 0.0402946, 0.000140617, -130.858, -1.53096, -0.562347, -0.968614, -0.000996064
10.0654, 0.0399093, 0.000469016, -130.75, -1.53095, -0.562128, -0.968821, -0.000996261
10.0697, 0.0394534, 0.000253232, -130.642, -1.53094, -0.56191, -0.969028, -0.000996459
10.074, 0.039457, -0.000261258, -130.534, -1.53093, -0.561692, -0.969234, -0.000996656
10.0783, 0.0399283, -0.000491692, -130.426, -1.53091, -0.561473, -0.969441, -0.000996854
10.0826, 0.0403471, -0.000178149, -130.318, -1.5309, -0.561254, -0.969648, -0.000997051
10.0868, 0.040254, 0.000324654, -130.211, -1.53089, -0.561036, -0.969855, -0.000997249
10.0913, 0.0397496, 0.000443476, -130.099, -1.53088, -0.560809, -0.97007, -0.000997454
10.0957, 0.0394461, 1.81271e-05, -129.988, -1.53087, -0.560582, -0.970285, -0.000997658
10.1002, 0.0397209, -0.000441325, -129.876, -1.53086, -0.560356, -0.9705, -0.000997863
10.1046, 0.0402589, -0.000385623, -129.765, -1.53084, -0.560129, -0.970714, -0.000998068
10.1091, 0.040432, 0.000117934, -129.654, -1.53083, -0.559902, -0.970929, -0.000998272
10.1135, 0.0400487, 0.000468539, -129.543, -1.53082, -0.559675, -0.971144, -0.000998477
10.118, 0.0395802, 0.000249246, -129.432, -1.53081, -0.559448, -0.971359, -0.000998682
10.1224, 0.0395976, -0.000278505, -129.321, -1.5308, -0.559221, -0.971575, -0.000998886
10.1269, 0.0400936, -0.000488175, -129.21, -1.53078, -0.558994, -0.97179, -0.000999091
10.1313, 0.0404941, -0.000131935, -129.1, -1.53077, -0.558766, -0.972005, -0.000999296
10.1358, 0.0403398, 0.000367995, -128.989, -1.53076, -0.558539, -0.97222, -0.0009995
10.1402, 0.0398279, 0.000421044, -128.879, -1.53075, -0.558312, -0.972436, -0.000999705
10.1447, 0.0395766, -3.46178e-05, -128.769, -1.53074, -0.558084, -0.972651, -0.00099991
10.1491, 0.0398954, -0.000461749, -128.658, -1.53072, -0.557857, -0.972867, -0.00100011
10.1536, 0.0404227, -0.000358337, -128.548, -1.53071, -0.557629, -0.973082, -0.00100032
10.158, 0.0405533, 0.000153378, -128.438, -1.5307, -0.557402, -0.973298, -0.00100052
10.1625, 0.0401488, 0.000473073, -128.328, -1.53069, -0.557174, -0.973514, -0.00100073
10.1669, 0.0396973, 0.000226998, -128.218, -1.53068, -0.556946, -0.97373, -0.00100093
10.1714, 0.0397403, -0.000296438, -128.109, -1.53066, -0.556718, -0.973946, -0.00100114
10.1758, 0.0402407, -0.000486206, -127.999, -1.53065, -0.55649, -0.974161, -0.00100134
10.1803, 0.0406288, -0.000121842, -127.89, -1.53064, -0.556263, -0.974378, -0.00100155
10.1847, 0.0404673, 0.000372004, -127.78, -1.53063, -0.556035, -0.974594, -0.00100175
10.1892, 0.0399585, 0.000421691, -127.671, -1.53062, -0.555807, -0.97481, -0.00100196
10.1936, 0.0397066, -2.96487e-05, -127.562, -1.5306, -0.555578, -0.975026, -0.00100216
10.1981, 0.0400165, -0.000458716, -127.452, -1.53059, -0.55535, -0.975242, -0.00100237
10.2025, 0.0405429, -0.000369633, -127.343, -1.53058, -0.555122, -0.975459, -0.00100257
10.207, 0.0406915, 0.000133917, -127.235, -1.53057, -0.554894, -0.975675, -0.00100277
10.2114, 0.0403055, 0.000470999, -127.126, -1.53056, -0.554665, -0.975892, -0.00100298
10.2159, 0.0398435, 0.000254074, -127.017, -1.53055, -0.554437, -0.976108, -0.00100318
10.2203, 0.03985, -0.000266728, -126.908, -1.53053, -0.554208, -0.976325, -0.00100339
10.2248, 0.0403303, -0.000493539, -126.8, -1.53052, -0.55398, -0.976542, -0.00100359
10.2292, 0.0407472, -0.000167114, -126.691, -1.53051, -0.553751, -0.976758, -0.0010038
10.2337, 0.0406375, 0.000338333, -126.583, -1.5305, -0.553522, -0.976975, -0.001004
10.2381, 0.040141, 0.000445407, -126.475, -1.53049, -0.553294, -0.977192, -0.00100421
10.2426, 0.0398378, 3.27264e-05, -126.367, -1.53047, -0.553065, -0.977409, -0.00100441
10.247, 0.0400861, -0.000429089, -126.259, -1.53046, -0.552836, -0.977626, -0.00100462
10.2515, 0.0406163, -0.000415112, -126.151, -1.53045, -0.552607, -0.977843, -0.00100482
10.2559, 0.0408396, 5.79666e-05, -126.043, -1.53044, -0.552378, -0.978061, -0.00100503
10.2604, 0.0405169, 0.000453343, -125.935, -1.53043, -0.552149, -0.978278, -0.00100523
10.2648, 0.0400277, 0.00032387, -125.827, -1.53041, -0.55192, -0.978495, -0.00100543
10.2693, 0.039938, -0.000183295, -125.72, -1.5304, -0.55169, -0.978713, -0.00100564
10.2737, 0.0403617, -0.000495514, -125.612, -1.53039, -0.551461, -0.97893, -0.00100584
10.2782, 0.040834, -0.000261552, -125.505, -1.53038, -0.551232, -0.979148, -0.00100605
10.2826, 0.0408371, 0.00025457, -125.398, -1.53037, -0.551002, -0.979365, -0.00100625
10.2871, 0.0403815, 0.000472941, -125.291, -1.53036, -0.550773, -0.979583, -0.00100646
10.2915, 0.0399919, 0.000149312, -125.184, -1.53034, -0.550543, -0.979801, -0.00100666
10.296, 0.0401175, -0.000353164, -125.077, -1.53033, -0.550314, -0.980019, -0.00100687
10.3006, 0.0406484, -0.000466322, -124.966, -1.53032, -0.550076, -0.980244, -0.00100708
10.3052, 0.0409747, -3.86967e-05, -124.855, -1.53031, -0.549838, -0.98047, -0.00100729
10.3098, 0.0407246, 0.000422205, -124.745, -1.5303, -0.549601, -0.980695, -0.0010075
10.3144, 0.0402092, 0.00037116, -124.635, -1.53028, -0.549363, -0.980921, -0.00100771
10.319, 0.040052, -0.000130696, -124.524, -1.53027, -0.549125, -0.981147, -0.00100792
10.3236, 0.0404521, -0.000490878, -124.414, -1.53026, -0.548887, -0.981373, -0.00100814
10.3282, 0.0409518, -0.000285616, -124.304, -1.53025, -0.548649, -0.981599, -0.00100835
10.3328, 0.0409779, 0.00024287, -124.195, -1.53024, -0.54841, -0.981825, -0.00100856
10.3374, 0.0405148, 0.000473841, -124.085, -1.53022, -0.548172, -0.982051, -0.00100877
10.342, 0.0401202, 0.000137178, -123.975, -1.53021, -0.547934, -0.982277, -0.00100898
10.3467, 0.0402697, -0.000372321, -123.865, -1.5302, -0.547695, -0.982504, -0.00100919
10.3513, 0.0408019, -0.00045929, -123.756, -1.53019, -0.547457, -0.98273, -0.00100941
10.3559, 0.0411097, -2.30434e-05, -123.647, -1.53017, -0.547218, -0.982956, -0.00100962
10.3605, 0.0408492, 0.000427599, -123.537, -1.53016, -0.54698, -0.983183, -0.00100983
10.3651, 0.0403382, 0.000368765, -123.428, -1.53015, -0.546741, -0.983409, -0.00101004
10.3697, 0.0401843, -0.000130386, -123.319, -1.53014, -0.546502, -0.983636, -0.00101025
10.3743, 0.0405792, -0.000490692, -123.21, -1.53013, -0.546264, -0.983863, -0.00101046
10.3789, 0.041079, -0.000295551, -123.101, -1.53011, -0.546025, -0.98409, -0.00101068
10.3835, 0.0411202, 0.000228653, -122.992, -1.5301, -0.545786, -0.984316, -0.00101089
10.3881, 0.04067, 0.000476783, -122.884, -1.53009, -0.545547, -0.984543, -0.0010111
10.3927, 0.0402615, 0.000163609, -122.775, -1.53008, -0.545308, -0.98477, -0.00101131
10.3973, 0.0403781, -0.000349849, -122.667, -1.53007, -0.545069, -0.984997, -0.00101152
10.4019, 0.0408989, -0.000473886, -122.558, -1.53005, -0.544829, -0.985225, -0.00101173
10.4065, 0.0412401, -6.70496e-05, -122.45, -1.53004, -0.54459, -0.985452, -0.00101195
10.4111, 0.0410254, 0.000404213, -122.342, -1.53003, -0.544351, -0.985679, -0.00101216
10.4157, 0.0405148, 0.000401422, -122.234, -1.53002, -0.544111, -0.985907, -0.00101237
10.4203, 0.040305, -7.13979e-05, -122.126, -1.53001, -0.543872, -0.986134, -0.00101258
10.4249, 0.040648, -0.000474978, -122.018, -1.52999, -0.543632, -0.986362, -0.00101279
10.4296, 0.0411665, -0.000350593, -121.91, -1.52998, -0.543393, -0.986589, -0.001013
10.4342, 0.0412853, 0.000159605, -121.803, -1.52997, -0.543153, -0.986817, -0.00101322
10.4388, 0.040884, 0.000476674, -121.695, -1.52996, -0.542913, -0.987045, -0.00101343
10.4434, 0.0404313, 0.000242172, -121.588, -1.52995, -0.542673, -0.987272, -0.00101364
10.448, 0.0404522, -0.000277971, -121.48, -1.52993, -0.542433, -0.9875, -0.00101385
10.4526, 0.0409359, -0.000496525, -121.373, -1.52992, -0.542194, -0.987728, -0.00101406
10.4572, 0.0413502, -0.000167909, -121.266, -1.52991, -0.541953, -0.987956, -0.00101427
10.4618, 0.041243, 0.000337372, -121.159, -1.5299, -0.541713, -0.988185, -0.00101448
10.4664, 0.0407489, 0.000451743, -121.052, -1.52989, -0.541473, -0.988413, -0.0010147
10.471, 0.0404359, 4.77224e-05, -120.945, -1.52987, -0.541233, -0.988641, -0.00101491
10.4756, 0.0406673, -0.00042161, -120.838, -1.52986, -0.540993, -0.988869, -0.00101512
10.4802, 0.041197, -0.000431752, -120.732, -1.52985, -0.540752, -0.989098, -0.00101533
10.4848, 0.0414467, 2.77579e-05, -120.625, -1.52984, -0.540512, -0.989326, -0.00101554
10.4894, 0.0411523, 0.000444259, -120.519, -1.52983, -0.540271, -0.989555, -0.00101575
10.494, 0.0406553, 0.000354678, -120.412, -1.52981, -0.540031, -0.989784, -0.00101597
10.4986, 0.0405212, -0.000140594, -120.306, -1.5298, -0.53979, -0.990012, -0.00101618
10.5032, 0.0409112, -0.00049181, -120.2, -1.52979, -0.539549, -0.990241, -0.00101639
10.5078, 0.0414058, -0.000310549, -120.094, -1.52978, -0.539309, -0.99047, -0.0010166
10.5125, 0.0414716, 0.000201903, -119.988, -1.52977, -0.539068, -0.990699, -0.00101681
10.5171, 0.0410498, 0.000479581, -119.882, -1.52975, -0.538827, -0.990928, -0.00101702
10.5217, 0.0406192, 0.000217072, -119.776, -1.52974, -0.538586, -0.991157, -0.00101723
10.5263, 0.0406663, -0.00029593, -119.671, -1.52973, -0.538345, -0.991386, -0.00101745
10.5309, 0.0411516, -0.000495703, -119.565, -1.52972, -0.538104, -0.991615, -0.00101766
10.5355, 0.0415553, -0.000163849, -119.46, -1.52971, -0.537862, -0.991845, -0.00101787
10.5401, 0.0414487, 0.000335414, -119.354, -1.5297, -0.537621, -0.992074, -0.00101808
10.5449, 0.0409413, 0.000448751, -119.245, -1.52968, -0.53737, -0.992313, -0.0010183
10.5497, 0.0406361, 2.22827e-05, -119.135, -1.52967, -0.537118, -0.992552, -0.00101852
10.5545, 0.0409052, -0.00044293, -119.026, -1.52966, -0.536866, -0.992792, -0.00101874
10.5593, 0.041447, -0.000402179, -118.916, -1.52965, -0.536615, -0.993031, -0.00101896
10.5641, 0.0416422, 9.5993e-05, -118.807, -1.52963, -0.536363, -0.993271, -0.00101918
10.5689, 0.041278, 0.000469441, -118.698, -1.52962, -0.536111, -0.99351, -0.0010194
10.5737, 0.0407941, 0.000283322, -118.589, -1.52961, -0.535859, -0.99375, -0.00101962
10.5785, 0.0407679, -0.000244887, -118.48, -1.5296, -0.535607, -0.993989, -0.00101984
10.5833, 0.0412432, -0.000501236, -118.371, -1.52958, -0.535355, -0.994229, -0.00102006
10.5881, 0.0416825, -0.000189049, -118.262, -1.52957, -0.535103, -0.994469, -0.00102028
10.5929, 0.0415916, 0.00032932, -118.154, -1.52956, -0.534851, -0.994709, -0.0010205
10.5977, 0.0410908, 0.000454541, -118.045, -1.52955, -0.534598, -0.994949, -0.00102073
10.6025, 0.0407727, 4.28803e-05, -117.937, -1.52953, -0.534346, -0.995189, -0.00102095
10.6073, 0.0410175, -0.00043059, -117.828, -1.52952, -0.534093, -0.995429, -0.00102117
10.6121, 0.0415568, -0.000421383, -117.72, -1.52951, -0.533841, -0.995669, -0.00102139
10.6169, 0.0417852, 5.90341e-05, -117.612, -1.5295, -0.533588, -0.99591, -0.00102161
10.6217, 0.0414555, 0.000459234, -117.504, -1.52949, -0.533336, -0.99615, -0.00102183
10.6265, 0.0409601, 0.000321491, -117.396, -1.52947, -0.533083, -0.996391, -0.00102205
10.6313, 0.0408791, -0.000195864, -117.288, -1.52946, -0.53283, -0.996631, -0.00102227
10.6361, 0.0413181, -0.00050217, -117.181, -1.52945, -0.532577, -0.996872, -0.00102249
10.6409, 0.0417903, -0.000249109, -117.073, -1.52944, -0.532324, -0.997113, -0.00102271
10.6457, 0.0417728, 0.000274637, -116.965, -1.52942, -0.532071, -0.997353, -0.00102293
10.6505, 0.0413003, 0.00047425, -116.858, -1.52941, -0.531818, -0.997594, -0.00102315
10.6553, 0.0409228, 0.000124205, -116.751, -1.5294, -0.531565, -0.997835, -0.00102337
10.6601, 0.0410809, -0.000378569, -116.644, -1.52939, -0.531311, -0.998076, -0.00102359
10.6649, 0.0416089, -0.000466094, -116.537, -1.52938, -0.531058, -0.998318, -0.00102381
10.6697, 0.0419247, -4.05022e-05, -116.43, -1.52936, -0.530805, -0.998559, -0.00102403
10.6745, 0.041687, 0.000418261, -116.323, -1.52935, -0.530551, -0.9988, -0.00102425
10.6793, 0.0411777, 0.000394683, -116.216, -1.52934, -0.530298, -0.999041, -0.00102447
10.6841, 0.0409823, -8.3871e-05, -116.109, -1.52933, -0.530044, -0.999283, -0.00102469
10.6889, 0.0413326, -0.000480625, -116.003, -1.52931, -0.52979, -0.999524, -0.00102491
10.6937, 0.0418496, -0.000352167, -115.896, -1.5293, -0.529536, -0.999766, -0.00102513
10.6986, 0.0419628, 0.000175686, -115.786, -1.52929, -0.529273, -1.00002, -0.00102536
10.7036, 0.0415343, 0.000481847, -115.676, -1.52928, -0.52901, -1.00027, -0.00102559
10.7086, 0.0410879, 0.00020378, -115.566, -1.52926, -0.528747, -1.00052, -0.00102582
10.7136, 0.0411669, -0.000328386, -115.456, -1.52925, -0.528484, -1.00077, -0.00102604
10.7185, 0.0416919, -0.00048548, -115.347, -1.52924, -0.52822, -1.00102, -0.00102627
10.7235, 0.0420577, -8.29171e-05, -115.237, -1.52923, -0.527957, -1.00127, -0.0010265
10.7285, 0.0418488, 0.000404284, -115.127, -1.52921, -0.527693, -1.00152, -0.00102673
10.7334, 0.0413265, 0.000403296, -115.018, -1.5292, -0.52743, -1.00177, -0.00102696
10.7384, 0.0411191, -8.38235e-05, -114.909, -1.52919, -0.527166, -1.00202, -0.00102718
10.7434, 0.0414837, -0.000485551, -114.8, -1.52918, -0.526902, -1.00227, -0.00102741
10.7484, 0.0420075, -0.000332252, -114.691, -1.52916, -0.526638, -1.00253, -0.00102764
10.7533, 0.0420934, 0.00019606, -114.582, -1.52915, -0.526374, -1.00278, -0.00102787
10.7583, 0.0416567, 0.000482941, -114.473, -1.52914, -0.52611, -1.00303, -0.0010281
10.7633, 0.0412211, 0.000195054, -114.364, -1.52913, -0.525846, -1.00328, -0.00102833
10.7683, 0.0413071, -0.000332137, -114.255, -1.52911, -0.525582, -1.00353, -0.00102855
10.7732, 0.0418285, -0.000486882, -114.147, -1.5291, -0.525318, -1.00378, -0.00102878
10.7782, 0.0421955, -9.0762e-05, -114.038, -1.52909, -0.525053, -1.00404, -0.00102901
10.7832, 0.0419986, 0.000397408, -113.93, -1.52908, -0.524789, -1.00429, -0.00102924
10.7881, 0.0414806, 0.000414271, -113.822, -1.52906, -0.524524, -1.00454, -0.00102947
10.7931, 0.041253, -5.86993e-05, -113.714, -1.52905, -0.52426, -1.00479, -0.00102969
10.7981, 0.0415913, -0.000476782, -113.606, -1.52904, -0.523995, -1.00504, -0.00102992
10.8031, 0.0421205, -0.000360223, -113.498, -1.52903, -0.52373, -1.0053, -0.00103015
10.808, 0.0422481, 0.000156386, -113.39, -1.52901, -0.523465, -1.00555, -0.00103038
10.813, 0.0418433, 0.00048133, -113.282, -1.529, -0.523201, -1.0058, -0.00103061
10.818, 0.0413836, 0.000243912, -113.175, -1.52899, -0.522936, -1.00605, -0.00103084
10.823, 0.0414073, -0.000284128, -113.067, -1.52898, -0.522671, -1.00631, -0.00103106
10.8279, 0.0419008, -0.000501297, -112.96, -1.52896, -0.522405, -1.00656, -0.00103129
10.8329, 0.0423166, -0.000161478, -112.853, -1.52895, -0.52214, -1.00681, -0.00103152
10.8379, 0.0421974, 0.000348818, -112.746, -1.52894, -0.521875, -1.00706, -0.00103175
10.8429, 0.0416933, 0.000451472, -112.639, -1.52893, -0.521609, -1.00732, -0.00103198
10.8478, 0.0413889, 3.12467e-05, -112.532, -1.52891, -0.521344, -1.00757, -0.0010322
10.8528, 0.0416414, -0.000436653, -112.425, -1.5289, -0.521078, -1.00782, -0.00103243
10.8578, 0.0421792, -0.000425063, -112.318, -1.52889, -0.520813, -1.00808, -0.00103266
10.8627, 0.0424109, 5.20274e-05, -112.212, -1.52888, -0.520547, -1.00833, -0.00103289
10.8677, 0.042091, 0.00045809, -112.105, -1.52886, -0.520281, -1.00858, -0.00103312
10.8727, 0.041593, 0.000338177, -111.999, -1.52885, -0.520015, -1.00884, -0.00103334
10.8778, 0.0414952, -0.000190466, -111.889, -1.52884, -0.51974, -1.0091, -0.00103358
10.883, 0.0419457, -0.000506213, -111.779, -1.52883, -0.519465, -1.00936, -0.00103382
10.8881, 0.042425, -0.000235409, -111.669, -1.52881, -0.51919, -1.00962, -0.00103405
10.8933, 0.0423812, 0.00030057, -111.56, -1.5288, -0.518914, -1.00989, -0.00103429
10.8984, 0.0418823, 0.000468466, -111.45, -1.52879, -0.518639, -1.01015, -0.00103452
10.9036, 0.0415321, 7.11131e-05, -111.341, -1.52878, -0.518363, -1.01041, -0.00103476
10.9087, 0.0417573, -0.000422962, -111.232, -1.52876, -0.518088, -1.01067, -0.001035
10.9138, 0.0423075, -0.00043336, -111.122, -1.52875, -0.517812, -1.01094, -0.00103523
10.919, 0.0425519, 5.11711e-05, -111.013, -1.52874, -0.517536, -1.0112, -0.00103547
10.9241, 0.0422201, 0.000462651, -110.905, -1.52872, -0.51726, -1.01146, -0.0010357
10.9293, 0.0417157, 0.000320527, -110.796, -1.52871, -0.516984, -1.01173, -0.00103594
10.9344, 0.0416422, -0.000208393, -110.687, -1.5287, -0.516708, -1.01199, -0.00103618
10.9396, 0.042099, -0.000507647, -110.578, -1.52869, -0.516432, -1.01225, -0.00103641
10.9447, 0.0425692, -0.000229939, -110.47, -1.52867, -0.516156, -1.01252, -0.00103665
10.9499, 0.042522, 0.000301447, -110.362, -1.52866, -0.515879, -1.01278, -0.00103688
10.955, 0.0420279, 0.00047067, -110.253, -1.52865, -0.515603, -1.01304, -0.00103712
10.9601, 0.0416736, 8.28233e-05, -110.145, -1.52863, -0.515326, -1.01331, -0.00103735
10.9653, 0.0418823, -0.000413452, -110.037, -1.52862, -0.51505, -1.01357, -0.00103759
10.9704, 0.0424272, -0.000446287, -109.929, -1.52861, -0.514773, -1.01384, -0.00103783
10.9756, 0.0426956, 2.11467e-05, -109.822, -1.5286, -0.514496, -1.0141, -0.00103806
10.9807, 0.0423946, 0.000451299, -109.714, -1.52858, -0.51422, -1.01436, -0.0010383
10.9859, 0.0418847, 0.00035135, -109.606, -1.52857, -0.513943, -1.01463, -0.00103853
10.991, 0.0417642, -0.000163319, -109.499, -1.52856, -0.513666, -1.01489, -0.00103877
10.9962, 0.0421843, -0.00050422, -109.391, -1.52855, -0.513388, -1.01516, -0.00103901
11.0013, 0.0426795, -0.000283145, -109.284, -1.52853, -0.513111, -1.01542, -0.00103924
11.0064, 0.0427007, 0.000247224, -109.177, -1.52852, -0.512834, -1.01569, -0.00103948
11.0116, 0.0422391, 0.000483854, -109.07, -1.52851, -0.512557, -1.01595, -0.00103971
11.0167, 0.0418334, 0.000159039, -108.963, -1.5285, -0.512279, -1.01622, -0.00103995
11.0219, 0.041957, -0.000358451, -108.856, -1.52848, -0.512002, -1.01648, -0.00104018
11.027, 0.0424835, -0.00048355, -108.75, -1.52847, -0.511724, -1.01675, -0.00104042
11.0322, 0.0428324, -7.59731e-05, -108.643, -1.52846, -0.511446, -1.01701, -0.00104066
11.0373, 0.0426256, 0.000404305, -108.537, -1.52844, -0.511169, -1.01728, -0.00104089
11.0425, 0.0421107, 0.000417352, -108.43, -1.52843, -0.510891, -1.01754, -0.00104113
11.0476, 0.0418802, -5.05138e-05, -108.324, -1.52842, -0.510613, -1.01781, -0.00104136
11.0527, 0.0422058, -0.000474327, -108.218, -1.52841, -0.510335, -1.01807, -0.0010416
11.0579, 0.0427364, -0.000380377, -108.112, -1.52839, -0.510056, -1.01834, -0.00104184
11.063, 0.0428935, 0.000125409, -108.006, -1.52838, -0.509778, -1.0186, -0.00104207
11.0682, 0.0425169, 0.000478709, -107.9, -1.52837, -0.5095, -1.01887, -0.00104231
11.0733, 0.0420405, 0.000286939, -107.794, -1.52836, -0.509222, -1.01914, -0.00104254
11.0785, 0.0420073, -0.000235882, -107.689, -1.52834, -0.508943, -1.0194, -0.00104278
11.0836, 0.0424671, -0.000509701, -107.583, -1.52833, -0.508664, -1.01967, -0.00104301
11.0888, 0.0429241, -0.000232145, -107.478, -1.52832, -0.508386, -1.01993, -0.00104325
11.0939, 0.0428876, 0.000289129, -107.373, -1.52831, -0.508107, -1.0202, -0.00104349
11.099, 0.0424126, 0.000478997, -107.268, -1.52829, -0.507828, -1.02047, -0.00104372
11.1042, 0.0420366, 0.000129227, -107.163, -1.52828, -0.507549, -1.02073, -0.00104396
11.1093, 0.0421862, -0.000374849, -107.058, -1.52827, -0.50727, -1.021, -0.00104419
11.1145, 0.0427099, -0.000480195, -106.953, -1.52826, -0.506991, -1.02127, -0.00104443
11.1196, 0.0430475, -7.23548e-05, -106.848, -1.52824, -0.506712, -1.02153, -0.00104466
11.1248, 0.0428441, 0.000401956, -106.743, -1.52823, -0.506433, -1.0218, -0.0010449
11.1299, 0.0423364, 0.000425259, -106.639, -1.52822, -0.506154, -1.02207, -0.00104514
11.1351, 0.0420914, -2.68615e-05, -106.535, -1.52821, -0.505874, -1.02233, -0.00104537
11.1402, 0.0423884, -0.000462003, -106.43, -1.52819, -0.505595, -1.0226, -0.00104561
11.1453, 0.0429176, -0.000408106, -106.326, -1.52818, -0.505315, -1.02287, -0.00104584
11.1505, 0.0431188, 7.54022e-05, -106.222, -1.52817, -0.505035, -1.02313, -0.00104608
11.1556, 0.0427888, 0.000464865, -106.118, -1.52816, -0.504756, -1.0234, -0.00104631
11.1608, 0.0422983, 0.000340168, -106.014, -1.52814, -0.504476, -1.02367, -0.00104655
11.1662, 0.0421995, -0.000190098, -105.905, -1.52813, -0.504181, -1.02395, -0.0010468
11.1716, 0.0426497, -0.000509809, -105.796, -1.52812, -0.503887, -1.02423, -0.00104705
11.177, 0.0431338, -0.000243497, -105.687, -1.5281, -0.503592, -1.02451, -0.00104729
11.1824, 0.043099, 0.000295098, -105.578, -1.52809, -0.503297, -1.02479, -0.00104754
11.1878, 0.0426024, 0.000474488, -105.47, -1.52808, -0.503002, -1.02508, -0.00104779
11.1933, 0.0422409, 8.56421e-05, -105.361, -1.52807, -0.502707, -1.02536, -0.00104804
11.1987, 0.0424514, -0.000416446, -105.253, -1.52805, -0.502412, -1.02564, -0.00104828
11.2041, 0.0430027, -0.000446626, -105.144, -1.52804, -0.502117, -1.02592, -0.00104853
11.2095, 0.0432682, 2.92155e-05, -105.036, -1.52803, -0.501822, -1.0262, -0.00104878
11.2149, 0.0429555, 0.000457717, -104.928, -1.52801, -0.501526, -1.02649, -0.00104903
11.2203, 0.0424432, 0.000342523, -104.82, -1.528, -0.501231, -1.02677, -0.00104928
11.2257, 0.0423392, -0.000182027, -104.712, -1.52799, -0.500935, -1.02705, -0.00104952
11.2311, 0.0427778, -0.000509596, -104.604, -1.52797, -0.500639, -1.02733, -0.00104977
11.2366, 0.0432675, -0.000263185, -104.497, -1.52796, -0.500344, -1.02762, -0.00105002
11.242, 0.04326, 0.000272608, -104.389, -1.52795, -0.500048, -1.0279, -0.00105027
11.2474, 0.0427799, 0.000482112, -104.282, -1.52794, -0.499752, -1.02818, -0.00105052
11.2528, 0.0423932, 0.000125953, -104.174, -1.52792, -0.499456, -1.02847, -0.00105076
11.2582, 0.0425568, -0.000387335, -104.067, -1.52791, -0.49916, -1.02875, -0.00105101
11.2636, 0.0430977, -0.000471454, -103.96, -1.5279, -0.498864, -1.02903, -0.00105126
11.269, 0.0434134, -3.14696e-05, -103.853, -1.52788, -0.498567, -1.02932, -0.00105151
11.2744, 0.0431601, 0.000431057, -103.747, -1.52787, -0.498271, -1.0296, -0.00105176
11.2799, 0.0426414, 0.000390964, -103.64, -1.52786, -0.497974, -1.02988, -0.001052
11.2853, 0.0424602, -0.000105244, -103.533, -1.52784, -0.497678, -1.03017, -0.00105225
11.2907, 0.0428355, -0.000495324, -103.427, -1.52783, -0.497381, -1.03045, -0.0010525
11.2961, 0.0433569, -0.000339098, -103.32, -1.52782, -0.497084, -1.03073, -0.00105275
11.3015, 0.0434512, 0.000186189, -103.214, -1.52781, -0.496787, -1.03102, -0.00105299
11.3069, 0.0430277, 0.000488854, -103.108, -1.52779, -0.49649, -1.0313, -0.00105324
11.3123, 0.0425775, 0.000229542, -103.002, -1.52778, -0.496193, -1.03159, -0.00105349
11.3177, 0.0426198, -0.000299914, -102.896, -1.52777, -0.495896, -1.03187, -0.00105374
11.3232, 0.0431206, -0.000506657, -102.79, -1.52775, -0.495599, -1.03216, -0.00105399
11.3286, 0.0435341, -0.000160551, -102.685, -1.52774, -0.495301, -1.03244, -0.00105423
11.334, 0.043414, 0.000351444, -102.579, -1.52773, -0.495004, -1.03272, -0.00105448
11.3394, 0.0429095, 0.000459382, -102.474, -1.52772, -0.494706, -1.03301, -0.00105473
11.3448, 0.0425959, 4.42893e-05, -102.368, -1.5277, -0.494409, -1.03329, -0.00105498
11.3502, 0.0428346, -0.000432616, -102.263, -1.52769, -0.494111, -1.03358, -0.00105522
11.3556, 0.0433746, -0.0004436, -102.158, -1.52768, -0.493813, -1.03386, -0.00105547
11.361, 0.0436331, 2.24298e-05, -102.053, -1.52766, -0.493515, -1.03415, -0.00105572
11.3665, 0.04334, 0.00045074, -101.948, -1.52765, -0.493217, -1.03443, -0.00105597
11.3719, 0.0428331, 0.000370189, -101.844, -1.52764, -0.492919, -1.03472, -0.00105622
11.3773, 0.0426836, -0.00012964, -101.739, -1.52763, -0.492621, -1.035, -0.00105646
11.3827, 0.0430687, -0.000499945, -101.634, -1.52761, -0.492322, -1.03529, -0.00105671
11.3881, 0.0435799, -0.000335875, -101.53, -1.5276, -0.492024, -1.03558, -0.00105696
11.3935, 0.0436726, 0.000182191, -101.426, -1.52759, -0.491726, -1.03586, -0.00105721
11.3989, 0.0432607, 0.000488737, -101.321, -1.52757, -0.491427, -1.03615, -0.00105745
11.4043, 0.0428074, 0.0002507, -101.217, -1.52756, -0.491128, -1.03643, -0.0010577
11.4098, 0.042819, -0.000272185, -101.113, -1.52755, -0.490829, -1.03672, -0.00105795
11.4152, 0.0432957, -0.000512473, -101.01, -1.52754, -0.490531, -1.037, -0.0010582
11.4206, 0.0437345, -0.000210819, -100.906, -1.52752, -0.490232, -1.03729, -0.00105845
11.426, 0.0436754, 0.000305759, -100.802, -1.52751, -0.489933, -1.03758, -0.00105869
11.4317, 0.0431719, 0.000473896, -100.694, -1.5275, -0.489619, -1.03788, -0.00105895
11.4373, 0.0428183, 7.36391e-05, -100.585, -1.52748, -0.489305, -1.03818, -0.00105921
11.443, 0.0430428, -0.000426228, -100.477, -1.52747, -0.488992, -1.03848, -0.00105947
11.4487, 0.0435981, -0.000442692, -100.369, -1.52746, -0.488678, -1.03878, -0.00105973
11.4543, 0.0438528, 4.23504e-05, -100.261, -1.52744, -0.488364, -1.03908, -0.00105999
11.46, 0.0435272, 0.000464455, -100.153, -1.52743, -0.48805, -1.03938, -0.00106025
11.4657, 0.0430155, 0.000334446, -100.045, -1.52742, -0.487736, -1.03968, -0.00106051
11.4714, 0.0429256, -0.000196058, -99.9378, -1.5274, -0.487421, -1.03998, -0.00106077
11.477, 0.0433757, -0.000513588, -99.8302, -1.52739, -0.487107, -1.04028, -0.00106103
11.4827, 0.0438613, -0.000252658, -99.7229, -1.52738, -0.486793, -1.04058, -0.00106129
11.4884, 0.043839, 0.000285299, -99.6156, -1.52736, -0.486478, -1.04089, -0.00106155
11.4941, 0.0433508, 0.000482041, -99.5085, -1.52735, -0.486163, -1.04119, -0.00106181
11.4997, 0.0429724, 0.000112874, -99.4014, -1.52734, -0.485849, -1.04149, -0.00106207
11.5054, 0.0431515, -0.000398744, -99.2945, -1.52732, -0.485534, -1.04179, -0.00106233
11.5111, 0.0436976, -0.000468505, -99.1878, -1.52731, -0.485219, -1.04209, -0.00106259
11.5167, 0.0440028, -1.79284e-05, -99.0811, -1.5273, -0.484904, -1.04239, -0.00106285
11.5224, 0.0437358, 0.000439474, -98.9746, -1.52728, -0.484588, -1.0427, -0.0010631
11.5281, 0.0432158, 0.000384582, -98.8682, -1.52727, -0.484273, -1.043, -0.00106336
11.5338, 0.0430475, -0.000119281, -98.7619, -1.52726, -0.483958, -1.0433, -0.00106362
11.5394, 0.0434353, -0.000501486, -98.6557, -1.52724, -0.483642, -1.0436, -0.00106388
11.5451, 0.0439553, -0.000331062, -98.5496, -1.52723, -0.483327, -1.0439, -0.00106414
11.5508, 0.0440365, 0.000198807, -98.4437, -1.52722, -0.483011, -1.04421, -0.0010644
11.5565, 0.0436035, 0.000491734, -98.3379, -1.5272, -0.482695, -1.04451, -0.00106466
11.5621, 0.043158, 0.000219643, -98.2322, -1.52719, -0.482379, -1.04481, -0.00106492
11.5678, 0.0432137, -0.000311535, -98.1266, -1.52718, -0.482063, -1.04511, -0.00106518
11.5735, 0.0437218, -0.00050763, -98.0212, -1.52716, -0.481747, -1.04542, -0.00106544
11.5791, 0.0441295, -0.000150708, -97.9158, -1.52715, -0.481431, -1.04572, -0.0010657
11.5848, 0.0439977, 0.000360635, -97.8106, -1.52714, -0.481114, -1.04602, -0.00106596
11.5905, 0.0434888, 0.000457922, -97.7055, -1.52712, -0.480798, -1.04633, -0.00106622
11.5962, 0.0431826, 3.42238e-05, -97.6005, -1.52711, -0.480481, -1.04663, -0.00106648
11.6018, 0.043432, -0.000440337, -97.4956, -1.5271, -0.480165, -1.04693, -0.00106674
11.6075, 0.0439748, -0.000441451, -97.3909, -1.52709, -0.479848, -1.04724, -0.001067
11.6132, 0.0442264, 3.10011e-05, -97.2863, -1.52707, -0.479531, -1.04754, -0.00106726
11.6188, 0.0439251, 0.000456055, -97.1818, -1.52706, -0.479214, -1.04784, -0.00106752
11.6245, 0.0434174, 0.000367019, -97.0774, -1.52705, -0.478897, -1.04815, -0.00106777
11.6302, 0.0432748, -0.000137319, -96.9731, -1.52703, -0.47858, -1.04845, -0.00106803
11.6359, 0.0436667, -0.000504267, -96.8689, -1.52702, -0.478263, -1.04876, -0.00106829
11.6415, 0.0441783, -0.000333503, -96.7649, -1.52701, -0.477945, -1.04906, -0.00106855
11.6472, 0.0442661, 0.000187611, -96.661, -1.52699, -0.477628, -1.04937, -0.00106881
11.6529, 0.0438498, 0.000491467, -96.5572, -1.52698, -0.47731, -1.04967, -0.00106907
11.6586, 0.0433968, 0.00024873, -96.4535, -1.52697, -0.476993, -1.04997, -0.00106933
11.6642, 0.0434121, -0.000276325, -96.3499, -1.52695, -0.476675, -1.05028, -0.00106959
11.6699, 0.0438922, -0.000515283, -96.2465, -1.52694, -0.476357, -1.05058, -0.00106985
11.6756, 0.0443319, -0.000210941, -96.1431, -1.52693, -0.476039, -1.05089, -0.00107011
11.6812, 0.0442718, 0.000307581, -96.0399, -1.52692, -0.475721, -1.05119, -0.00107037
11.6872, 0.043766, 0.000476155, -95.9317, -1.5269, -0.475387, -1.05151, -0.00107064
11.6931, 0.0434109, 7.38003e-05, -95.8237, -1.52689, -0.475053, -1.05183, -0.00107091
11.6991, 0.0436367, -0.000428576, -95.7158, -1.52687, -0.474719, -1.05216, -0.00107118
11.705, 0.0441949, -0.000445575, -95.608, -1.52686, -0.474385, -1.05248, -0.00107146
11.711, 0.0444518, 4.14468e-05, -95.5003, -1.52685, -0.47405, -1.0528, -0.00107173
11.7169, 0.0441258, 0.000466313, -95.3928, -1.52683, -0.473716, -1.05312, -0.001072
11.7229, 0.0436116, 0.00033725, -95.2854, -1.52682, -0.473381, -1.05344, -0.00107227
11.7289, 0.0435194, -0.000195343, -95.1781, -1.52681, -0.473047, -1.05376, -0.00107254
11.7348, 0.0439704, -0.000516386, -95.071, -1.52679, -0.472712, -1.05408, -0.00107282
11.7408, 0.0444599, -0.000256915, -94.9639, -1.52678, -0.472377, -1.0544, -0.00107309
11.7467, 0.0444413, 0.00028371, -94.857, -1.52677, -0.472042, -1.05472, -0.00107336
11.7527, 0.0439527, 0.00048517, -94.7502, -1.52675, -0.471707, -1.05504, -0.00107363
11.7586, 0.0435696, 0.000117807, -94.6436, -1.52674, -0.471372, -1.05537, -0.00107391
11.7646, 0.0437447, -0.000397683, -94.5371, -1.52672, -0.471037, -1.05569, -0.00107418
11.7705, 0.0442926, -0.000473681, -94.4307, -1.52671, -0.470701, -1.05601, -0.00107445
11.7765, 0.0446049, -2.48228e-05, -94.3244, -1.5267, -0.470366, -1.05633, -0.00107472
11.7824, 0.0443433, 0.000438336, -94.2183, -1.52668, -0.47003, -1.05665, -0.00107499
11.7884, 0.0438206, 0.000391282, -94.1122, -1.52667, -0.469694, -1.05698, -0.00107527
11.7943, 0.0436435, -0.000111605, -94.0063, -1.52666, -0.469358, -1.0573, -0.00107554
11.8003, 0.0440262, -0.000502082, -93.9006, -1.52664, -0.469022, -1.05762, -0.00107581
11.8062, 0.0445518, -0.000340929, -93.7949, -1.52663, -0.468686, -1.05794, -0.00107608
11.8122, 0.0446448, 0.000189509, -93.6894, -1.52662, -0.46835, -1.05827, -0.00107635
11.8181, 0.0442172, 0.00049372, -93.584, -1.5266, -0.468013, -1.05859, -0.00107662
11.8241, 0.0437636, 0.00023191, -93.4787, -1.52659, -0.467677, -1.05891, -0.0010769
11.83, 0.0438057, -0.00030226, -93.3736, -1.52658, -0.46734, -1.05924, -0.00107717
11.836, 0.0443104, -0.00051296, -93.2686, -1.52656, -0.467004, -1.05956, -0.00107744
11.8419, 0.0447303, -0.000166689, -93.1637, -1.52655, -0.466667, -1.05988, -0.00107771
11.8479, 0.0446147, 0.000350931, -93.0589, -1.52653, -0.46633, -1.06021, -0.00107798
11.8538, 0.0441078, 0.000466227, -92.9542, -1.52652, -0.465993, -1.06053, -0.00107826
11.8598, 0.0437857, 5.27447e-05, -92.8497, -1.52651, -0.465656, -1.06085, -0.00107853
11.8657, 0.044018, -0.000432163, -92.7453, -1.52649, -0.465318, -1.06118, -0.0010788
11.8717, 0.0445625, -0.000454559, -92.641, -1.52648, -0.464981, -1.0615, -0.00107907
11.8776, 0.044835, 9.01638e-06, -92.5369, -1.52647, -0.464644, -1.06182, -0.00107934
11.8836, 0.0445522, 0.000449138, -92.4328, -1.52645, -0.464306, -1.06215, -0.00107962
11.8895, 0.0440395, 0.000384322, -92.3289, -1.52644, -0.463968, -1.06247, -0.00107989
11.8955, 0.043872, -0.000113421, -92.2251, -1.52643, -0.46363, -1.0628, -0.00108016
11.9014, 0.0442459, -0.000500653, -92.1215, -1.52641, -0.463293, -1.06312, -0.00108043
11.9074, 0.0447679, -0.000356555, -92.0179, -1.5264, -0.462954, -1.06345, -0.0010807
11.9136, 0.0448783, 0.000181529, -91.9104, -1.52639, -0.462603, -1.06378, -0.00108099
11.9198, 0.0444446, 0.000494609, -91.8031, -1.52637, -0.462251, -1.06412, -0.00108127
11.9259, 0.0439866, 0.000220674, -91.6959, -1.52636, -0.4619, -1.06446, -0.00108155
11.9321, 0.0440495, -0.000322322, -91.5888, -1.52635, -0.461548, -1.0648, -0.00108183
11.9383, 0.0445756, -0.000507585, -91.4818, -1.52633, -0.461196, -1.06514, -0.00108212
11.9445, 0.0449743, -0.000122797, -91.375, -1.52632, -0.460844, -1.06547, -0.0010824
11.9507, 0.044804, 0.000388786, -91.2683, -1.5263, -0.460492, -1.06581, -0.00108268
11.9569, 0.0442771, 0.000440609, -91.1618, -1.52629, -0.46014, -1.06615, -0.00108296
11.9631, 0.0440129, -2.54762e-05, -91.0553, -1.52628, -0.459787, -1.06649, -0.00108325
11.9692, 0.044328, -0.000476342, -90.949, -1.52626, -0.459435, -1.06683, -0.00108353
11.9754, 0.0448779, -0.000398606, -90.8429, -1.52625, -0.459082, -1.06717, -0.00108381
11.9816, 0.0450529, 0.000118087, -90.7368, -1.52623, -0.458729, -1.06751, -0.00108409
11.9878, 0.0446711, 0.000486721, -90.6309, -1.52622, -0.458376, -1.06784, -0.00108438
11.994, 0.0441815, 0.000290499, -90.5251, -1.52621, -0.458023, -1.06818, -0.00108466
12.0002, 0.0441529, -0.000247604, -90.4195, -1.52619, -0.45767, -1.06852, -0.00108494
12.0063, 0.0446319, -0.000520365, -90.314, -1.52618, -0.457317, -1.06886, -0.00108522
12.0125, 0.0450941, -0.000221724, -90.2086, -1.52617, -0.456964, -1.0692, -0.00108551
12.0187, 0.0450363, 0.000311758, -90.1033, -1.52615, -0.45661, -1.06954, -0.00108579
12.0249, 0.04454, 0.000482082, -89.9982, -1.52614, -0.456256, -1.06988, -0.00108607
12.0311, 0.0441763, 9.98177e-05, -89.8932, -1.52612, -0.455903, -1.07022, -0.00108635
12.0373, 0.0443657, -0.00040738, -89.7883, -1.52611, -0.455549, -1.07056, -0.00108663
12.0435, 0.0449114, -0.000474797, -89.6836, -1.5261, -0.455195, -1.0709, -0.00108692
12.0496, 0.0452218, -2.86862e-05, -89.5789, -1.52608, -0.454841, -1.07124, -0.0010872
12.0558, 0.0449687, 0.000435295, -89.4744, -1.52607, -0.454486, -1.07158, -0.00108748
12.062, 0.0444486, 0.00040402, -89.3701, -1.52606, -0.454132, -1.07192, -0.00108776
12.0682, 0.0442512, -8.6749e-05, -89.2658, -1.52604, -0.453778, -1.07226, -0.00108805
12.0744, 0.0446082, -0.000495429, -89.1617, -1.52603, -0.453423, -1.07261, -0.00108833
12.0806, 0.0451409, -0.000373154, -89.0577, -1.52601, -0.453068, -1.07295, -0.00108861
12.087, 0.0452725, 0.000166904, -88.9495, -1.526, -0.452699, -1.0733, -0.00108891
12.0934, 0.0448431, 0.00049559, -88.8415, -1.52599, -0.452329, -1.07366, -0.0010892
12.0999, 0.0443753, 0.000227115, -88.7335, -1.52597, -0.451959, -1.07401, -0.00108949
12.1063, 0.0444347, -0.000322211, -88.6257, -1.52596, -0.451589, -1.07437, -0.00108979
12.1128, 0.0449669, -0.000508887, -88.5181, -1.52594, -0.451218, -1.07472, -0.00109008
12.1192, 0.0453661, -0.000115849, -88.4105, -1.52593, -0.450848, -1.07508, -0.00109038
12.1257, 0.0451839, 0.000397521, -88.3032, -1.52591, -0.450477, -1.07544, -0.00109067
12.1321, 0.0446502, 0.000434079, -88.1959, -1.5259, -0.450107, -1.07579, -0.00109096
12.1386, 0.0444014, -4.74024e-05, -88.0888, -1.52589, -0.449736, -1.07615, -0.00109126
12.145, 0.0447412, -0.000488299, -87.9818, -1.52587, -0.449365, -1.07651, -0.00109155
12.1514, 0.045292, -0.000379473, -87.875, -1.52586, -0.448994, -1.07686, -0.00109185
12.1579, 0.0454348, 0.000152256, -87.7683, -1.52584, -0.448623, -1.07722, -0.00109214
12.1643, 0.0450227, 0.000494318, -87.6617, -1.52583, -0.448251, -1.07758, -0.00109244
12.1708, 0.0445462, 0.000254664, -87.5553, -1.52582, -0.44788, -1.07794, -0.00109273
12.1772, 0.0445672, -0.000290828, -87.449, -1.5258, -0.447508, -1.07829, -0.00109302
12.1837, 0.0450767, -0.000518147, -87.3428, -1.52579, -0.447137, -1.07865, -0.00109332
12.1901, 0.0455086, -0.000168962, -87.2368, -1.52577, -0.446765, -1.07901, -0.00109361
12.1966, 0.0453878, 0.000358023, -87.1309, -1.52576, -0.446393, -1.07937, -0.00109391
12.203, 0.0448689, 0.000464169, -87.0251, -1.52575, -0.446021, -1.07972, -0.0010942
12.2094, 0.0445566, 3.03288e-05, -86.9195, -1.52573, -0.445649, -1.08008, -0.00109449
12.2159, 0.0448192, -0.000451807, -86.814, -1.52572, -0.445276, -1.08044, -0.00109479
12.2223, 0.0453749, -0.000438422, -86.7086, -1.5257, -0.444904, -1.0808, -0.00109508
12.2288, 0.0456136, 5.4128e-05, -86.6034, -1.52569, -0.444531, -1.08116, -0.00109538
12.2352, 0.0452838, 0.000471562, -86.4983, -1.52567, -0.444158, -1.08152, -0.00109567
12.2417, 0.0447722, 0.000346401, -86.3934, -1.52566, -0.443785, -1.08188, -0.00109596
12.2481, 0.0446669, -0.000180028, -86.2885, -1.52565, -0.443412, -1.08223, -0.00109626
12.2545, 0.0451, -0.000519472, -86.1839, -1.52563, -0.443039, -1.08259, -0.00109655
12.261, 0.0456035, -0.00029462, -86.0793, -1.52562, -0.442666, -1.08295, -0.00109685
12.2674, 0.0456337, 0.000243313, -85.9749, -1.5256, -0.442292, -1.08331, -0.00109714
12.2739, 0.0451739, 0.000497369, -85.8706, -1.52559, -0.441919, -1.08367, -0.00109743
12.2803, 0.0447492, 0.000187364, -85.7664, -1.52558, -0.441545, -1.08403, -0.00109773
12.2868, 0.0448436, -0.000343171, -85.6624, -1.52556, -0.441171, -1.08439, -0.00109802
12.2932, 0.0453672, -0.000509572, -85.5585, -1.52555, -0.440798, -1.08475, -0.00109832
12.2997, 0.0457589, -0.000130018, -85.4547, -1.52553, -0.440423, -1.08511, -0.00109861
12.3061, 0.0456051, 0.000377982, -85.3511, -1.52552, -0.440049, -1.08547, -0.0010989
12.3125, 0.0450907, 0.000458455, -85.2476, -1.52551, -0.439675, -1.08583, -0.0010992
12.319, 0.0447932, 2.47126e-05, -85.1442, -1.52549, -0.4393, -1.08619, -0.00109949
12.3254, 0.0450513, -0.000449539, -85.041, -1.52548, -0.438926, -1.08655, -0.00109978
12.3319, 0.045598, -0.000448881, -84.9379, -1.52547, -0.438551, -1.08691, -0.00110008
12.3383, 0.045855, 2.46858e-05, -84.8349, -1.52545, -0.438176, -1.08728, -0.00110037
12.3448, 0.04556, 0.000457548, -84.7321, -1.52544, -0.437801, -1.08764, -0.00110067
12.3512, 0.045048, 0.00038254, -84.6294, -1.52542, -0.437426, -1.088, -0.00110096
12.3579, 0.044891, -0.000137988, -84.523, -1.52541, -0.437037, -1.08837, -0.00110127
12.3646, 0.0453026, -0.00051478, -84.4169, -1.52539, -0.436648, -1.08875, -0.00110157
12.3712, 0.045827, -0.000317425, -84.3108, -1.52538, -0.436259, -1.08912, -0.00110187
12.3779, 0.0458822, 0.000227412, -84.2049, -1.52537, -0.43587, -1.0895, -0.00110218
12.3846, 0.0454228, 0.000498664, -84.0992, -1.52535, -0.43548, -1.08987, -0.00110248
12.3913, 0.0449883, 0.000189009, -83.9936, -1.52534, -0.435091, -1.09025, -0.00110279
12.398, 0.0450872, -0.000349147, -83.8881, -1.52532, -0.434701, -1.09062, -0.00110309
12.4046, 0.0456223, -0.0005068, -83.7828, -1.52531, -0.434311, -1.091, -0.0011034
12.4113, 0.0460052, -0.000107151, -83.6776, -1.52529, -0.433921, -1.09137, -0.0011037
12.418, 0.0458213, 0.00039851, -83.5725, -1.52528, -0.433531, -1.09175, -0.00110401
12.4247, 0.0452948, 0.00044208, -83.4676, -1.52527, -0.433141, -1.09213, -0.00110431
12.4313, 0.0450325, -2.40144e-05, -83.3628, -1.52525, -0.43275, -1.0925, -0.00110461
12.438, 0.0453428, -0.000477378, -83.2582, -1.52524, -0.43236, -1.09288, -0.00110492
12.4447, 0.045894, -0.000412405, -83.1536, -1.52522, -0.431969, -1.09325, -0.00110522
12.4514, 0.046088, 9.71792e-05, -83.0493, -1.52521, -0.431578, -1.09363, -0.00110553
12.4581, 0.0457261, 0.000484362, -82.945, -1.52519, -0.431187, -1.09401, -0.00110583
12.4647, 0.0452266, 0.000320551, -82.8409, -1.52518, -0.430796, -1.09438, -0.00110614
12.4714, 0.0451576, -0.000211692, -82.737, -1.52517, -0.430405, -1.09476, -0.00110644
12.4781, 0.0456098, -0.000524405, -82.6331, -1.52515, -0.430013, -1.09514, -0.00110675
12.4848, 0.0460998, -0.000274121, -82.5295, -1.52514, -0.429622, -1.09552, -0.00110705
12.4915, 0.0461051, 0.000262828, -82.4259, -1.52512, -0.42923, -1.09589, -0.00110735
12.4981, 0.0456369, 0.000497497, -82.3225, -1.52511, -0.428838, -1.09627, -0.00110766
12.5048, 0.0452236, 0.000174253, -82.2192, -1.5251, -0.428446, -1.09665, -0.00110796
12.5115, 0.0453312, -0.000352896, -82.1161, -1.52508, -0.428054, -1.09703, -0.00110827
12.5185, 0.0458814, -0.000503122, -82.0085, -1.52507, -0.427644, -1.09742, -0.00110859
12.5254, 0.0462538, -7.80766e-05, -81.901, -1.52505, -0.427235, -1.09782, -0.0011089
12.5324, 0.0460303, 0.000423086, -81.7937, -1.52504, -0.426825, -1.09821, -0.00110922
12.5394, 0.0454907, 0.000414813, -81.6866, -1.52502, -0.426414, -1.09861, -0.00110954
12.5464, 0.0452819, -9.18881e-05, -81.5796, -1.52501, -0.426004, -1.099, -0.00110986
12.5533, 0.0456628, -0.000506637, -81.4727, -1.52499, -0.425594, -1.0994, -0.00111017
12.5603, 0.0462072, -0.000348678, -81.366, -1.52498, -0.425183, -1.09979, -0.00111049
12.5673, 0.0463017, 0.00019765, -81.2595, -1.52496, -0.424772, -1.10019, -0.00111081
12.5743, 0.0458555, 0.000500623, -81.1531, -1.52495, -0.424362, -1.10059, -0.00111113
12.5812, 0.0454009, 0.000211981, -81.0468, -1.52493, -0.42395, -1.10098, -0.00111145
12.5882, 0.045477, -0.000335023, -80.9407, -1.52492, -0.423539, -1.10138, -0.00111176
12.5952, 0.0460121, -0.000512684, -80.8347, -1.5249, -0.423128, -1.10178, -0.00111208
12.6022, 0.0464097, -0.000118866, -80.7289, -1.52489, -0.422716, -1.10217, -0.0011124
12.6091, 0.0462333, 0.000395537, -80.6232, -1.52487, -0.422305, -1.10257, -0.00111272
12.6161, 0.045702, 0.000444685, -80.5176, -1.52486, -0.421893, -1.10297, -0.00111304
12.6231, 0.0454367, -2.59424e-05, -80.4122, -1.52485, -0.421481, -1.10336, -0.00111335
12.6301, 0.0457538, -0.000481744, -80.307, -1.52483, -0.421069, -1.10376, -0.00111367
12.637, 0.0463098, -0.000407619, -80.2019, -1.52482, -0.420657, -1.10416, -0.00111399
12.644, 0.0464936, 0.000111353, -80.0969, -1.5248, -0.420244, -1.10456, -0.00111431
12.651, 0.046116, 0.000490116, -79.9921, -1.52479, -0.419832, -1.10496, -0.00111462
12.658, 0.0456186, 0.000303984, -79.8874, -1.52477, -0.419419, -1.10535, -0.00111494
12.6649, 0.0455751, -0.000237054, -79.7828, -1.52476, -0.419006, -1.10575, -0.00111526
12.6719, 0.046049, -0.000527663, -79.6784, -1.52474, -0.418593, -1.10615, -0.00111558
12.6789, 0.046527, -0.00024472, -79.5742, -1.52473, -0.41818, -1.10655, -0.00111589
12.6859, 0.0464938, 0.000295569, -79.4701, -1.52471, -0.417767, -1.10695, -0.00111621
12.6928, 0.0460039, 0.000493206, -79.3661, -1.5247, -0.417353, -1.10735, -0.00111653
12.6998, 0.0456167, 0.000130474, -79.2623, -1.52469, -0.41694, -1.10775, -0.00111685
12.7068, 0.0457755, -0.0003906, -79.1586, -1.52467, -0.416526, -1.10814, -0.00111717
12.7138, 0.0463197, -0.000495698, -79.0551, -1.52466, -0.416112, -1.10854, -0.00111748
12.7207, 0.0466663, -7.05551e-05, -78.9517, -1.52464, -0.415698, -1.10894, -0.0011178
12.7277, 0.0464518, 0.000417269, -78.8484, -1.52463, -0.415284, -1.10934, -0.00111812
12.7347, 0.0459283, 0.000434117, -78.7453, -1.52461, -0.414869, -1.10974, -0.00111844
12.7417, 0.0456835, -3.7033e-05, -78.6423, -1.5246, -0.414455, -1.11014, -0.00111875
12.7486, 0.0459989, -0.000481963, -78.5395, -1.52458, -0.41404, -1.11054, -0.00111907
12.7556, 0.0465461, -0.000417631, -78.4368, -1.52457, -0.413625, -1.11094, -0.00111939
12.7626, 0.0467472, 8.47763e-05, -78.3342, -1.52455, -0.41321, -1.11134, -0.00111971
12.7696, 0.0464016, 0.000480996, -78.2318, -1.52454, -0.412795, -1.11175, -0.00112002
12.7765, 0.045899, 0.00034413, -78.1295, -1.52453, -0.41238, -1.11215, -0.00112034
12.7838, 0.045805, -0.000200165, -78.0229, -1.52451, -0.411946, -1.11256, -0.00112067
12.7911, 0.0462675, -0.000527655, -77.9165, -1.5245, -0.411513, -1.11298, -0.001121
12.7984, 0.0467678, -0.000260458, -77.8102, -1.52448, -0.411079, -1.1134, -0.00112134
12.8057, 0.0467462, 0.000291641, -77.704, -1.52447, -0.410645, -1.11382, -0.00112167
12.8129, 0.0462463, 0.000492811, -77.598, -1.52445, -0.41021, -1.11424, -0.001122
12.8202, 0.0458604, 0.000113242, -77.4922, -1.52444, -0.409776, -1.11466, -0.00112233
12.8275, 0.0460468, -0.000410964, -77.3865, -1.52442, -0.409342, -1.11508, -0.00112266
12.8348, 0.0466083, -0.000480884, -77.281, -1.52441, -0.408907, -1.1155, -0.00112299
12.8421, 0.0469212, -1.8212e-05, -77.1756, -1.52439, -0.408472, -1.11592, -0.00112332
12.8493, 0.0466478, 0.000449812, -77.0704, -1.52438, -0.408037, -1.11634, -0.00112366
12.8566, 0.0461166, 0.000392705, -76.9653, -1.52436, -0.407602, -1.11676, -0.00112399
12.8639, 0.0459458, -0.000123439, -76.8603, -1.52435, -0.407166, -1.11718, -0.00112432
12.8712, 0.0463438, -0.000515142, -76.7555, -1.52433, -0.406731, -1.1176, -0.00112465
12.8784, 0.046878, -0.000342073, -76.6509, -1.52432, -0.406295, -1.11802, -0.00112498
12.8857, 0.046965, 0.000199846, -76.5464, -1.5243, -0.405859, -1.11844, -0.00112531
12.893, 0.0465255, 0.00050278, -76.4421, -1.52429, -0.405423, -1.11886, -0.00112564
12.9003, 0.0460685, 0.000229092, -76.3379, -1.52427, -0.404987, -1.11928, -0.00112598
12.9076, 0.0461198, -0.00031459, -76.2338, -1.52426, -0.404551, -1.11971, -0.00112631
12.9148, 0.0466374, -0.000523223, -76.1299, -1.52424, -0.404115, -1.12013, -0.00112664
12.9221, 0.0470625, -0.000166512, -76.0262, -1.52423, -0.403678, -1.12055, -0.00112697
12.9294, 0.0469417, 0.000359333, -75.9226, -1.52421, -0.403241, -1.12097, -0.0011273
12.9367, 0.0464263, 0.000473656, -75.8191, -1.5242, -0.402804, -1.12139, -0.00112763
12.944, 0.0461009, 5.18688e-05, -75.7158, -1.52418, -0.402367, -1.12182, -0.00112796
12.9512, 0.0463386, -0.000441366, -75.6127, -1.52417, -0.40193, -1.12224, -0.00112829
12.9585, 0.0468934, -0.000465674, -75.5096, -1.52415, -0.401492, -1.12266, -0.00112863
12.9658, 0.0471745, 4.0692e-06, -75.4068, -1.52414, -0.401055, -1.12308, -0.00112896
12.9731, 0.0468925, 0.000454437, -75.3041, -1.52412, -0.400617, -1.12351, -0.00112929
12.9804, 0.0463717, 0.000395879, -75.2015, -1.52411, -0.400179, -1.12393, -0.00112962
12.9876, 0.0461936, -0.000106561, -75.099, -1.52409, -0.399741, -1.12435, -0.00112995
12.9949, 0.0465658, -0.000508008, -74.9968, -1.52408, -0.399303, -1.12478, -0.00113028
13.0022, 0.0471009, -0.000375571, -74.8946, -1.52406, -0.398864, -1.1252, -0.00113061
13.0098, 0.0472305, 0.000170172, -74.7881, -1.52405, -0.398406, -1.12564, -0.00113096
13.0174, 0.0467989, 0.000502476, -74.6817, -1.52403, -0.397948, -1.12609, -0.0011313
13.025, 0.0463252, 0.000237247, -74.5756, -1.52402, -0.39749, -1.12653, -0.00113165
13.0326, 0.0463743, -0.000317453, -74.4695, -1.524, -0.397031, -1.12697, -0.001132
13.0402, 0.0469057, -0.000521832, -74.3636, -1.52399, -0.396572, -1.12742, -0.00113234
13.0478, 0.0473251, -0.00014214, -74.2579, -1.52397, -0.396113, -1.12786, -0.00113269
13.0554, 0.0471697, 0.000384723, -74.1523, -1.52396, -0.395654, -1.1283, -0.00113303
13.063, 0.0466364, 0.000456053, -74.0469, -1.52394, -0.395195, -1.12875, -0.00113338
13.0706, 0.0463518, -8.10586e-06, -73.9417, -1.52393, -0.394736, -1.12919, -0.00113372
13.0782, 0.0466562, -0.000478262, -73.8366, -1.52391, -0.394276, -1.12964, -0.00113407
13.0858, 0.0472198, -0.000421078, -73.7316, -1.5239, -0.393816, -1.13008, -0.00113442
13.0934, 0.0474214, 9.71192e-05, -73.6268, -1.52388, -0.393356, -1.13052, -0.00113476
13.101, 0.0470517, 0.000490071, -73.5222, -1.52387, -0.392896, -1.13097, -0.00113511
13.1086, 0.0465459, 0.0003158, -73.4177, -1.52385, -0.392436, -1.13141, -0.00113545
13.1162, 0.0464894, -0.000228274, -73.3134, -1.52384, -0.391976, -1.13186, -0.0011358
13.1238, 0.0469611, -0.000531668, -73.2092, -1.52382, -0.391515, -1.13231, -0.00113614
13.1314, 0.0474495, -0.000256211, -73.1052, -1.5238, -0.391054, -1.13275, -0.00113649
13.139, 0.0474272, 0.000289354, -73.0013, -1.52379, -0.390593, -1.1332, -0.00113684
13.1466, 0.0469375, 0.000497822, -72.8976, -1.52377, -0.390132, -1.13364, -0.00113718
13.1542, 0.0465415, 0.00013913, -72.7941, -1.52376, -0.389671, -1.13409, -0.00113753
13.1618, 0.0466936, -0.000388332, -72.6907, -1.52374, -0.389209, -1.13454, -0.00113787
13.1694, 0.047241, -0.000502292, -72.5874, -1.52373, -0.388747, -1.13498, -0.00113822
13.177, 0.0475969, -7.86921e-05, -72.4843, -1.52371, -0.388286, -1.13543, -0.00113856
13.1846, 0.047388, 0.000415947, -72.3814, -1.5237, -0.387824, -1.13588, -0.00113891
13.1922, 0.0468612, 0.000440012, -72.2786, -1.52368, -0.387361, -1.13632, -0.00113926
13.1998, 0.0466092, -3.12884e-05, -72.176, -1.52367, -0.386899, -1.13677, -0.0011396
13.2074, 0.0469219, -0.000483194, -72.0735, -1.52365, -0.386436, -1.13722, -0.00113995
13.2151, 0.0474742, -0.000424956, -71.9711, -1.52364, -0.385974, -1.13766, -0.00114029
13.2227, 0.0476834, 7.8699e-05, -71.869, -1.52362, -0.385511, -1.13811, -0.00114064
13.2303, 0.0473408, 0.000482108, -71.7669, -1.52361, -0.385048, -1.13856, -0.00114098
13.2379, 0.0468336, 0.000350789, -71.665, -1.52359, -0.384584, -1.13901, -0.00114133
13.2458, 0.0467328, -0.000196415, -71.5587, -1.52358, -0.3841, -1.13948, -0.00114169
13.2537, 0.0471957, -0.000531504, -71.4526, -1.52356, -0.383616, -1.13995, -0.00114205
13.2617, 0.0477031, -0.00026743, -71.3466, -1.52355, -0.383131, -1.14042, -0.00114241
13.2696, 0.0476874, 0.000289174, -71.2408, -1.52353, -0.382646, -1.14088, -0.00114277
13.2776, 0.0471863, 0.000496756, -71.1352, -1.52351, -0.382162, -1.14135, -0.00114313
13.2855, 0.0467946, 0.000118126, -71.0297, -1.5235, -0.381676, -1.14182, -0.0011435
13.2935, 0.0469782, -0.000411403, -70.9244, -1.52348, -0.381191, -1.14229, -0.00114386
13.3014, 0.0475435, -0.000486747, -70.8193, -1.52347, -0.380705, -1.14276, -0.00114422
13.3093, 0.0478634, -2.35629e-05, -70.7143, -1.52345, -0.38022, -1.14323, -0.00114458
13.3173, 0.047593, 0.000450362, -70.6094, -1.52344, -0.379734, -1.1437, -0.00114494
13.3252, 0.0470582, 0.000398157, -70.5048, -1.52342, -0.379248, -1.14417, -0.0011453
13.3332, 0.0468816, -0.000119525, -70.4003, -1.52341, -0.378762, -1.14464, -0.00114566
13.3411, 0.0472785, -0.000517922, -70.2959, -1.52339, -0.378275, -1.14512, -0.00114602
13.3491, 0.0478186, -0.000349748, -70.1917, -1.52337, -0.377788, -1.14559, -0.00114638
13.357, 0.0479135, 0.000194678, -70.0877, -1.52336, -0.377302, -1.14606, -0.00114674
13.3649, 0.0474759, 0.0005056, -69.9839, -1.52334, -0.376815, -1.14653, -0.0011471
13.3729, 0.0470127, 0.000237162, -69.8802, -1.52333, -0.376327, -1.147, -0.00114747
13.3808, 0.0470562, -0.000310313, -69.7766, -1.52331, -0.37584, -1.14747, -0.00114783
13.3888, 0.0475737, -0.000528867, -69.6732, -1.5233, -0.375352, -1.14794, -0.00114819
13.3967, 0.0480085, -0.000177894, -69.57, -1.52328, -0.374865, -1.14842, -0.00114855
13.4047, 0.0478984, 0.000353628, -69.4669, -1.52327, -0.374377, -1.14889, -0.00114891
13.4126, 0.0473833, 0.000480424, -69.364, -1.52325, -0.373888, -1.14936, -0.00114927
13.4205, 0.0470466, 6.47146e-05, -69.2613, -1.52324, -0.3734, -1.14984, -0.00114963
13.4285, 0.0472729, -0.000436877, -69.1587, -1.52322, -0.372912, -1.15031, -0.00114999
13.4364, 0.0478304, -0.000476734, -69.0563, -1.5232, -0.372423, -1.15078, -0.00115035
13.4444, 0.0481279, -1.30236e-05, -68.954, -1.52319, -0.371934, -1.15126, -0.00115071
13.4523, 0.0478601, 0.000449259, -68.8519, -1.52317, -0.371445, -1.15173, -0.00115107
13.4603, 0.0473355, 0.000409685, -68.7499, -1.52316, -0.370956, -1.1522, -0.00115143
13.4682, 0.0471379, -8.7355e-05, -68.6481, -1.52314, -0.370466, -1.15268, -0.0011518
13.4761, 0.0474955, -0.000505165, -68.5465, -1.52313, -0.369977, -1.15315, -0.00115216
13.4841, 0.0480389, -0.000395356, -68.445, -1.52311, -0.369487, -1.15363, -0.00115252
13.4924, 0.0481948, 0.000149353, -68.3387, -1.5231, -0.368973, -1.15412, -0.0011529
13.5008, 0.0477749, 0.00050352, -68.2326, -1.52308, -0.368458, -1.15462, -0.00115327
13.5091, 0.0472872, 0.00025667, -68.1266, -1.52306, -0.367944, -1.15512, -0.00115365
13.5174, 0.047315, -0.000303507, -68.0208, -1.52305, -0.367429, -1.15562, -0.00115403
13.5257, 0.047843, -0.000529392, -67.9152, -1.52303, -0.366915, -1.15612, -0.00115441
13.5341, 0.0482803, -0.000162092, -67.8098, -1.52302, -0.3664, -1.15662, -0.00115479
13.5424, 0.0481436, 0.000374799, -67.7045, -1.523, -0.365884, -1.15712, -0.00115517
13.5507, 0.0476096, 0.000466137, -67.5994, -1.52298, -0.365369, -1.15762, -0.00115554
13.5591, 0.0473075, 9.13333e-06, -67.4945, -1.52297, -0.364853, -1.15811, -0.00115592
13.5674, 0.0475985, -0.000474172, -67.3897, -1.52295, -0.364337, -1.15861, -0.0011563
13.5757, 0.0481685, -0.000435077, -67.2851, -1.52294, -0.363821, -1.15911, -0.00115668
13.5841, 0.0483893, 8.0394e-05, -67.1807, -1.52292, -0.363305, -1.15962, -0.00115706
13.5924, 0.0480309, 0.000488735, -67.0764, -1.5229, -0.362788, -1.16012, -0.00115744
13.6007, 0.0475166, 0.000330627, -66.9723, -1.52289, -0.362272, -1.16062, -0.00115781
13.6091, 0.0474421, -0.000214536, -66.8684, -1.52287, -0.361755, -1.16112, -0.00115819
13.6174, 0.0479072, -0.000535174, -66.7646, -1.52286, -0.361238, -1.16162, -0.00115857
13.6257, 0.0484085, -0.000274129, -66.6611, -1.52284, -0.360721, -1.16212, -0.00115895
13.6341, 0.0484056, 0.000276001, -66.5576, -1.52282, -0.360203, -1.16262, -0.00115933
13.6424, 0.047921, 0.000503514, -66.4544, -1.52281, -0.359685, -1.16312, -0.0011597
13.6507, 0.0475104, 0.000157647, -66.3513, -1.52279, -0.359168, -1.16363, -0.00116008
13.6591, 0.0476443, -0.00037783, -66.2484, -1.52278, -0.35865, -1.16413, -0.00116046
13.6674, 0.0481909, -0.000512801, -66.1456, -1.52276, -0.358131, -1.16463, -0.00116084
13.6757, 0.048566, -0.000100496, -66.043, -1.52275, -0.357613, -1.16513, -0.00116122
13.6841, 0.0483769, 0.000405825, -65.9406, -1.52273, -0.357094, -1.16564, -0.0011616
13.6924, 0.0478493, 0.000453102, -65.8383, -1.52271, -0.356575, -1.16614, -0.00116197
13.7007, 0.0475758, -8.54295e-06, -65.7362, -1.5227, -0.356056, -1.16664, -0.00116235
13.7091, 0.0478696, -0.000476208, -65.6343, -1.52268, -0.355537, -1.16715, -0.00116273
13.7174, 0.0484277, -0.000443628, -65.5325, -1.52267, -0.355017, -1.16765, -0.00116311
13.7257, 0.0486637, 5.22622e-05, -65.4309, -1.52265, -0.354498, -1.16815, -0.00116349
13.7341, 0.0483417, 0.000476012, -65.3295, -1.52264, -0.353978, -1.16866, -0.00116386
13.7424, 0.0478261, 0.000372985, -65.2282, -1.52262, -0.353458, -1.16916, -0.00116424
13.7511, 0.0476941, -0.000169746, -65.1225, -1.5226, -0.352914, -1.16969, -0.00116464
13.7598, 0.0481396, -0.000532553, -65.0169, -1.52259, -0.352369, -1.17022, -0.00116503
13.7685, 0.0486656, -0.000297643, -64.9116, -1.52257, -0.351825, -1.17075, -0.00116543
13.7772, 0.0486858, 0.00026276, -64.8064, -1.52255, -0.35128, -1.17127, -0.00116582
13.786, 0.0481976, 0.000504936, -64.7013, -1.52254, -0.350735, -1.1718, -0.00116622
13.7947, 0.0477796, 0.0001531, -64.5965, -1.52252, -0.35019, -1.17233, -0.00116661
13.8034, 0.0479267, -0.000389595, -64.4918, -1.5225, -0.349645, -1.17286, -0.00116701
13.8121, 0.0484883, -0.000505625, -64.3873, -1.52249, -0.349099, -1.17339, -0.00116741
13.8208, 0.0488449, -6.50003e-05, -64.283, -1.52247, -0.348553, -1.17392, -0.0011678
13.8295, 0.0486127, 0.000432363, -64.1789, -1.52246, -0.348007, -1.17445, -0.0011682
13.8382, 0.0480738, 0.000425825, -64.0749, -1.52244, -0.347461, -1.17498, -0.00116859
13.847, 0.047853, -7.54945e-05, -63.9711, -1.52242, -0.346915, -1.17551, -0.00116899
13.8557, 0.0482148, -0.000508246, -63.8675, -1.52241, -0.346368, -1.17604, -0.00116938
13.8644, 0.0487711, -0.000389306, -63.764, -1.52239, -0.345821, -1.17657, -0.00116978
13.8731, 0.0489197, 0.000146871, -63.6607, -1.52237, -0.345274, -1.1771, -0.00117017
13.8818, 0.0485151, 0.000503354, -63.5576, -1.52236, -0.344727, -1.17763, -0.00117057
13.8905, 0.0480252, 0.000286053, -63.4547, -1.52234, -0.344179, -1.17816, -0.00117096
13.8992, 0.048009, -0.000263069, -63.352, -1.52233, -0.343632, -1.17869, -0.00117136
13.908, 0.0485006, -0.000538339, -63.2494, -1.52231, -0.343084, -1.17923, -0.00117175
13.9167, 0.0489762, -0.00023862, -63.147, -1.52229, -0.342535, -1.17976, -0.00117215
13.9254, 0.0489331, 0.000305972, -63.0447, -1.52228, -0.341987, -1.18029, -0.00117254
13.9341, 0.0484378, 0.00050026, -62.9427, -1.52226, -0.341439, -1.18082, -0.00117294
13.9428, 0.0480484, 0.000134114, -62.8408, -1.52225, -0.34089, -1.18136, -0.00117333
13.9515, 0.0482045, -0.000393211, -62.7391, -1.52223, -0.340341, -1.18189, -0.00117373
13.9602, 0.0487526, -0.000510728, -62.6375, -1.52221, -0.339792, -1.18242, -0.00117412
13.9689, 0.0491175, -9.32043e-05, -62.5361, -1.5222, -0.339242, -1.18296, -0.00117452
13.9777, 0.0489247, 0.000408376, -62.4349, -1.52218, -0.338692, -1.18349, -0.00117491
13.9864, 0.0484003, 0.000455867, -62.3339, -1.52217, -0.338143, -1.18402, -0.00117531
13.9951, 0.0481232, 1.58569e-07, -62.233, -1.52215, -0.337593, -1.18456, -0.0011757
14.0038, 0.0484051, -0.000471114, -62.1323, -1.52213, -0.337042, -1.18509, -0.0011761
14.0125, 0.0489612, -0.000456997, -62.0318, -1.52212, -0.336492, -1.18563, -0.00117649
14.0212, 0.0492182, 2.57341e-05, -61.9314, -1.5221, -0.335941, -1.18616, -0.00117689
14.0299, 0.0489225, 0.000465231, -61.8312, -1.52208, -0.33539, -1.18669, -0.00117728
14.0387, 0.0484046, 0.000398593, -61.7312, -1.52207, -0.334839, -1.18723, -0.00117768
14.0478, 0.0482316, -0.000127124, -61.6269, -1.52205, -0.334263, -1.18779, -0.00117809
14.0569, 0.0486393, -0.000525265, -61.5227, -1.52204, -0.333687, -1.18835, -0.0011785
14.066, 0.0491838, -0.000346508, -61.4188, -1.52202, -0.33311, -1.18891, -0.00117892
14.0751, 0.04927, 0.000205656, -61.315, -1.522, -0.332534, -1.18947, -0.00117933
14.0842, 0.0488215, 0.000509789, -61.2114, -1.52199, -0.331957, -1.19003, -0.00117974
14.0933, 0.048361, 0.000226316, -61.108, -1.52197, -0.33138, -1.19059, -0.00118015
14.1024, 0.048421, -0.000326193, -61.0047, -1.52195, -0.330802, -1.19115, -0.00118057
14.1115, 0.0489513, -0.00053195, -60.9017, -1.52194, -0.330225, -1.19171, -0.00118098
14.1206, 0.0493802, -0.000164011, -60.7988, -1.52192, -0.329647, -1.19227, -0.00118139
14.1297, 0.049252, 0.000368518, -60.6961, -1.5219, -0.329069, -1.19283, -0.0011818
14.1388, 0.0487284, 0.000477822, -60.5936, -1.52189, -0.32849, -1.1934, -0.00118222
14.1479, 0.0484047, 4.53309e-05, -60.4913, -1.52187, -0.327912, -1.19396, -0.00118263
14.157, 0.0486529, -0.000452935, -60.3891, -1.52185, -0.327333, -1.19452, -0.00118304
14.1661, 0.0492178, -0.000472333, -60.2872, -1.52184, -0.326754, -1.19508, -0.00118345
14.1752, 0.0495007, 6.43162e-06, -60.1854, -1.52182, -0.326175, -1.19565, -0.00118387
14.1843, 0.0492135, 0.000461524, -60.0837, -1.5218, -0.325596, -1.19621, -0.00118428
14.1934, 0.048687, 0.00040031, -59.9823, -1.52179, -0.325016, -1.19677, -0.00118469
14.2025, 0.0485082, -0.000109174, -59.881, -1.52177, -0.324436, -1.19733, -0.0011851
14.2116, 0.0488859, -0.000516976, -59.7799, -1.52175, -0.323856, -1.1979, -0.00118552
14.2207, 0.0494303, -0.00038601, -59.679, -1.52174, -0.323276, -1.19846, -0.00118593
14.2302, 0.0495685, 0.000166198, -59.5737, -1.52172, -0.322669, -1.19905, -0.00118636
14.2397, 0.0491368, 0.000508688, -59.4686, -1.5217, -0.322062, -1.19964, -0.00118679
14.2493, 0.0486541, 0.000247973, -59.3637, -1.52169, -0.321454, -1.20023, -0.00118722
14.2588, 0.0486941, -0.000314483, -59.259, -1.52167, -0.320847, -1.20082, -0.00118765
14.2683, 0.0492286, -0.000534138, -59.1544, -1.52165, -0.320239, -1.20141, -0.00118808
14.2778, 0.0496656, -0.000161845, -59.0501, -1.52164, -0.319631, -1.20201, -0.00118851
14.2873, 0.0495283, 0.000376921, -58.9459, -1.52162, -0.319022, -1.2026, -0.00118894
14.2968, 0.0489936, 0.000471024, -58.8419, -1.5216, -0.318414, -1.20319, -0.00118938
14.3064, 0.0486863, 1.58755e-05, -58.7382, -1.52158, -0.317805, -1.20378, -0.00118981
14.3159, 0.0489707, -0.000473937, -58.6346, -1.52157, -0.317196, -1.20437, -0.00119024
14.3254, 0.0495443, -0.000448536, -58.5312, -1.52155, -0.316586, -1.20496, -0.00119067
14.3349, 0.0497832, 6.16373e-05, -58.428, -1.52153, -0.315977, -1.20556, -0.0011911
14.3444, 0.0494413, 0.000485685, -58.3249, -1.52152, -0.315367, -1.20615, -0.00119153
14.354, 0.0489197, 0.000352493, -58.2221, -1.5215, -0.314757, -1.20674, -0.00119196
14.3635, 0.048816, -0.000188158, -58.1195, -1.52148, -0.314146, -1.20734, -0.00119239
14.373, 0.0492618, -0.000537414, -58.017, -1.52147, -0.313536, -1.20793, -0.00119282
14.3825, 0.0497826, -0.000311438, -57.9147, -1.52145, -0.312925, -1.20852, -0.00119325
14.392, 0.0498249, 0.000239422, -57.8126, -1.52143, -0.312314, -1.20912, -0.00119368
14.4015, 0.0493629, 0.000511091, -57.7107, -1.52142, -0.311703, -1.20971, -0.00119412
14.4111, 0.0489207, 0.000208338, -57.609, -1.5214, -0.311091, -1.21031, -0.00119455
14.4206, 0.0489975, -0.000337379, -57.5075, -1.52138, -0.310479, -1.2109, -0.00119498
14.4301, 0.0495262, -0.000533632, -57.4061, -1.52137, -0.309867, -1.2115, -0.00119541
14.4396, 0.0499519, -0.0001698, -57.305, -1.52135, -0.309255, -1.21209, -0.00119584
14.4491, 0.0498347, 0.000360018, -57.204, -1.52133, -0.308642, -1.21269, -0.00119627
14.4586, 0.0493206, 0.000486358, -57.1032, -1.52131, -0.30803, -1.21328, -0.0011967
14.4682, 0.0489793, 7.563e-05, -57.0026, -1.5213, -0.307417, -1.21388, -0.00119713
14.4777, 0.049192, -0.000431877, -56.9022, -1.52128, -0.306804, -1.21448, -0.00119756
14.4872, 0.0497481, -0.000496136, -56.8019, -1.52126, -0.30619, -1.21507, -0.00119799
14.4967, 0.0500745, -5.08472e-05, -56.7019, -1.52125, -0.305576, -1.21567, -0.00119842
14.5062, 0.0498449, 0.000431425, -56.602, -1.52123, -0.304962, -1.21627, -0.00119885
14.5157, 0.0493209, 0.000442581, -56.5023, -1.52121, -0.304348, -1.21687, -0.00119928
14.5253, 0.0490715, -2.71827e-05, -56.4028, -1.5212, -0.303734, -1.21746, -0.00119972
14.5348, 0.0493738, -0.000484303, -56.3035, -1.52118, -0.303119, -1.21806, -0.00120015
14.5443, 0.0499277, -0.000451991, -56.2043, -1.52116, -0.302504, -1.21866, -0.00120058
14.5542, 0.0501716, 5.61633e-05, -56.1015, -1.52115, -0.301865, -1.21928, -0.00120102
14.5641, 0.0498348, 0.00048424, -55.9988, -1.52113, -0.301226, -1.2199, -0.00120147
14.574, 0.0493118, 0.000358529, -55.8963, -1.52111, -0.300586, -1.22053, -0.00120192
14.5838, 0.0491996, -0.000179971, -55.7941, -1.5211, -0.299946, -1.22115, -0.00120237
14.5937, 0.0496389, -0.000537205, -55.692, -1.52108, -0.299306, -1.22177, -0.00120281
14.6036, 0.0501646, -0.000322252, -55.5901, -1.52106, -0.298665, -1.2224, -0.00120326
14.6135, 0.0502206, 0.000227607, -55.4884, -1.52104, -0.298024, -1.22302, -0.00120371
14.6234, 0.0497666, 0.000512057, -55.3869, -1.52103, -0.297383, -1.22364, -0.00120416
14.6333, 0.0493161, 0.000223376, -55.2856, -1.52101, -0.296742, -1.22427, -0.0012046
14.6432, 0.0493752, -0.000323703, -55.1845, -1.52099, -0.296101, -1.22489, -0.00120505
14.6531, 0.0498964, -0.000538107, -55.0836, -1.52098, -0.295459, -1.22552, -0.0012055
14.663, 0.050336, -0.000190772, -54.9828, -1.52096, -0.294817, -1.22614, -0.00120595
14.6729, 0.0502416, 0.000343811, -54.8823, -1.52094, -0.294175, -1.22677, -0.00120639
14.6832, 0.0497118, 0.000487108, -54.7777, -1.52092, -0.293505, -1.22742, -0.00120686
14.6935, 0.0493671, 5.34737e-05, -54.6732, -1.52091, -0.292834, -1.22807, -0.00120733
14.7038, 0.0496211, -0.000458973, -54.569, -1.52089, -0.292164, -1.22872, -0.00120779
14.7141, 0.0502022, -0.000466078, -54.465, -1.52087, -0.291493, -1.22938, -0.00120826
14.7244, 0.0504693, 3.80989e-05, -54.3612, -1.52085, -0.290822, -1.23003, -0.00120872
14.7347, 0.0501416, 0.000480899, -54.2576, -1.52083, -0.290151, -1.23068, -0.00120919
14.745, 0.049611, 0.000363225, -54.1542, -1.52082, -0.28948, -1.23134, -0.00120966
14.7554, 0.0494947, -0.000180334, -54.051, -1.5208, -0.288808, -1.23199, -0.00121012
14.7657, 0.0499408, -0.000539221, -53.948, -1.52078, -0.288136, -1.23265, -0.00121059
14.776, 0.0504689, -0.000313662, -53.8452, -1.52076, -0.287463, -1.2333, -0.00121106
14.7863, 0.0505107, 0.000242948, -53.7427, -1.52075, -0.286791, -1.23396, -0.00121152
14.7966, 0.0500416, 0.000512171, -53.6403, -1.52073, -0.286118, -1.23461, -0.00121199
14.8069, 0.0496013, 0.000197799, -53.5381, -1.52071, -0.285445, -1.23527, -0.00121245
14.8172, 0.0496939, -0.000351581, -53.4361, -1.52069, -0.284771, -1.23592, -0.00121292
14.8275, 0.0502347, -0.00053222, -53.3343, -1.52068, -0.284098, -1.23658, -0.00121339
14.8378, 0.0506497, -0.000148208, -53.2328, -1.52066, -0.283424, -1.23723, -0.00121385
14.8482, 0.0505063, 0.000379565, -53.1314, -1.52064, -0.28275, -1.23789, -0.00121432
14.8585, 0.0499817, 0.000477347, -53.0302, -1.52062, -0.282075, -1.23855, -0.00121478
14.8688, 0.0496641, 4.11662e-05, -52.9292, -1.52061, -0.281401, -1.23921, -0.00121525
14.8791, 0.0499141, -0.000456268, -52.8284, -1.52059, -0.280726, -1.23986, -0.00121572
14.8894, 0.0504792, -0.000480081, -52.7278, -1.52057, -0.28005, -1.24052, -0.00121618
14.8997, 0.0507715, -6.84993e-06, -52.6274, -1.52055, -0.279375, -1.24118, -0.00121665
14.91, 0.0504988, 0.000456114, -52.5273, -1.52054, -0.278699, -1.24184, -0.00121712
14.9203, 0.0499721, 0.000416377, -52.4273, -1.52052, -0.278023, -1.2425, -0.00121758
14.9307, 0.0497694, -8.17471e-05, -52.3275, -1.5205, -0.277347, -1.24315, -0.00121805
14.941, 0.0501217, -0.000510031, -52.2279, -1.52048, -0.27667, -1.24381, -0.00121851
14.9513, 0.0506739, -0.000417911, -52.1284, -1.52047, -0.275993, -1.24447, -0.00121898
14.9621, 0.0508579, 0.000124754, -52.024, -1.52045, -0.275281, -1.24517, -0.00121947
14.973, 0.0504566, 0.000505472, -51.9198, -1.52043, -0.274568, -1.24586, -0.00121996
14.9838, 0.0499519, 0.000290051, -51.8158, -1.52041, -0.273855, -1.24656, -0.00122045
14.9947, 0.0499394, -0.000273725, -51.7121, -1.52039, -0.273141, -1.24725, -0.00122094
15.0055, 0.0504516, -0.000544969, -51.6085, -1.52038, -0.272427, -1.24795, -0.00122143
15.0164, 0.0509281, -0.000218482, -51.5051, -1.52036, -0.271713, -1.24864, -0.00122192
15.0273, 0.0508528, 0.000335461, -51.402, -1.52034, -0.270999, -1.24934, -0.00122241
15.0381, 0.0503331, 0.000494359, -51.2991, -1.52032, -0.270284, -1.25004, -0.0012229
15.049, 0.0499721, 8.23259e-05, -51.1964, -1.5203, -0.269569, -1.25073, -0.00122339
15.0598, 0.0501914, -0.000439161, -51.0939, -1.52029, -0.268854, -1.25143, -0.00122388
15.0707, 0.050765, -0.000490859, -50.9916, -1.52027, -0.268139, -1.25213, -0.00122437
15.0815, 0.051077, -1.77269e-05, -50.8895, -1.52025, -0.267423, -1.25283, -0.00122486
15.0924, 0.0508047, 0.000456525, -50.7877, -1.52023, -0.266707, -1.25352, -0.00122535
15.1032, 0.0502694, 0.000411192, -50.686, -1.52021, -0.265991, -1.25422, -0.00122584
15.1141, 0.0500776, -0.0001018, -50.5846, -1.5202, -0.265274, -1.25492, -0.00122633
15.1249, 0.0504564, -0.000521184, -50.4833, -1.52018, -0.264557, -1.25562, -0.00122682
15.1358, 0.0510114, -0.000391922, -50.3823, -1.52016, -0.26384, -1.25632, -0.00122731
15.1471, 0.0511538, 0.000165221, -50.2775, -1.52014, -0.263094, -1.25705, -0.00122782
15.1583, 0.0507204, 0.000512048, -50.173, -1.52012, -0.262348, -1.25777, -0.00122833
15.1696, 0.050234, 0.000250244, -50.0687, -1.5201, -0.261602, -1.2585, -0.00122884
15.1809, 0.050274, -0.000317197, -49.9646, -1.52009, -0.260856, -1.25923, -0.00122935
15.1922, 0.0508136, -0.000540552, -49.8607, -1.52007, -0.260109, -1.25996, -0.00122986
15.2035, 0.0512573, -0.000167159, -49.757, -1.52005, -0.259362, -1.26069, -0.00123037
15.2148, 0.0511234, 0.000376768, -49.6536, -1.52003, -0.258614, -1.26142, -0.00123088
15.226, 0.0505868, 0.000475864, -49.5504, -1.52001, -0.257866, -1.26214, -0.00123139
15.2373, 0.0502741, 2.06122e-05, -49.4474, -1.51999, -0.257118, -1.26287, -0.0012319
15.2486, 0.0505558, -0.000475903, -49.3446, -1.51997, -0.25637, -1.2636, -0.00123241
15.2599, 0.0511349, -0.000458771, -49.242, -1.51996, -0.255621, -1.26433, -0.00123292
15.2712, 0.051386, 5.05321e-05, -49.1397, -1.51994, -0.254873, -1.26506, -0.00123342
15.2824, 0.0510526, 0.00048491, -49.0376, -1.51992, -0.254123, -1.2658, -0.00123393
15.2937, 0.0505261, 0.000364797, -48.9357, -1.5199, -0.253374, -1.26653, -0.00123444
15.305, 0.0504071, -0.000175024, -48.834, -1.51988, -0.252624, -1.26726, -0.00123495
15.3163, 0.0508443, -0.000540661, -48.7326, -1.51986, -0.251874, -1.26799, -0.00123546
15.3276, 0.0513776, -0.000333515, -48.6313, -1.51985, -0.251124, -1.26872, -0.00123597
15.3388, 0.0514459, 0.000218242, -48.5303, -1.51983, -0.250373, -1.26945, -0.00123648
15.3501, 0.0509974, 0.000514699, -48.4295, -1.51981, -0.249622, -1.27019, -0.00123699
15.3614, 0.0505386, 0.00023681, -48.3289, -1.51979, -0.248871, -1.27092, -0.0012375
15.3727, 0.0505831, -0.000313654, -48.2285, -1.51977, -0.248119, -1.27165, -0.00123801
15.384, 0.0511002, -0.000545237, -48.1283, -1.51975, -0.247368, -1.27239, -0.00123852
15.3952, 0.0515549, -0.000212121, -48.0284, -1.51974, -0.246616, -1.27312, -0.00123902
15.4065, 0.051483, 0.000328495, -47.9286, -1.51972, -0.245863, -1.27385, -0.00123953
15.4184, 0.0509538, 0.000495119, -47.8239, -1.5197, -0.245071, -1.27463, -0.00124007
15.4303, 0.0505919, 6.85011e-05, -47.7193, -1.51968, -0.244278, -1.2754, -0.0012406
15.4421, 0.0508361, -0.000456235, -47.615, -1.51966, -0.243485, -1.27618, -0.00124114
15.454, 0.0514248, -0.000475462, -47.5109, -1.51964, -0.242691, -1.27695, -0.00124168
15.4659, 0.0517041, 3.03936e-05, -47.4071, -1.51962, -0.241898, -1.27772, -0.00124221
15.4778, 0.0513786, 0.000481852, -47.3035, -1.5196, -0.241104, -1.2785, -0.00124275
15.4897, 0.0508427, 0.000366276, -47.2001, -1.51958, -0.240309, -1.27927, -0.00124328
15.5015, 0.0507253, -0.000182826, -47.0969, -1.51957, -0.239515, -1.28005, -0.00124382
15.5134, 0.051178, -0.000544448, -46.994, -1.51955, -0.23872, -1.28083, -0.00124436
15.5253, 0.0517112, -0.000313514, -46.8913, -1.51953, -0.237925, -1.2816, -0.00124489
15.5372, 0.0517493, 0.000248802, -46.7889, -1.51951, -0.237129, -1.28238, -0.00124543
15.549, 0.0512734, 0.000514468, -46.6867, -1.51949, -0.236333, -1.28316, -0.00124596
15.5609, 0.050835, 0.000190143, -46.5847, -1.51947, -0.235537, -1.28393, -0.0012465
15.5728, 0.0509393, -0.00036284, -46.4829, -1.51945, -0.23474, -1.28471, -0.00124703
15.5847, 0.0514896, -0.000534611, -46.3814, -1.51943, -0.233944, -1.28549, -0.00124757
15.5965, 0.0519008, -0.000138721, -46.2801, -1.51941, -0.233147, -1.28627, -0.0012481
15.6084, 0.0517451, 0.00038959, -46.179, -1.5194, -0.232349, -1.28705, -0.00124864
15.6203, 0.0512151, 0.000474873, -46.0781, -1.51938, -0.231552, -1.28783, -0.00124918
15.6322, 0.0509074, 2.69013e-05, -45.9775, -1.51936, -0.230754, -1.2886, -0.00124971
15.6441, 0.0511732, -0.000468145, -45.8771, -1.51934, -0.229955, -1.28938, -0.00125025
15.6559, 0.0517441, -0.000477807, -45.7769, -1.51932, -0.229157, -1.29016, -0.00125078
15.6678, 0.0520271, 5.80398e-06, -45.677, -1.5193, -0.228358, -1.29094, -0.00125132
15.6797, 0.0517419, 0.000464326, -45.5773, -1.51928, -0.227559, -1.29172, -0.00125185
15.6916, 0.051214, 0.000410698, -45.4778, -1.51926, -0.226759, -1.29251, -0.00125239
15.7034, 0.0510232, -9.57548e-05, -45.3785, -1.51925, -0.225959, -1.29329, -0.00125292
15.7153, 0.0513885, -0.000518901, -45.2794, -1.51923, -0.225159, -1.29407, -0.00125346
15.7272, 0.051943, -0.000414904, -45.1806, -1.51921, -0.224359, -1.29485, -0.00125399
15.7398, 0.0521179, 0.000136629, -45.0763, -1.51919, -0.223512, -1.29568, -0.00125456
15.7523, 0.0517046, 0.000510317, -44.9723, -1.51917, -0.222665, -1.2965, -0.00125513
15.7649, 0.0512027, 0.000278395, -44.8685, -1.51915, -0.221818, -1.29733, -0.00125569
15.7774, 0.0512082, -0.000291152, -44.765, -1.51913, -0.22097, -1.29816, -0.00125626
15.79, 0.0517347, -0.000548711, -44.6617, -1.51911, -0.220122, -1.29899, -0.00125682
15.8026, 0.0522051, -0.000204113, -44.5586, -1.51909, -0.219274, -1.29982, -0.00125739
15.8151, 0.052111, 0.000350753, -44.4558, -1.51907, -0.218425, -1.30065, -0.00125796
15.8277, 0.051583, 0.000491371, -44.3533, -1.51905, -0.217576, -1.30148, -0.00125852
15.8402, 0.0512358, 6.2523e-05, -44.251, -1.51903, -0.216727, -1.30231, -0.00125909
15.8528, 0.0514771, -0.000455024, -44.1489, -1.51901, -0.215877, -1.30314, -0.00125965
15.8654, 0.0520576, -0.000486548, -44.0471, -1.51899, -0.215027, -1.30397, -0.00126022
15.8779, 0.0523555, 2.33085e-07, -43.9455, -1.51897, -0.214177, -1.3048, -0.00126079
15.8905, 0.0520659, 0.000466917, -43.8441, -1.51896, -0.213326, -1.30563, -0.00126135
15.903, 0.0515303, 0.000402161, -43.743, -1.51894, -0.212475, -1.30646, -0.00126192
15.9156, 0.0513558, -0.000120598, -43.6421, -1.51892, -0.211624, -1.30729, -0.00126248
15.9282, 0.051751, -0.000530841, -43.5415, -1.5189, -0.210773, -1.30812, -0.00126305
15.9407, 0.0523061, -0.000385189, -43.4411, -1.51888, -0.209921, -1.30896, -0.00126361
15.9537, 0.0524366, 0.000175257, -43.3375, -1.51886, -0.209039, -1.30982, -0.0012642
15.9667, 0.0519988, 0.000515134, -43.2342, -1.51884, -0.208158, -1.31068, -0.00126478
15.9797, 0.0515154, 0.000249659, -43.1311, -1.51882, -0.207276, -1.31154, -0.00126537
15.9927, 0.0515556, -0.000317829, -43.0283, -1.5188, -0.206393, -1.31241, -0.00126595
16.0057, 0.0520938, -0.000546876, -42.9257, -1.51878, -0.205511, -1.31327, -0.00126654
16.0187, 0.0525461, -0.000182554, -42.8233, -1.51876, -0.204628, -1.31413, -0.00126712
16.0317, 0.0524303, 0.00036529, -42.7213, -1.51874, -0.203744, -1.31499, -0.00126771
16.0447, 0.0519001, 0.000486778, -42.6194, -1.51872, -0.20286, -1.31586, -0.00126829
16.0576, 0.0515663, 4.97384e-05, -42.5178, -1.5187, -0.201976, -1.31672, -0.00126888
16.0706, 0.0518174, -0.000461269, -42.4165, -1.51868, -0.201092, -1.31759, -0.00126946
16.0836, 0.0523964, -0.000485207, -42.3154, -1.51866, -0.200207, -1.31845, -0.00127005
16.0966, 0.0526904, 1.40755e-06, -42.2146, -1.51864, -0.199323, -1.31932, -0.00127063
16.1096, 0.0524026, 0.000466451, -42.114, -1.51862, -0.198437, -1.32018, -0.00127122
16.1226, 0.0518691, 0.00040633, -42.0136, -1.5186, -0.197552, -1.32105, -0.0012718
16.1356, 0.0516877, -0.000111268, -41.9135, -1.51858, -0.196666, -1.32192, -0.00127239
16.1486, 0.0520724, -0.000528055, -41.8137, -1.51856, -0.195779, -1.32278, -0.00127297
16.1616, 0.0526295, -0.000398983, -41.7141, -1.51854, -0.194893, -1.32365, -0.00127356
16.1752, 0.0527786, 0.000160621, -41.6102, -1.51852, -0.193966, -1.32456, -0.00127417
16.1887, 0.0523483, 0.000514535, -41.5066, -1.5185, -0.193038, -1.32546, -0.00127478
16.2023, 0.0518569, 0.000259353, -41.4032, -1.51848, -0.19211, -1.32637, -0.00127539
16.2159, 0.051887, -0.000311225, -41.3001, -1.51846, -0.191182, -1.32728, -0.001276
16.2295, 0.0524247, -0.000549132, -41.1973, -1.51844, -0.190254, -1.32819, -0.00127661
16.2431, 0.0528836, -0.000187945, -41.0947, -1.51842, -0.189325, -1.3291, -0.00127723
16.2567, 0.0527718, 0.000363467, -40.9924, -1.5184, -0.188396, -1.33, -0.00127784
16.2702, 0.05224, 0.000487716, -40.8904, -1.51838, -0.187466, -1.33091, -0.00127845
16.2838, 0.0519048, 4.89217e-05, -40.7886, -1.51836, -0.186536, -1.33182, -0.00127906
16.2974, 0.0521588, -0.00046372, -40.6871, -1.51834, -0.185606, -1.33273, -0.00127967
16.311, 0.0527408, -0.000484504, -40.5859, -1.51832, -0.184676, -1.33364, -0.00128028
16.3246, 0.0530321, 6.57817e-06, -40.4848, -1.5183, -0.183745, -1.33455, -0.00128089
16.3381, 0.052738, 0.0004699, -40.3841, -1.51828, -0.182814, -1.33547, -0.0012815
16.3517, 0.0522037, 0.000401504, -40.2836, -1.51826, -0.181882, -1.33638, -0.00128211
16.3653, 0.0520309, -0.00012152, -40.1834, -1.51824, -0.18095, -1.33729, -0.00128272
16.3789, 0.0524256, -0.000532644, -40.0834, -1.51822, -0.180018, -1.3382, -0.00128334
16.3925, 0.0529822, -0.000391227, -39.9837, -1.5182, -0.179086, -1.33911, -0.00128395
16.4066, 0.0531197, 0.000169958, -39.8803, -1.51818, -0.178116, -1.34006, -0.00128458
16.4207, 0.0526849, 0.000515821, -39.7772, -1.51816, -0.177147, -1.34101, -0.00128522
16.4348, 0.0521978, 0.000255208, -39.6744, -1.51814, -0.176177, -1.34196, -0.00128585
16.4489, 0.0522322, -0.000314125, -39.5719, -1.51812, -0.175207, -1.34291, -0.00128648
16.463, 0.0527696, -0.000550512, -39.4696, -1.5181, -0.174236, -1.34386, -0.00128712
16.4772, 0.0532289, -0.000191457, -39.3676, -1.51808, -0.173265, -1.34481, -0.00128775
16.4913, 0.0531222, 0.000359718, -39.2659, -1.51805, -0.172294, -1.34576, -0.00128839
16.5054, 0.0525938, 0.000490954, -39.1645, -1.51803, -0.171322, -1.34671, -0.00128902
16.5195, 0.0522518, 5.9902e-05, -39.0633, -1.51801, -0.17035, -1.34766, -0.00128966
16.5336, 0.0524932, -0.000456819, -38.9623, -1.51799, -0.169378, -1.34862, -0.00129029
16.5477, 0.0530732, -0.000493958, -38.8617, -1.51797, -0.168405, -1.34957, -0.00129093
16.5618, 0.053381, -1.39719e-05, -38.7613, -1.51795, -0.167432, -1.35052, -0.00129156
16.576, 0.0531071, 0.000460296, -38.6612, -1.51793, -0.166459, -1.35147, -0.0012922
16.5901, 0.0525722, 0.000417687, -38.5613, -1.51791, -0.165486, -1.35243, -0.00129283
16.6042, 0.0523735, -9.30341e-05, -38.4617, -1.51789, -0.164512, -1.35338, -0.00129346
16.6183, 0.052743, -0.000523757, -38.3624, -1.51787, -0.163538, -1.35433, -0.0012941
16.6324, 0.0533061, -0.000417215, -38.2633, -1.51785, -0.162563, -1.35529, -0.00129473
16.6472, 0.0534811, 0.000137588, -38.1598, -1.51783, -0.161541, -1.35629, -0.0012954
16.662, 0.0530672, 0.00051255, -38.0565, -1.51781, -0.160519, -1.35729, -0.00129606
16.6768, 0.0525641, 0.000281228, -37.9535, -1.51779, -0.159497, -1.35829, -0.00129673
16.6916, 0.0525672, -0.000290297, -37.8508, -1.51777, -0.158474, -1.35929, -0.00129739
16.7064, 0.0530938, -0.000554705, -37.7484, -1.51774, -0.157451, -1.36029, -0.00129806
16.7212, 0.0535729, -0.000216805, -37.6463, -1.51772, -0.156428, -1.3613, -0.00129872
16.736, 0.0534927, 0.00034189, -37.5444, -1.5177, -0.155404, -1.3623, -0.00129939
16.7508, 0.0529693, 0.000498343, -37.4429, -1.51768, -0.15438, -1.3633, -0.00130005
16.7655, 0.0526083, 8.17545e-05, -37.3416, -1.51766, -0.153355, -1.3643, -0.00130072
16.7803, 0.0528297, -0.000445341, -37.2406, -1.51764, -0.152331, -1.36531, -0.00130138
16.7951, 0.0534102, -0.000504311, -37.1399, -1.51762, -0.151305, -1.36631, -0.00130204
16.8099, 0.053737, -3.3731e-05, -37.0394, -1.5176, -0.15028, -1.36732, -0.00130271
16.8247, 0.0534795, 0.000452091, -36.9393, -1.51758, -0.149254, -1.36832, -0.00130337
16.8395, 0.0529424, 0.000428059, -36.8394, -1.51756, -0.148228, -1.36933, -0.00130404
16.8543, 0.0527272, -7.68325e-05, -36.7397, -1.51753, -0.147202, -1.37033, -0.0013047
16.8691, 0.0530847, -0.000519332, -36.6404, -1.51751, -0.146175, -1.37134, -0.00130537
16.8839, 0.0536527, -0.000428664, -36.5413, -1.51749, -0.145148, -1.37234, -0.00130603
16.8993, 0.0538454, 0.000118595, -36.4386, -1.51747, -0.144079, -1.37339, -0.00130672
16.9147, 0.053449, 0.000509067, -36.3361, -1.51745, -0.14301, -1.37444, -0.00130741
16.9301, 0.0529381, 0.000303818, -36.2339, -1.51743, -0.141941, -1.37549, -0.0013081
16.9455, 0.0529103, -0.000263351, -36.132, -1.51741, -0.140871, -1.37654, -0.0013088
16.9609, 0.0534175, -0.000557654, -36.0304, -1.51738, -0.139801, -1.37758, -0.00130949
16.9762, 0.0539174, -0.000254305, -35.9291, -1.51736, -0.13873, -1.37863, -0.00131018
16.9916, 0.0538819, 0.000307955, -35.8281, -1.51734, -0.13766, -1.37968, -0.00131087
17.007, 0.0533769, 0.000509854, -35.7273, -1.51732, -0.136588, -1.38073, -0.00131156
17.0224, 0.0529808, 0.000133037, -35.6269, -1.5173, -0.135517, -1.38178, -0.00131225
17.0378, 0.0531467, -0.000409079, -35.5267, -1.51728, -0.134445, -1.38283, -0.00131294
17.0532, 0.0537147, -0.000528997, -35.4269, -1.51726, -0.133373, -1.38388, -0.00131363
17.0686, 0.0540938, -0.000100417, -35.3273, -1.51724, -0.132301, -1.38493, -0.00131432
17.084, 0.053902, 0.000414118, -35.228, -1.51721, -0.131228, -1.38599, -0.00131501
17.0994, 0.0533701, 0.000465823, -35.129, -1.51719, -0.130155, -1.38704, -0.0013157
17.1148, 0.0530866, 2.8885e-06, -35.0303, -1.51717, -0.129082, -1.38809, -0.0013164
17.1302, 0.0533713, -0.000483118, -34.9318, -1.51715, -0.128008, -1.38914, -0.00131709
17.1455, 0.0539438, -0.000482122, -34.8337, -1.51713, -0.126934, -1.39019, -0.00131778
17.1609, 0.0542268, 1.59744e-06, -34.7358, -1.51711, -0.12586, -1.39125, -0.00131847
17.1763, 0.0539501, 0.00046242, -34.6382, -1.51709, -0.124786, -1.3923, -0.00131916
17.1917, 0.0534251, 0.000424284, -34.5409, -1.51707, -0.123711, -1.39335, -0.00131985
17.2078, 0.0532187, -9.49135e-05, -34.4397, -1.51704, -0.122589, -1.39445, -0.00132057
17.2238, 0.0536017, -0.000530477, -34.3388, -1.51702, -0.121468, -1.39555, -0.00132129
17.2399, 0.0541736, -0.000404751, -34.2381, -1.517, -0.120345, -1.39665, -0.00132201
17.2559, 0.0543325, 0.000141147, -34.1378, -1.51698, -0.119223, -1.39776, -0.00132273
17.272, 0.0539322, 0.000511271, -34.0378, -1.51696, -0.1181, -1.39886, -0.00132345
17.2881, 0.0534326, 0.000306781, -33.9381, -1.51693, -0.116977, -1.39996, -0.00132417
17.3041, 0.0533949, -0.000248637, -33.8387, -1.51691, -0.115854, -1.40106, -0.00132489
17.3202, 0.0538795, -0.000558716, -33.7396, -1.51689, -0.11473, -1.40216, -0.00132561
17.3362, 0.0543905, -0.00029534, -33.6407, -1.51687, -0.113606, -1.40326, -0.00132633
17.3523, 0.05441, 0.000258885, -33.5422, -1.51685, -0.112482, -1.40437, -0.00132705
17.3683, 0.0539436, 0.000518655, -33.444, -1.51683, -0.111358, -1.40547, -0.00132777
17.3844, 0.0535056, 0.000214018, -33.346, -1.5168, -0.110233, -1.40657, -0.00132849
17.4004, 0.0535743, -0.000333951, -33.2484, -1.51678, -0.109108, -1.40768, -0.00132921
17.4173, 0.0541278, -0.000551811, -33.146, -1.51676, -0.107924, -1.40884, -0.00132997
17.4342, 0.0545767, -0.000169922, -33.044, -1.51674, -0.106741, -1.41, -0.00133072
17.4511, 0.0544436, 0.000379271, -32.9423, -1.51672, -0.105557, -1.41116, -0.00133148
17.468, 0.0539062, 0.000482117, -32.8409, -1.51669, -0.104373, -1.41232, -0.00133224
17.4849, 0.0535882, 2.7645e-05, -32.7398, -1.51667, -0.103188, -1.41348, -0.00133299
17.5017, 0.0538637, -0.000479041, -32.639, -1.51665, -0.102004, -1.41464, -0.00133375
17.5186, 0.0544509, -0.000481889, -32.5386, -1.51663, -0.100818, -1.41581, -0.00133451
17.5355, 0.0547316, 1.86143e-05, -32.4385, -1.5166, -0.0996331, -1.41697, -0.00133526
17.5524, 0.0544278, 0.000475998, -32.3387, -1.51658, -0.0984475, -1.41813, -0.00133602
17.5693, 0.0538955, 0.000397186, -32.2392, -1.51656, -0.0972615, -1.4193, -0.00133678
17.5861, 0.0537311, -0.000129497, -32.14, -1.51654, -0.0960753, -1.42046, -0.00133753
17.603, 0.0541312, -0.000539076, -32.0411, -1.51651, -0.0948888, -1.42163, -0.00133829
17.6199, 0.0546909, -0.000397957, -31.9425, -1.51649, -0.0937021, -1.42279, -0.00133905
17.6375, 0.0548349, 0.000165281, -31.8399, -1.51647, -0.0924629, -1.42401, -0.00133984
17.6552, 0.0544038, 0.000517019, -31.7377, -1.51645, -0.0912234, -1.42522, -0.00134063
17.6728, 0.0539136, 0.000262419, -31.6358, -1.51642, -0.0899836, -1.42644, -0.00134142
17.6904, 0.0539398, -0.00030893, -31.5342, -1.5164, -0.0887435, -1.42766, -0.00134221
17.708, 0.054475, -0.000558372, -31.433, -1.51638, -0.0875031, -1.42887, -0.001343
17.7257, 0.0549484, -0.000212065, -31.3321, -1.51635, -0.0862625, -1.43009, -0.00134379
17.7433, 0.0548644, 0.000344298, -31.2315, -1.51633, -0.0850216, -1.43131, -0.00134457
17.7609, 0.0543442, 0.000500111, -31.1313, -1.51631, -0.0837804, -1.43253, -0.00134536
17.7785, 0.0539821, 8.87199e-05, -31.0313, -1.51628, -0.082539, -1.43375, -0.00134615
17.7961, 0.0541934, -0.000440574, -30.9317, -1.51626, -0.0812973, -1.43496, -0.00134694
17.8138, 0.0547711, -0.000517534, -30.8325, -1.51624, -0.0800554, -1.43618, -0.00134773
17.8314, 0.055119, -6.32545e-05, -30.7335, -1.51622, -0.0788132, -1.4374, -0.00134852
17.849, 0.054893, 0.000435205, -30.6349, -1.51619, -0.0775707, -1.43862, -0.00134931
17.8666, 0.0543604, 0.000450516, -30.5366, -1.51617, -0.076328, -1.43984, -0.0013501
17.8843, 0.0541071, -2.98176e-05, -30.4386, -1.51615, -0.0750851, -1.44106, -0.00135089
17.9019, 0.0544193, -0.000500175, -30.341, -1.51613, -0.0738419, -1.44228, -0.00135168
17.9195, 0.0549919, -0.000472023, -30.2436, -1.5161, -0.0725985, -1.4435, -0.00135247
17.9378, 0.0552536, 4.24172e-05, -30.1431, -1.51608, -0.07131, -1.44477, -0.00135328
17.956, 0.0549269, 0.000486393, -30.0429, -1.51606, -0.0700214, -1.44604, -0.0013541
17.9743, 0.0543971, 0.000377417, -29.9431, -1.51603, -0.0687325, -1.4473, -0.00135492
17.9926, 0.0542638, -0.000162463, -29.8436, -1.51601, -0.0674433, -1.44857, -0.00135574
18.0108, 0.0546922, -0.000549664, -29.7445, -1.51599, -0.0661539, -1.44983, -0.00135655
18.0291, 0.055245, -0.000371703, -29.6456, -1.51596, -0.0648643, -1.4511, -0.00135737
18.0473, 0.0553588, 0.000178006, -29.5472, -1.51594, -0.0635745, -1.45237, -0.00135819
18.0656, 0.0549412, 0.000516237, -29.449, -1.51592, -0.0622845, -1.45363, -0.00135901
18.0838, 0.0544587, 0.000289691, -29.3512, -1.51589, -0.0609942, -1.4549, -0.00135982
18.1021, 0.0544392, -0.000260969, -29.2537, -1.51587, -0.0597037, -1.45617, -0.00136064
18.1204, 0.054923, -0.000562356, -29.1565, -1.51585, -0.0584131, -1.45744, -0.00136146
18.1386, 0.0554313, -0.000305886, -29.0597, -1.51583, -0.0571222, -1.4587, -0.00136227
18.1569, 0.0554667, 0.000241312, -28.9632, -1.5158, -0.0558311, -1.45997, -0.00136309
18.176, 0.0549954, 0.000519395, -28.8627, -1.51578, -0.0544816, -1.4613, -0.00136394
18.195, 0.0545489, 0.000204143, -28.7625, -1.51576, -0.0531319, -1.46262, -0.0013648
18.2141, 0.0546391, -0.000356453, -28.6627, -1.51573, -0.051782, -1.46395, -0.00136565
18.2332, 0.0551899, -0.000553832, -28.5633, -1.51571, -0.0504318, -1.46528, -0.00136651
18.2523, 0.0556308, -0.000178701, -28.4642, -1.51568, -0.0490815, -1.4666, -0.00136736
18.2714, 0.0555168, 0.000363404, -28.3654, -1.51566, -0.047731, -1.46793, -0.00136821
18.2905, 0.0549987, 0.000495413, -28.267, -1.51564, -0.0463803, -1.46926, -0.00136907
18.3095, 0.0546514, 8.13072e-05, -28.1689, -1.51561, -0.0450295, -1.47058, -0.00136992
18.3286, 0.0548624, -0.000440251, -28.0712, -1.51559, -0.0436784, -1.47191, -0.00137077
18.3477, 0.0554319, -0.000524921, -27.9739, -1.51557, -0.0423272, -1.47324, -0.00137163
18.3668, 0.0557915, -8.86405e-05, -27.8768, -1.51554, -0.0409759, -1.47457, -0.00137248
18.3859, 0.055597, 0.000415331, -27.7801, -1.51552, -0.0396244, -1.47589, -0.00137333
18.4049, 0.0550759, 0.000471058, -27.6838, -1.5155, -0.0382727, -1.47722, -0.00137419
18.424, 0.054784, 2.55746e-05, -27.5878, -1.51547, -0.0369209, -1.47855, -0.00137504
18.4431, 0.0550378, -0.000467195, -27.4921, -1.51545, -0.0355689, -1.47988, -0.00137589
18.4622, 0.0556015, -0.000512469, -27.3968, -1.51543, -0.0342168, -1.48121, -0.00137675
18.482, 0.055936, -4.67327e-05, -27.2981, -1.5154, -0.0328116, -1.48259, -0.00137763
18.5019, 0.0556948, 0.00044409, -27.1998, -1.51538, -0.0314062, -1.48397, -0.00137852
18.5217, 0.0551627, 0.000441872, -27.1018, -1.51535, -0.0300008, -1.48535, -0.0013794
18.5415, 0.0549251, -4.69345e-05, -27.0041, -1.51533, -0.0285951, -1.48673, -0.00138029
18.5613, 0.0552519, -0.000509196, -26.9069, -1.51531, -0.0271894, -1.48812, -0.00138118
18.5812, 0.055825, -0.000466917, -26.81, -1.51528, -0.0257836, -1.4895, -0.00138206
18.6018, 0.0560758, 5.65673e-05, -26.7093, -1.51526, -0.0243175, -1.49094, -0.00138299
18.6225, 0.0557355, 0.000491988, -26.609, -1.51523, -0.0228512, -1.49238, -0.00138391
18.6432, 0.0552085, 0.000363821, -26.5091, -1.51521, -0.0213849, -1.49382, -0.00138484
18.6646, 0.0551031, -0.000203051, -26.4061, -1.51518, -0.0198686, -1.49531, -0.00138579
18.686, 0.0555838, -0.000562234, -26.3036, -1.51516, -0.0183523, -1.4968, -0.00138675
18.7073, 0.0561277, -0.000306986, -26.2015, -1.51513, -0.0168358, -1.49829, -0.0013877
18.7287, 0.0561486, 0.000268901, -26.0998, -1.51511, -0.0153193, -1.49979, -0.00138866
18.7501, 0.0556562, 0.000516512, -25.9985, -1.51508, -0.0138026, -1.50128, -0.00138961
18.7715, 0.0552318, 0.000162861, -25.8976, -1.51505, -0.0122859, -1.50277, -0.00139057
18.7929, 0.0553724, -0.000395541, -25.7971, -1.51503, -0.0107691, -1.50426, -0.00139152
18.8142, 0.0559463, -0.000543509, -25.697, -1.515, -0.00925229, -1.50575, -0.00139248
18.8356, 0.056351, -0.000123352, -25.5973, -1.51498, -0.0077354, -1.50724, -0.00139343
18.857, 0.0561771, 0.000404661, -25.498, -1.51495, -0.00621845, -1.50874, -0.00139439
18.8784, 0.0556438, 0.000471559, -25.3991, -1.51493, -0.00470147, -1.51023, -0.00139534
18.8998, 0.0553508, 1.00078e-05, -25.3005, -1.5149, -0.00318445, -1.51172, -0.0013963
18.9211, 0.0556333, -0.000485716, -25.2024, -1.51488, -0.00166741, -1.51321, -0.00139725
18.9425, 0.0562148, -0.000493258, -25.1046, -1.51485, -0.000150341, -1.5147, -0.00139821
18.9639, 0.0565106, -9.2311e-06, -25.0072, -1.51483, 0.00136674, -1.5162, -0.00139916
18.9853, 0.0562419, 0.000459174, -24.9102, -1.5148, 0.00288382, -1.51769, -0.00140011
19.0067, 0.0557167, 0.000429052, -24.8136, -1.51478, 0.00440091, -1.51918, -0.00140107
19.0289, 0.0555037, -8.77149e-05, -24.7134, -1.51475, 0.00598017, -1.52073, -0.00140206
19.0512, 0.0558807, -0.000533112, -24.6136, -1.51473, 0.00755941, -1.52229, -0.00140306
19.0734, 0.056461, -0.00042456, -24.5143, -1.5147, 0.00913862, -1.52384, -0.00140405
19.0957, 0.0566453, 0.000115767, -24.4153, -1.51468, 0.0107178, -1.52539, -0.00140504
19.118, 0.0562676, 0.000505959, -24.3168, -1.51465, 0.012297, -1.52695, -0.00140604
19.1402, 0.0557613, 0.000333168, -24.2186, -1.51463, 0.0138761, -1.5285, -0.00140703
19.1625, 0.055688, -0.000215238, -24.1209, -1.5146, 0.0154551, -1.53005, -0.00140802
19.1847, 0.056147, -0.000562038, -24.0235, -1.51457, 0.0170341, -1.53161, -0.00140901
19.207, 0.0566829, -0.000349054, -23.9266, -1.51455, 0.018613, -1.53316, -0.00141001
19.2292, 0.0567686, 0.00019875, -23.83, -1.51452, 0.0201918, -1.53472, -0.001411
19.2515, 0.0563467, 0.000517516, -23.7339, -1.5145, 0.0217706, -1.53627, -0.00141199
19.2738, 0.0558763, 0.000285571, -23.6381, -1.51447, 0.0233492, -1.53782, -0.00141299
19.2969, 0.0558684, -0.000277609, -23.5391, -1.51445, 0.0249886, -1.53944, -0.00141402
19.32, 0.0563759, -0.000567722, -23.4405, -1.51442, 0.0266278, -1.54105, -0.00141505
19.3431, 0.0568817, -0.00027893, -23.3423, -1.51439, 0.0282669, -1.54266, -0.00141608
19.3662, 0.0568793, 0.000278194, -23.2445, -1.51437, 0.0299059, -1.54427, -0.00141711
19.3902, 0.0563835, 0.000515021, -23.1436, -1.51434, 0.0316039, -1.54595, -0.00141818
19.4141, 0.0559671, 0.000153854, -23.0432, -1.51432, 0.0333017, -1.54762, -0.00141925
19.4381, 0.0561166, -0.000402307, -22.9432, -1.51429, 0.0349994, -1.54929, -0.00142031
19.462, 0.0566924, -0.000544861, -22.8436, -1.51426, 0.0366969, -1.55096, -0.00142138
19.486, 0.0570958, -0.000123731, -22.7445, -1.51424, 0.0383942, -1.55263, -0.00142245
19.5099, 0.056924, 0.000403091, -22.6458, -1.51421, 0.0400913, -1.5543, -0.00142352
19.5339, 0.0563941, 0.000473158, -22.5476, -1.51418, 0.0417882, -1.55597, -0.00142459
19.5578, 0.0560979, 1.69869e-05, -22.4498, -1.51416, 0.0434848, -1.55764, -0.00142565
19.5817, 0.0563715, -0.000481659, -22.3524, -1.51413, 0.0451812, -1.55931, -0.00142672
19.6057, 0.0569517, -0.000503504, -22.2554, -1.5141, 0.0468774, -1.56098, -0.00142779
19.6296, 0.0572636, -3.0946e-05, -22.1589, -1.51408, 0.0485734, -1.56265, -0.00142886
19.6536, 0.0570173, 0.000446816, -22.0628, -1.51405, 0.050269, -1.56432, -0.00142992
19.6775, 0.0564956, 0.00044414, -21.9671, -1.51402, 0.0519645, -1.56599, -0.00143099
19.7025, 0.0562556, -5.56998e-05, -21.8678, -1.514, 0.0537318, -1.56773, -0.0014321
19.7275, 0.0566022, -0.000521104, -21.7689, -1.51397, 0.0554988, -1.56947, -0.00143322
19.7525, 0.0571875, -0.000454654, -21.6705, -1.51394, 0.0572654, -1.57121, -0.00143433
19.7774, 0.0574168, 6.74616e-05, -21.5725, -1.51392, 0.0590318, -1.57295, -0.00143544
19.8024, 0.0570809, 0.000490922, -21.475, -1.51389, 0.0607977, -1.57469, -0.00143655
19.8274, 0.0565646, 0.000374752, -21.3779, -1.51386, 0.0625634, -1.57643, -0.00143766
19.8538, 0.056443, -0.000188524, -21.2756, -1.51383, 0.0644341, -1.57827, -0.00143884
19.8803, 0.0569137, -0.000564437, -21.1737, -1.51381, 0.0663045, -1.58011, -0.00144002
19.9067, 0.0574705, -0.000330422, -21.0723, -1.51378, 0.0681743, -1.58195, -0.0014412
19.9332, 0.0575206, 0.000244695, -20.9713, -1.51375, 0.0700438, -1.58379, -0.00144238
19.9597, 0.0570453, 0.000518508, -20.8709, -1.51372, 0.0719127, -1.58563, -0.00144356
19.9861, 0.0566046, 0.000192854, -20.771, -1.51369, 0.0737812, -1.58747, -0.00144474
20.0126, 0.0567098, -0.000370306, -20.6715, -1.51366, 0.0756492, -1.58931, -0.00144591
20.039, 0.0572713, -0.000559106, -20.5726, -1.51364, 0.0775167, -1.59115, -0.00144709
20.0655, 0.0577118, -0.000175285, -20.4741, -1.51361, 0.0793837, -1.59299, -0.00144827
20.092, 0.0575939, 0.000366558, -20.3761, -1.51358, 0.0812502, -1.59483, -0.00144945
20.1184, 0.0570775, 0.000493414, -20.2785, -1.51355, 0.0831161, -1.59667, -0.00145063
20.1449, 0.0567358, 7.7336e-05, -20.1814, -1.51353, 0.0849814, -1.59851, -0.0014518
20.1714, 0.0569494, -0.000444563, -20.0848, -1.5135, 0.0868462, -1.60034, -0.00145298
20.1978, 0.0575211, -0.000535175, -19.9887, -1.51347, 0.0887104, -1.60218, -0.00145416
20.2243, 0.0578929, -0.000107233, -19.893, -1.51344, 0.0905741, -1.60402, -0.00145534
20.2507, 0.0577195, 0.00040139, -19.7978, -1.51342, 0.0924371, -1.60585, -0.00145651
20.2782, 0.0571894, 0.000472583, -19.6995, -1.51339, 0.0943697, -1.60776, -0.00145774
20.3057, 0.0568942, 1.47198e-05, -19.6017, -1.51336, 0.0963017, -1.60966, -0.00145896
20.3331, 0.0571711, -0.000484968, -19.5044, -1.51333, 0.098233, -1.61156, -0.00146018
20.3606, 0.0577546, -0.000505703, -19.4075, -1.5133, 0.100164, -1.61347, -0.0014614
20.388, 0.0580679, -3.17876e-05, -19.3112, -1.51327, 0.102093, -1.61537, -0.00146262
20.4155, 0.0578226, 0.000446191, -19.2153, -1.51325, 0.104023, -1.61727, -0.00146385
20.443, 0.0573023, 0.000443683, -19.1199, -1.51322, 0.105951, -1.61917, -0.00146507
20.4716, 0.0570631, -5.64121e-05, -19.0208, -1.51319, 0.107964, -1.62115, -0.00146634
20.5003, 0.0574105, -0.00052313, -18.9222, -1.51316, 0.109976, -1.62314, -0.00146762
20.529, 0.0579982, -0.000459418, -18.8241, -1.51313, 0.111987, -1.62512, -0.00146889
20.5576, 0.0582332, 6.09158e-05, -18.7266, -1.5131, 0.113997, -1.6271, -0.00147017
20.5863, 0.0579042, 0.000487874, -18.6295, -1.51307, 0.116006, -1.62908, -0.00147144
20.615, 0.057389, 0.000380055, -18.533, -1.51304, 0.118015, -1.63106, -0.00147272
20.6455, 0.0572595, -0.000181486, -18.4308, -1.51301, 0.120152, -1.63316, -0.00147407
20.676, 0.0577257, -0.000565897, -18.3291, -1.51298, 0.122287, -1.63527, -0.00147543
20.7066, 0.0582894, -0.000342478, -18.228, -1.51295, 0.124422, -1.63737, -0.00147679
20.7371, 0.0583545, 0.000231836, -18.1275, -1.51292, 0.126556, -1.63948, -0.00147814
20.7676, 0.057889, 0.000518336, -18.0276, -1.51289, 0.128688, -1.64158, -0.0014795
20.7981, 0.0574415, 0.000207385, -17.9282, -1.51286, 0.130819, -1.64368, -0.00148086
20.8286, 0.0575289, -0.000356869, -17.8293, -1.51283, 0.13295, -1.64578, -0.00148221
20.8592, 0.0580828, -0.000566558, -17.731, -1.5128, 0.135079, -1.64788, -0.00148357
20.8897, 0.0585413, -0.000203864, -17.6333, -1.51277, 0.137207, -1.64998, -0.00148493
20.9202, 0.0584554, 0.000342722, -17.5361, -1.51274, 0.139333, -1.65208, -0.00148628
20.9521, 0.0579286, 0.00049542, -17.4351, -1.51271, 0.141554, -1.65427, -0.0014877
20.984, 0.0575778, 6.46873e-05, -17.3346, -1.51268, 0.143773, -1.65645, -0.00148912
21.0159, 0.0578216, -0.000466899, -17.2348, -1.51265, 0.145992, -1.65864, -0.00149053
21.0478, 0.0584198, -0.00051803, -17.1356, -1.51262, 0.148208, -1.66083, -0.00149195
21.0797, 0.0587548, -4.00142e-05, -17.0369, -1.51259, 0.150424, -1.66301, -0.00149337
21.1116, 0.0585051, 0.000449113, -16.9388, -1.51256, 0.152637, -1.66519, -0.00149478
21.1435, 0.0579749, 0.000431846, -16.8412, -1.51253, 0.15485, -1.66738, -0.0014962
21.1753, 0.0577549, -6.69593e-05, -16.7443, -1.5125, 0.157061, -1.66956, -0.00149762
21.2072, 0.0581002, -0.000524251, -16.6479, -1.51247, 0.15927, -1.67174, -0.00149903
21.2391, 0.0586803, -0.000472036, -16.552, -1.51244, 0.161478, -1.67391, -0.00150045
21.2727, 0.0589319, 5.9248e-05, -16.4518, -1.5124, 0.163799, -1.6762, -0.00150194
21.3062, 0.0585898, 0.000492174, -16.3522, -1.51237, 0.166118, -1.67849, -0.00150343
21.3398, 0.0580686, 0.000357358, -16.2531, -1.51234, 0.168435, -1.68078, -0.00150492
21.3745, 0.0579727, -0.000211661, -16.1514, -1.51231, 0.17083, -1.68314, -0.00150646
21.4092, 0.0584593, -0.000572516, -16.0503, -1.51228, 0.173223, -1.6855, -0.001508
21.4439, 0.0590128, -0.000325207, -15.9498, -1.51224, 0.175614, -1.68786, -0.00150954
21.4786, 0.0590565, 0.000248247, -15.8499, -1.51221, 0.178002, -1.69021, -0.00151108
21.5133, 0.0585853, 0.000516785, -15.7507, -1.51218, 0.180389, -1.69257, -0.00151262
21.5479, 0.0581502, 0.000194801, -15.6521, -1.51215, 0.182774, -1.69492, -0.00151415
21.5826, 0.0582493, -0.000365429, -15.5541, -1.51212, 0.185157, -1.69727, -0.00151569
21.6187, 0.0588284, -0.000564785, -15.4528, -1.51208, 0.187634, -1.69972, -0.0015173
21.6548, 0.0592777, -0.000164108, -15.3522, -1.51205, 0.190108, -1.70216, -0.0015189
21.6909, 0.0591384, 0.000383962, -15.2523, -1.51202, 0.192581, -1.7046, -0.0015205
21.727, 0.0586076, 0.000477497, -15.153, -1.51198, 0.19505, -1.70703, -0.0015221
21.7631, 0.0583006, 2.21457e-05, -15.0543, -1.51195, 0.197518, -1.70947, -0.0015237
21.7992, 0.058577, -0.000487298, -14.9563, -1.51192, 0.199983, -1.7119, -0.0015253
21.8353, 0.0591703, -0.000512162, -14.8589, -1.51189, 0.202446, -1.71433, -0.0015269
21.8714, 0.0594904, -3.40466e-05, -14.7622, -1.51185, 0.204906, -1.71676, -0.0015285
21.9075, 0.0592448, 0.000446137, -14.6661, -1.51182, 0.207364, -1.71918, -0.0015301
21.9436, 0.0587254, 0.000438914, -14.5707, -1.51179, 0.209819, -1.72161, -0.0015317
21.9812, 0.0584941, -6.49618e-05, -14.4719, -1.51176, 0.212374, -1.72413, -0.00153337
22.0188, 0.0588493, -0.000530158, -14.3737, -1.51172, 0.214927, -1.72665, -0.00153504
22.0564, 0.0594408, -0.000465081, -14.2763, -1.51169, 0.217477, -1.72917, -0.0015367
22.0953, 0.059679, 7.33335e-05, -14.1762, -1.51165, 0.220111, -1.73177, -0.00153843
22.1342, 0.0593267, 0.000495428, -14.0768, -1.51162, 0.222742, -1.73436, -0.00154015
22.1731, 0.0588118, 0.000345967, -13.9782, -1.51159, 0.22537, -1.73696, -0.00154187
22.2119, 0.0587237, -0.00020602, -13.8802, -1.51155, 0.227994, -1.73955, -0.00154359
22.2508, 0.0591841, -0.000571387, -13.7829, -1.51152, 0.230616, -1.74214, -0.00154532
22.2897, 0.0597391, -0.00037257, -13.6863, -1.51149, 0.233234, -1.74472, -0.00154704
22.3299, 0.0598439, 0.000194713, -13.5871, -1.51145, 0.23594, -1.74739, -0.00154882
22.3702, 0.0594097, 0.000515491, -13.4886, -1.51142, 0.238641, -1.75006, -0.0015506
22.4104, 0.0589448, 0.000252068, -13.3908, -1.51138, 0.24134, -1.75272, -0.00155239
22.4506, 0.0589748, -0.000308737, -13.2937, -1.51135, 0.244034, -1.75538, -0.00155417
22.4908, 0.0594955, -0.000580013, -13.1974, -1.51131, 0.246726, -1.75804, -0.00155595
22.531, 0.0600001, -0.000289064, -13.1017, -1.51128, 0.249413, -1.76069, -0.00155773
22.5713, 0.0600134, 0.000260234, -13.0068, -1.51125, 0.252097, -1.76334, -0.00155951
22.6141, 0.0595301, 0.00051301, -12.9065, -1.51121, 0.254948, -1.76616, -0.0015614
22.6568, 0.0591098, 0.000164947, -12.807, -1.51117, 0.257796, -1.76897, -0.0015633
22.6996, 0.0592461, -0.000395818, -12.7083, -1.51114, 0.260638, -1.77178, -0.00156519
22.7439, 0.0598429, -0.000560482, -12.6069, -1.5111, 0.263579, -1.77468, -0.00156715
22.7883, 0.0602697, -0.000131924, -12.5062, -1.51107, 0.266514, -1.77758, -0.00156912
22.8326, 0.0600975, 0.000404408, -12.4064, -1.51103, 0.269445, -1.78047, -0.00157108
22.8769, 0.0595652, 0.000461201, -12.3074, -1.51099, 0.272371, -1.78336, -0.00157304
22.9212, 0.0592907, -1.38364e-05, -12.2092, -1.51096, 0.275293, -1.78625, -0.001575
22.9655, 0.0595986, -0.000507393, -12.1117, -1.51092, 0.27821, -1.78913, -0.00157696
23.0098, 0.0601938, -0.000503676, -12.0151, -1.51089, 0.281122, -1.79201, -0.00157892
23.0542, 0.0604949, -1.6058e-05, -11.9192, -1.51085, 0.284029, -1.79488, -0.00158088
23.0985, 0.0602383, 0.000451358, -11.8241, -1.51081, 0.286932, -1.79775, -0.00158284
23.1428, 0.0597268, 0.000431425, -11.7297, -1.51078, 0.28983, -1.80061, -0.0015848
23.1897, 0.0595079, -8.01865e-05, -11.6306, -1.51074, 0.292892, -1.80363, -0.00158688
23.2366, 0.0598785, -0.00053987, -11.5324, -1.5107, 0.295948, -1.80665, -0.00158895
23.2835, 0.0604734, -0.000461742, -11.435, -1.51067, 0.298999, -1.80967, -0.00159102
23.3322, 0.0607032, 8.37014e-05, -11.3348, -1.51063, 0.302161, -1.81279, -0.00159318
23.3809, 0.0603432, 0.000496666, -11.2354, -1.51059, 0.305316, -1.81591, -0.00159533
23.4296, 0.0598358, 0.000333127, -11.1369, -1.51055, 0.308465, -1.81902, -0.00159748
23.4783, 0.0597644, -0.000221195, -11.0393, -1.51052, 0.311608, -1.82212, -0.00159964
23.527, 0.0602344, -0.000577779, -10.9426, -1.51048, 0.314745, -1.82522, -0.00160179
23.5757, 0.0607887, -0.000373312, -10.8466, -1.51044, 0.317875, -1.82832, -0.00160394
23.6263, 0.0608939, 0.000193213, -10.7479, -1.5104, 0.321119, -1.83152, -0.00160617
23.6768, 0.0604653, 0.000512611, -10.6501, -1.51036, 0.324356, -1.83472, -0.00160841
23.7274, 0.0600051, 0.000254421, -10.5532, -1.51032, 0.327586, -1.83791, -0.00161064
23.778, 0.0600291, -0.000302277, -10.4572, -1.51029, 0.33081, -1.8411, -0.00161288
23.8306, 0.0605657, -0.000585193, -10.3583, -1.51025, 0.334154, -1.8444, -0.0016152
23.8831, 0.0610816, -0.000278025, -10.2603, -1.51021, 0.337491, -1.8477, -0.00161752
23.9357, 0.0610749, 0.0002822, -10.1632, -1.51017, 0.34082, -1.85099, -0.00161984
23.9906, 0.0605811, 0.000505883, -10.0629, -1.51013, 0.344286, -1.85441, -0.00162227
24.0455, 0.0601854, 0.000132072, -9.96357, -1.51009, 0.347744, -1.85783, -0.00162469
24.1003, 0.0603564, -0.00042206, -9.86522, -1.51005, 0.351194, -1.86124, -0.00162711
24.1552, 0.0609422, -0.000564831, -9.76784, -1.51001, 0.354635, -1.86464, -0.00162954
24.2101, 0.0613647, -0.000157286, -9.67143, -1.50997, 0.358067, -1.86803, -0.00163196
24.265, 0.061236, 0.000370548, -9.57596, -1.50993, 0.361491, -1.87142, -0.00163438
24.3221, 0.0607183, 0.000477833, -9.47768, -1.50989, 0.365042, -1.87493, -0.0016369
24.3791, 0.0604052, 3.87778e-05, -9.38042, -1.50985, 0.368584, -1.87843, -0.00163942
24.4362, 0.0606595, -0.000477385, -9.28415, -1.50981, 0.372116, -1.88192, -0.00164194
24.4933, 0.0612493, -0.000542618, -9.18887, -1.50977, 0.375639, -1.88541, -0.00164446
24.5503, 0.0616165, -0.000102892, -9.09457, -1.50973, 0.379153, -1.88888, -0.00164697
24.6074, 0.0614453, 0.000397284, -9.00123, -1.50969, 0.382657, -1.89234, -0.00164949
24.6672, 0.0609294, 0.000463839, -8.90442, -1.50964, 0.386319, -1.89596, -0.00165213
24.727, 0.0606459, 1.24203e-05, -8.80865, -1.5096, 0.389971, -1.89957, -0.00165477
24.7869, 0.0609168, -0.000488154, -8.71391, -1.50956, 0.393612, -1.90317, -0.00165741
24.8467, 0.0615004, -0.000541305, -8.62019, -1.50952, 0.397243, -1.90676, -0.00166005
24.9093, 0.0618663, -8.10956e-05, -8.52316, -1.50948, 0.401031, -1.91051, -0.00166281
24.9719, 0.0616636, 0.000418791, -8.42723, -1.50944, 0.404808, -1.91424, -0.00166557
25.0346, 0.0611553, 0.00045113, -8.33238, -1.50939, 0.408573, -1.91797, -0.00166833
25.0995, 0.060896, -2.5049e-05, -8.2351, -1.50935, 0.412466, -1.92182, -0.00167119
25.1645, 0.0612088, -0.00051398, -8.13896, -1.50931, 0.416346, -1.92565, -0.00167406
25.2295, 0.0618039, -0.000518976, -8.04394, -1.50926, 0.420214, -1.92948, -0.00167692
25.2972, 0.0621261, -2.44989e-05, -7.94605, -1.50922, 0.424232, -1.93345, -0.00167991
25.3649, 0.0618696, 0.000449075, -7.84934, -1.50918, 0.428236, -1.93741, -0.00168289
25.4327, 0.0613594, 0.000416274, -7.75381, -1.50913, 0.432226, -1.94136, -0.00168588
25.5036, 0.0611631, -0.000102282, -7.65506, -1.50909, 0.436388, -1.94547, -0.001689
25.5745, 0.0615505, -0.000552833, -7.55756, -1.50904, 0.440534, -1.94957, -0.00169212
25.6454, 0.0621481, -0.000468869, -7.4613, -1.509, 0.444664, -1.95366, -0.00169525
25.7202, 0.0623843, 7.89174e-05, -7.36108, -1.50895, 0.449003, -1.95795, -0.00169854
25.795, 0.0620324, 0.000489816, -7.2622, -1.5089, 0.453325, -1.96223, -0.00170184
25.8699, 0.0615361, 0.000329622, -7.16466, -1.50886, 0.45763, -1.96648, -0.00170513
25.9474, 0.0614735, -0.000237009, -7.06499, -1.50881, 0.46207, -1.97088, -0.00170854
26.0249, 0.0619685, -0.000590143, -6.9667, -1.50876, 0.466491, -1.97525, -0.00171195
26.1024, 0.0625311, -0.000364723, -6.86978, -1.50871, 0.470893, -1.97961, -0.00171537
26.1799, 0.0626294, 0.000188236, -6.77421, -1.50867, 0.475276, -1.98394, -0.00171878
26.2602, 0.0622078, 0.000505076, -6.67653, -1.50862, 0.479799, -1.98842, -0.00172231
26.3406, 0.0617593, 0.000246549, -6.58025, -1.50857, 0.484302, -1.99287, -0.00172585
26.4209, 0.0617886, -0.000305605, -6.48536, -1.50852, 0.488785, -1.99731, -0.00172939
26.5055, 0.0623298, -0.000596361, -6.3869, -1.50847, 0.493483, -2.00196, -0.00173311
26.5902, 0.0628597, -0.00030327, -6.28993, -1.50842, 0.498158, -2.00658, -0.00173683
26.6748, 0.0628849, 0.000251327, -6.19444, -1.50837, 0.50281, -2.01118, -0.00174055
26.7643, 0.0624174, 0.000501288, -6.09504, -1.50832, 0.507704, -2.01603, -0.00174449
26.8538, 0.0620135, 0.000161036, -5.99724, -1.50827, 0.512571, -2.02084, -0.00174843
26.9433, 0.0621447, -0.000392899, -5.901, -1.50822, 0.517413, -2.02564, -0.00175236
27.0383, 0.0627469, -0.000585525, -5.8005, -1.50817, 0.522527, -2.0307, -0.00175654
27.1333, 0.0632122, -0.000188459, -5.70171, -1.50812, 0.527611, -2.03573, -0.00176072
27.2284, 0.0631082, 0.00035339, -5.6046, -1.50806, 0.532666, -2.04073, -0.00176489
27.3234, 0.0626182, 0.000476848, -5.50915, -1.50801, 0.537691, -2.0457, -0.00176907
27.4184, 0.0622973, 7.54868e-05, -5.41532, -1.50796, 0.542687, -2.05065, -0.00177325
27.5135, 0.0624977, -0.000442139, -5.32309, -1.50791, 0.547654, -2.05557, -0.00177742
27.6156, 0.0631011, -0.000576811, -5.22573, -1.50786, 0.55296, -2.06082, -0.00178191
27.7178, 0.0635305, -0.000167248, -5.13015, -1.5078, 0.558232, -2.06604, -0.0017864
27.8199, 0.0634184, 0.000353991, -5.03632, -1.50775, 0.56347, -2.07122, -0.00179088
27.9276, 0.0629215, 0.000469968, -4.93925, -1.5077, 0.568956, -2.07665, -0.00179561
28.0353, 0.0626128, 5.05993e-05, -4.84406, -1.50764, 0.574404, -2.08205, -0.00180034
28.1429, 0.0628431, -0.000465277, -4.75071, -1.50759, 0.579815, -2.0874, -0.00180507
28.2566, 0.0634514, -0.000571702, -4.65411, -1.50753, 0.585488, -2.09302, -0.00181006
28.3703, 0.0638632, -0.00015086, -4.55948, -1.50748, 0.591119, -2.09859, -0.00181505
28.484, 0.0637399, 0.000359827, -4.46678, -1.50742, 0.596709, -2.10413, -0.00182004
28.6046, 0.0632473, 0.000464408, -4.3705, -1.50736, 0.602594, -2.10996, -0.00182534
28.7252, 0.0629485, 4.5285e-05, -4.27631, -1.50731, 0.608432, -2.11574, -0.00183063
28.8458, 0.0631782, -0.000465317, -4.18416, -1.50725, 0.614225, -2.12147, -0.00183592
28.9746, 0.0637866, -0.00057735, -4.08798, -1.50719, 0.620359, -2.12755, -0.00184157
29.1034, 0.0642061, -0.000164787, -3.99402, -1.50713, 0.62644, -2.13357, -0.00184722
29.2321, 0.0640996, 0.000345768, -3.90223, -1.50707, 0.63247, -2.13954, -0.00185287
29.3702, 0.0636144, 0.000466443, -3.80613, -1.50701, 0.63888, -2.14589, -0.00185893
29.5084, 0.0633069, 6.0474e-05, -3.71241, -1.50695, 0.645232, -2.15218, -0.00186499
29.6465, 0.0635191, -0.000453141, -3.62102, -1.50689, 0.651524, -2.15841, -0.00187104
29.7956, 0.0641269, -0.000588265, -3.52487, -1.50683, 0.658254, -2.16508, -0.00187758
29.9448, 0.0645667, -0.000192729, -3.43129, -1.50676, 0.664916, -2.17168, -0.00188412
30.0939, 0.0644894, 0.000321974, -3.34022, -1.5067, 0.671511, -2.17821, -0.00189066
30.2559, 0.0640145, 0.00047023, -3.2441, -1.50664, 0.678596, -2.18523, -0.00189776
30.4178, 0.0636919, 8.43968e-05, -3.15078, -1.50657, 0.685602, -2.19217, -0.00190485
30.5798, 0.0638783, -0.000433874, -3.06018, -1.50651, 0.692531, -2.19904, -0.00191195
30.7571, 0.0644834, -0.000601145, -2.96398, -1.50644, 0.700031, -2.20647, -0.00191972
30.9345, 0.0649496, -0.000229412, -2.87085, -1.50637, 0.70744, -2.21381, -0.00192749
31.1118, 0.0649105, 0.000289387, -2.78068, -1.50631, 0.714758, -2.22106, -0.00193526
31.3074, 0.0644509, 0.000473518, -2.68456, -1.50624, 0.722726, -2.22896, -0.00194383
31.5031, 0.0641098, 0.000115214, -2.59182, -1.50617, 0.730587, -2.23675, -0.00195239
31.7055, 0.0642761, -0.000421246, -2.49927, -1.50609, 0.73861, -2.2447, -0.00196126
31.9245, 0.0648827, -0.000611449, -2.40296, -1.50602, 0.747162, -2.25318, -0.00197085
32.1435, 0.0653683, -0.000256822, -2.31044, -1.50595, 0.755584, -2.26153, -0.00198044
32.3701, 0.0653502, 0.000276005, -2.21857, -1.50587, 0.764162, -2.27003, -0.00199035
32.6159, 0.0649012, 0.000469275, -2.1231, -1.50579, 0.773318, -2.27911, -0.00200111
32.8618, 0.0645612, 0.000124042, -2.03185, -1.50572, 0.782318, -2.28804, -0.00201188
33.1191, 0.0647149, -0.000411502, -1.94071, -1.50564, 0.791569, -2.29721, -0.00202313
33.4008, 0.0653172, -0.000622959, -1.84573, -1.50556, 0.801513, -2.30707, -0.00203546
33.6826, 0.0658209, -0.000296516, -1.75556, -1.50548, 0.811262, -2.31674, -0.00204779
33.9795, 0.0658467, 0.000236197, -1.66551, -1.5054, 0.821329, -2.32673, -0.00206078
34.3081, 0.0654234, 0.000467589, -1.57147, -1.50531, 0.832227, -2.33754, -0.00207515
34.6366, 0.065069, 0.000164316, -1.48301, -1.50523, 0.842877, -2.34811, -0.00208953
34.9877, 0.0651752, -0.000370824, -1.39427, -1.50515, 0.853992, -2.35914, -0.00210488
35.3809, 0.0657564, -0.000637411, -1.30156, -1.50506, 0.866121, -2.37118, -0.00212208
35.7741, 0.0662943, -0.000373864, -1.21543, -1.50497, 0.877925, -2.3829, -0.00213928
36.2011, 0.0664064, 0.000153851, -1.12882, -1.50488, 0.890385, -2.39527, -0.00215795
36.677, 0.0660489, 0.000460154, -1.04013, -1.50479, 0.90385, -2.40864, -0.00217877
37.153, 0.0656677, 0.000266075, -0.959064, -1.50471, 0.916885, -2.42159, -0.00219959
37.6958, 0.0656509, -0.000250592, -0.875127, -1.50462, 0.931245, -2.43586, -0.00222333
38.2936, 0.0661172, -0.000622359, -0.792193, -1.50452, 0.946464, -2.45099, -0.00224948
38.9252, 0.0667009, -0.00052554, -0.714289, -1.50444, 0.961899, -2.46634, -0.00227712
39.6583, 0.0669996, -4.39533e-05, -0.634993, -1.50435, 0.979024, -2.48337, -0.0023092
40.4542, 0.0668163, 0.000386791, -0.560752, -1.50427, 0.996715, -2.50098, -0.00234404
41.3346, 0.0664045, 0.000427845, -0.491046, -1.50419, 1.01526, -2.51945, -0.00238259
42.3909, 0.0661509, 4.64858e-05, -0.421962, -1.50412, 1.03619, -2.54031, -0.00242886
43.5628, 0.0663271, -0.000412712, -0.36068, -1.50407, 1.05788, -2.56194, -0.00248024
44.95, 0.0668197, -0.000586843, -0.304888, -1.50403, 1.08164, -2.58568, -0.00254111
46.5729, 0.0672614, -0.000317615, -0.2575, -1.50404, 1.10711, -2.61114, -0.0026124
48.4582, 0.0673162, 0.000211652, -0.220524, -1.50409, 1.13391, -2.638, -0.00269535
50.7856, 0.066868, 0.000672677, -0.19402, -1.50422, 1.16345, -2.66767, -0.00279798
53.2995, 0.0661779, 0.000721404, -0.181856, -1.50444, 1.19162, -2.69606, -0.00290913
56.3401, 0.0655724, 0.000330397, -0.182546, -1.50478, 1.22141, -2.7262, -0.00304405
59.3807, 0.0654433, -4.47036e-05, -0.194619, -1.50522, 1.24734, -2.75256, -0.00317954
62.4213, 0.065459, 0.000131454, -0.214305, -1.50572, 1.27011, -2.77583, -0.00331564
64.6486, 0.0651097, 0.000582438, -0.231997, -1.50613, 1.28509, -2.79122, -0.00341575
66.8275, 0.0643031, 0.000883629, -0.251083, -1.50656, 1.29856, -2.80512, -0.00351403
69.0064, 0.0633667, 0.000668983, -0.271279, -1.50702, 1.31098, -2.818, -0.00361267
71.1852, 0.062895, 0.000101666, -0.292041, -1.5075, 1.32248, -2.82999, -0.00371168
72.8628, 0.0629325, -0.000103343, -0.308119, -1.50789, 1.33077, -2.83866, -0.00378816
74.6761, 0.0629234, 0.000202834, -0.32536, -1.50832, 1.33923, -2.84755, -0.00387109
76.4895, 0.0623432, 0.000727695, -0.34227, -1.50876, 1.34721, -2.85597, -0.00395428
77.983, 0.0614965, 0.000812605, -0.35583, -1.50914, 1.35345, -2.86259, -0.004023
79.552, 0.0607717, 0.000397929, -0.36963, -1.50954, 1.35972, -2.86925, -0.0040954
81.1211, 0.0606164, -8.28683e-05, -0.3829, -1.50995, 1.36569, -2.87564, -0.004168
82.6901, 0.0607508, -2.0422e-05, -0.395576, -1.51037, 1.37141, -2.88178, -0.00424081
84.0164, 0.0605406, 0.000443421, -0.405791, -1.51072, 1.37605, -2.88677, -0.00430251
85.3887, 0.0597977, 0.000803718, -0.415854, -1.5111, 1.38067, -2.89177, -0.00436651
86.7611, 0.0589234, 0.000613436, -0.425378, -1.51148, 1.38513, -2.89661, -0.00443067
88.1335, 0.0585166, 7.20744e-05, -0.434349, -1.51186, 1.38943, -2.90129, -0.00449499
89.3584, 0.0586077, -0.000160714, -0.441879, -1.51221, 1.39314, -2.90535, -0.00455254
90.5833, 0.0586725, 0.000120497, -0.448955, -1.51256, 1.39674, -2.9093, -0.00461021
91.8081, 0.0582536, 0.000624077, -0.455575, -1.51292, 1.40023, -2.91315, -0.004668
93.0769, 0.0573761, 0.000782711, -0.46195, -1.51329, 1.40373, -2.91702, -0.00472801
94.3457, 0.0566547, 0.000370132, -0.467838, -1.51366, 1.40714, -2.9208, -0.00478815
95.6145, 0.056533, -0.000113346, -0.473241, -1.51404, 1.41044, -2.92447, -0.00484842
96.8833, 0.0567014, -5.07722e-05, -0.478166, -1.51441, 1.41364, -2.92806, -0.00490883
98.0182, 0.0565119, 0.000427988, -0.482172, -1.51475, 1.41643, -2.93119, -0.00496298
99.153, 0.0558096, 0.000784141, -0.485806, -1.5151, 1.41915, -2.93425, -0.00501724
100.288, 0.0549813, 0.000622725, -0.489077, -1.51544, 1.42181, -2.93725, -0.0050716
101.464, 0.0545595, 9.71162e-05, -0.492091, -1.5158, 1.42449, -2.94029, -0.00512805
102.64, 0.0546569, -0.000172315, -0.49473, -1.51616, 1.4271, -2.94327, -0.0051846
103.815, 0.0547246, 0.000144065, -0.497006, -1.51653, 1.42965, -2.94618, -0.00524128
104.991, 0.0542363, 0.00066661, -0.498927, -1.51689, 1.43214, -2.94904, -0.00529806
106.167, 0.0533386, 0.000755395, -0.500504, -1.51726, 1.43458, -2.95183, -0.00535497
107.343, 0.0526845, 0.000297985, -0.501748, -1.51763, 1.43695, -2.95458, -0.00541198
108.519, 0.0526303, -0.000140541, -0.502669, -1.518, 1.43927, -2.95727, -0.00546911
109.695, 0.0527857, -1.32367e-05, -0.503278, -1.51837, 1.44154, -2.9599, -0.00552635
110.87, 0.0524944, 0.00052411, -0.503587, -1.51874, 1.44375, -2.96249, -0.0055837
112.046, 0.0516535, 0.000802746, -0.503606, -1.51912, 1.44592, -2.96504, -0.00564117
113.222, 0.0508453, 0.000476153, -0.503347, -1.51949, 1.44804, -2.96753, -0.00569874
114.398, 0.0506091, -4.63476e-05, -0.50282, -1.51987, 1.45012, -2.96999, -0.00575643
115.574, 0.0507686, -0.000112271, -0.502037, -1.52025, 1.45215, -2.9724, -0.00581423
116.75, 0.0506554, 0.000360795, -0.501008, -1.52063, 1.45414, -2.97476, -0.00587213
117.925, 0.0499413, 0.000787848, -0.499745, -1.52101, 1.45609, -2.97709, -0.00593014
119.101, 0.04904, 0.000645788, -0.498258, -1.52139, 1.458, -2.97939, -0.00598826
120.277, 0.0485887, 0.000114455, -0.496557, -1.52177, 1.45987, -2.98164, -0.00604649
121.453, 0.0486675, -0.000154407, -0.494652, -1.52216, 1.4617, -2.98386, -0.00610482
122.629, 0.0487131, 0.000164495, -0.492554, -1.52254, 1.4635, -2.98604, -0.00616326
123.805, 0.0482099, 0.000686149, -0.490272, -1.52293, 1.46526, -2.98819, -0.0062218
124.98, 0.047303, 0.000791156, -0.487817, -1.52331, 1.467, -2.99031, -0.00628045
126.156, 0.04661, 0.000363401, -0.485196, -1.5237, 1.46869, -2.9924, -0.0063392
127.332, 0.0464846, -8.85324e-05, -0.482421, -1.52409, 1.47036, -2.99445, -0.00639805
128.508, 0.046616, -3.92643e-05, -0.479498, -1.52448, 1.472, -2.99648, -0.00645701
129.684, 0.0464059, 0.000451331, -0.476437, -1.52487, 1.47361, -2.99848, -0.00651606
130.86, 0.0456563, 0.000826297, -0.473247, -1.52526, 1.47519, -3.00045, -0.00657521
132.035, 0.0447757, 0.000672621, -0.469935, -1.52565, 1.47674, -3.00239, -0.00663446
133.211, 0.0443049, 0.000171606, -0.466509, -1.52604, 1.47826, -3.00431, -0.00669381
134.387, 0.0443225, -0.000122786, -0.462976, -1.52644, 1.47976, -3.0062, -0.00675326
135.563, 0.0443798, 0.00010501, -0.459345, -1.52683, 1.48123, -3.00807, -0.0068128
136.739, 0.0439999, 0.000608413, -0.455622, -1.52723, 1.48268, -3.00991, -0.00687244
137.968, 0.0431345, 0.000861326, -0.451637, -1.52764, 1.48417, -3.01181, -0.00693491
139.198, 0.0423005, 0.000572371, -0.447566, -1.52805, 1.48564, -3.01369, -0.00699748
140.428, 0.0419569, 7.3056e-05, -0.443417, -1.52847, 1.48708, -3.01554, -0.00706015
141.72, 0.0420225, -8.48054e-05, -0.438981, -1.5289, 1.48857, -3.01747, -0.00712609
143.011, 0.0419418, 0.00030222, -0.434474, -1.52934, 1.49003, -3.01937, -0.00719215
144.303, 0.0413158, 0.000788576, -0.429903, -1.52978, 1.49146, -3.02124, -0.00725831
145.595, 0.0403677, 0.000837106, -0.425274, -1.53021, 1.49288, -3.02309, -0.00732458
146.887, 0.0396616, 0.000411258, -0.420596, -1.53065, 1.49427, -3.02492, -0.00739095
148.179, 0.0394774, -1.68751e-05, -0.415873, -1.53109, 1.49563, -3.02672, -0.00745743
149.471, 0.0395354, 5.86046e-06, -0.411112, -1.53153, 1.49698, -3.02851, -0.007524
150.834, 0.0392936, 0.000477877, -0.406054, -1.53199, 1.49837, -3.03037, -0.00759435
152.196, 0.0385149, 0.000886213, -0.400968, -1.53246, 1.49974, -3.0322, -0.0076648
153.559, 0.037554, 0.000798985, -0.395857, -1.53292, 1.50109, -3.03402, -0.00773537
155.007, 0.0369181, 0.00029825, -0.390409, -1.53342, 1.5025, -3.03592, -0.00781045
156.455, 0.0368174, -3.46385e-05, -0.384947, -1.53391, 1.50389, -3.0378, -0.00788565
157.903, 0.0367944, 0.000174351, -0.379478, -1.53441, 1.50525, -3.03966, -0.00796097
159.351, 0.0363326, 0.000687649, -0.374007, -1.5349, 1.50659, -3.0415, -0.0080364
160.799, 0.0354107, 0.000958626, -0.36854, -1.5354, 1.50791, -3.04331, -0.00811194
162.247, 0.0344836, 0.000723684, -0.363082, -1.5359, 1.50921, -3.04511, -0.0081876
163.757, 0.0339733, 0.000225665, -0.357401, -1.53642, 1.51054, -3.04696, -0.00826665
165.324, 0.0338982, 8.40966e-06, -0.351532, -1.53696, 1.5119, -3.04886, -0.00834875
166.89, 0.033764, 0.000324112, -0.345689, -1.5375, 1.51324, -3.05073, -0.00843097
168.457, 0.0331442, 0.000827115, -0.339877, -1.53804, 1.51455, -3.05258, -0.0085133
170.143, 0.0320613, 0.000994822, -0.333662, -1.53862, 1.51594, -3.05456, -0.00860204
171.829, 0.0311274, 0.000626392, -0.327494, -1.5392, 1.5173, -3.0565, -0.0086909
173.514, 0.0307226, 0.000160178, -0.321377, -1.53978, 1.51865, -3.05843, -0.00877989
175.2, 0.0306361, 0.000105968, -0.315315, -1.54036, 1.51997, -3.06033, -0.008869
176.886, 0.030346, 0.000512309, -0.309311, -1.54095, 1.52127, -3.06221, -0.00895823
178.572, 0.0295721, 0.000967974, -0.30337, -1.54153, 1.52254, -3.06407, -0.00904758
180.378, 0.0284444, 0.00103441, -0.297078, -1.54216, 1.52389, -3.06605, -0.00914344
182.184, 0.0275373, 0.000639593, -0.290863, -1.54278, 1.52521, -3.06799, -0.00923942
183.991, 0.0271216, 0.000215153, -0.284731, -1.54341, 1.52651, -3.06992, -0.00933552
185.906, 0.0269584, 0.000198307, -0.278321, -1.54408, 1.52787, -3.07194, -0.00943754
187.821, 0.0265579, 0.000628709, -0.272009, -1.54474, 1.5292, -3.07394, -0.00953968
189.735, 0.0256721, 0.00107323, -0.265796, -1.54541, 1.53051, -3.07592, -0.00964194
191.777, 0.0244625, 0.00111293, -0.259282, -1.54612, 1.53188, -3.078, -0.00975111
193.9, 0.0234656, 0.000696369, -0.252636, -1.54686, 1.53328, -3.08014, -0.00986473
196.023, 0.0229795, 0.00029116, -0.246118, -1.5476, 1.53466, -3.08226, -0.00997848
198.146, 0.0227225, 0.000317174, -0.23973, -1.54834, 1.53601, -3.08435, -0.0100923
200.472, 0.0221529, 0.000790664, -0.232878, -1.54915, 1.53747, -3.08662, -0.0102173
202.799, 0.0210628, 0.00122769, -0.226184, -1.54997, 1.5389, -3.08886, -0.0103423
205.126, 0.0197662, 0.00121589, -0.219647, -1.55078, 1.5403, -3.09108, -0.0104675
207.686, 0.0186597, 0.000774436, -0.212635, -1.55168, 1.54181, -3.09349, -0.0106054
210.247, 0.018073, 0.000410154, -0.205812, -1.55257, 1.5433, -3.09587, -0.0107434
212.808, 0.0176567, 0.000512507, -0.199178, -1.55347, 1.54475, -3.09822, -0.0108815
215.652, 0.0168357, 0.00103382, -0.192026, -1.55447, 1.54634, -3.10081, -0.011035
218.497, 0.0154983, 0.00143695, -0.185102, -1.55547, 1.54789, -3.10336, -0.0111886
221.341, 0.0140292, 0.00136388, -0.178401, -1.55647, 1.54941, -3.10588, -0.0113423
224.466, 0.0127934, 0.000917387, -0.171293, -1.55757, 1.55105, -3.10862, -0.0115112
227.59, 0.0120457, 0.000618912, -0.164445, -1.55867, 1.55265, -3.11132, -0.0116801
230.715, 0.0114047, 0.000784145, -0.157851, -1.55978, 1.55422, -3.11399, -0.011849
234.205, 0.0103135, 0.00132287, -0.150777, -1.56101, 1.55593, -3.11694, -0.0120376
237.695, 0.00874618, 0.00172456, -0.144002, -1.56224, 1.55761, -3.11985, -0.0122263
241.352, 0.0069881, 0.00167625, -0.137214, -1.56354, 1.55933, -3.12287, -0.0124239
245.378, 0.00542725, 0.0012685, -0.130096, -1.56497, 1.56117, -3.12614, -0.0126412
249.404, 0.00433664, 0.00100226, -0.123335, -1.5664, 1.56298, -3.12937, -0.0128583
253.656, 0.00330041, 0.00119232, -0.116567, -1.56791, 1.56483, -3.13275, -0.0130874
258.359, 0.00178887, 0.00176829, -0.109504, -1.56959, 1.56684, -3.13643, -0.0133404
263.063, -0.000186323, 0.00223229, -0.102864, -1.57127, 1.56879, -3.14006, -0.0135928
268.146, -0.0024591, 0.00228804, -0.0961379, 1.5685, -1.57075, 3.13925, -0.013865
273.894, -0.00468532, 0.00198155, -0.0890629, 1.56644, -1.56849, 3.13493, -0.0141717
279.641, -0.00645063, 0.00177799, -0.0825126, 1.56437, -1.5663, 3.13067, -0.0144773
285.931, -0.00822283, 0.00200608, -0.0759019, 1.5621, -1.56397, 3.12607, -0.0148102
293.171, -0.0105748, 0.00268876, -0.0689585, 1.55947, -1.56138, 3.12085, -0.0151911
300.41, -0.0133792, 0.0033519, -0.0626659, 1.55684, -1.55887, 3.11571, -0.0155693
308.694, -0.0167972, 0.00373509, -0.056188, 1.5538, -1.5561, 3.10991, -0.0159983
318.255, -0.0205017, 0.00380188, -0.0495677, 1.55029, -1.55302, 3.10331, -0.0164881
328.603, -0.0240502, 0.00390968, -0.0433121, 1.54645, -1.54983, 3.09628, -0.0170107
340.297, -0.0277906, 0.00446659, -0.0372293, 1.54208, -1.54637, 3.08845, -0.0175911
353.722, -0.0322024, 0.00562482, -0.0313416, 1.53701, -1.54258, 3.0796, -0.0182423
369.055, -0.0375817, 0.0072272, -0.0258057, 1.53115, -1.53848, 3.06963, -0.0189641
388.424, -0.0446125, 0.00926641, -0.0202638, 1.52362, -1.53359, 3.0572, -0.0198384
415.501, -0.05416, 0.0121423, -0.0145612, 1.51282, -1.52723, 3.04005, -0.0209811
450.111, -0.0653194, 0.016389, -0.00967601, 1.49849, -1.51981, 3.0183, -0.0222869
485.958, -0.0755678, 0.0216903, -0.00644669, 1.48289, -1.51283, 2.99571, -0.0234307
530.225, -0.0864097, 0.0291828, -0.00400538, 1.46233, -1.50502, 2.96735, -0.0245137
588.958, -0.0978217, 0.0398054, -0.00223026, 1.43227, -1.49581, 2.92808, -0.0253312
665.284, -0.108354, 0.053361, -0.00113191, 1.38682, -1.48543, 2.87226, -0.0252716
768.319, -0.117266, 0.0700488, -0.000530299, 1.30829, -1.47372, 2.78201, -0.0232354
926.825, -0.124717, 0.0935634, -0.000239073, 1.1152, -1.45973, 2.57493, -0.0169139
1069.97, -0.127755, 0.116214, -0.000164738, 0.774313, -1.45048, 2.22479, -0.0107781
1161.48, -0.127287, 0.129982, -0.00013402, 0.405574, -1.44601, 1.85159, -0.00858884
1273.58, -0.124566, 0.136252, -7.71029e-05, -0.146813, -1.44193, 1.29512, -0.00980108
1385.68, -0.123009, 0.133662, -3.44816e-05, -0.573842, -1.43927, 0.865428, -0.0169144
1538.2, -0.122295, 0.130315, -1.51905e-05, -0.88747, -1.43776, 0.550287, -0.0367449
1715.03, -0.121858, 0.129188, -6.39227e-08, -1.06192, -1.4388, 0.376881, -0.070007
1891.86, -0.122019, 0.12927, 5.18974e-07, -1.15359, -1.44255, 0.28896, -0.104609
2174.95, -0.122414, 0.129355, 2.27733e-07, -1.22783, -1.45334, 0.22551, -0.13948
2283.38, -0.12256, 0.129373, 1.95957e-07, -1.24299, -1.45876, 0.215768, -0.142298
