55, 0.10222, 0.000210647, -232.039, -1.46885, 1.55959, -3.02844, -0.000141737
55, 0.102219, 0.000210772, -232.039, -1.46885, 1.55959, -3.02844, -0.000141737
55, 0.102219, 0.000211335, -232.039, -1.46885, 1.55959, -3.02844, -0.000141737
55, 0.102217, 0.000213855, -232.039, -1.46885, 1.55959, -3.02844, -0.000141737
55.0001, 0.102208, 0.000224968, -232.037, -1.46885, 1.55959, -3.02844, -0.000141737
55.0005, 0.10216, 0.000269892, -232.031, -1.46885, 1.55959, -3.02844, -0.000141739
55.0024, 0.101883, 0.000339931, -232.004, -1.46885, 1.55959, -3.02845, -0.000141745
55.005, 0.101601, 7.29791e-05, -231.967, -1.46886, 1.55959, -3.02846, -0.000141754
55.0075, 0.101742, -0.000277588, -231.929, -1.46887, 1.55959, -3.02847, -0.000141763
55.0101, 0.102115, -0.000264718, -231.892, -1.46888, 1.5596, -3.02848, -0.000141772
55.0127, 0.102232, 9.52737e-05, -231.854, -1.46889, 1.5596, -3.02849, -0.000141781
55.0153, 0.101933, 0.000343648, -231.817, -1.4689, 1.5596, -3.0285, -0.00014179
55.0179, 0.101587, 0.000163904, -231.779, -1.46891, 1.5596, -3.02851, -0.000141799
55.0205, 0.101624, -0.000215103, -231.741, -1.46892, 1.5596, -3.02852, -0.000141808
55.023, 0.101984, -0.00031077, -231.704, -1.46893, 1.5596, -3.02853, -0.000141817
55.0256, 0.102199, -1.23309e-06, -231.666, -1.46894, 1.55961, -3.02854, -0.000141825
55.0282, 0.101982, 0.000319652, -231.629, -1.46895, 1.55961, -3.02855, -0.000141834
55.0308, 0.101599, 0.000243607, -231.591, -1.46895, 1.55961, -3.02856, -0.000141843
55.0334, 0.101525, -0.000132734, -231.554, -1.46896, 1.55961, -3.02857, -0.000141852
55.036, 0.101842, -0.000330873, -231.516, -1.46897, 1.55961, -3.02858, -0.000141861
55.0386, 0.102137, -9.88766e-05, -231.479, -1.46898, 1.55961, -3.02859, -0.00014187
55.0411, 0.102022, 0.000268513, -231.441, -1.46899, 1.55962, -3.02861, -0.000141879
55.0438, 0.101619, 0.000296683, -231.402, -1.469, 1.55962, -3.02862, -0.000141889
55.0465, 0.101456, -6.75815e-05, -231.363, -1.46901, 1.55962, -3.02863, -0.000141898
55.0492, 0.101742, -0.000330183, -231.324, -1.46902, 1.55962, -3.02864, -0.000141907
55.0519, 0.102077, -0.000134811, -231.285, -1.46903, 1.55962, -3.02865, -0.000141916
55.0546, 0.101993, 0.000253824, -231.247, -1.46904, 1.55962, -3.02866, -0.000141926
55.0572, 0.101592, 0.000308911, -231.208, -1.46905, 1.55963, -3.02867, -0.000141935
55.0599, 0.101404, -4.44021e-05, -231.169, -1.46906, 1.55963, -3.02868, -0.000141944
55.0626, 0.101671, -0.00032759, -231.13, -1.46907, 1.55963, -3.02869, -0.000141954
55.0653, 0.102019, -0.000156998, -231.091, -1.46907, 1.55963, -3.02871, -0.000141963
55.068, 0.101964, 0.000236605, -231.052, -1.46908, 1.55963, -3.02872, -0.000141972
55.0707, 0.101567, 0.000320472, -231.013, -1.46909, 1.55963, -3.02873, -0.000141982
55.0733, 0.101353, -1.90744e-05, -230.974, -1.4691, 1.55964, -3.02874, -0.000141991
55.076, 0.101599, -0.000322845, -230.935, -1.46911, 1.55964, -3.02875, -0.000142
55.0787, 0.10196, -0.000179928, -230.897, -1.46912, 1.55964, -3.02876, -0.00014201
55.0814, 0.101935, 0.000216663, -230.858, -1.46913, 1.55964, -3.02877, -0.000142019
55.0841, 0.101545, 0.00033094, -230.819, -1.46914, 1.55964, -3.02878, -0.000142028
55.0868, 0.101304, 8.31441e-06, -230.78, -1.46915, 1.55964, -3.02879, -0.000142038
55.0894, 0.101525, -0.000315567, -230.741, -1.46916, 1.55965, -3.02881, -0.000142047
55.0921, 0.101897, -0.000203255, -230.702, -1.46917, 1.55965, -3.02882, -0.000142056
55.0948, 0.101905, 0.000193837, -230.664, -1.46918, 1.55965, -3.02883, -0.000142066
55.0975, 0.101526, 0.000339848, -230.625, -1.46919, 1.55965, -3.02884, -0.000142075
55.1002, 0.101258, 3.76125e-05, -230.586, -1.4692, 1.55965, -3.02885, -0.000142084
55.1029, 0.10145, -0.000305374, -230.547, -1.46921, 1.55965, -3.02886, -0.000142094
55.1055, 0.101831, -0.00022656, -230.508, -1.46922, 1.55966, -3.02887, -0.000142103
55.1082, 0.101874, 0.000168015, -230.47, -1.46923, 1.55966, -3.02888, -0.000142112
55.1109, 0.101509, 0.000346688, -230.431, -1.46923, 1.55966, -3.02889, -0.000142122
55.1136, 0.101214, 6.85919e-05, -230.392, -1.46924, 1.55966, -3.02891, -0.000142131
55.1163, 0.101375, -0.000291895, -230.353, -1.46925, 1.55966, -3.02892, -0.00014214
55.119, 0.101762, -0.000249358, -230.315, -1.46926, 1.55966, -3.02893, -0.00014215
55.1216, 0.101842, 0.000139146, -230.276, -1.46927, 1.55967, -3.02894, -0.000142159
55.1243, 0.101494, 0.000350921, -230.237, -1.46928, 1.55967, -3.02895, -0.000142168
55.127, 0.101174, 0.000100938, -230.198, -1.46929, 1.55967, -3.02896, -0.000142178
55.1297, 0.101299, -0.000274789, -230.16, -1.4693, 1.55967, -3.02897, -0.000142187
55.1324, 0.101689, -0.000271089, -230.121, -1.46931, 1.55967, -3.02898, -0.000142196
55.1351, 0.101807, 0.000107258, -230.082, -1.46932, 1.55967, -3.02899, -0.000142206
55.1377, 0.101482, 0.000351988, -230.043, -1.46933, 1.55968, -3.029, -0.000142215
55.1404, 0.101138, 0.00013424, -230.005, -1.46934, 1.55968, -3.02902, -0.000142224
55.1431, 0.101224, -0.000253758, -229.966, -1.46935, 1.55968, -3.02903, -0.000142234
55.1458, 0.101612, -0.000291126, -229.927, -1.46936, 1.55968, -3.02904, -0.000142243
55.1485, 0.101769, 7.24735e-05, -229.889, -1.46937, 1.55968, -3.02905, -0.000142252
55.1512, 0.101471, 0.000349323, -229.85, -1.46938, 1.55968, -3.02906, -0.000142262
55.1538, 0.101105, 0.000167985, -229.811, -1.46938, 1.55969, -3.02907, -0.000142271
55.1565, 0.10115, -0.000228571, -229.773, -1.46939, 1.55969, -3.02908, -0.00014228
55.1592, 0.101532, -0.000308777, -229.734, -1.4694, 1.55969, -3.02909, -0.00014229
55.1619, 0.101728, 3.50262e-05, -229.695, -1.46941, 1.55969, -3.0291, -0.000142299
55.1646, 0.101462, 0.000342375, -229.657, -1.46942, 1.55969, -3.02912, -0.000142308
55.1673, 0.101077, 0.000201548, -229.618, -1.46943, 1.5597, -3.02913, -0.000142318
55.17, 0.101077, -0.000199082, -229.579, -1.46944, 1.5597, -3.02914, -0.000142327
55.1726, 0.101449, -0.000323299, -229.541, -1.46945, 1.5597, -3.02915, -0.000142337
55.1753, 0.101683, -4.72132e-06, -229.502, -1.46946, 1.5597, -3.02916, -0.000142346
55.178, 0.101453, 0.000330623, -229.464, -1.46947, 1.5597, -3.02917, -0.000142355
55.1807, 0.101055, 0.0002342, -229.425, -1.46948, 1.5597, -3.02918, -0.000142365
55.1834, 0.101007, -0.000165261, -229.386, -1.46949, 1.55971, -3.02919, -0.000142374
55.1861, 0.101362, -0.000333915, -229.348, -1.4695, 1.55971, -3.0292, -0.000142383
55.1887, 0.101633, -4.6265e-05, -229.309, -1.46951, 1.55971, -3.02922, -0.000142393
55.1914, 0.101445, 0.00031361, -229.271, -1.46952, 1.55971, -3.02923, -0.000142402
55.1941, 0.101037, 0.000265102, -229.232, -1.46953, 1.55971, -3.02924, -0.000142411
55.1968, 0.10094, -0.000127212, -229.193, -1.46954, 1.55971, -3.02925, -0.000142421
55.1995, 0.101272, -0.00033983, -229.155, -1.46954, 1.55972, -3.02926, -0.00014243
55.2022, 0.101577, -8.89482e-05, -229.116, -1.46955, 1.55972, -3.02927, -0.00014244
55.2048, 0.101436, 0.000290971, -229.078, -1.46956, 1.55972, -3.02928, -0.000142449
55.2075, 0.101024, 0.000293322, -229.039, -1.46957, 1.55972, -3.02929, -0.000142458
55.2102, 0.100878, -8.52015e-05, -229.001, -1.46958, 1.55972, -3.0293, -0.000142468
55.2129, 0.10118, -0.000340266, -228.962, -1.46959, 1.55972, -3.02932, -0.000142477
55.2156, 0.101515, -0.000131955, -228.924, -1.4696, 1.55973, -3.02933, -0.000142486
55.2183, 0.101425, 0.000262465, -228.885, -1.46961, 1.55973, -3.02934, -0.000142496
55.2209, 0.101016, 0.000317851, -228.847, -1.46962, 1.55973, -3.02935, -0.000142505
55.2236, 0.100821, -3.96816e-05, -228.808, -1.46963, 1.55973, -3.02936, -0.000142514
55.2263, 0.101086, -0.00033449, -228.77, -1.46964, 1.55973, -3.02937, -0.000142524
55.229, 0.101447, -0.000174311, -228.731, -1.46965, 1.55973, -3.02938, -0.000142533
55.2317, 0.101411, 0.00022801, -228.693, -1.46966, 1.55974, -3.02939, -0.000142543
55.2344, 0.101013, 0.000337624, -228.654, -1.46967, 1.55974, -3.0294, -0.000142552
55.237, 0.10077, 8.69199e-06, -228.616, -1.46968, 1.55974, -3.02942, -0.000142561
55.2397, 0.100992, -0.00032186, -228.577, -1.46969, 1.55974, -3.02943, -0.000142571
55.2424, 0.101372, -0.000214891, -228.539, -1.46969, 1.55974, -3.02944, -0.00014258
55.2451, 0.101393, 0.000187726, -228.5, -1.4697, 1.55974, -3.02945, -0.00014259
55.2478, 0.101014, 0.000351559, -228.462, -1.46971, 1.55975, -3.02946, -0.000142599
55.2505, 0.100726, 5.9045e-05, -228.423, -1.46972, 1.55975, -3.02947, -0.000142608
55.2531, 0.100898, -0.000301865, -228.385, -1.46973, 1.55975, -3.02948, -0.000142618
55.2558, 0.10129, -0.000252435, -228.347, -1.46974, 1.55975, -3.02949, -0.000142627
55.2585, 0.10137, 0.000141961, -228.308, -1.46975, 1.55975, -3.0295, -0.000142636
55.2612, 0.101019, 0.000358599, -228.27, -1.46976, 1.55975, -3.02952, -0.000142646
55.2639, 0.10069, 0.000110279, -228.231, -1.46977, 1.55976, -3.02953, -0.000142655
55.2666, 0.100807, -0.000274178, -228.193, -1.46978, 1.55976, -3.02954, -0.000142665
55.2692, 0.101202, -0.000285581, -228.155, -1.46979, 1.55976, -3.02955, -0.000142674
55.2719, 0.10134, 9.13293e-05, -228.116, -1.4698, 1.55976, -3.02956, -0.000142683
55.2746, 0.101026, 0.000357763, -228.078, -1.46981, 1.55976, -3.02957, -0.000142693
55.2773, 0.100662, 0.000161074, -228.039, -1.46982, 1.55976, -3.02958, -0.000142702
55.28, 0.100718, -0.000238706, -228.001, -1.46983, 1.55977, -3.02959, -0.000142712
55.2827, 0.101107, -0.000312899, -227.963, -1.46984, 1.55977, -3.0296, -0.000142721
55.2853, 0.101302, 3.67324e-05, -227.924, -1.46985, 1.55977, -3.02961, -0.00014273
55.288, 0.101034, 0.000348207, -227.886, -1.46985, 1.55977, -3.02963, -0.00014274
55.2907, 0.100643, 0.000209909, -227.848, -1.46986, 1.55977, -3.02964, -0.000142749
55.2934, 0.100634, -0.000195643, -227.809, -1.46987, 1.55977, -3.02965, -0.000142759
55.2961, 0.101007, -0.000332954, -227.771, -1.46988, 1.55978, -3.02966, -0.000142768
55.2988, 0.101256, -2.0624e-05, -227.733, -1.46989, 1.55978, -3.02967, -0.000142777
55.3015, 0.101041, 0.000329289, -227.694, -1.4699, 1.55978, -3.02968, -0.000142787
55.3041, 0.100633, 0.00025509, -227.656, -1.46991, 1.55978, -3.02969, -0.000142796
55.3068, 0.100557, -0.000145513, -227.618, -1.46992, 1.55978, -3.0297, -0.000142806
55.3095, 0.100902, -0.000344365, -227.579, -1.46993, 1.55978, -3.02971, -0.000142815
55.3122, 0.1012, -7.92294e-05, -227.541, -1.46994, 1.55979, -3.02973, -0.000142824
55.3149, 0.101047, 0.000300646, -227.503, -1.46995, 1.55979, -3.02974, -0.000142834
55.3176, 0.100631, 0.000294802, -227.465, -1.46996, 1.55979, -3.02975, -0.000142843
55.3202, 0.100488, -8.92152e-05, -227.426, -1.46997, 1.55979, -3.02976, -0.000142853
55.3229, 0.100794, -0.000345888, -227.388, -1.46998, 1.55979, -3.02977, -0.000142862
55.3256, 0.101134, -0.000137284, -227.35, -1.46999, 1.5598, -3.02978, -0.000142872
55.3283, 0.101048, 0.000262257, -227.312, -1.47, 1.5598, -3.02979, -0.000142881
55.331, 0.100637, 0.000327173, -227.273, -1.47, 1.5598, -3.0298, -0.00014289
55.3337, 0.100429, -2.80434e-05, -227.235, -1.47001, 1.5598, -3.02981, -0.0001429
55.3363, 0.100685, -0.000336504, -227.197, -1.47002, 1.5598, -3.02983, -0.000142909
55.339, 0.101057, -0.000192736, -227.159, -1.47003, 1.5598, -3.02984, -0.000142919
55.3417, 0.101043, 0.000214517, -227.12, -1.47004, 1.55981, -3.02985, -0.000142928
55.3444, 0.100649, 0.000350364, -227.082, -1.47005, 1.55981, -3.02986, -0.000142937
55.3471, 0.100381, 3.62997e-05, -227.044, -1.47006, 1.55981, -3.02987, -0.000142947
55.3498, 0.100577, -0.000315514, -227.006, -1.47007, 1.55981, -3.02988, -0.000142956
55.3524, 0.100969, -0.000243336, -226.968, -1.47008, 1.55981, -3.02989, -0.000142966
55.3551, 0.10103, 0.000158291, -226.929, -1.47009, 1.55981, -3.0299, -0.000142975
55.3578, 0.100667, 0.000362668, -226.891, -1.4701, 1.55982, -3.02991, -0.000142985
55.3605, 0.100344, 0.000101718, -226.853, -1.47011, 1.55982, -3.02993, -0.000142994
55.3632, 0.100472, -0.000282639, -226.815, -1.47012, 1.55982, -3.02994, -0.000143003
55.3659, 0.100871, -0.000286726, -226.777, -1.47013, 1.55982, -3.02995, -0.000143013
55.3685, 0.101006, 9.4953e-05, -226.739, -1.47014, 1.55982, -3.02996, -0.000143022
55.3712, 0.100688, 0.000362626, -226.7, -1.47015, 1.55982, -3.02997, -0.000143032
55.3739, 0.100321, 0.000165764, -226.662, -1.47016, 1.55983, -3.02998, -0.000143041
55.3766, 0.100373, -0.000238107, -226.624, -1.47016, 1.55983, -3.02999, -0.000143051
55.3793, 0.100763, -0.000320548, -226.586, -1.47017, 1.55983, -3.03, -0.00014306
55.382, 0.10097, 2.64109e-05, -226.548, -1.47018, 1.55983, -3.03001, -0.000143069
55.3846, 0.10071, 0.000349157, -226.51, -1.47019, 1.55983, -3.03003, -0.000143079
55.3873, 0.100311, 0.000225708, -226.472, -1.4702, 1.55983, -3.03004, -0.000143088
55.39, 0.100282, -0.000182737, -226.434, -1.47021, 1.55984, -3.03005, -0.000143098
55.3927, 0.100649, -0.000342571, -226.395, -1.47022, 1.55984, -3.03006, -0.000143107
55.3954, 0.10092, -4.49129e-05, -226.357, -1.47023, 1.55984, -3.03007, -0.000143117
55.3981, 0.100729, 0.000321685, -226.319, -1.47024, 1.55984, -3.03008, -0.000143126
55.4007, 0.100313, 0.000278648, -226.281, -1.47025, 1.55984, -3.03009, -0.000143136
55.4034, 0.100202, -0.000117996, -226.243, -1.47026, 1.55984, -3.0301, -0.000143145
55.4061, 0.10053, -0.000350848, -226.205, -1.47027, 1.55985, -3.03011, -0.000143154
55.4088, 0.100856, -0.000116126, -226.167, -1.47028, 1.55985, -3.03012, -0.000143164
55.4115, 0.100743, 0.00028026, -226.129, -1.47029, 1.55985, -3.03014, -0.000143173
55.4142, 0.100326, 0.000321644, -226.091, -1.4703, 1.55985, -3.03015, -0.000143183
55.4168, 0.100136, -4.60262e-05, -226.053, -1.47031, 1.55985, -3.03016, -0.000143192
55.4195, 0.100408, -0.000343881, -226.015, -1.47031, 1.55985, -3.03017, -0.000143202
55.4222, 0.100776, -0.00018396, -225.977, -1.47032, 1.55986, -3.03018, -0.000143211
55.4249, 0.100749, 0.000225668, -225.939, -1.47033, 1.55986, -3.03019, -0.000143221
55.4276, 0.100349, 0.000351893, -225.901, -1.47034, 1.55986, -3.0302, -0.00014323
55.4303, 0.100085, 3.03686e-05, -225.863, -1.47035, 1.55986, -3.03021, -0.000143239
55.433, 0.100288, -0.000320785, -225.825, -1.47036, 1.55986, -3.03022, -0.000143249
55.4356, 0.100682, -0.0002449, -225.787, -1.47037, 1.55986, -3.03024, -0.000143258
55.4383, 0.100742, 0.000159507, -225.749, -1.47038, 1.55987, -3.03025, -0.000143268
55.441, 0.100379, 0.000366924, -225.711, -1.47039, 1.55987, -3.03026, -0.000143277
55.4437, 0.100051, 0.000107783, -225.673, -1.4704, 1.55987, -3.03027, -0.000143287
55.4464, 0.100172, -0.000281453, -225.635, -1.47041, 1.55987, -3.03028, -0.000143296
55.4491, 0.100574, -0.000295371, -225.597, -1.47042, 1.55987, -3.03029, -0.000143306
55.4517, 0.100721, 8.42192e-05, -225.559, -1.47043, 1.55987, -3.0303, -0.000143315
55.4544, 0.100412, 0.000364812, -225.521, -1.47044, 1.55988, -3.03031, -0.000143325
55.4571, 0.100034, 0.000182329, -225.483, -1.47045, 1.55988, -3.03032, -0.000143334
55.4598, 0.100066, -0.000226687, -225.445, -1.47046, 1.55988, -3.03034, -0.000143344
55.4625, 0.100454, -0.000331955, -225.407, -1.47047, 1.55988, -3.03035, -0.000143353
55.4652, 0.100683, 3.07806e-06, -225.369, -1.47047, 1.55988, -3.03036, -0.000143362
55.4678, 0.100444, 0.000344388, -225.331, -1.47048, 1.55988, -3.03037, -0.000143372
55.4705, 0.100034, 0.000249811, -225.294, -1.47049, 1.55989, -3.03038, -0.000143381
55.4732, 0.0999723, -0.000158298, -225.256, -1.4705, 1.55989, -3.03039, -0.000143391
55.4759, 0.100326, -0.000351643, -225.218, -1.47051, 1.55989, -3.0304, -0.0001434
55.4786, 0.100626, -7.99004e-05, -225.18, -1.47052, 1.55989, -3.03041, -0.00014341
55.4813, 0.100472, 0.000305449, -225.142, -1.47053, 1.55989, -3.03042, -0.000143419
55.4839, 0.10005, 0.000305961, -225.104, -1.47054, 1.5599, -3.03044, -0.000143429
55.4866, 0.0998949, -7.91419e-05, -225.066, -1.47055, 1.5599, -3.03045, -0.000143438
55.4893, 0.100194, -0.000352109, -225.028, -1.47056, 1.5599, -3.03046, -0.000143448
55.492, 0.100549, -0.000160113, -224.99, -1.47057, 1.5599, -3.03047, -0.000143457
55.4947, 0.100489, 0.000248919, -224.953, -1.47058, 1.5599, -3.03048, -0.000143467
55.4974, 0.10008, 0.000346721, -224.915, -1.47059, 1.5599, -3.03049, -0.000143476
55.5, 0.0998368, 6.91359e-06, -224.877, -1.4706, 1.55991, -3.0305, -0.000143486
55.5027, 0.100062, -0.000331975, -224.839, -1.47061, 1.55991, -3.03051, -0.000143495
55.5054, 0.100453, -0.000232602, -224.801, -1.47062, 1.55991, -3.03052, -0.000143505
55.5081, 0.100493, 0.000176959, -224.763, -1.47062, 1.55991, -3.03054, -0.000143514
55.5108, 0.100118, 0.000368568, -224.726, -1.47063, 1.55991, -3.03055, -0.000143524
55.5135, 0.0997998, 9.51101e-05, -224.688, -1.47064, 1.55991, -3.03056, -0.000143533
55.5161, 0.0999361, -0.000291065, -224.65, -1.47065, 1.55992, -3.03057, -0.000143543
55.5188, 0.10034, -0.000292362, -224.612, -1.47066, 1.55992, -3.03058, -0.000143552
55.5215, 0.100478, 9.30018e-05, -224.574, -1.47067, 1.55992, -3.03059, -0.000143562
55.5242, 0.100162, 0.000368852, -224.537, -1.47068, 1.55992, -3.0306, -0.000143571
55.5269, 0.0997849, 0.000180015, -224.499, -1.47069, 1.55992, -3.03061, -0.000143581
55.5296, 0.099821, -0.000230592, -224.461, -1.4707, 1.55992, -3.03062, -0.00014359
55.5322, 0.100211, -0.000334705, -224.423, -1.47071, 1.55993, -3.03063, -0.0001436
55.5349, 0.100442, 1.68522e-06, -224.386, -1.47072, 1.55993, -3.03065, -0.000143609
55.5376, 0.100204, 0.000346128, -224.348, -1.47073, 1.55993, -3.03066, -0.000143619
55.5403, 0.0997914, 0.000255831, -224.31, -1.47074, 1.55993, -3.03067, -0.000143628
55.543, 0.0997221, -0.000153277, -224.272, -1.47075, 1.55993, -3.03068, -0.000143638
55.5457, 0.100073, -0.000355667, -224.235, -1.47076, 1.55993, -3.03069, -0.000143647
55.5484, 0.100382, -9.13303e-05, -224.197, -1.47077, 1.55994, -3.0307, -0.000143657
55.551, 0.10024, 0.000300447, -224.159, -1.47078, 1.55994, -3.03071, -0.000143666
55.5537, 0.099817, 0.0003168, -224.122, -1.47078, 1.55994, -3.03072, -0.000143676
55.5564, 0.099644, -6.33553e-05, -224.084, -1.47079, 1.55994, -3.03073, -0.000143685
55.5591, 0.0999309, -0.000352431, -224.046, -1.4708, 1.55994, -3.03075, -0.000143695
55.5618, 0.100298, -0.000179662, -224.008, -1.47081, 1.55994, -3.03076, -0.000143704
55.5645, 0.100262, 0.000233565, -223.971, -1.47082, 1.55995, -3.03077, -0.000143714
55.5671, 0.0998577, 0.000357668, -223.933, -1.47083, 1.55995, -3.03078, -0.000143723
55.5698, 0.0995904, 3.35522e-05, -223.895, -1.47084, 1.55995, -3.03079, -0.000143733
55.5725, 0.0997907, -0.000323712, -223.858, -1.47085, 1.55995, -3.0308, -0.000143742
55.5752, 0.10019, -0.000256622, -223.82, -1.47086, 1.55995, -3.03081, -0.000143752
55.5779, 0.100265, 0.000149044, -223.782, -1.47087, 1.55995, -3.03082, -0.000143761
55.5806, 0.0999081, 0.000374189, -223.745, -1.47088, 1.55996, -3.03083, -0.000143771
55.5832, 0.0995632, 0.000130706, -223.707, -1.47089, 1.55996, -3.03085, -0.00014378
55.5859, 0.0996599, -0.000270089, -223.67, -1.4709, 1.55996, -3.03086, -0.00014379
55.5886, 0.100063, -0.000315741, -223.632, -1.47091, 1.55996, -3.03087, -0.000143799
55.5913, 0.100245, 5.21993e-05, -223.594, -1.47092, 1.55996, -3.03088, -0.000143809
55.594, 0.0999613, 0.000363633, -223.557, -1.47093, 1.55996, -3.03089, -0.000143818
55.5967, 0.0995624, 0.000220674, -223.519, -1.47093, 1.55997, -3.0309, -0.000143828
55.5993, 0.0995455, -0.000194204, -223.481, -1.47094, 1.55997, -3.03091, -0.000143837
55.602, 0.0999202, -0.000351352, -223.444, -1.47095, 1.55997, -3.03092, -0.000143847
55.6047, 0.100196, -5.01191e-05, -223.406, -1.47096, 1.55997, -3.03093, -0.000143856
55.6074, 0.10001, 0.000325224, -223.369, -1.47097, 1.55997, -3.03095, -0.000143866
55.6101, 0.0995861, 0.000295886, -223.331, -1.47098, 1.55997, -3.03096, -0.000143875
55.6128, 0.0994538, -0.000100813, -223.294, -1.47099, 1.55998, -3.03097, -0.000143885
55.6154, 0.0997696, -0.000359209, -223.256, -1.471, 1.55998, -3.03098, -0.000143894
55.6181, 0.100119, -0.000149935, -223.218, -1.47101, 1.55998, -3.03099, -0.000143904
55.6208, 0.100045, 0.000260475, -223.181, -1.47102, 1.55998, -3.031, -0.000143913
55.6235, 0.0996297, 0.000349306, -223.143, -1.47103, 1.55998, -3.03101, -0.000143923
55.6262, 0.0993899, 3.36655e-06, -223.106, -1.47104, 1.55998, -3.03102, -0.000143932
55.6289, 0.0996191, -0.000337058, -223.068, -1.47105, 1.55999, -3.03103, -0.000143942
55.6315, 0.100014, -0.000238731, -223.031, -1.47106, 1.55999, -3.03105, -0.000143951
55.6342, 0.10006, 0.000173353, -222.993, -1.47107, 1.55999, -3.03106, -0.000143961
55.6369, 0.0996867, 0.00037515, -222.956, -1.47108, 1.55999, -3.03107, -0.000143971
55.6396, 0.0993568, 0.000110029, -222.918, -1.47108, 1.55999, -3.03108, -0.00014398
55.6423, 0.0994775, -0.000285114, -222.881, -1.47109, 1.56, -3.03109, -0.00014399
55.645, 0.0998835, -0.000308182, -222.843, -1.4711, 1.56, -3.0311, -0.000143999
55.6476, 0.100047, 7.02132e-05, -222.806, -1.47111, 1.56, -3.03111, -0.000144009
55.6503, 0.0997488, 0.000369608, -222.768, -1.47112, 1.56, -3.03112, -0.000144018
55.653, 0.099355, 0.000209872, -222.731, -1.47113, 1.56, -3.03113, -0.000144028
55.6557, 0.0993538, -0.000206352, -222.693, -1.47114, 1.56, -3.03114, -0.000144037
55.6584, 0.0997348, -0.000350992, -222.656, -1.47115, 1.56001, -3.03116, -0.000144047
55.6611, 0.100003, -4.05157e-05, -222.618, -1.47116, 1.56001, -3.03117, -0.000144056
55.6637, 0.0998062, 0.000331463, -222.581, -1.47117, 1.56001, -3.03118, -0.000144066
55.6664, 0.099382, 0.000293394, -222.543, -1.47118, 1.56001, -3.03119, -0.000144075
55.6691, 0.099256, -0.000106562, -222.506, -1.47119, 1.56001, -3.0312, -0.000144085
55.6718, 0.099576, -0.00036175, -222.469, -1.4712, 1.56001, -3.03121, -0.000144095
55.6745, 0.0999249, -0.000148919, -222.431, -1.47121, 1.56002, -3.03122, -0.000144104
55.6772, 0.0998491, 0.000262542, -222.394, -1.47122, 1.56002, -3.03123, -0.000144114
55.6799, 0.0994325, 0.000351833, -222.356, -1.47123, 1.56002, -3.03124, -0.000144123
55.6825, 0.0991904, 5.89562e-06, -222.319, -1.47124, 1.56002, -3.03126, -0.000144133
55.6852, 0.0994172, -0.000337719, -222.282, -1.47124, 1.56002, -3.03127, -0.000144142
55.6879, 0.0998143, -0.000244436, -222.244, -1.47125, 1.56002, -3.03128, -0.000144152
55.6906, 0.0998678, 0.000167893, -222.207, -1.47126, 1.56003, -3.03129, -0.000144161
55.6933, 0.0994981, 0.00037817, -222.169, -1.47127, 1.56003, -3.0313, -0.000144171
55.696, 0.0991605, 0.000120654, -222.132, -1.47128, 1.56003, -3.03131, -0.000144181
55.6986, 0.0992695, -0.000279452, -222.095, -1.47129, 1.56003, -3.03132, -0.00014419
55.7013, 0.0996758, -0.000316909, -222.057, -1.4713, 1.56003, -3.03133, -0.0001442
55.704, 0.0998545, 5.56428e-05, -222.02, -1.47131, 1.56003, -3.03134, -0.000144209
55.7067, 0.0995683, 0.000368098, -221.983, -1.47132, 1.56004, -3.03136, -0.000144219
55.7094, 0.0991663, 0.000226221, -221.945, -1.47133, 1.56004, -3.03137, -0.000144228
55.7121, 0.0991437, -0.000191121, -221.908, -1.47134, 1.56004, -3.03138, -0.000144238
55.7147, 0.0995172, -0.000357733, -221.871, -1.47135, 1.56004, -3.03139, -0.000144247
55.7174, 0.0998043, -6.35373e-05, -221.833, -1.47136, 1.56004, -3.0314, -0.000144257
55.7201, 0.0996313, 0.000320809, -221.796, -1.47137, 1.56004, -3.03141, -0.000144267
55.7228, 0.0992042, 0.000311116, -221.759, -1.47138, 1.56005, -3.03142, -0.000144276
55.7255, 0.0990491, -8.04809e-05, -221.721, -1.47139, 1.56005, -3.03143, -0.000144286
55.7282, 0.0993495, -0.000361001, -221.684, -1.47139, 1.56005, -3.03144, -0.000144295
55.7308, 0.0997155, -0.000177332, -221.647, -1.4714, 1.56005, -3.03146, -0.000144305
55.7335, 0.0996748, 0.000239498, -221.609, -1.47141, 1.56005, -3.03147, -0.000144314
55.7362, 0.0992667, 0.000365181, -221.572, -1.47142, 1.56005, -3.03148, -0.000144324
55.7389, 0.0989925, 4.16103e-05, -221.535, -1.47143, 1.56006, -3.03149, -0.000144334
55.7416, 0.0991852, -0.0003245, -221.498, -1.47144, 1.56006, -3.0315, -0.000144343
55.7443, 0.0995908, -0.000273018, -221.46, -1.47145, 1.56006, -3.03151, -0.000144353
55.7469, 0.099688, 0.000131448, -221.423, -1.47146, 1.56006, -3.03152, -0.000144362
55.7496, 0.0993428, 0.000380919, -221.386, -1.47147, 1.56006, -3.03153, -0.000144372
55.7523, 0.0989769, 0.000162109, -221.349, -1.47148, 1.56006, -3.03154, -0.000144381
55.755, 0.0990377, -0.000250384, -221.311, -1.47149, 1.56007, -3.03155, -0.000144391
55.7577, 0.0994373, -0.00033893, -221.274, -1.4715, 1.56007, -3.03157, -0.000144401
55.7604, 0.0996626, 7.6171e-06, -221.237, -1.47151, 1.56007, -3.03158, -0.00014441
55.763, 0.0994192, 0.000354689, -221.2, -1.47152, 1.56007, -3.03159, -0.00014442
55.7657, 0.0990005, 0.000267117, -221.163, -1.47153, 1.56007, -3.0316, -0.000144429
55.7684, 0.0989195, -0.000145403, -221.125, -1.47154, 1.56007, -3.03161, -0.000144439
55.7711, 0.099266, -0.000365998, -221.088, -1.47155, 1.56008, -3.03162, -0.000144449
55.7738, 0.0995943, -0.000118291, -221.051, -1.47155, 1.56008, -3.03163, -0.000144458
55.7765, 0.0994814, 0.000287582, -221.014, -1.47156, 1.56008, -3.03164, -0.000144468
55.7791, 0.0990569, 0.000343506, -220.977, -1.47157, 1.56008, -3.03165, -0.000144477
55.7818, 0.0988402, -2.05673e-05, -220.939, -1.47158, 1.56008, -3.03167, -0.000144487
55.7845, 0.0990908, -0.000349167, -220.902, -1.47159, 1.56008, -3.03168, -0.000144496
55.7872, 0.0994835, -0.000231255, -220.865, -1.4716, 1.56009, -3.03169, -0.000144506
55.7899, 0.0995156, 0.000185794, -220.828, -1.47161, 1.56009, -3.0317, -0.000144516
55.7926, 0.0991351, 0.000380673, -220.791, -1.47162, 1.56009, -3.03171, -0.000144525
55.7952, 0.0988058, 0.000109801, -220.754, -1.47163, 1.56009, -3.03172, -0.000144535
55.7979, 0.0989274, -0.000288475, -220.717, -1.47164, 1.56009, -3.03173, -0.000144544
55.8006, 0.0993363, -0.000316729, -220.679, -1.47165, 1.56009, -3.03174, -0.000144554
55.8033, 0.0995104, 6.03747e-05, -220.642, -1.47166, 1.5601, -3.03175, -0.000144564
55.806, 0.0992205, 0.000372181, -220.605, -1.47167, 1.5601, -3.03177, -0.000144573
55.8087, 0.0988166, 0.000229586, -220.568, -1.47168, 1.5601, -3.03178, -0.000144583
55.8114, 0.0987909, -0.000189588, -220.531, -1.47169, 1.5601, -3.03179, -0.000144592
55.814, 0.0991637, -0.000362616, -220.494, -1.4717, 1.5601, -3.0318, -0.000144602
55.8167, 0.0994586, -7.37352e-05, -220.457, -1.4717, 1.56011, -3.03181, -0.000144612
55.8194, 0.0992963, 0.000317066, -220.42, -1.47171, 1.56011, -3.03182, -0.000144621
55.8221, 0.0988673, 0.000322858, -220.383, -1.47172, 1.56011, -3.03183, -0.000144631
55.8248, 0.0986942, -6.36269e-05, -220.346, -1.47173, 1.56011, -3.03184, -0.00014464
55.8275, 0.0989809, -0.000361164, -220.309, -1.47174, 1.56011, -3.03185, -0.00014465
55.8301, 0.0993589, -0.000199333, -220.271, -1.47175, 1.56011, -3.03187, -0.00014466
55.8328, 0.0993461, 0.000220527, -220.234, -1.47176, 1.56012, -3.03188, -0.000144669
55.8355, 0.0989467, 0.000376081, -220.197, -1.47177, 1.56012, -3.03189, -0.000144679
55.8382, 0.0986457, 7.38167e-05, -220.16, -1.47178, 1.56012, -3.0319, -0.000144688
55.8409, 0.0988058, -0.000310485, -220.123, -1.47179, 1.56012, -3.03191, -0.000144698
55.8436, 0.0992163, -0.000299128, -220.086, -1.4718, 1.56012, -3.03192, -0.000144708
55.8462, 0.0993555, 9.38299e-05, -220.049, -1.47181, 1.56012, -3.03193, -0.000144717
55.8489, 0.0990387, 0.000380266, -220.012, -1.47182, 1.56013, -3.03194, -0.000144727
55.8516, 0.0986477, 0.000204432, -219.975, -1.47183, 1.56013, -3.03195, -0.000144737
55.8543, 0.0986562, -0.000215421, -219.938, -1.47184, 1.56013, -3.03196, -0.000144746
55.857, 0.0990421, -0.000358203, -219.901, -1.47185, 1.56013, -3.03198, -0.000144756
55.8597, 0.099315, -4.67084e-05, -219.864, -1.47185, 1.56013, -3.03199, -0.000144765
55.8623, 0.0991246, 0.000332726, -219.827, -1.47186, 1.56013, -3.032, -0.000144775
55.865, 0.0986955, 0.000309579, -219.79, -1.47187, 1.56014, -3.03201, -0.000144785
55.8677, 0.0985478, -8.75026e-05, -219.753, -1.47188, 1.56014, -3.03202, -0.000144794
55.8704, 0.0988531, -0.000366442, -219.716, -1.47189, 1.56014, -3.03203, -0.000144804
55.8731, 0.0992215, -0.000181622, -219.679, -1.4719, 1.56014, -3.03204, -0.000144813
55.8758, 0.0991851, 0.000238095, -219.642, -1.47191, 1.56014, -3.03205, -0.000144823
55.8784, 0.0987773, 0.00037303, -219.606, -1.47192, 1.56014, -3.03206, -0.000144833
55.8811, 0.0984912, 5.61174e-05, -219.569, -1.47193, 1.56015, -3.03208, -0.000144842
55.8838, 0.0986693, -0.000320514, -219.532, -1.47194, 1.56015, -3.03209, -0.000144852
55.8865, 0.0990797, -0.000290928, -219.495, -1.47195, 1.56015, -3.0321, -0.000144862
55.8892, 0.0992032, 0.000108334, -219.458, -1.47196, 1.56015, -3.03211, -0.000144871
55.8919, 0.0988755, 0.000383671, -219.421, -1.47197, 1.56015, -3.03212, -0.000144881
55.8945, 0.09849, 0.000194747, -219.384, -1.47198, 1.56015, -3.03213, -0.00014489
55.8972, 0.0985114, -0.000225044, -219.347, -1.47199, 1.56016, -3.03214, -0.0001449
55.8999, 0.0989017, -0.000357163, -219.31, -1.472, 1.56016, -3.03215, -0.00014491
55.9026, 0.0991674, -3.84209e-05, -219.273, -1.47201, 1.56016, -3.03216, -0.000144919
55.9053, 0.0989688, 0.000337731, -219.236, -1.47201, 1.56016, -3.03218, -0.000144929
55.908, 0.0985395, 0.00030706, -219.2, -1.47202, 1.56016, -3.03219, -0.000144939
55.9106, 0.0983975, -9.26335e-05, -219.163, -1.47203, 1.56016, -3.0322, -0.000144948
55.9133, 0.0987064, -0.000368387, -219.126, -1.47204, 1.56017, -3.03221, -0.000144958
55.916, 0.0990738, -0.00018016, -219.089, -1.47205, 1.56017, -3.03222, -0.000144968
55.9187, 0.0990352, 0.000240068, -219.052, -1.47206, 1.56017, -3.03223, -0.000144977
55.9214, 0.0986266, 0.000374458, -219.015, -1.47207, 1.56017, -3.03224, -0.000144987
55.9241, 0.0983397, 5.74177e-05, -218.978, -1.47208, 1.56017, -3.03225, -0.000144996
55.9267, 0.0985164, -0.000320629, -218.942, -1.47209, 1.56017, -3.03226, -0.000145006
55.9294, 0.0989276, -0.00029422, -218.905, -1.4721, 1.56018, -3.03227, -0.000145016
55.9321, 0.0990556, 0.00010418, -218.868, -1.47211, 1.56018, -3.03229, -0.000145025
55.9348, 0.0987314, 0.000384376, -218.831, -1.47212, 1.56018, -3.0323, -0.000145035
55.9375, 0.0983421, 0.00020168, -218.794, -1.47213, 1.56018, -3.03231, -0.000145045
55.9402, 0.098355, -0.000219278, -218.758, -1.47214, 1.56018, -3.03232, -0.000145054
55.9429, 0.0987427, -0.000360992, -218.721, -1.47215, 1.56018, -3.03233, -0.000145064
55.9455, 0.0990172, -4.92622e-05, -218.684, -1.47216, 1.56019, -3.03234, -0.000145074
55.9482, 0.0988297, 0.000332942, -218.647, -1.47216, 1.56019, -3.03235, -0.000145083
55.9509, 0.098399, 0.000316166, -218.61, -1.47217, 1.56019, -3.03236, -0.000145093
55.9536, 0.0982423, -7.90236e-05, -218.574, -1.47218, 1.56019, -3.03237, -0.000145103
55.9563, 0.0985406, -0.000367538, -218.537, -1.47219, 1.56019, -3.03239, -0.000145112
55.959, 0.0989162, -0.0001953, -218.5, -1.4722, 1.56019, -3.0324, -0.000145122
55.9616, 0.0988969, 0.000226424, -218.463, -1.47221, 1.5602, -3.03241, -0.000145132
55.9643, 0.0984948, 0.000380426, -218.427, -1.47222, 1.5602, -3.03242, -0.000145141
55.967, 0.0981913, 7.78628e-05, -218.39, -1.47223, 1.5602, -3.03243, -0.000145151
55.9697, 0.098347, -0.00031044, -218.353, -1.47224, 1.5602, -3.03244, -0.000145161
55.9724, 0.0987596, -0.000308673, -218.316, -1.47225, 1.5602, -3.03245, -0.00014517
55.9751, 0.0989122, 8.10329e-05, -218.28, -1.47226, 1.5602, -3.03246, -0.00014518
55.9777, 0.0986064, 0.000381462, -218.243, -1.47227, 1.56021, -3.03247, -0.00014519
55.9804, 0.0982051, 0.000224801, -218.206, -1.47228, 1.56021, -3.03249, -0.000145199
55.9831, 0.0981879, -0.000197245, -218.17, -1.47229, 1.56021, -3.0325, -0.000145209
55.9858, 0.0985645, -0.000368306, -218.133, -1.4723, 1.56021, -3.03251, -0.000145219
55.9885, 0.0988627, -7.91217e-05, -218.096, -1.47231, 1.56021, -3.03252, -0.000145228
55.9912, 0.0987064, 0.000316726, -218.06, -1.47231, 1.56021, -3.03253, -0.000145238
55.9938, 0.0982752, 0.000335345, -218.023, -1.47232, 1.56022, -3.03254, -0.000145248
55.9965, 0.0980845, -4.60454e-05, -217.986, -1.47233, 1.56022, -3.03255, -0.000145257
55.9992, 0.0983559, -0.000361522, -217.95, -1.47234, 1.56022, -3.03256, -0.000145267
56.0019, 0.0987464, -0.000225771, -217.913, -1.47235, 1.56022, -3.03257, -0.000145277
56.0047, 0.0987577, 0.000211941, -217.875, -1.47236, 1.56022, -3.03259, -0.000145287
56.0075, 0.098344, 0.000382037, -217.837, -1.47237, 1.56023, -3.0326, -0.000145297
56.0103, 0.0980356, 6.10127e-05, -217.798, -1.47238, 1.56023, -3.03261, -0.000145307
56.0131, 0.0982247, -0.000329796, -217.76, -1.47239, 1.56023, -3.03262, -0.000145317
56.0159, 0.0986504, -0.000277429, -217.722, -1.4724, 1.56023, -3.03263, -0.000145327
56.0187, 0.0987413, 0.000149559, -217.684, -1.47241, 1.56023, -3.03264, -0.000145337
56.0215, 0.0983652, 0.000391176, -217.646, -1.47242, 1.56023, -3.03265, -0.000145347
56.0243, 0.0980024, 0.0001305, -217.607, -1.47243, 1.56024, -3.03267, -0.000145357
56.0271, 0.0981156, -0.000290899, -217.569, -1.47244, 1.56024, -3.03268, -0.000145367
56.0299, 0.0985439, -0.000320792, -217.531, -1.47245, 1.56024, -3.03269, -0.000145377
56.0327, 0.0987134, 8.01267e-05, -217.493, -1.47246, 1.56024, -3.0327, -0.000145388
56.0355, 0.0983892, 0.000386891, -217.455, -1.47247, 1.56024, -3.03271, -0.000145398
56.0383, 0.0979828, 0.000197796, -217.417, -1.47248, 1.56024, -3.03272, -0.000145408
56.0411, 0.0980133, -0.000239805, -217.379, -1.47249, 1.56025, -3.03274, -0.000145418
56.0439, 0.0984282, -0.000353364, -217.341, -1.4725, 1.56025, -3.03275, -0.000145428
56.0467, 0.098672, 5.78949e-06, -217.302, -1.47251, 1.56025, -3.03276, -0.000145438
56.0495, 0.098413, 0.000368128, -217.264, -1.47252, 1.56025, -3.03277, -0.000145448
56.0523, 0.0979769, 0.000259945, -217.226, -1.47253, 1.56025, -3.03278, -0.000145458
56.055, 0.0979208, -0.000177525, -217.188, -1.47254, 1.56026, -3.03279, -0.000145468
56.0578, 0.0983053, -0.000372813, -217.15, -1.47255, 1.56026, -3.0328, -0.000145478
56.0606, 0.0986156, -7.07569e-05, -217.112, -1.47256, 1.56026, -3.03282, -0.000145489
56.0634, 0.0984337, 0.0003344, -217.074, -1.47257, 1.56026, -3.03283, -0.000145499
56.0662, 0.0979841, 0.000313822, -217.036, -1.47258, 1.56026, -3.03284, -0.000145509
56.069, 0.0978407, -0.000105777, -216.998, -1.47259, 1.56026, -3.03285, -0.000145519
56.0718, 0.0981778, -0.000377141, -216.96, -1.4726, 1.56027, -3.03286, -0.000145529
56.0746, 0.0985433, -0.000146323, -216.922, -1.47261, 1.56027, -3.03287, -0.000145539
56.0774, 0.0984479, 0.000285917, -216.884, -1.47262, 1.56027, -3.03289, -0.000145549
56.0802, 0.098003, 0.000356292, -216.846, -1.47263, 1.56027, -3.0329, -0.000145559
56.083, 0.0977755, -2.70078e-05, -216.808, -1.47264, 1.56027, -3.03291, -0.000145569
56.0858, 0.098049, -0.000364867, -216.77, -1.47265, 1.56027, -3.03292, -0.00014558
56.0886, 0.0984548, -0.000217332, -216.732, -1.47266, 1.56028, -3.03293, -0.00014559
56.0914, 0.098452, 0.000223704, -216.694, -1.47267, 1.56028, -3.03294, -0.0001456
56.0942, 0.0980313, 0.000384404, -216.656, -1.47268, 1.56028, -3.03295, -0.00014561
56.097, 0.0977272, 5.56225e-05, -216.618, -1.47268, 1.56028, -3.03297, -0.00014562
56.0998, 0.0979225, -0.000335205, -216.58, -1.47269, 1.56028, -3.03298, -0.00014563
56.1026, 0.0983507, -0.000279973, -216.542, -1.4727, 1.56029, -3.03299, -0.00014564
56.1054, 0.0984426, 0.000149674, -216.504, -1.47271, 1.56029, -3.033, -0.00014565
56.1082, 0.098066, 0.000395605, -216.466, -1.47272, 1.56029, -3.03301, -0.000145661
56.111, 0.0976972, 0.000138321, -216.428, -1.47273, 1.56029, -3.03302, -0.000145671
56.1138, 0.0978024, -0.000288243, -216.39, -1.47274, 1.56029, -3.03304, -0.000145681
56.1166, 0.0982325, -0.000330409, -216.352, -1.47275, 1.56029, -3.03305, -0.000145691
56.1194, 0.0984167, 6.66624e-05, -216.314, -1.47276, 1.5603, -3.03306, -0.000145701
56.1222, 0.0981034, 0.00038798, -216.276, -1.47277, 1.5603, -3.03307, -0.000145711
56.125, 0.097686, 0.000216801, -216.238, -1.47278, 1.5603, -3.03308, -0.000145721
56.1278, 0.097693, -0.000225084, -216.2, -1.47279, 1.5603, -3.03309, -0.000145731
56.1306, 0.0981027, -0.000365023, -216.162, -1.4728, 1.5603, -3.0331, -0.000145742
56.1334, 0.0983718, -2.16029e-05, -216.124, -1.47281, 1.5603, -3.03312, -0.000145752
56.1362, 0.0981389, 0.000360485, -216.087, -1.47282, 1.56031, -3.03313, -0.000145762
56.139, 0.0976928, 0.000286484, -216.049, -1.47283, 1.56031, -3.03314, -0.000145772
56.1418, 0.0975983, -0.000147942, -216.011, -1.47284, 1.56031, -3.03315, -0.000145782
56.1446, 0.0979651, -0.000380702, -215.973, -1.47285, 1.56031, -3.03316, -0.000145792
56.1474, 0.0983062, -0.00011061, -215.935, -1.47286, 1.56031, -3.03317, -0.000145802
56.1502, 0.0981677, 0.000313166, -215.897, -1.47287, 1.56031, -3.03319, -0.000145813
56.153, 0.097716, 0.000342769, -215.859, -1.47288, 1.56032, -3.0332, -0.000145823
56.1558, 0.0975221, -6.01757e-05, -215.822, -1.47289, 1.56032, -3.03321, -0.000145833
56.1586, 0.097824, -0.000375138, -215.784, -1.4729, 1.56032, -3.03322, -0.000145843
56.1614, 0.0982192, -0.000195251, -215.746, -1.47291, 1.56032, -3.03323, -0.000145853
56.1642, 0.0981849, 0.000247336, -215.708, -1.47292, 1.56032, -3.03324, -0.000145863
56.167, 0.0977525, 0.000381356, -215.67, -1.47293, 1.56033, -3.03326, -0.000145873
56.1698, 0.0974673, 3.37699e-05, -215.632, -1.47294, 1.56033, -3.03327, -0.000145884
56.1726, 0.0976847, -0.000347127, -215.595, -1.47295, 1.56033, -3.03328, -0.000145894
56.1754, 0.0981118, -0.000270093, -215.557, -1.47296, 1.56033, -3.03329, -0.000145904
56.1782, 0.0981854, 0.000165678, -215.519, -1.47297, 1.56033, -3.0333, -0.000145914
56.1809, 0.0977979, 0.000398612, -215.481, -1.47298, 1.56033, -3.03331, -0.000145924
56.1837, 0.0974359, 0.000128514, -215.443, -1.47299, 1.56034, -3.03332, -0.000145934
56.1865, 0.0975531, -0.00029683, -215.406, -1.473, 1.56034, -3.03334, -0.000145944
56.1893, 0.0979861, -0.000329733, -215.368, -1.47301, 1.56034, -3.03335, -0.000145955
56.1921, 0.098165, 7.2268e-05, -215.33, -1.47302, 1.56034, -3.03336, -0.000145965
56.1949, 0.0978469, 0.000391943, -215.292, -1.47303, 1.56034, -3.03337, -0.000145975
56.1977, 0.0974284, 0.000218001, -215.255, -1.47304, 1.56034, -3.03338, -0.000145985
56.2005, 0.0974351, -0.000225974, -215.217, -1.47305, 1.56035, -3.03339, -0.000145995
56.2033, 0.0978459, -0.000369216, -215.179, -1.47306, 1.56035, -3.03341, -0.000146005
56.2061, 0.0981204, -2.753e-05, -215.142, -1.47307, 1.56035, -3.03342, -0.000146016
56.2089, 0.0978931, 0.000360164, -215.104, -1.47308, 1.56035, -3.03343, -0.000146026
56.2117, 0.0974434, 0.00029587, -215.066, -1.47309, 1.56035, -3.03344, -0.000146036
56.2145, 0.0973361, -0.000137963, -215.028, -1.4731, 1.56036, -3.03345, -0.000146046
56.2173, 0.0976965, -0.000384494, -214.991, -1.47311, 1.56036, -3.03346, -0.000146056
56.2201, 0.0980496, -0.000127288, -214.953, -1.47312, 1.56036, -3.03347, -0.000146066
56.2229, 0.0979299, 0.000303799, -214.915, -1.47313, 1.56036, -3.03349, -0.000146077
56.2257, 0.0974783, 0.000355919, -214.878, -1.47313, 1.56036, -3.0335, -0.000146087
56.2285, 0.0972611, -3.78472e-05, -214.84, -1.47314, 1.56036, -3.03351, -0.000146097
56.2313, 0.0975443, -0.000372893, -214.802, -1.47315, 1.56037, -3.03352, -0.000146107
56.2341, 0.0979526, -0.000219884, -214.765, -1.47316, 1.56037, -3.03353, -0.000146117
56.2369, 0.0979504, 0.0002253, -214.727, -1.47317, 1.56037, -3.03354, -0.000146127
56.2397, 0.097528, 0.00039264, -214.689, -1.47318, 1.56037, -3.03356, -0.000146138
56.2425, 0.0972134, 6.78463e-05, -214.652, -1.47319, 1.56037, -3.03357, -0.000146148
56.2453, 0.0973969, -0.000333533, -214.614, -1.4732, 1.56037, -3.03358, -0.000146158
56.2481, 0.0978312, -0.000297995, -214.576, -1.47321, 1.56038, -3.03359, -0.000146168
56.2509, 0.0979485, 0.000129113, -214.539, -1.47322, 1.56038, -3.0336, -0.000146178
56.2537, 0.0975862, 0.000401787, -214.501, -1.47323, 1.56038, -3.03361, -0.000146189
56.2565, 0.0971948, 0.000171461, -214.464, -1.47324, 1.56038, -3.03362, -0.000146199
56.2593, 0.0972619, -0.00026767, -214.426, -1.47325, 1.56038, -3.03364, -0.000146209
56.2621, 0.0976894, -0.000354702, -214.388, -1.47326, 1.56039, -3.03365, -0.000146219
56.2649, 0.097919, 2.15886e-05, -214.351, -1.47327, 1.56039, -3.03366, -0.000146229
56.2677, 0.097645, 0.000380931, -214.313, -1.47328, 1.56039, -3.03367, -0.000146239
56.2705, 0.0972045, 0.000264722, -214.276, -1.47329, 1.56039, -3.03368, -0.00014625
56.2733, 0.097147, -0.000178881, -214.238, -1.4733, 1.56039, -3.03369, -0.00014626
56.2761, 0.0975335, -0.000384165, -214.201, -1.47331, 1.56039, -3.03371, -0.00014627
56.2789, 0.0978587, -8.93296e-05, -214.163, -1.47332, 1.5604, -3.03372, -0.00014628
56.2817, 0.0976957, 0.000329928, -214.126, -1.47333, 1.5604, -3.03373, -0.00014629
56.2845, 0.0972396, 0.000339399, -214.088, -1.47334, 1.5604, -3.03374, -0.000146301
56.2873, 0.0970589, -7.30699e-05, -214.05, -1.47335, 1.5604, -3.03375, -0.000146311
56.2901, 0.0973713, -0.000382306, -214.013, -1.47336, 1.5604, -3.03376, -0.000146321
56.2929, 0.0977668, -0.000194608, -213.975, -1.47337, 1.5604, -3.03377, -0.000146331
56.2957, 0.0977296, 0.000251255, -213.938, -1.47338, 1.56041, -3.03379, -0.000146341
56.2985, 0.0972945, 0.00038808, -213.9, -1.47339, 1.56041, -3.0338, -0.000146352
56.3013, 0.0970024, 4.17764e-05, -213.863, -1.4734, 1.56041, -3.03381, -0.000146362
56.3041, 0.0972122, -0.000347435, -213.825, -1.47341, 1.56041, -3.03382, -0.000146372
56.3068, 0.097645, -0.000284836, -213.788, -1.47342, 1.56041, -3.03383, -0.000146382
56.3096, 0.0977384, 0.000150124, -213.75, -1.47343, 1.56042, -3.03384, -0.000146392
56.3124, 0.0973613, 0.000404991, -213.713, -1.47344, 1.56042, -3.03386, -0.000146403
56.3152, 0.09698, 0.000156071, -213.676, -1.47345, 1.56042, -3.03387, -0.000146413
56.318, 0.0970663, -0.000280729, -213.638, -1.47346, 1.56042, -3.03388, -0.000146423
56.3208, 0.0974982, -0.000351091, -213.601, -1.47347, 1.56042, -3.03389, -0.000146433
56.3236, 0.0977155, 3.43323e-05, -213.563, -1.47348, 1.56042, -3.0339, -0.000146443
56.3264, 0.0974301, 0.000386786, -213.526, -1.47349, 1.56043, -3.03391, -0.000146454
56.3292, 0.0969914, 0.000259372, -213.488, -1.4735, 1.56043, -3.03392, -0.000146464
56.332, 0.096943, -0.000186498, -213.451, -1.47351, 1.56043, -3.03394, -0.000146474
56.3348, 0.097334, -0.000385896, -213.414, -1.47352, 1.56043, -3.03395, -0.000146484
56.3376, 0.0976567, -8.61801e-05, -213.376, -1.47353, 1.56043, -3.03396, -0.000146495
56.3404, 0.0974901, 0.000333195, -213.339, -1.47354, 1.56043, -3.03397, -0.000146505
56.3432, 0.0970326, 0.000341331, -213.301, -1.47355, 1.56044, -3.03398, -0.000146515
56.346, 0.0968508, -7.21454e-05, -213.264, -1.47356, 1.56044, -3.03399, -0.000146525
56.3488, 0.0971624, -0.000384183, -213.227, -1.47357, 1.56044, -3.034, -0.000146535
56.3516, 0.097561, -0.000200092, -213.189, -1.47358, 1.56044, -3.03402, -0.000146546
56.3544, 0.0975303, 0.000247454, -213.152, -1.47358, 1.56044, -3.03403, -0.000146556
56.3572, 0.0970967, 0.000392797, -213.114, -1.47359, 1.56044, -3.03404, -0.000146566
56.36, 0.0967956, 5.2223e-05, -213.077, -1.4736, 1.56045, -3.03405, -0.000146576
56.3628, 0.0969951, -0.000344129, -213.04, -1.47361, 1.56045, -3.03406, -0.000146587
56.3656, 0.097431, -0.000295735, -213.002, -1.47362, 1.56045, -3.03407, -0.000146597
56.3684, 0.0975406, 0.000136393, -212.965, -1.47363, 1.56045, -3.03409, -0.000146607
56.3712, 0.0971733, 0.000406951, -212.928, -1.47364, 1.56045, -3.0341, -0.000146617
56.374, 0.09678, 0.000174555, -212.89, -1.47365, 1.56046, -3.03411, -0.000146627
56.3768, 0.0968444, -0.000267764, -212.853, -1.47366, 1.56046, -3.03412, -0.000146638
56.3796, 0.0972731, -0.000362325, -212.816, -1.47367, 1.56046, -3.03413, -0.000146648
56.3824, 0.0975135, 1.01289e-05, -212.778, -1.47368, 1.56046, -3.03414, -0.000146658
56.3852, 0.0972502, 0.000380348, -212.741, -1.47369, 1.56046, -3.03415, -0.000146668
56.388, 0.0968026, 0.00028196, -212.704, -1.4737, 1.56046, -3.03417, -0.000146679
56.3908, 0.096722, -0.00016121, -212.667, -1.47371, 1.56047, -3.03418, -0.000146689
56.3936, 0.0970976, -0.000391295, -212.629, -1.47372, 1.56047, -3.03419, -0.000146699
56.3964, 0.0974445, -0.000118684, -212.592, -1.47373, 1.56047, -3.0342, -0.000146709
56.3992, 0.0973139, 0.000313721, -212.555, -1.47374, 1.56047, -3.03421, -0.00014672
56.402, 0.0968577, 0.000362083, -212.518, -1.47375, 1.56047, -3.03422, -0.00014673
56.4048, 0.0966372, -3.4469e-05, -212.48, -1.47376, 1.56047, -3.03424, -0.00014674
56.4076, 0.0969173, -0.000377544, -212.443, -1.47377, 1.56048, -3.03425, -0.00014675
56.4104, 0.0973338, -0.000236025, -212.406, -1.47378, 1.56048, -3.03426, -0.000146761
56.4132, 0.0973513, 0.000212391, -212.369, -1.47379, 1.56048, -3.03427, -0.000146771
56.416, 0.0969354, 0.000404625, -212.331, -1.4738, 1.56048, -3.03428, -0.000146781
56.4188, 0.0965959, 9.9302e-05, -212.294, -1.47381, 1.56048, -3.03429, -0.000146791
56.4216, 0.0967467, -0.000320462, -212.257, -1.47382, 1.56049, -3.0343, -0.000146802
56.4244, 0.0971863, -0.000328026, -212.22, -1.47383, 1.56049, -3.03432, -0.000146812
56.4272, 0.0973512, 8.61631e-05, -212.183, -1.47384, 1.56049, -3.03433, -0.000146822
56.43, 0.0970223, 0.000402831, -212.145, -1.47385, 1.56049, -3.03434, -0.000146832
56.4327, 0.0965995, 0.000225027, -212.108, -1.47386, 1.56049, -3.03435, -0.000146843
56.4355, 0.0966004, -0.000224517, -212.071, -1.47387, 1.56049, -3.03436, -0.000146853
56.4383, 0.0970116, -0.000382694, -212.034, -1.47388, 1.5605, -3.03437, -0.000146863
56.4411, 0.097306, -5.13706e-05, -211.997, -1.47389, 1.5605, -3.03439, -0.000146873
56.4439, 0.0971028, 0.000354734, -211.959, -1.4739, 1.5605, -3.0344, -0.000146884
56.4467, 0.096644, 0.000327376, -211.922, -1.47391, 1.5605, -3.03441, -0.000146894
56.4495, 0.0964913, -9.92758e-05, -211.885, -1.47392, 1.5605, -3.03442, -0.000146904
56.4523, 0.0968236, -0.000391637, -211.848, -1.47393, 1.5605, -3.03443, -0.000146914
56.4551, 0.0972132, -0.000184126, -211.811, -1.47394, 1.56051, -3.03444, -0.000146925
56.4579, 0.0971609, 0.000263944, -211.774, -1.47395, 1.56051, -3.03445, -0.000146935
56.4607, 0.0967198, 0.000392701, -211.737, -1.47396, 1.56051, -3.03447, -0.000146945
56.4635, 0.0964287, 4.12571e-05, -211.7, -1.47397, 1.56051, -3.03448, -0.000146955
56.4663, 0.0966389, -0.00035156, -211.662, -1.47398, 1.56051, -3.03449, -0.000146966
56.4691, 0.0970759, -0.000295349, -211.625, -1.47399, 1.56052, -3.0345, -0.000146976
56.4719, 0.0971821, 0.0001398, -211.588, -1.474, 1.56052, -3.03451, -0.000146986
56.4747, 0.0968127, 0.00041102, -211.551, -1.47401, 1.56052, -3.03452, -0.000146996
56.4775, 0.0964163, 0.000180007, -211.514, -1.47401, 1.56052, -3.03454, -0.000147007
56.4803, 0.0964748, -0.000265258, -211.477, -1.47402, 1.56052, -3.03455, -0.000147017
56.4831, 0.0969033, -0.000369778, -211.44, -1.47403, 1.56052, -3.03456, -0.000147027
56.4859, 0.0971556, -3.26389e-06, -211.403, -1.47404, 1.56053, -3.03457, -0.000147038
56.4887, 0.0969053, 0.00037777, -211.366, -1.47405, 1.56053, -3.03458, -0.000147048
56.4915, 0.0964518, 0.000298812, -211.329, -1.47406, 1.56053, -3.03459, -0.000147058
56.4943, 0.0963475, -0.000141895, -211.292, -1.47407, 1.56053, -3.0346, -0.000147068
56.4971, 0.0967102, -0.000395907, -211.255, -1.47408, 1.56053, -3.03462, -0.000147079
56.4999, 0.0970764, -0.000147162, -211.218, -1.47409, 1.56053, -3.03463, -0.000147089
56.5027, 0.0969785, 0.000295016, -211.181, -1.4741, 1.56054, -3.03464, -0.000147099
56.5055, 0.0965261, 0.000380845, -211.144, -1.47411, 1.56054, -3.03465, -0.00014711
56.5083, 0.0962692, 3.5984e-06, -211.107, -1.47412, 1.56054, -3.03466, -0.00014712
56.5111, 0.096515, -0.000367999, -211.07, -1.47413, 1.56054, -3.03467, -0.00014713
56.5139, 0.096946, -0.000272329, -211.033, -1.47414, 1.56054, -3.03469, -0.00014714
56.5167, 0.0970149, 0.000171856, -210.996, -1.47415, 1.56055, -3.0347, -0.000147151
56.5195, 0.0966239, 0.000413153, -210.959, -1.47416, 1.56055, -3.03471, -0.000147161
56.5223, 0.0962462, 0.000152069, -210.922, -1.47417, 1.56055, -3.03472, -0.000147171
56.5251, 0.0963382, -0.000287522, -210.885, -1.47418, 1.56055, -3.03473, -0.000147182
56.5279, 0.0967738, -0.000360406, -210.848, -1.47419, 1.56055, -3.03474, -0.000147192
56.5307, 0.0970007, 2.38302e-05, -210.811, -1.4742, 1.56055, -3.03475, -0.000147202
56.5335, 0.0967256, 0.00038896, -210.774, -1.47421, 1.56056, -3.03477, -0.000147212
56.5363, 0.0962772, 0.000282527, -210.737, -1.47422, 1.56056, -3.03478, -0.000147223
56.5391, 0.0961988, -0.00016367, -210.7, -1.47423, 1.56056, -3.03479, -0.000147233
56.5419, 0.0965755, -0.000397098, -210.663, -1.47424, 1.56056, -3.0348, -0.000147243
56.5447, 0.0969289, -0.000128748, -210.626, -1.47425, 1.56056, -3.03481, -0.000147254
56.5475, 0.0968095, 0.000309318, -210.589, -1.47426, 1.56056, -3.03482, -0.000147264
56.5503, 0.0963529, 0.000375127, -210.552, -1.47427, 1.56057, -3.03484, -0.000147274
56.5531, 0.0961117, -1.2753e-05, -210.516, -1.47428, 1.56057, -3.03485, -0.000147285
56.5559, 0.0963721, -0.000374764, -210.479, -1.47429, 1.56057, -3.03486, -0.000147295
56.5586, 0.0968001, -0.000263425, -210.442, -1.4743, 1.56057, -3.03487, -0.000147305
56.5614, 0.0968549, 0.000183729, -210.405, -1.47431, 1.56057, -3.03488, -0.000147315
56.5642, 0.0964566, 0.000414357, -210.368, -1.47432, 1.56057, -3.03489, -0.000147326
56.567, 0.096085, 0.000143629, -210.331, -1.47433, 1.56058, -3.0349, -0.000147336
56.5698, 0.0961868, -0.000294273, -210.294, -1.47434, 1.56058, -3.03492, -0.000147346
56.5726, 0.0966244, -0.00035892, -210.257, -1.47435, 1.56058, -3.03493, -0.000147357
56.5754, 0.0968457, 2.94847e-05, -210.221, -1.47436, 1.56058, -3.03494, -0.000147367
56.5782, 0.0965658, 0.000391926, -210.184, -1.47437, 1.56058, -3.03495, -0.000147377
56.581, 0.0961177, 0.000281508, -210.147, -1.47438, 1.56059, -3.03496, -0.000147388
56.5838, 0.0960416, -0.000165704, -210.11, -1.47439, 1.56059, -3.03497, -0.000147398
56.5866, 0.0964194, -0.000398663, -210.073, -1.4744, 1.56059, -3.03499, -0.000147408
56.5894, 0.0967736, -0.000130374, -210.036, -1.47441, 1.56059, -3.035, -0.000147419
56.5922, 0.096656, 0.000308814, -210, -1.47442, 1.56059, -3.03501, -0.000147429
56.595, 0.0961994, 0.000378234, -209.963, -1.47443, 1.56059, -3.03502, -0.000147439
56.5978, 0.0959536, -7.57979e-06, -209.926, -1.47444, 1.5606, -3.03503, -0.000147449
56.6006, 0.096209, -0.000373983, -209.889, -1.47445, 1.5606, -3.03504, -0.00014746
56.6034, 0.0966396, -0.000270315, -209.852, -1.47445, 1.5606, -3.03505, -0.00014747
56.6062, 0.0967038, 0.000175996, -209.816, -1.47446, 1.5606, -3.03507, -0.00014748
56.609, 0.0963108, 0.000416381, -209.779, -1.47447, 1.5606, -3.03508, -0.000147491
56.6118, 0.0959313, 0.000155439, -209.742, -1.47448, 1.5606, -3.03509, -0.000147501
56.6146, 0.0960196, -0.000286319, -209.705, -1.47449, 1.56061, -3.0351, -0.000147511
56.6174, 0.0964553, -0.00036641, -209.669, -1.4745, 1.56061, -3.03511, -0.000147522
56.6202, 0.0966915, 1.35192e-05, -209.632, -1.47451, 1.56061, -3.03512, -0.000147532
56.623, 0.0964263, 0.000387226, -209.595, -1.47452, 1.56061, -3.03513, -0.000147542
56.6258, 0.0959731, 0.000296214, -209.558, -1.47453, 1.56061, -3.03515, -0.000147553
56.6286, 0.0958757, -0.000147921, -209.522, -1.47454, 1.56062, -3.03516, -0.000147563
56.6314, 0.0962416, -0.000400635, -209.485, -1.47455, 1.56062, -3.03517, -0.000147573
56.6342, 0.0966103, -0.000152149, -209.448, -1.47456, 1.56062, -3.03518, -0.000147584
56.637, 0.0965181, 0.000293085, -209.412, -1.47457, 1.56062, -3.03519, -0.000147594
56.6398, 0.0960659, 0.000389678, -209.375, -1.47458, 1.56062, -3.0352, -0.000147604
56.6426, 0.0957955, 1.93201e-05, -209.338, -1.47459, 1.56062, -3.03522, -0.000147615
56.6454, 0.096026, -0.000364616, -209.302, -1.4746, 1.56063, -3.03523, -0.000147625
56.6482, 0.0964633, -0.000292253, -209.265, -1.47461, 1.56063, -3.03524, -0.000147635
56.651, 0.0965605, 0.000147906, -209.228, -1.47462, 1.56063, -3.03525, -0.000147646
56.6538, 0.0961867, 0.000417535, -209.191, -1.47463, 1.56063, -3.03526, -0.000147656
56.6566, 0.095787, 0.000186951, -209.155, -1.47464, 1.56063, -3.03527, -0.000147666
56.6594, 0.095838, -0.000262027, -209.118, -1.47465, 1.56063, -3.03528, -0.000147677
56.6622, 0.0962655, -0.000380786, -209.082, -1.47466, 1.56064, -3.0353, -0.000147687
56.665, 0.0965354, -2.42351e-05, -209.045, -1.47467, 1.56064, -3.03531, -0.000147697
56.6678, 0.0963061, 0.000372242, -209.008, -1.47468, 1.56064, -3.03532, -0.000147708
56.6706, 0.0958457, 0.000324631, -208.972, -1.47469, 1.56064, -3.03533, -0.000147718
56.6734, 0.095704, -0.000108985, -208.935, -1.4747, 1.56064, -3.03534, -0.000147729
56.6762, 0.0960421, -0.000399596, -208.898, -1.47471, 1.56065, -3.03535, -0.000147739
56.679, 0.0964356, -0.000192748, -208.862, -1.47472, 1.56065, -3.03537, -0.000147749
56.6818, 0.0963929, 0.000259381, -208.825, -1.47473, 1.56065, -3.03538, -0.00014776
56.6845, 0.0959541, 0.000405705, -208.789, -1.47474, 1.56065, -3.03539, -0.00014777
56.6873, 0.0956419, 6.79135e-05, -208.752, -1.47475, 1.56065, -3.0354, -0.00014778
56.6901, 0.0958248, -0.000342538, -208.715, -1.47476, 1.56065, -3.03541, -0.000147791
56.6929, 0.0962681, -0.00032582, -208.679, -1.47477, 1.56066, -3.03542, -0.000147801
56.6957, 0.0964204, 9.77366e-05, -208.642, -1.47478, 1.56066, -3.03543, -0.000147811
56.6985, 0.0960843, 0.000412682, -208.606, -1.47479, 1.56066, -3.03545, -0.000147822
56.7013, 0.0956569, 0.000235844, -208.569, -1.4748, 1.56066, -3.03546, -0.000147832
56.7041, 0.0956461, -0.000217718, -208.533, -1.47481, 1.56066, -3.03547, -0.000147842
56.7069, 0.0960532, -0.000396544, -208.496, -1.47482, 1.56066, -3.03548, -0.000147853
56.7097, 0.0963715, -8.32603e-05, -208.46, -1.47483, 1.56067, -3.03549, -0.000147863
56.7125, 0.0962023, 0.00034148, -208.423, -1.47484, 1.56067, -3.0355, -0.000147874
56.7153, 0.0957393, 0.000361738, -208.387, -1.47485, 1.56067, -3.03552, -0.000147884
56.7181, 0.0955328, -4.70986e-05, -208.35, -1.47486, 1.56067, -3.03553, -0.000147894
56.7209, 0.0958217, -0.000388728, -208.314, -1.47487, 1.56067, -3.03554, -0.000147905
56.7237, 0.0962435, -0.000248546, -208.277, -1.47487, 1.56067, -3.03555, -0.000147915
56.7265, 0.0962747, 0.000203393, -208.241, -1.47488, 1.56068, -3.03556, -0.000147925
56.7293, 0.0958655, 0.000418973, -208.204, -1.47489, 1.56068, -3.03557, -0.000147936
56.7321, 0.0955003, 0.000136806, -208.168, -1.4749, 1.56068, -3.03558, -0.000147946
56.7349, 0.0956098, -0.000301112, -208.131, -1.47491, 1.56068, -3.0356, -0.000147956
56.7377, 0.0960495, -0.000364156, -208.095, -1.47492, 1.56068, -3.03561, -0.000147967
56.7405, 0.096275, 2.40525e-05, -208.058, -1.47493, 1.56069, -3.03562, -0.000147977
56.7433, 0.0960014, 0.000393427, -208.022, -1.47494, 1.56069, -3.03563, -0.000147988
56.7461, 0.095548, 0.000296814, -207.985, -1.47495, 1.56069, -3.03564, -0.000147998
56.7489, 0.0954518, -0.000148876, -207.949, -1.47496, 1.56069, -3.03565, -0.000148008
56.7517, 0.0958173, -0.000404445, -207.912, -1.47497, 1.56069, -3.03567, -0.000148019
56.7545, 0.0961907, -0.000160793, -207.876, -1.47498, 1.56069, -3.03568, -0.000148029
56.7573, 0.0961087, 0.000287503, -207.84, -1.47499, 1.5607, -3.03569, -0.00014804
56.7601, 0.0956586, 0.000398599, -207.803, -1.475, 1.5607, -3.0357, -0.00014805
56.7629, 0.0953725, 3.82518e-05, -207.767, -1.47501, 1.5607, -3.03571, -0.00014806
56.7657, 0.0955841, -0.00035827, -207.73, -1.47502, 1.5607, -3.03572, -0.000148071
56.7685, 0.0960262, -0.000312143, -207.694, -1.47503, 1.5607, -3.03573, -0.000148081
56.7713, 0.0961532, 0.000120958, -207.657, -1.47504, 1.5607, -3.03575, -0.000148091
56.7741, 0.0958001, 0.000418373, -207.621, -1.47505, 1.56071, -3.03576, -0.000148102
56.7769, 0.0953811, 0.000221292, -207.585, -1.47506, 1.56071, -3.03577, -0.000148112
56.7797, 0.0953897, -0.0002326, -207.548, -1.47507, 1.56071, -3.03578, -0.000148123
56.7825, 0.0958038, -0.000396059, -207.512, -1.47508, 1.56071, -3.03579, -0.000148133
56.7853, 0.0961125, -7.20618e-05, -207.476, -1.47509, 1.56071, -3.0358, -0.000148143
56.7881, 0.0959321, 0.000349006, -207.439, -1.4751, 1.56072, -3.03581, -0.000148154
56.7909, 0.0954681, 0.00035995, -207.403, -1.47511, 1.56072, -3.03583, -0.000148164
56.7937, 0.0952675, -5.24089e-05, -207.367, -1.47512, 1.56072, -3.03584, -0.000148175
56.7965, 0.09556, -0.000391677, -207.33, -1.47513, 1.56072, -3.03585, -0.000148185
56.7993, 0.0959819, -0.000249569, -207.294, -1.47514, 1.56072, -3.03586, -0.000148195
56.8022, 0.0960055, 0.000217378, -207.256, -1.47515, 1.56072, -3.03587, -0.000148206
56.805, 0.0955723, 0.000417867, -207.219, -1.47516, 1.56073, -3.03588, -0.000148217
56.8079, 0.095222, 9.60239e-05, -207.181, -1.47517, 1.56073, -3.0359, -0.000148228
56.8108, 0.0953886, -0.000337729, -207.144, -1.47518, 1.56073, -3.03591, -0.000148238
56.8137, 0.0958469, -0.00033031, -207.106, -1.47519, 1.56073, -3.03592, -0.000148249
56.8166, 0.0959998, 0.000108918, -207.069, -1.4752, 1.56073, -3.03593, -0.00014826
56.8195, 0.0956396, 0.00042032, -207.031, -1.47521, 1.56073, -3.03594, -0.000148271
56.8224, 0.0952121, 0.000207167, -206.994, -1.47522, 1.56074, -3.03596, -0.000148281
56.8253, 0.0952489, -0.000259192, -206.956, -1.47523, 1.56074, -3.03597, -0.000148292
56.8282, 0.0956904, -0.000385076, -206.919, -1.47524, 1.56074, -3.03598, -0.000148303
56.8311, 0.0959619, -1.02013e-05, -206.881, -1.47525, 1.56074, -3.03599, -0.000148314
56.834, 0.0957051, 0.000388581, -206.844, -1.47526, 1.56074, -3.036, -0.000148325
56.8369, 0.0952337, 0.000304069, -206.806, -1.47527, 1.56075, -3.03602, -0.000148335
56.8398, 0.0951342, -0.000156377, -206.769, -1.47528, 1.56075, -3.03603, -0.000148346
56.8427, 0.0955203, -0.000407563, -206.731, -1.47529, 1.56075, -3.03604, -0.000148357
56.8455, 0.0958886, -0.000130272, -206.694, -1.4753, 1.56075, -3.03605, -0.000148368
56.8484, 0.0957585, 0.000323368, -206.656, -1.47531, 1.56075, -3.03606, -0.000148378
56.8513, 0.0952822, 0.000377332, -206.619, -1.47532, 1.56075, -3.03608, -0.000148389
56.8542, 0.0950515, -3.69587e-05, -206.582, -1.47533, 1.56076, -3.03609, -0.0001484
56.8571, 0.0953464, -0.000393837, -206.544, -1.47534, 1.56076, -3.0361, -0.000148411
56.86, 0.0957801, -0.00024054, -206.507, -1.47535, 1.56076, -3.03611, -0.000148421
56.8629, 0.0957897, 0.000228614, -206.469, -1.47536, 1.56076, -3.03612, -0.000148432
56.8658, 0.0953503, 0.000418878, -206.432, -1.47537, 1.56076, -3.03613, -0.000148443
56.8687, 0.0950058, 8.90571e-05, -206.394, -1.47538, 1.56077, -3.03615, -0.000148454
56.8716, 0.0951799, -0.000343053, -206.357, -1.47539, 1.56077, -3.03616, -0.000148465
56.8745, 0.0956395, -0.000330154, -206.32, -1.4754, 1.56077, -3.03617, -0.000148475
56.8774, 0.0957898, 0.000111504, -206.282, -1.47541, 1.56077, -3.03618, -0.000148486
56.8803, 0.0954278, 0.000422949, -206.245, -1.47542, 1.56077, -3.03619, -0.000148497
56.8832, 0.0949986, 0.000210058, -206.208, -1.47543, 1.56077, -3.03621, -0.000148508
56.8861, 0.0950325, -0.000257954, -206.17, -1.47544, 1.56078, -3.03622, -0.000148519
56.8889, 0.0954738, -0.000389289, -206.133, -1.47545, 1.56078, -3.03623, -0.000148529
56.8918, 0.095752, -1.78565e-05, -206.096, -1.47546, 1.56078, -3.03624, -0.00014854
56.8947, 0.0955027, 0.000387026, -206.058, -1.47547, 1.56078, -3.03625, -0.000148551
56.8976, 0.095028, 0.00031385, -206.021, -1.47548, 1.56078, -3.03627, -0.000148562
56.9005, 0.0949147, -0.000145046, -205.984, -1.47549, 1.56079, -3.03628, -0.000148573
56.9034, 0.0952931, -0.000410341, -205.946, -1.4755, 1.56079, -3.03629, -0.000148583
56.9063, 0.095673, -0.000147157, -205.909, -1.47551, 1.56079, -3.0363, -0.000148594
56.9092, 0.0955623, 0.000312522, -205.872, -1.47552, 1.56079, -3.03631, -0.000148605
56.9121, 0.0950878, 0.000388916, -205.834, -1.47553, 1.56079, -3.03633, -0.000148616
56.915, 0.094835, -1.43642e-05, -205.797, -1.47554, 1.56079, -3.03634, -0.000148626
56.9179, 0.0951099, -0.000389044, -205.76, -1.47555, 1.5608, -3.03635, -0.000148637
56.9208, 0.0955534, -0.00026297, -205.722, -1.47556, 1.5608, -3.03636, -0.000148648
56.9237, 0.0955942, 0.00020512, -205.685, -1.47557, 1.5608, -3.03637, -0.000148659
56.9266, 0.0951681, 0.000425804, -205.648, -1.47558, 1.5608, -3.03638, -0.00014867
56.9295, 0.0947988, 0.00012122, -205.611, -1.47559, 1.5608, -3.0364, -0.000148681
56.9323, 0.0949383, -0.000325386, -205.573, -1.4756, 1.56081, -3.03641, -0.000148691
56.9352, 0.0953985, -0.000352152, -205.536, -1.47561, 1.56081, -3.03642, -0.000148702
56.9381, 0.0955879, 7.46519e-05, -205.499, -1.47562, 1.56081, -3.03643, -0.000148713
56.941, 0.0952557, 0.000418472, -205.462, -1.47563, 1.56081, -3.03644, -0.000148724
56.9439, 0.0948066, 0.000247147, -205.424, -1.47564, 1.56081, -3.03646, -0.000148735
56.9468, 0.0947923, -0.000224127, -205.387, -1.47565, 1.56081, -3.03647, -0.000148745
56.9497, 0.0952181, -0.000403425, -205.35, -1.47566, 1.56082, -3.03648, -0.000148756
56.9526, 0.0955367, -6.55578e-05, -205.313, -1.47567, 1.56082, -3.03649, -0.000148767
56.9555, 0.0953355, 0.000365428, -205.276, -1.47568, 1.56082, -3.0365, -0.000148778
56.9584, 0.0948542, 0.000348706, -205.238, -1.47569, 1.56082, -3.03652, -0.000148789
56.9613, 0.0946839, -9.48076e-05, -205.201, -1.4757, 1.56082, -3.03653, -0.000148799
56.9642, 0.0950255, -0.000408966, -205.164, -1.47571, 1.56083, -3.03654, -0.00014881
56.9671, 0.0954383, -0.000199893, -205.127, -1.47572, 1.56083, -3.03655, -0.000148821
56.97, 0.0953921, 0.000270458, -205.09, -1.47573, 1.56083, -3.03656, -0.000148832
56.9729, 0.0949323, 0.00041283, -205.053, -1.47574, 1.56083, -3.03658, -0.000148843
56.9757, 0.0946219, 4.88618e-05, -205.016, -1.47575, 1.56083, -3.03659, -0.000148854
56.9786, 0.094837, -0.000365796, -204.978, -1.47576, 1.56083, -3.0366, -0.000148864
56.9815, 0.0952958, -0.00031213, -204.941, -1.47577, 1.56084, -3.03661, -0.000148875
56.9844, 0.0954116, 0.000142771, -204.904, -1.47578, 1.56084, -3.03662, -0.000148886
56.9873, 0.0950268, 0.000429939, -204.867, -1.47579, 1.56084, -3.03663, -0.000148897
56.9902, 0.09461, 0.000190257, -204.83, -1.47581, 1.56084, -3.03665, -0.000148908
56.9931, 0.0946696, -0.000276721, -204.793, -1.47582, 1.56084, -3.03666, -0.000148919
56.996, 0.0951185, -0.000387452, -204.756, -1.47583, 1.56085, -3.03667, -0.000148929
56.9989, 0.0953834, -3.55763e-06, -204.719, -1.47584, 1.56085, -3.03668, -0.00014894
57.0018, 0.0951209, 0.000395592, -204.682, -1.47585, 1.56085, -3.03669, -0.000148951
57.0047, 0.0946459, 0.000311675, -204.644, -1.47586, 1.56085, -3.03671, -0.000148962
57.0076, 0.0945388, -0.000150632, -204.607, -1.47587, 1.56085, -3.03672, -0.000148973
57.0105, 0.0949205, -0.000414567, -204.57, -1.47588, 1.56085, -3.03673, -0.000148984
57.0134, 0.0953025, -0.000150907, -204.533, -1.47589, 1.56086, -3.03674, -0.000148994
57.0163, 0.0951959, 0.000311663, -204.496, -1.4759, 1.56086, -3.03675, -0.000149005
57.0191, 0.0947209, 0.00039659, -204.459, -1.47591, 1.56086, -3.03677, -0.000149016
57.022, 0.0944568, -1.99265e-06, -204.422, -1.47592, 1.56086, -3.03678, -0.000149027
57.0249, 0.09472, -0.000387638, -204.385, -1.47593, 1.56086, -3.03679, -0.000149038
57.0278, 0.0951703, -0.00028011, -204.348, -1.47594, 1.56087, -3.0368, -0.000149049
57.0307, 0.0952345, 0.00018679, -204.311, -1.47595, 1.56087, -3.03681, -0.00014906
57.0336, 0.0948202, 0.000432061, -204.274, -1.47596, 1.56087, -3.03683, -0.00014907
57.0365, 0.0944301, 0.000150548, -204.237, -1.47597, 1.56087, -3.03684, -0.000149081
57.0394, 0.0945369, -0.000307697, -204.2, -1.47598, 1.56087, -3.03685, -0.000149092
57.0423, 0.0949953, -0.000372967, -204.163, -1.47599, 1.56087, -3.03686, -0.000149103
57.0452, 0.095223, 3.5902e-05, -204.126, -1.476, 1.56088, -3.03687, -0.000149114
57.0481, 0.0949246, 0.000410954, -204.089, -1.47601, 1.56088, -3.03688, -0.000149125
57.051, 0.0944581, 0.000286345, -204.052, -1.47602, 1.56088, -3.0369, -0.000149135
57.0539, 0.0943902, -0.00018325, -204.015, -1.47603, 1.56088, -3.03691, -0.000149146
57.0568, 0.0947927, -0.000414968, -203.978, -1.47604, 1.56088, -3.03692, -0.000149157
57.0596, 0.0951536, -0.000121249, -203.941, -1.47605, 1.56089, -3.03693, -0.000149168
57.0625, 0.0950128, 0.000333608, -203.904, -1.47606, 1.56089, -3.03694, -0.000149179
57.0654, 0.0945323, 0.000385562, -203.867, -1.47607, 1.56089, -3.03696, -0.00014919
57.0683, 0.0942952, -2.98313e-05, -203.83, -1.47608, 1.56089, -3.03697, -0.000149201
57.0712, 0.0945829, -0.000397824, -203.794, -1.47609, 1.56089, -3.03698, -0.000149212
57.0741, 0.0950265, -0.000262508, -203.757, -1.4761, 1.56089, -3.03699, -0.000149222
57.077, 0.0950641, 0.000208576, -203.72, -1.47611, 1.5609, -3.037, -0.000149233
57.0799, 0.0946366, 0.000432218, -203.683, -1.47612, 1.5609, -3.03702, -0.000149244
57.0828, 0.0942606, 0.000131596, -203.646, -1.47613, 1.5609, -3.03703, -0.000149255
57.0857, 0.0943888, -0.000321376, -203.609, -1.47614, 1.5609, -3.03704, -0.000149266
57.0886, 0.0948503, -0.00036643, -203.572, -1.47615, 1.5609, -3.03705, -0.000149277
57.0915, 0.0950619, 5.21809e-05, -203.535, -1.47616, 1.5609, -3.03706, -0.000149288
57.0944, 0.0947496, 0.000417052, -203.498, -1.47617, 1.56091, -3.03708, -0.000149298
57.0973, 0.0942868, 0.000277307, -203.462, -1.47618, 1.56091, -3.03709, -0.000149309
57.1002, 0.0942327, -0.000194466, -203.425, -1.47619, 1.56091, -3.0371, -0.00014932
57.103, 0.0946417, -0.000415694, -203.388, -1.4762, 1.56091, -3.03711, -0.000149331
57.1059, 0.0949964, -0.000113246, -203.351, -1.47621, 1.56091, -3.03712, -0.000149342
57.1088, 0.0948467, 0.000339665, -203.314, -1.47622, 1.56092, -3.03713, -0.000149353
57.1117, 0.0943647, 0.000384286, -203.277, -1.47623, 1.56092, -3.03715, -0.000149364
57.1146, 0.0941325, -3.44448e-05, -203.241, -1.47624, 1.56092, -3.03716, -0.000149375
57.1175, 0.0944239, -0.000400295, -203.204, -1.47625, 1.56092, -3.03717, -0.000149386
57.1204, 0.0948674, -0.000262337, -203.167, -1.47626, 1.56092, -3.03718, -0.000149396
57.1233, 0.0949041, 0.000209486, -203.13, -1.47627, 1.56092, -3.03719, -0.000149407
57.1262, 0.0944764, 0.000434035, -203.093, -1.47628, 1.56093, -3.03721, -0.000149418
57.1291, 0.0940984, 0.000134798, -203.057, -1.47629, 1.56093, -3.03722, -0.000149429
57.132, 0.094223, -0.000319915, -203.02, -1.4763, 1.56093, -3.03723, -0.00014944
57.1349, 0.0946845, -0.000370564, -202.983, -1.47631, 1.56093, -3.03724, -0.000149451
57.1378, 0.0949028, 4.51869e-05, -202.946, -1.47632, 1.56093, -3.03725, -0.000149462
57.1407, 0.094597, 0.000416095, -202.91, -1.47633, 1.56094, -3.03727, -0.000149473
57.1436, 0.0941306, 0.000286177, -202.873, -1.47634, 1.56094, -3.03728, -0.000149484
57.1464, 0.0940644, -0.000184932, -202.836, -1.47635, 1.56094, -3.03729, -0.000149494
57.1493, 0.0944674, -0.000418458, -202.799, -1.47636, 1.56094, -3.0373, -0.000149505
57.1522, 0.0948322, -0.000127572, -202.763, -1.47637, 1.56094, -3.03731, -0.000149516
57.1551, 0.0946986, 0.000330614, -202.726, -1.47638, 1.56094, -3.03733, -0.000149527
57.158, 0.0942181, 0.000393737, -202.689, -1.47639, 1.56095, -3.03734, -0.000149538
57.1609, 0.0939679, -1.56754e-05, -202.652, -1.4764, 1.56095, -3.03735, -0.000149549
57.1638, 0.0942425, -0.000395462, -202.616, -1.47641, 1.56095, -3.03736, -0.00014956
57.1667, 0.0946929, -0.000279922, -202.579, -1.47642, 1.56095, -3.03737, -0.000149571
57.1696, 0.0947545, 0.000189344, -202.542, -1.47643, 1.56095, -3.03738, -0.000149582
57.1725, 0.0943396, 0.000437308, -202.506, -1.47644, 1.56096, -3.0374, -0.000149593
57.1754, 0.093944, 0.000160198, -202.469, -1.47645, 1.56096, -3.03741, -0.000149603
57.1783, 0.0940398, -0.000302653, -202.432, -1.47646, 1.56096, -3.03742, -0.000149614
57.1812, 0.0944975, -0.000384614, -202.396, -1.47647, 1.56096, -3.03743, -0.000149625
57.1841, 0.0947445, 1.46448e-05, -202.359, -1.47648, 1.56096, -3.03744, -0.000149636
57.187, 0.0944663, 0.000406674, -202.322, -1.47649, 1.56096, -3.03746, -0.000149647
57.1898, 0.0939908, 0.000312, -202.286, -1.4765, 1.56097, -3.03747, -0.000149658
57.1927, 0.093887, -0.000153642, -202.249, -1.47651, 1.56097, -3.03748, -0.000149669
57.1956, 0.0942695, -0.000421127, -202.212, -1.47652, 1.56097, -3.03749, -0.00014968
57.1985, 0.0946586, -0.000163611, -202.176, -1.47653, 1.56097, -3.0375, -0.000149691
57.2014, 0.0945667, 0.000304379, -202.139, -1.47654, 1.56097, -3.03752, -0.000149702
57.2043, 0.0940937, 0.000411395, -202.103, -1.47655, 1.56098, -3.03753, -0.000149713
57.2072, 0.0938047, 2.67892e-05, -202.066, -1.47656, 1.56098, -3.03754, -0.000149724
57.2101, 0.0940399, -0.000380118, -202.029, -1.47657, 1.56098, -3.03755, -0.000149734
57.213, 0.0945003, -0.000312935, -201.993, -1.47658, 1.56098, -3.03756, -0.000149745
57.2159, 0.094612, 0.000146427, -201.956, -1.47659, 1.56098, -3.03757, -0.000149756
57.2188, 0.0942266, 0.000437963, -201.92, -1.4766, 1.56098, -3.03759, -0.000149767
57.2217, 0.0938014, 0.000206363, -201.883, -1.47661, 1.56099, -3.0376, -0.000149778
57.2246, 0.0938423, -0.000266221, -201.847, -1.47662, 1.56099, -3.03761, -0.000149789
57.2275, 0.0942871, -0.000404209, -201.81, -1.47663, 1.56099, -3.03762, -0.0001498
57.2304, 0.094582, -3.95817e-05, -201.773, -1.47664, 1.56099, -3.03763, -0.000149811
57.2332, 0.0943558, 0.000383867, -201.737, -1.47665, 1.56099, -3.03765, -0.000149822
57.2361, 0.0938714, 0.000350897, -201.7, -1.47666, 1.561, -3.03766, -0.000149833
57.239, 0.0937058, -9.83977e-05, -201.664, -1.47667, 1.561, -3.03767, -0.000149844
57.2419, 0.094048, -0.000417688, -201.627, -1.47668, 1.561, -3.03768, -0.000149855
57.2448, 0.0944699, -0.000218839, -201.591, -1.47669, 1.561, -3.03769, -0.000149866
57.2477, 0.0944464, 0.000256521, -201.554, -1.4767, 1.561, -3.03771, -0.000149877
57.2506, 0.0939939, 0.000430924, -201.518, -1.47671, 1.561, -3.03772, -0.000149887
57.2535, 0.0936496, 9.25648e-05, -201.481, -1.47672, 1.56101, -3.03773, -0.000149898
57.2564, 0.0938193, -0.000347785, -201.445, -1.47673, 1.56101, -3.03774, -0.000149909
57.2593, 0.0942848, -0.000355697, -201.408, -1.47674, 1.56101, -3.03775, -0.00014992
57.2622, 0.0944691, 7.84381e-05, -201.372, -1.47675, 1.56101, -3.03777, -0.000149931
57.2651, 0.0941365, 0.000428084, -201.335, -1.47676, 1.56101, -3.03778, -0.000149942
57.268, 0.0936779, 0.000269303, -201.299, -1.47677, 1.56102, -3.03779, -0.000149953
57.2709, 0.0936371, -0.000205454, -201.263, -1.47678, 1.56102, -3.0378, -0.000149964
57.2737, 0.0940512, -0.000420932, -201.226, -1.47679, 1.56102, -3.03781, -0.000149975
57.2766, 0.0944064, -0.000116115, -201.19, -1.4768, 1.56102, -3.03782, -0.000149986
57.2795, 0.0942604, 0.000339898, -201.153, -1.47681, 1.56102, -3.03784, -0.000149997
57.2824, 0.0937777, 0.000395097, -201.117, -1.47682, 1.56102, -3.03785, -0.000150008
57.2853, 0.0935302, -1.73195e-05, -201.08, -1.47683, 1.56103, -3.03786, -0.000150019
57.2882, 0.0938051, -0.000398436, -201.044, -1.47684, 1.56103, -3.03787, -0.00015003
57.2911, 0.0942578, -0.000287346, -201.008, -1.47685, 1.56103, -3.03788, -0.000150041
57.294, 0.0943288, 0.000181653, -200.971, -1.47686, 1.56103, -3.0379, -0.000150052
57.2969, 0.0939201, 0.000441744, -200.935, -1.47687, 1.56103, -3.03791, -0.000150063
57.2998, 0.0935133, 0.00017869, -200.898, -1.47688, 1.56104, -3.03792, -0.000150074
57.3027, 0.0935876, -0.000289794, -200.862, -1.47689, 1.56104, -3.03793, -0.000150085
57.3056, 0.0940411, -0.000398056, -200.826, -1.4769, 1.56104, -3.03794, -0.000150096
57.3085, 0.0943142, -1.54191e-05, -200.789, -1.47691, 1.56104, -3.03796, -0.000150106
57.3114, 0.0940653, 0.000396419, -200.753, -1.47692, 1.56104, -3.03797, -0.000150117
57.3143, 0.0935824, 0.000340684, -200.717, -1.47694, 1.56104, -3.03798, -0.000150128
57.3171, 0.0934356, -0.000115414, -200.68, -1.47695, 1.56105, -3.03799, -0.000150139
57.32, 0.0937898, -0.000422064, -200.644, -1.47696, 1.56105, -3.038, -0.00015015
57.3229, 0.0942059, -0.000209727, -200.608, -1.47697, 1.56105, -3.03801, -0.000150161
57.3258, 0.0941706, 0.000265796, -200.571, -1.47698, 1.56105, -3.03803, -0.000150172
57.3287, 0.0937142, 0.000431835, -200.535, -1.47699, 1.56105, -3.03804, -0.000150183
57.3316, 0.093374, 8.84966e-05, -200.499, -1.477, 1.56105, -3.03805, -0.000150194
57.3345, 0.0935474, -0.000350998, -200.462, -1.47701, 1.56106, -3.03806, -0.000150205
57.3374, 0.0940136, -0.000357875, -200.426, -1.47702, 1.56106, -3.03807, -0.000150216
57.3403, 0.0941997, 7.61342e-05, -200.39, -1.47703, 1.56106, -3.03809, -0.000150227
57.3432, 0.0938699, 0.000429193, -200.353, -1.47704, 1.56106, -3.0381, -0.000150238
57.3461, 0.0934085, 0.000276937, -200.317, -1.47705, 1.56106, -3.03811, -0.000150249
57.349, 0.0933577, -0.000197678, -200.281, -1.47706, 1.56107, -3.03812, -0.00015026
57.3519, 0.0937665, -0.00042454, -200.245, -1.47707, 1.56107, -3.03813, -0.000150271
57.3548, 0.0941319, -0.000131232, -200.208, -1.47708, 1.56107, -3.03815, -0.000150282
57.3577, 0.0940031, 0.000330145, -200.172, -1.47709, 1.56107, -3.03816, -0.000150293
57.3605, 0.0935226, 0.000405923, -200.136, -1.4771, 1.56107, -3.03817, -0.000150304
57.3634, 0.0932548, 5.20278e-06, -200.1, -1.47711, 1.56107, -3.03818, -0.000150315
57.3663, 0.0935087, -0.000391437, -200.063, -1.47712, 1.56108, -3.03819, -0.000150326
57.3692, 0.0939678, -0.000308473, -200.027, -1.47713, 1.56108, -3.0382, -0.000150337
57.3721, 0.0940698, 0.000154656, -199.991, -1.47714, 1.56108, -3.03822, -0.000150348
57.375, 0.0936804, 0.000443068, -199.955, -1.47715, 1.56108, -3.03823, -0.000150359
57.3779, 0.093254, 0.000211333, -199.919, -1.47716, 1.56108, -3.03824, -0.00015037
57.3808, 0.093289, -0.000263072, -199.882, -1.47717, 1.56109, -3.03825, -0.000150381
57.3837, 0.0937315, -0.000412304, -199.846, -1.47718, 1.56109, -3.03826, -0.000150392
57.3866, 0.0940399, -5.78045e-05, -199.81, -1.47719, 1.56109, -3.03828, -0.000150403
57.3895, 0.0938333, 0.000376373, -199.774, -1.4772, 1.56109, -3.03829, -0.000150414
57.3924, 0.0933466, 0.000371045, -199.738, -1.47721, 1.56109, -3.0383, -0.000150425
57.3953, 0.0931497, -6.74057e-05, -199.701, -1.47722, 1.56109, -3.03831, -0.000150436
57.3982, 0.0934657, -0.00041501, -199.665, -1.47723, 1.5611, -3.03832, -0.000150447
57.4011, 0.0939052, -0.000256511, -199.629, -1.47724, 1.5611, -3.03834, -0.000150458
57.4039, 0.0939312, 0.000218792, -199.593, -1.47725, 1.5611, -3.03835, -0.000150469
57.4068, 0.0935007, 0.000443445, -199.557, -1.47726, 1.5611, -3.03836, -0.00015048
57.4097, 0.0931154, 0.000149342, -199.521, -1.47727, 1.5611, -3.03837, -0.000150491
57.4126, 0.0932231, -0.000312608, -199.485, -1.47728, 1.56111, -3.03838, -0.000150502
57.4155, 0.0936831, -0.000391427, -199.449, -1.47729, 1.56111, -3.0384, -0.000150513
57.4184, 0.0939351, 6.84935e-06, -199.412, -1.4773, 1.56111, -3.03841, -0.000150524
57.4213, 0.0936666, 0.000407487, -199.376, -1.47731, 1.56111, -3.03842, -0.000150535
57.4242, 0.0931856, 0.000333108, -199.34, -1.47732, 1.56111, -3.03843, -0.000150546
57.4271, 0.093053, -0.00012767, -199.304, -1.47733, 1.56111, -3.03844, -0.000150557
57.43, 0.0934148, -0.000426145, -199.268, -1.47734, 1.56112, -3.03845, -0.000150568
57.4329, 0.0938281, -0.000207018, -199.232, -1.47735, 1.56112, -3.03847, -0.000150579
57.4358, 0.0937893, 0.000268928, -199.196, -1.47736, 1.56112, -3.03848, -0.00015059
57.4387, 0.0933324, 0.000435484, -199.16, -1.47737, 1.56112, -3.03849, -0.000150601
57.4416, 0.0929889, 9.45911e-05, -199.124, -1.47738, 1.56112, -3.0385, -0.000150612
57.4445, 0.0931552, -0.000348453, -199.088, -1.47739, 1.56113, -3.03851, -0.000150623
57.4473, 0.0936216, -0.000367095, -199.052, -1.4774, 1.56113, -3.03853, -0.000150634
57.4502, 0.093822, 6.07965e-05, -199.016, -1.47741, 1.56113, -3.03854, -0.000150645
57.4531, 0.0935065, 0.000426991, -198.98, -1.47742, 1.56113, -3.03855, -0.000150656
57.456, 0.0930376, 0.000296701, -198.944, -1.47743, 1.56113, -3.03856, -0.000150667
57.4589, 0.09296, -0.0001754, -198.908, -1.47744, 1.56113, -3.03857, -0.000150678
57.4618, 0.0933538, -0.000429118, -198.872, -1.47745, 1.56114, -3.03859, -0.000150689
57.4647, 0.0937398, -0.000163507, -198.836, -1.47746, 1.56114, -3.0386, -0.0001507
57.4676, 0.0936485, 0.000306447, -198.8, -1.47747, 1.56114, -3.03861, -0.000150711
57.4705, 0.0931761, 0.000423647, -198.764, -1.47748, 1.56114, -3.03862, -0.000150722
57.4734, 0.0928705, 4.92283e-05, -198.728, -1.47749, 1.56114, -3.03863, -0.000150733
57.4763, 0.0930819, -0.000373227, -198.692, -1.4775, 1.56115, -3.03864, -0.000150744
57.4792, 0.0935478, -0.000343417, -198.656, -1.47751, 1.56115, -3.03866, -0.000150755
57.4821, 0.0937048, 0.000103344, -198.62, -1.47752, 1.56115, -3.03867, -0.000150766
57.485, 0.0933551, 0.000438292, -198.584, -1.47753, 1.56115, -3.03868, -0.000150777
57.4878, 0.0929006, 0.000265154, -198.548, -1.47754, 1.56115, -3.03869, -0.000150788
57.4907, 0.0928669, -0.000211263, -198.512, -1.47755, 1.56115, -3.0387, -0.0001508
57.4936, 0.0932819, -0.000427645, -198.476, -1.47756, 1.56116, -3.03872, -0.000150811
57.4965, 0.0936432, -0.00012825, -198.44, -1.47757, 1.56116, -3.03873, -0.000150822
57.4994, 0.093512, 0.00033313, -198.404, -1.47758, 1.56116, -3.03874, -0.000150833
57.5023, 0.0930313, 0.000411502, -198.368, -1.47759, 1.56116, -3.03875, -0.000150844
57.5052, 0.092757, 1.43479e-05, -198.332, -1.4776, 1.56116, -3.03876, -0.000150855
57.5081, 0.0930009, -0.000389481, -198.296, -1.47761, 1.56117, -3.03878, -0.000150866
57.511, 0.0934633, -0.00032344, -198.26, -1.47762, 1.56117, -3.03879, -0.000150877
57.5139, 0.0935868, 0.000134535, -198.225, -1.47763, 1.56117, -3.0388, -0.000150888
57.5168, 0.0932139, 0.000444328, -198.189, -1.47764, 1.56117, -3.03881, -0.000150899
57.5197, 0.0927724, 0.000240731, -198.153, -1.47765, 1.56117, -3.03882, -0.00015091
57.5226, 0.0927707, -0.000236272, -198.117, -1.47766, 1.56117, -3.03883, -0.000150921
57.5255, 0.0931989, -0.000424675, -198.081, -1.47767, 1.56118, -3.03885, -0.000150932
57.5284, 0.0935408, -0.000102601, -198.045, -1.47768, 1.56118, -3.03886, -0.000150943
57.5312, 0.093382, 0.000350707, -198.009, -1.47769, 1.56118, -3.03887, -0.000150954
57.5341, 0.0928975, 0.000401689, -197.973, -1.4777, 1.56118, -3.03888, -0.000150965
57.537, 0.0926457, -9.6092e-06, -197.938, -1.47771, 1.56118, -3.03889, -0.000150976
57.5399, 0.0929108, -0.00039936, -197.902, -1.47772, 1.56118, -3.03891, -0.000150987
57.5428, 0.0933692, -0.000309265, -197.866, -1.47773, 1.56119, -3.03892, -0.000150998
57.5457, 0.0934703, 0.000154735, -197.83, -1.47774, 1.56119, -3.03893, -0.000151009
57.5486, 0.0930833, 0.000447358, -197.794, -1.47775, 1.56119, -3.03894, -0.000151021
57.5515, 0.0926512, 0.000224866, -197.759, -1.47776, 1.56119, -3.03895, -0.000151032
57.5544, 0.0926695, -0.000251415, -197.723, -1.47777, 1.56119, -3.03897, -0.000151043
57.5573, 0.0931049, -0.000422319, -197.687, -1.47778, 1.5612, -3.03898, -0.000151054
57.5602, 0.0934346, -8.72973e-05, -197.651, -1.47779, 1.5612, -3.03899, -0.000151065
57.5631, 0.0932599, 0.000360557, -197.615, -1.4778, 1.5612, -3.039, -0.000151076
57.566, 0.092774, 0.000395976, -197.58, -1.47781, 1.5612, -3.03901, -0.000151087
57.5689, 0.0925348, -2.25316e-05, -197.544, -1.47782, 1.5612, -3.03902, -0.000151098
57.5718, 0.0928108, -0.000404401, -197.508, -1.47783, 1.5612, -3.03904, -0.000151109
57.5746, 0.0932668, -0.000302196, -197.472, -1.47784, 1.56121, -3.03905, -0.00015112
57.5775, 0.0933568, 0.000164327, -197.437, -1.47785, 1.56121, -3.03906, -0.000151131
57.5804, 0.0929637, 0.000448866, -197.401, -1.47786, 1.56121, -3.03907, -0.000151142
57.5833, 0.0925359, 0.000218368, -197.365, -1.47787, 1.56121, -3.03908, -0.000151153
57.5862, 0.0925622, -0.000257394, -197.329, -1.47788, 1.56121, -3.0391, -0.000151164
57.5891, 0.093, -0.000421846, -197.294, -1.47789, 1.56122, -3.03911, -0.000151175
57.592, 0.0933256, -8.26988e-05, -197.258, -1.4779, 1.56122, -3.03912, -0.000151187
57.5949, 0.0931465, 0.000363521, -197.222, -1.47791, 1.56122, -3.03913, -0.000151198
57.5978, 0.0926603, 0.000395321, -197.187, -1.47792, 1.56122, -3.03914, -0.000151209
57.6007, 0.0924233, -2.44108e-05, -197.151, -1.47793, 1.56122, -3.03916, -0.00015122
57.6036, 0.0927005, -0.000405417, -197.115, -1.47794, 1.56122, -3.03917, -0.000151231
57.6065, 0.0931564, -0.00030286, -197.08, -1.47795, 1.56123, -3.03918, -0.000151242
57.6094, 0.0932472, 0.000163515, -197.044, -1.47796, 1.56123, -3.03919, -0.000151253
57.6123, 0.0928552, 0.000449515, -197.008, -1.47797, 1.56123, -3.0392, -0.000151264
57.6152, 0.0924259, 0.000221566, -196.973, -1.47798, 1.56123, -3.03921, -0.000151275
57.618, 0.0924482, -0.000254483, -196.937, -1.47799, 1.56123, -3.03923, -0.000151286
57.6209, 0.0928843, -0.000423697, -196.901, -1.478, 1.56124, -3.03924, -0.000151297
57.6238, 0.0932142, -8.89251e-05, -196.866, -1.47801, 1.56124, -3.03925, -0.000151308
57.6267, 0.0930419, 0.000359808, -196.83, -1.47802, 1.56124, -3.03926, -0.00015132
57.6296, 0.0925564, 0.000399933, -196.794, -1.47803, 1.56124, -3.03927, -0.000151331
57.6325, 0.0923112, -1.5218e-05, -196.759, -1.47804, 1.56124, -3.03929, -0.000151342
57.6354, 0.0925799, -0.000402456, -196.723, -1.47805, 1.56124, -3.0393, -0.000151353
57.6383, 0.0930381, -0.000311272, -196.688, -1.47806, 1.56125, -3.03931, -0.000151364
57.6412, 0.0931413, 0.000152236, -196.652, -1.47807, 1.56125, -3.03932, -0.000151375
57.6441, 0.0927577, 0.000449138, -196.616, -1.47808, 1.56125, -3.03933, -0.000151386
57.647, 0.0923216, 0.000234374, -196.581, -1.47809, 1.56125, -3.03935, -0.000151397
57.6499, 0.0923279, -0.000242466, -196.545, -1.4781, 1.56125, -3.03936, -0.000151408
57.6528, 0.0927576, -0.000427496, -196.51, -1.47811, 1.56126, -3.03937, -0.000151419
57.6557, 0.0931, -0.000105903, -196.474, -1.47812, 1.56126, -3.03938, -0.000151431
57.6586, 0.092946, 0.000348968, -196.439, -1.47813, 1.56126, -3.03939, -0.000151442
57.6614, 0.0924626, 0.000409277, -196.403, -1.47814, 1.56126, -3.0394, -0.000151453
57.6643, 0.092199, 5.11276e-06, -196.367, -1.47815, 1.56126, -3.03942, -0.000151464
57.6672, 0.0924491, -0.000394789, -196.332, -1.47816, 1.56126, -3.03943, -0.000151475
57.6701, 0.0929113, -0.000326837, -196.296, -1.47817, 1.56127, -3.03944, -0.000151486
57.673, 0.0930382, 0.000130167, -196.261, -1.47818, 1.56127, -3.03945, -0.000151497
57.6759, 0.0926712, 0.000446738, -196.225, -1.47819, 1.56127, -3.03946, -0.000151508
57.6788, 0.0922237, 0.000256263, -196.19, -1.4782, 1.56127, -3.03948, -0.000151519
57.6817, 0.0922022, -0.000220674, -196.154, -1.47821, 1.56127, -3.03949, -0.000151531
57.6846, 0.0926198, -0.000432037, -196.119, -1.47822, 1.56127, -3.0395, -0.000151542
57.6875, 0.0929817, -0.000133308, -196.083, -1.47823, 1.56128, -3.03951, -0.000151553
57.6904, 0.0928577, 0.000329933, -196.048, -1.47824, 1.56128, -3.03952, -0.000151564
57.6934, 0.0923628, 0.000415307, -196.011, -1.47826, 1.56128, -3.03954, -0.000151575
57.6964, 0.0920868, 1.27671e-06, -195.974, -1.47827, 1.56128, -3.03955, -0.000151587
57.6994, 0.0923558, -0.000403573, -195.938, -1.47828, 1.56128, -3.03956, -0.000151598
57.7024, 0.0928268, -0.000302076, -195.901, -1.47829, 1.56129, -3.03957, -0.00015161
57.7053, 0.0929088, 0.000181194, -195.864, -1.4783, 1.56129, -3.03958, -0.000151621
57.7083, 0.0924883, 0.000453185, -195.828, -1.47831, 1.56129, -3.0396, -0.000151633
57.7113, 0.0920685, 0.000180212, -195.791, -1.47832, 1.56129, -3.03961, -0.000151645
57.7143, 0.0921513, -0.000302975, -195.754, -1.47833, 1.56129, -3.03962, -0.000151656
57.7173, 0.0926226, -0.000404006, -195.718, -1.47834, 1.5613, -3.03963, -0.000151668
57.7203, 0.0928919, 9.58801e-07, -195.681, -1.47835, 1.5613, -3.03965, -0.000151679
57.7233, 0.0926165, 0.000415791, -195.644, -1.47836, 1.5613, -3.03966, -0.000151691
57.7263, 0.092121, 0.000332425, -195.608, -1.47837, 1.5613, -3.03967, -0.000151702
57.7293, 0.0919992, -0.000147087, -195.571, -1.47838, 1.5613, -3.03968, -0.000151714
57.7323, 0.0923875, -0.000435862, -195.534, -1.47839, 1.5613, -3.0397, -0.000151725
57.7353, 0.0927981, -0.000180564, -195.498, -1.4784, 1.56131, -3.03971, -0.000151737
57.7383, 0.092716, 0.000306564, -195.461, -1.47841, 1.56131, -3.03972, -0.000151748
57.7413, 0.0922289, 0.000429909, -195.425, -1.47842, 1.56131, -3.03973, -0.00015176
57.7443, 0.0919194, 3.86956e-05, -195.388, -1.47843, 1.56131, -3.03974, -0.000151771
57.7473, 0.092153, -0.000389063, -195.351, -1.47844, 1.56131, -3.03976, -0.000151783
57.7503, 0.0926316, -0.000330858, -195.315, -1.47845, 1.56132, -3.03977, -0.000151794
57.7533, 0.0927581, 0.000142253, -195.278, -1.47846, 1.56132, -3.03978, -0.000151806
57.7563, 0.0923653, 0.00045276, -195.242, -1.47847, 1.56132, -3.03979, -0.000151817
57.7592, 0.0919198, 0.000221755, -195.205, -1.47848, 1.56132, -3.03981, -0.000151829
57.7622, 0.0919524, -0.000268976, -195.168, -1.47849, 1.56132, -3.03982, -0.00015184
57.7652, 0.0924106, -0.000421004, -195.132, -1.47851, 1.56133, -3.03983, -0.000151852
57.7682, 0.0927231, -4.89882e-05, -195.095, -1.47852, 1.56133, -3.03984, -0.000151864
57.7712, 0.0924965, 0.000393724, -195.059, -1.47853, 1.56133, -3.03986, -0.000151875
57.7742, 0.091994, 0.000367799, -195.022, -1.47854, 1.56133, -3.03987, -0.000151887
57.7772, 0.091815, -9.51963e-05, -194.986, -1.47855, 1.56133, -3.03988, -0.000151898
57.7802, 0.0921647, -0.000431598, -194.949, -1.47856, 1.56133, -3.03989, -0.00015191
57.7832, 0.0926048, -0.000231987, -194.913, -1.47857, 1.56134, -3.0399, -0.000151921
57.7862, 0.0925873, 0.000260792, -194.876, -1.47858, 1.56134, -3.03992, -0.000151933
57.7892, 0.0921207, 0.000447414, -194.84, -1.47859, 1.56134, -3.03993, -0.000151944
57.7922, 0.0917597, 0.000100977, -194.803, -1.4786, 1.56134, -3.03994, -0.000151956
57.7952, 0.0919304, -0.000357457, -194.767, -1.47861, 1.56134, -3.03995, -0.000151967
57.7982, 0.0924127, -0.000370884, -194.73, -1.47862, 1.56135, -3.03997, -0.000151979
57.8012, 0.0926082, 7.70114e-05, -194.694, -1.47863, 1.56135, -3.03998, -0.000151991
57.8042, 0.0922668, 0.000442398, -194.657, -1.47864, 1.56135, -3.03999, -0.000152002
57.8072, 0.0917903, 0.00028177, -194.621, -1.47865, 1.56135, -3.04, -0.000152014
57.8101, 0.0917442, -0.000209968, -194.585, -1.47866, 1.56135, -3.04001, -0.000152025
57.8131, 0.0921718, -0.000436341, -194.548, -1.47867, 1.56135, -3.04003, -0.000152037
57.8161, 0.092542, -0.000122849, -194.512, -1.47868, 1.56136, -3.04004, -0.000152048
57.8191, 0.0923934, 0.000350501, -194.475, -1.47869, 1.56136, -3.04005, -0.00015206
57.8221, 0.0918935, 0.000410115, -194.439, -1.4787, 1.56136, -3.04006, -0.000152072
57.8251, 0.0916352, -1.62216e-05, -194.402, -1.47871, 1.56136, -3.04008, -0.000152083
57.8281, 0.0919187, -0.000412223, -194.366, -1.47872, 1.56136, -3.04009, -0.000152095
57.8311, 0.0923882, -0.000298499, -194.33, -1.47873, 1.56137, -3.0401, -0.000152106
57.8341, 0.0924629, 0.000187324, -194.293, -1.47874, 1.56137, -3.04011, -0.000152118
57.8371, 0.0920398, 0.000457517, -194.257, -1.47876, 1.56137, -3.04013, -0.000152129
57.8401, 0.0916181, 0.00018532, -194.22, -1.47877, 1.56137, -3.04014, -0.000152141
57.8431, 0.0916949, -0.000300186, -194.184, -1.47878, 1.56137, -3.04015, -0.000152152
57.8461, 0.0921649, -0.000412236, -194.148, -1.47879, 1.56138, -3.04016, -0.000152164
57.8491, 0.0924477, -1.54578e-05, -194.111, -1.4788, 1.56138, -3.04017, -0.000152176
57.8521, 0.0921891, 0.000410936, -194.075, -1.47881, 1.56138, -3.04019, -0.000152187
57.8551, 0.0916888, 0.000352141, -194.039, -1.47882, 1.56138, -3.0402, -0.000152199
57.8581, 0.0915381, -0.000120873, -194.002, -1.47883, 1.56138, -3.04021, -0.00015221
57.8611, 0.0919062, -0.000437387, -193.966, -1.47884, 1.56138, -3.04022, -0.000152222
57.864, 0.0923366, -0.000215639, -193.93, -1.47885, 1.56139, -3.04024, -0.000152234
57.867, 0.0922978, 0.000276993, -193.893, -1.47886, 1.56139, -3.04025, -0.000152245
57.87, 0.091824, 0.000446719, -193.857, -1.47887, 1.56139, -3.04026, -0.000152257
57.873, 0.0914736, 8.90367e-05, -193.821, -1.47888, 1.56139, -3.04027, -0.000152268
57.876, 0.0916561, -0.000365201, -193.785, -1.47889, 1.56139, -3.04028, -0.00015228
57.879, 0.0921392, -0.000369027, -193.748, -1.4789, 1.5614, -3.0403, -0.000152291
57.882, 0.0923288, 8.21569e-05, -193.712, -1.47891, 1.5614, -3.04031, -0.000152303
57.885, 0.0919843, 0.000445419, -193.676, -1.47892, 1.5614, -3.04032, -0.000152315
57.888, 0.0915075, 0.000283784, -193.639, -1.47893, 1.5614, -3.04033, -0.000152326
57.891, 0.0914593, -0.000208364, -193.603, -1.47894, 1.5614, -3.04035, -0.000152338
57.894, 0.0918851, -0.000439389, -193.567, -1.47895, 1.56141, -3.04036, -0.000152349
57.897, 0.0922607, -0.000131666, -193.531, -1.47896, 1.56141, -3.04037, -0.000152361
57.9, 0.0921223, 0.000345116, -193.494, -1.47897, 1.56141, -3.04038, -0.000152373
57.903, 0.0916237, 0.000418374, -193.458, -1.47898, 1.56141, -3.0404, -0.000152384
57.906, 0.091351, 1.73013e-07, -193.422, -1.47899, 1.56141, -3.04041, -0.000152396
57.909, 0.0916189, -0.000407576, -193.386, -1.47901, 1.56141, -3.04042, -0.000152407
57.912, 0.0920936, -0.000315684, -193.35, -1.47902, 1.56142, -3.04043, -0.000152419
57.915, 0.0921932, 0.000165626, -193.313, -1.47903, 1.56142, -3.04044, -0.000152431
57.9179, 0.0917859, 0.000459288, -193.277, -1.47904, 1.56142, -3.04046, -0.000152442
57.9209, 0.0913473, 0.000213348, -193.241, -1.47905, 1.56142, -3.04047, -0.000152454
57.9239, 0.0913905, -0.000277506, -193.205, -1.47906, 1.56142, -3.04048, -0.000152465
57.9269, 0.0918512, -0.000425353, -193.169, -1.47907, 1.56143, -3.04049, -0.000152477
57.9299, 0.0921654, -5.31836e-05, -193.132, -1.47908, 1.56143, -3.04051, -0.000152489
57.9329, 0.0919445, 0.000393525, -193.096, -1.47909, 1.56143, -3.04052, -0.0001525
57.9359, 0.0914404, 0.000380271, -193.06, -1.4791, 1.56143, -3.04053, -0.000152512
57.9389, 0.0912437, -7.70719e-05, -193.024, -1.47911, 1.56143, -3.04054, -0.000152523
57.9419, 0.0915771, -0.000431624, -192.988, -1.47912, 1.56144, -3.04055, -0.000152535
57.9449, 0.0920296, -0.00025958, -192.952, -1.47913, 1.56144, -3.04057, -0.000152547
57.9479, 0.0920481, 0.000233458, -192.916, -1.47914, 1.56144, -3.04058, -0.000152558
57.9509, 0.091598, 0.000458526, -192.879, -1.47915, 1.56144, -3.04059, -0.00015257
57.9539, 0.0912045, 0.000146876, -192.843, -1.47916, 1.56144, -3.0406, -0.000152582
57.9569, 0.0913247, -0.000329437, -192.807, -1.47917, 1.56144, -3.04062, -0.000152593
57.9599, 0.0918029, -0.000401999, -192.771, -1.47918, 1.56145, -3.04063, -0.000152605
57.9629, 0.0920561, 1.5735e-05, -192.735, -1.47919, 1.56145, -3.04064, -0.000152616
57.9659, 0.09177, 0.000425576, -192.699, -1.4792, 1.56145, -3.04065, -0.000152628
57.9688, 0.0912732, 0.000338935, -192.663, -1.47921, 1.56145, -3.04067, -0.00015264
57.9718, 0.0911455, -0.000140905, -192.627, -1.47922, 1.56145, -3.04068, -0.000152651
57.9748, 0.0915265, -0.000442265, -192.591, -1.47923, 1.56146, -3.04069, -0.000152663
57.9778, 0.0919501, -0.000206245, -192.555, -1.47924, 1.56146, -3.0407, -0.000152675
57.9808, 0.0918995, 0.000286131, -192.519, -1.47925, 1.56146, -3.04071, -0.000152686
57.9838, 0.0914227, 0.000448846, -192.483, -1.47927, 1.56146, -3.04073, -0.000152698
57.9868, 0.0910745, 8.83271e-05, -192.447, -1.47928, 1.56146, -3.04074, -0.000152709
57.9898, 0.0912567, -0.000366604, -192.411, -1.47929, 1.56146, -3.04075, -0.000152721
57.9928, 0.0917403, -0.000375043, -192.375, -1.4793, 1.56147, -3.04076, -0.000152733
57.9958, 0.0919381, 7.30176e-05, -192.339, -1.47931, 1.56147, -3.04078, -0.000152744
57.9988, 0.0916027, 0.000445177, -192.303, -1.47932, 1.56147, -3.04079, -0.000152756
58.0018, 0.0911202, 0.000299398, -192.267, -1.47933, 1.56147, -3.0408, -0.000152768
58.0048, 0.0910512, -0.000191188, -192.231, -1.47934, 1.56147, -3.04081, -0.000152779
58.0078, 0.0914651, -0.000444241, -192.195, -1.47935, 1.56148, -3.04082, -0.000152791
58.0108, 0.0918585, -0.000159503, -192.159, -1.47936, 1.56148, -3.04084, -0.000152803
58.0138, 0.0917524, 0.000325238, -192.123, -1.47937, 1.56148, -3.04085, -0.000152814
58.0168, 0.0912602, 0.000435166, -192.087, -1.47938, 1.56148, -3.04086, -0.000152826
58.0198, 0.0909532, 3.99996e-05, -192.051, -1.47939, 1.56148, -3.04087, -0.000152837
58.0227, 0.0911827, -0.000391951, -192.015, -1.4794, 1.56149, -3.04089, -0.000152849
58.0257, 0.0916646, -0.000348988, -191.979, -1.47941, 1.56149, -3.0409, -0.000152861
58.0287, 0.0918158, 0.000117979, -191.943, -1.47942, 1.56149, -3.04091, -0.000152872
58.0317, 0.0914451, 0.000456118, -191.907, -1.47943, 1.56149, -3.04092, -0.000152884
58.0347, 0.0909788, 0.000265278, -191.871, -1.47944, 1.56149, -3.04094, -0.000152896
58.0377, 0.0909564, -0.000228731, -191.835, -1.47945, 1.56149, -3.04095, -0.000152907
58.0407, 0.0913919, -0.000441653, -191.799, -1.47946, 1.5615, -3.04096, -0.000152919
58.0437, 0.0917582, -0.000121783, -191.763, -1.47947, 1.5615, -3.04097, -0.000152931
58.0467, 0.09161, 0.000352805, -191.727, -1.47948, 1.5615, -3.04098, -0.000152942
58.0497, 0.0911102, 0.000421399, -191.691, -1.47949, 1.5615, -3.041, -0.000152954
58.0527, 0.0908368, 3.01914e-06, -191.656, -1.4795, 1.5615, -3.04101, -0.000152966
58.0557, 0.0911003, -0.00040833, -191.62, -1.47952, 1.56151, -3.04102, -0.000152977
58.0587, 0.0915774, -0.000327146, -191.584, -1.47953, 1.56151, -3.04103, -0.000152989
58.0617, 0.0916929, 0.000150746, -191.548, -1.47954, 1.56151, -3.04105, -0.000153001
58.0647, 0.0912983, 0.000461654, -191.512, -1.47955, 1.56151, -3.04106, -0.000153012
58.0677, 0.0908467, 0.000239006, -191.476, -1.47956, 1.56151, -3.04107, -0.000153024
58.0707, 0.0908581, -0.000254718, -191.44, -1.47957, 1.56152, -3.04108, -0.000153036
58.0737, 0.0913068, -0.000437741, -191.405, -1.47958, 1.56152, -3.04109, -0.000153047
58.0766, 0.0916519, -9.4504e-05, -191.369, -1.47959, 1.56152, -3.04111, -0.000153059
58.0796, 0.0914749, 0.000370784, -191.333, -1.4796, 1.56152, -3.04112, -0.000153071
58.0826, 0.0909719, 0.000410418, -191.297, -1.47961, 1.56152, -3.04113, -0.000153082
58.0856, 0.0907226, -2.22019e-05, -191.261, -1.47962, 1.56152, -3.04114, -0.000153094
58.0886, 0.091008, -0.000418128, -191.226, -1.47963, 1.56153, -3.04116, -0.000153106
58.0916, 0.0914802, -0.000311778, -191.19, -1.47964, 1.56153, -3.04117, -0.000153117
58.0946, 0.0915719, 0.000171784, -191.154, -1.47965, 1.56153, -3.04118, -0.000153129
58.0976, 0.0911631, 0.000464269, -191.118, -1.47966, 1.56153, -3.04119, -0.000153141
58.1006, 0.0907219, 0.000222097, -191.082, -1.47967, 1.56153, -3.0412, -0.000153152
58.1036, 0.0907542, -0.000270282, -191.047, -1.47968, 1.56154, -3.04122, -0.000153164
58.1066, 0.0912098, -0.000434802, -191.011, -1.47969, 1.56154, -3.04123, -0.000153176
58.1096, 0.0915418, -7.8417e-05, -190.975, -1.4797, 1.56154, -3.04124, -0.000153187
58.1126, 0.0913485, 0.000380719, -190.939, -1.47971, 1.56154, -3.04125, -0.000153199
58.1156, 0.0908445, 0.000404126, -190.904, -1.47972, 1.56154, -3.04127, -0.000153211
58.1186, 0.0906084, -3.55949e-05, -190.868, -1.47973, 1.56154, -3.04128, -0.000153223
58.1216, 0.0909049, -0.000423037, -190.832, -1.47974, 1.56155, -3.04129, -0.000153234
58.1246, 0.0913742, -0.00030427, -190.796, -1.47975, 1.56155, -3.0413, -0.000153246
58.1276, 0.0914546, 0.000181554, -190.761, -1.47976, 1.56155, -3.04132, -0.000153258
58.1305, 0.0910397, 0.000465579, -190.725, -1.47978, 1.56155, -3.04133, -0.000153269
58.1335, 0.0906031, 0.000215392, -190.689, -1.47979, 1.56155, -3.04134, -0.000153281
58.1365, 0.0906434, -0.000276217, -190.654, -1.4798, 1.56156, -3.04135, -0.000153293
58.1395, 0.0911013, -0.000434205, -190.618, -1.47981, 1.56156, -3.04136, -0.000153304
58.1425, 0.0914292, -7.3874e-05, -190.582, -1.47982, 1.56156, -3.04138, -0.000153316
58.1455, 0.0912316, 0.000383538, -190.547, -1.47983, 1.56156, -3.04139, -0.000153328
58.1485, 0.0907274, 0.000403542, -190.511, -1.47984, 1.56156, -3.0414, -0.00015334
58.1515, 0.0904934, -3.71796e-05, -190.475, -1.47985, 1.56157, -3.04141, -0.000153351
58.1545, 0.0907906, -0.00042394, -190.44, -1.47986, 1.56157, -3.04143, -0.000153363
58.1575, 0.09126, -0.000305272, -190.404, -1.47987, 1.56157, -3.04144, -0.000153375
58.1605, 0.0913416, 0.000180294, -190.368, -1.47988, 1.56157, -3.04145, -0.000153386
58.1635, 0.0909281, 0.000466287, -190.333, -1.47989, 1.56157, -3.04146, -0.000153398
58.1665, 0.0904897, 0.000219223, -190.297, -1.4799, 1.56157, -3.04147, -0.00015341
58.1695, 0.0905253, -0.00027282, -190.262, -1.47991, 1.56158, -3.04149, -0.000153421
58.1725, 0.0909813, -0.000436401, -190.226, -1.47992, 1.56158, -3.0415, -0.000153433
58.1755, 0.0913142, -8.09885e-05, -190.19, -1.47993, 1.56158, -3.04151, -0.000153445
58.1785, 0.0911244, 0.00037945, -190.155, -1.47994, 1.56158, -3.04152, -0.000153457
58.1814, 0.0906207, 0.000408863, -190.119, -1.47995, 1.56158, -3.04154, -0.000153468
58.1844, 0.0903773, -2.6928e-05, -190.084, -1.47996, 1.56159, -3.04155, -0.00015348
58.1874, 0.0906652, -0.000420858, -190.048, -1.47997, 1.56159, -3.04156, -0.000153492
58.1904, 0.0911375, -0.000314779, -190.012, -1.47998, 1.56159, -3.04157, -0.000153503
58.1934, 0.0912329, 0.00016792, -189.977, -1.47999, 1.56159, -3.04158, -0.000153515
58.1964, 0.0908285, 0.000466176, -189.941, -1.48, 1.56159, -3.0416, -0.000153527
58.1994, 0.0903822, 0.000233482, -189.906, -1.48001, 1.56159, -3.04161, -0.000153539
58.2024, 0.0904002, -0.000259827, -189.87, -1.48002, 1.5616, -3.04162, -0.00015355
58.2054, 0.0908496, -0.000440943, -189.835, -1.48004, 1.5616, -3.04163, -0.000153562
58.2084, 0.0911965, -9.96825e-05, -189.799, -1.48005, 1.5616, -3.04165, -0.000153574
58.2114, 0.0910265, 0.000367923, -189.764, -1.48006, 1.5616, -3.04166, -0.000153586
58.2144, 0.0905246, 0.000419475, -189.728, -1.48007, 1.5616, -3.04167, -0.000153597
58.2174, 0.0902609, -4.74823e-06, -189.693, -1.48008, 1.56161, -3.04168, -0.000153609
58.2204, 0.0905289, -0.000412947, -189.657, -1.48009, 1.56161, -3.0417, -0.000153621
58.2234, 0.091006, -0.00033212, -189.622, -1.4801, 1.56161, -3.04171, -0.000153632
58.2264, 0.0911274, 0.000144044, -189.586, -1.48011, 1.56161, -3.04172, -0.000153644
58.2294, 0.0907406, 0.000464106, -189.551, -1.48012, 1.56161, -3.04173, -0.000153656
58.2324, 0.0902814, 0.000257587, -189.515, -1.48013, 1.56162, -3.04174, -0.000153668
58.2353, 0.0902691, -0.000236455, -189.48, -1.48014, 1.56162, -3.04176, -0.000153679
58.2383, 0.0907059, -0.000446465, -189.444, -1.48015, 1.56162, -3.04177, -0.000153691
58.2413, 0.0910746, -0.000129616, -189.409, -1.48016, 1.56162, -3.04178, -0.000153703
58.2443, 0.0909369, 0.00034773, -189.373, -1.48017, 1.56162, -3.04179, -0.000153715
58.2473, 0.0904401, 0.000433906, -189.338, -1.48018, 1.56162, -3.04181, -0.000153726
58.2503, 0.0901461, 2.94109e-05, -189.303, -1.48019, 1.56163, -3.04182, -0.000153738
58.2533, 0.0903824, -0.000398541, -189.267, -1.4802, 1.56163, -3.04183, -0.00015375
58.2563, 0.0908642, -0.000355877, -189.232, -1.48021, 1.56163, -3.04184, -0.000153762
58.2593, 0.0910233, 0.000108101, -189.196, -1.48022, 1.56163, -3.04185, -0.000153773
58.2623, 0.0906643, 0.000458033, -189.161, -1.48023, 1.56163, -3.04187, -0.000153785
58.2653, 0.0901893, 0.000290348, -189.125, -1.48024, 1.56164, -3.04188, -0.000153797
58.2683, 0.090134, -0.000201546, -189.09, -1.48025, 1.56164, -3.04189, -0.000153809
58.2713, 0.0905501, -0.000450662, -189.055, -1.48026, 1.56164, -3.0419, -0.00015382
58.2743, 0.0909461, -0.000170007, -189.019, -1.48027, 1.56164, -3.04192, -0.000153832
58.2773, 0.090854, 0.000317087, -188.984, -1.48028, 1.56164, -3.04193, -0.000153844
58.2804, 0.0903497, 0.000444025, -188.947, -1.4803, 1.56165, -3.04194, -0.000153856
58.2835, 0.0900307, 3.83081e-05, -188.911, -1.48031, 1.56165, -3.04195, -0.000153868
58.2866, 0.0902744, -0.000403222, -188.874, -1.48032, 1.56165, -3.04197, -0.00015388
58.2897, 0.0907693, -0.00034004, -188.838, -1.48033, 1.56165, -3.04198, -0.000153893
58.2928, 0.0908966, 0.000150545, -188.801, -1.48034, 1.56165, -3.04199, -0.000153905
58.2959, 0.0904874, 0.00046838, -188.764, -1.48035, 1.56165, -3.042, -0.000153917
58.299, 0.0900289, 0.00022477, -188.728, -1.48036, 1.56166, -3.04202, -0.000153929
58.3021, 0.0900685, -0.000282475, -188.691, -1.48037, 1.56166, -3.04203, -0.000153941
58.3052, 0.0905447, -0.000433451, -188.655, -1.48038, 1.56166, -3.04204, -0.000153954
58.3083, 0.0908625, -4.37079e-05, -188.618, -1.48039, 1.56166, -3.04205, -0.000153966
58.3114, 0.0906208, 0.000410787, -188.582, -1.4804, 1.56166, -3.04207, -0.000153978
58.3145, 0.0901014, 0.000375171, -188.545, -1.48041, 1.56167, -3.04208, -0.00015399
58.3176, 0.0899251, -0.000107093, -188.508, -1.48042, 1.56167, -3.04209, -0.000154002
58.3207, 0.0902939, -0.000447646, -188.472, -1.48044, 1.56167, -3.04211, -0.000154014
58.3238, 0.0907448, -0.000231153, -188.435, -1.48045, 1.56167, -3.04212, -0.000154027
58.3269, 0.0907151, 0.000278452, -188.399, -1.48046, 1.56167, -3.04213, -0.000154039
58.33, 0.0902278, 0.000460098, -188.362, -1.48047, 1.56168, -3.04214, -0.000154051
58.3331, 0.0898635, 9.2482e-05, -188.326, -1.48048, 1.56168, -3.04216, -0.000154063
58.3362, 0.0900528, -0.000376676, -188.289, -1.48049, 1.56168, -3.04217, -0.000154075
58.3393, 0.0905521, -0.000376184, -188.253, -1.4805, 1.56168, -3.04218, -0.000154088
58.3424, 0.0907406, 9.33622e-05, -188.216, -1.48051, 1.56168, -3.04219, -0.0001541
58.3455, 0.0903759, 0.000460695, -188.18, -1.48052, 1.56169, -3.04221, -0.000154112
58.3486, 0.0898885, 0.000279058, -188.144, -1.48053, 1.56169, -3.04222, -0.000154124
58.3517, 0.0898578, -0.000230712, -188.107, -1.48054, 1.56169, -3.04223, -0.000154136
58.3548, 0.0903082, -0.000449043, -188.071, -1.48055, 1.56169, -3.04224, -0.000154149
58.3579, 0.0906793, -0.000110671, -188.034, -1.48056, 1.56169, -3.04226, -0.000154161
58.361, 0.0905073, 0.000373435, -187.998, -1.48058, 1.5617, -3.04227, -0.000154173
58.3641, 0.0899881, 0.000415508, -187.961, -1.48059, 1.5617, -3.04228, -0.000154185
58.3672, 0.0897387, -3.55116e-05, -187.925, -1.4806, 1.5617, -3.0423, -0.000154198
58.3703, 0.0900487, -0.000432397, -187.889, -1.48061, 1.5617, -3.04231, -0.00015421
58.3734, 0.090529, -0.000293775, -187.852, -1.48062, 1.5617, -3.04232, -0.000154222
58.3765, 0.0905843, 0.000212278, -187.816, -1.48063, 1.5617, -3.04233, -0.000154234
58.3796, 0.0901344, 0.000472402, -187.779, -1.48064, 1.56171, -3.04235, -0.000154246
58.3827, 0.0897115, 0.00017143, -187.743, -1.48065, 1.56171, -3.04236, -0.000154259
58.3858, 0.0898147, -0.000326088, -187.707, -1.48066, 1.56171, -3.04237, -0.000154271
58.3889, 0.0903061, -0.000417759, -187.67, -1.48067, 1.56171, -3.04238, -0.000154283
58.392, 0.0905778, 7.36844e-06, -187.634, -1.48068, 1.56171, -3.0424, -0.000154295
58.3951, 0.0902882, 0.000434902, -187.598, -1.48069, 1.56172, -3.04241, -0.000154308
58.3982, 0.0897744, 0.000347727, -187.561, -1.4807, 1.56172, -3.04242, -0.00015432
58.4013, 0.0896448, -0.000148741, -187.525, -1.48071, 1.56172, -3.04244, -0.000154332
58.4044, 0.0900429, -0.000454407, -187.489, -1.48073, 1.56172, -3.04245, -0.000154344
58.4075, 0.0904748, -0.000199942, -187.452, -1.48074, 1.56172, -3.04246, -0.000154356
58.4106, 0.0904057, 0.000307282, -187.416, -1.48075, 1.56173, -3.04247, -0.000154369
58.4137, 0.0899062, 0.000454811, -187.38, -1.48076, 1.56173, -3.04249, -0.000154381
58.4168, 0.0895661, 6.45836e-05, -187.343, -1.48077, 1.56173, -3.0425, -0.000154393
58.4199, 0.0897829, -0.000392527, -187.307, -1.48078, 1.56173, -3.04251, -0.000154405
58.423, 0.0902821, -0.000365147, -187.271, -1.48079, 1.56173, -3.04252, -0.000154418
58.4261, 0.0904487, 0.000113697, -187.234, -1.4808, 1.56174, -3.04254, -0.00015443
58.4292, 0.0900691, 0.000466807, -187.198, -1.48081, 1.56174, -3.04255, -0.000154442
58.4323, 0.0895876, 0.000268706, -187.162, -1.48082, 1.56174, -3.04256, -0.000154454
58.4354, 0.0895714, -0.000241965, -187.126, -1.48083, 1.56174, -3.04257, -0.000154467
58.4385, 0.0900269, -0.00045028, -187.089, -1.48084, 1.56174, -3.04259, -0.000154479
58.4416, 0.090393, -0.000105496, -187.053, -1.48085, 1.56175, -3.0426, -0.000154491
58.4447, 0.0902161, 0.000377491, -187.017, -1.48087, 1.56175, -3.04261, -0.000154503
58.4478, 0.0896962, 0.000417701, -186.981, -1.48088, 1.56175, -3.04263, -0.000154516
58.4509, 0.0894454, -3.31983e-05, -186.944, -1.48089, 1.56175, -3.04264, -0.000154528
58.454, 0.0897524, -0.000433181, -186.908, -1.4809, 1.56175, -3.04265, -0.00015454
58.4571, 0.0902352, -0.000301612, -186.872, -1.48091, 1.56175, -3.04266, -0.000154552
58.4602, 0.090301, 0.000203444, -186.836, -1.48092, 1.56176, -3.04268, -0.000154565
58.4633, 0.0898579, 0.000475497, -186.8, -1.48093, 1.56176, -3.04269, -0.000154577
58.4664, 0.0894249, 0.000187988, -186.763, -1.48094, 1.56176, -3.0427, -0.000154589
58.4695, 0.0895087, -0.000314051, -186.727, -1.48095, 1.56176, -3.04271, -0.000154601
58.4726, 0.0899958, -0.000428377, -186.691, -1.48096, 1.56176, -3.04273, -0.000154614
58.4757, 0.0902893, -1.79126e-05, -186.655, -1.48097, 1.56177, -3.04274, -0.000154626
58.4788, 0.0900244, 0.000425279, -186.619, -1.48098, 1.56177, -3.04275, -0.000154638
58.4819, 0.0895057, 0.00037011, -186.583, -1.48099, 1.56177, -3.04276, -0.00015465
58.485, 0.0893417, -0.000117306, -186.546, -1.48101, 1.56177, -3.04278, -0.000154663
58.4881, 0.0897159, -0.000453263, -186.51, -1.48102, 1.56177, -3.04279, -0.000154675
58.4912, 0.0901674, -0.000235597, -186.474, -1.48103, 1.56178, -3.0428, -0.000154687
58.4943, 0.0901431, 0.000275188, -186.438, -1.48104, 1.56178, -3.04282, -0.0001547
58.4974, 0.0896592, 0.000468047, -186.402, -1.48105, 1.56178, -3.04283, -0.000154712
58.5005, 0.0892815, 0.000112368, -186.366, -1.48106, 1.56178, -3.04284, -0.000154724
58.5036, 0.0894488, -0.000366624, -186.33, -1.48107, 1.56178, -3.04285, -0.000154736
58.5067, 0.0899482, -0.000396513, -186.294, -1.48108, 1.56179, -3.04287, -0.000154749
58.5098, 0.0901702, 5.83822e-05, -186.258, -1.48109, 1.56179, -3.04288, -0.000154761
58.5129, 0.089837, 0.000454799, -186.222, -1.4811, 1.56179, -3.04289, -0.000154773
58.516, 0.0893335, 0.000319506, -186.185, -1.48111, 1.56179, -3.0429, -0.000154785
58.5191, 0.0892477, -0.000186006, -186.149, -1.48112, 1.56179, -3.04292, -0.000154798
58.5222, 0.0896692, -0.000458656, -186.113, -1.48113, 1.5618, -3.04293, -0.00015481
58.5253, 0.0900824, -0.000173306, -186.077, -1.48114, 1.5618, -3.04294, -0.000154822
58.5284, 0.089982, 0.000329831, -186.041, -1.48116, 1.5618, -3.04295, -0.000154835
58.5315, 0.0894747, 0.000451141, -186.005, -1.48117, 1.5618, -3.04297, -0.000154847
58.5346, 0.0891523, 4.61326e-05, -185.969, -1.48118, 1.5618, -3.04298, -0.000154859
58.5377, 0.0893858, -0.00040283, -185.933, -1.48119, 1.5618, -3.04299, -0.000154871
58.5408, 0.0898844, -0.000361254, -185.897, -1.4812, 1.56181, -3.04301, -0.000154884
58.5439, 0.090042, 0.000121349, -185.861, -1.48121, 1.56181, -3.04302, -0.000154896
58.547, 0.0896583, 0.00047081, -185.825, -1.48122, 1.56181, -3.04303, -0.000154908
58.5501, 0.0891768, 0.00027154, -185.789, -1.48123, 1.56181, -3.04304, -0.000154921
58.5532, 0.0891573, -0.000239516, -185.753, -1.48124, 1.56181, -3.04306, -0.000154933
58.5563, 0.08961, -0.000454974, -185.717, -1.48125, 1.56182, -3.04307, -0.000154945
58.5594, 0.0899844, -0.000118882, -185.681, -1.48126, 1.56182, -3.04308, -0.000154957
58.5625, 0.089823, 0.000369569, -185.645, -1.48127, 1.56182, -3.04309, -0.00015497
58.5657, 0.0893048, 0.000430476, -185.609, -1.48128, 1.56182, -3.04311, -0.000154982
58.5688, 0.089032, -8.41039e-06, -185.573, -1.4813, 1.56182, -3.04312, -0.000154994
58.5719, 0.0893155, -0.000426358, -185.537, -1.48131, 1.56183, -3.04313, -0.000155007
58.575, 0.0898063, -0.000327688, -185.502, -1.48132, 1.56183, -3.04314, -0.000155019
58.5781, 0.0899098, 0.000170578, -185.466, -1.48133, 1.56183, -3.04316, -0.000155031
58.5812, 0.0894905, 0.000477884, -185.43, -1.48134, 1.56183, -3.04317, -0.000155044
58.5843, 0.0890326, 0.000230167, -185.394, -1.48135, 1.56183, -3.04318, -0.000155056
58.5874, 0.0890657, -0.000279143, -185.358, -1.48136, 1.56184, -3.0432, -0.000155068
58.5905, 0.0895378, -0.000447032, -185.322, -1.48137, 1.56184, -3.04321, -0.000155081
58.5936, 0.0898774, -7.48272e-05, -185.286, -1.48138, 1.56184, -3.04322, -0.000155093
58.5967, 0.0896701, 0.000397065, -185.25, -1.48139, 1.56184, -3.04323, -0.000155105
58.5998, 0.0891483, 0.000410527, -185.214, -1.4814, 1.56184, -3.04325, -0.000155117
58.6029, 0.0889163, -5.0314e-05, -185.178, -1.48141, 1.56185, -3.04326, -0.00015513
58.606, 0.0892356, -0.00044075, -185.143, -1.48142, 1.56185, -3.04327, -0.000155142
58.6091, 0.0897161, -0.000299492, -185.107, -1.48144, 1.56185, -3.04328, -0.000155154
58.6122, 0.0897777, 0.000206576, -185.071, -1.48145, 1.56185, -3.0433, -0.000155167
58.6153, 0.089335, 0.000479925, -185.035, -1.48146, 1.56185, -3.04331, -0.000155179
58.6184, 0.0888978, 0.000197957, -184.999, -1.48147, 1.56185, -3.04332, -0.000155191
58.6215, 0.0889694, -0.000306593, -184.963, -1.48148, 1.56186, -3.04333, -0.000155204
58.6246, 0.0894525, -0.000438615, -184.928, -1.48149, 1.56186, -3.04335, -0.000155216
58.6277, 0.0897649, -4.24842e-05, -184.892, -1.4815, 1.56186, -3.04336, -0.000155228
58.6308, 0.0895257, 0.000414859, -184.856, -1.48151, 1.56186, -3.04337, -0.000155241
58.6339, 0.0890042, 0.000394559, -184.82, -1.48152, 1.56186, -3.04339, -0.000155253
58.637, 0.0888019, -7.94233e-05, -184.784, -1.48153, 1.56187, -3.0434, -0.000155265
58.6401, 0.0891444, -0.000448972, -184.749, -1.48154, 1.56187, -3.04341, -0.000155278
58.6432, 0.0896158, -0.000279137, -184.713, -1.48155, 1.56187, -3.04342, -0.00015529
58.6463, 0.0896489, 0.000230201, -184.677, -1.48156, 1.56187, -3.04344, -0.000155302
58.6494, 0.0891921, 0.000479934, -184.641, -1.48157, 1.56187, -3.04345, -0.000155315
58.6525, 0.0887699, 0.00017646, -184.606, -1.48159, 1.56188, -3.04346, -0.000155327
58.6556, 0.088866, -0.000323465, -184.57, -1.4816, 1.56188, -3.04347, -0.000155339
58.6587, 0.0893547, -0.000432424, -184.534, -1.48161, 1.56188, -3.04349, -0.000155352
58.6618, 0.0896494, -2.24784e-05, -184.498, -1.48162, 1.56188, -3.0435, -0.000155364
58.6649, 0.0893915, 0.000424978, -184.463, -1.48163, 1.56188, -3.04351, -0.000155376
58.668, 0.0888711, 0.000384742, -184.427, -1.48164, 1.56189, -3.04352, -0.000155389
58.6711, 0.0886863, -9.59186e-05, -184.391, -1.48165, 1.56189, -3.04354, -0.000155401
58.6742, 0.0890412, -0.00045317, -184.355, -1.48166, 1.56189, -3.04355, -0.000155413
58.6773, 0.089507, -0.000268135, -184.32, -1.48167, 1.56189, -3.04356, -0.000155426
58.6804, 0.0895251, 0.000242241, -184.284, -1.48168, 1.56189, -3.04358, -0.000155438
58.6835, 0.0890618, 0.000479907, -184.248, -1.48169, 1.56189, -3.04359, -0.000155451
58.6866, 0.0886472, 0.000166514, -184.213, -1.4817, 1.5619, -3.0436, -0.000155463
58.6897, 0.0887542, -0.000330916, -184.177, -1.48171, 1.5619, -3.04361, -0.000155475
58.6928, 0.089245, -0.000430117, -184.141, -1.48173, 1.5619, -3.04363, -0.000155488
58.6959, 0.0895326, -1.50586e-05, -184.106, -1.48174, 1.5619, -3.04364, -0.0001555
58.699, 0.0892682, 0.000428708, -184.07, -1.48175, 1.5619, -3.04365, -0.000155512
58.7021, 0.0887484, 0.00038229, -184.034, -1.48176, 1.56191, -3.04366, -0.000155525
58.7052, 0.0885683, -9.99943e-05, -183.999, -1.48177, 1.56191, -3.04368, -0.000155537
58.7083, 0.0889257, -0.000454549, -183.963, -1.48178, 1.56191, -3.04369, -0.000155549
58.7114, 0.0893906, -0.000267242, -183.928, -1.48179, 1.56191, -3.0437, -0.000155562
58.7145, 0.0894075, 0.000243149, -183.892, -1.4818, 1.56191, -3.04371, -0.000155574
58.7176, 0.0889442, 0.000480821, -183.856, -1.48181, 1.56192, -3.04373, -0.000155587
58.7207, 0.0885289, 0.000168481, -183.821, -1.48182, 1.56192, -3.04374, -0.000155599
58.7238, 0.0886335, -0.000329468, -183.785, -1.48183, 1.56192, -3.04375, -0.000155611
58.7269, 0.0891234, -0.000432363, -183.75, -1.48184, 1.56192, -3.04376, -0.000155624
58.73, 0.089415, -2.03128e-05, -183.714, -1.48185, 1.56192, -3.04378, -0.000155636
58.7331, 0.0891561, 0.000426475, -183.678, -1.48186, 1.56193, -3.04379, -0.000155648
58.7362, 0.0886357, 0.000387559, -183.643, -1.48188, 1.56193, -3.0438, -0.000155661
58.7393, 0.0884474, -9.16792e-05, -183.607, -1.48189, 1.56193, -3.04382, -0.000155673
58.7424, 0.0887978, -0.000453327, -183.572, -1.4819, 1.56193, -3.04383, -0.000155686
58.7455, 0.0892666, -0.00027657, -183.536, -1.48191, 1.56193, -3.04384, -0.000155698
58.7486, 0.089296, 0.00023291, -183.501, -1.48192, 1.56194, -3.04385, -0.00015571
58.7517, 0.0888394, 0.000482631, -183.465, -1.48193, 1.56194, -3.04387, -0.000155723
58.7548, 0.0884151, 0.000182347, -183.43, -1.48194, 1.56194, -3.04388, -0.000155735
58.7579, 0.0885038, -0.000318927, -183.394, -1.48195, 1.56194, -3.04389, -0.000155747
58.761, 0.0889898, -0.000438868, -183.359, -1.48196, 1.56194, -3.0439, -0.00015576
58.7641, 0.0892963, -3.82485e-05, -183.323, -1.48197, 1.56194, -3.04392, -0.000155772
58.7672, 0.089055, 0.000417812, -183.288, -1.48198, 1.56195, -3.04393, -0.000155785
58.7703, 0.0885336, 0.000400087, -183.252, -1.48199, 1.56195, -3.04394, -0.000155797
58.7734, 0.0883245, -7.07936e-05, -183.217, -1.482, 1.56195, -3.04395, -0.000155809
58.7765, 0.0886576, -0.000448722, -183.181, -1.48201, 1.56195, -3.04397, -0.000155822
58.7796, 0.0891344, -0.000295609, -183.146, -1.48203, 1.56195, -3.04398, -0.000155834
58.7827, 0.0891898, 0.00021104, -183.11, -1.48204, 1.56196, -3.04399, -0.000155847
58.7858, 0.0887473, 0.000484268, -183.075, -1.48205, 1.56196, -3.04401, -0.000155859
58.7889, 0.088307, 0.00020771, -183.039, -1.48206, 1.56196, -3.04402, -0.000155871
58.792, 0.0883661, -0.000298405, -183.004, -1.48207, 1.56196, -3.04403, -0.000155884
58.7951, 0.0888438, -0.00044836, -182.969, -1.48208, 1.56196, -3.04404, -0.000155896
58.7982, 0.0891749, -6.87372e-05, -182.933, -1.48209, 1.56197, -3.04406, -0.000155909
58.8013, 0.0889642, 0.000401387, -182.898, -1.4821, 1.56197, -3.04407, -0.000155921
58.8044, 0.0884429, 0.000418534, -182.862, -1.48211, 1.56197, -3.04408, -0.000155933
58.8075, 0.0882011, -3.70407e-05, -182.827, -1.48212, 1.56197, -3.04409, -0.000155946
58.8106, 0.0885056, -0.00043898, -182.792, -1.48213, 1.56197, -3.04411, -0.000155958
58.8137, 0.0889924, -0.000323128, -182.756, -1.48214, 1.56198, -3.04412, -0.000155971
58.8168, 0.0890871, 0.000176697, -182.721, -1.48215, 1.56198, -3.04413, -0.000155983
58.8199, 0.088668, 0.000483636, -182.685, -1.48217, 1.56198, -3.04414, -0.000155995
58.823, 0.0882064, 0.000243634, -182.65, -1.48218, 1.56198, -3.04416, -0.000156008
58.8261, 0.0882222, -0.000266449, -182.615, -1.48219, 1.56198, -3.04417, -0.00015602
58.8292, 0.0886847, -0.000458541, -182.579, -1.4822, 1.56199, -3.04418, -0.000156033
58.8323, 0.0890486, -0.000111322, -182.544, -1.48221, 1.56199, -3.0442, -0.000156045
58.8354, 0.0888822, 0.000375124, -182.509, -1.48222, 1.56199, -3.04421, -0.000156058
58.8385, 0.088365, 0.000440581, -182.473, -1.48223, 1.56199, -3.04422, -0.00015607
58.8416, 0.08808, 9.7637e-06, -182.438, -1.48224, 1.56199, -3.04423, -0.000156082
58.8447, 0.0883429, -0.000421456, -182.403, -1.48225, 1.56199, -3.04425, -0.000156095
58.8478, 0.0888387, -0.000356995, -182.367, -1.48226, 1.562, -3.04426, -0.000156107
58.8509, 0.088985, 0.000128936, -182.332, -1.48227, 1.562, -3.04427, -0.00015612
58.854, 0.0886012, 0.000477636, -182.297, -1.48228, 1.562, -3.04428, -0.000156132
58.8571, 0.0881162, 0.000288396, -182.262, -1.48229, 1.562, -3.0443, -0.000156145
58.8602, 0.0880748, -0.000221288, -182.226, -1.4823, 1.562, -3.04431, -0.000156157
58.8633, 0.0885122, -0.00046603, -182.191, -1.48232, 1.56201, -3.04432, -0.000156169
58.8664, 0.0889138, -0.000164902, -182.156, -1.48233, 1.56201, -3.04433, -0.000156182
58.8695, 0.0888064, 0.000336423, -182.12, -1.48234, 1.56201, -3.04435, -0.000156194
58.8727, 0.088283, 0.000456659, -182.084, -1.48235, 1.56201, -3.04436, -0.000156207
58.876, 0.087961, 3.19927e-05, -182.048, -1.48236, 1.56201, -3.04437, -0.00015622
58.8792, 0.0882192, -0.00042022, -182.011, -1.48237, 1.56202, -3.04439, -0.000156233
58.8824, 0.0887296, -0.000349266, -181.975, -1.48238, 1.56202, -3.0444, -0.000156246
58.8856, 0.0888574, 0.000158473, -181.938, -1.48239, 1.56202, -3.04441, -0.000156259
58.8888, 0.0884335, 0.000485101, -181.902, -1.4824, 1.56202, -3.04443, -0.000156271
58.892, 0.0879601, 0.000233275, -181.865, -1.48241, 1.56202, -3.04444, -0.000156284
58.8952, 0.0879994, -0.000290753, -181.829, -1.48243, 1.56203, -3.04445, -0.000156297
58.8984, 0.0884902, -0.000449941, -181.792, -1.48244, 1.56203, -3.04446, -0.00015631
58.9016, 0.0888225, -5.0847e-05, -181.756, -1.48245, 1.56203, -3.04448, -0.000156323
58.9048, 0.0885792, 0.000421708, -181.72, -1.48246, 1.56203, -3.04449, -0.000156336
58.908, 0.0880423, 0.000393877, -181.683, -1.48247, 1.56203, -3.0445, -0.000156349
58.9112, 0.08785, -0.000100543, -181.647, -1.48248, 1.56204, -3.04452, -0.000156362
58.9145, 0.0882223, -0.000461567, -181.611, -1.48249, 1.56204, -3.04453, -0.000156375
58.9177, 0.088694, -0.000251254, -181.574, -1.4825, 1.56204, -3.04454, -0.000156387
58.9209, 0.0886797, 0.000275353, -181.538, -1.48251, 1.56204, -3.04456, -0.0001564
58.9241, 0.0881833, 0.000479899, -181.501, -1.48253, 1.56204, -3.04457, -0.000156413
58.9273, 0.0877929, 0.000114536, -181.465, -1.48254, 1.56205, -3.04458, -0.000156426
58.9305, 0.0879679, -0.000378144, -181.429, -1.48255, 1.56205, -3.0446, -0.000156439
58.9337, 0.088483, -0.00040155, -181.392, -1.48256, 1.56205, -3.04461, -0.000156452
58.9369, 0.0887012, 7.26373e-05, -181.356, -1.48257, 1.56205, -3.04462, -0.000156465
58.9401, 0.088345, 0.000470621, -181.32, -1.48258, 1.56205, -3.04463, -0.000156478
58.9433, 0.087832, 0.000311003, -181.283, -1.48259, 1.56206, -3.04465, -0.000156491
58.9465, 0.0877689, -0.000213189, -181.247, -1.4826, 1.56206, -3.04466, -0.000156503
58.9497, 0.0882187, -0.000468328, -181.211, -1.48261, 1.56206, -3.04467, -0.000156516
58.953, 0.0886244, -0.000146134, -181.175, -1.48263, 1.56206, -3.04469, -0.000156529
58.9562, 0.0884826, 0.000364201, -181.138, -1.48264, 1.56206, -3.0447, -0.000156542
58.9594, 0.0879511, 0.000446467, -181.102, -1.48265, 1.56207, -3.04471, -0.000156555
58.9626, 0.0876581, 1.38766e-06, -181.066, -1.48266, 1.56207, -3.04473, -0.000156568
58.9658, 0.0879437, -0.000433985, -181.03, -1.48267, 1.56207, -3.04474, -0.000156581
58.969, 0.08845, -0.00033452, -180.993, -1.48268, 1.56207, -3.04475, -0.000156594
58.9722, 0.0885532, 0.000179833, -180.957, -1.48269, 1.56207, -3.04477, -0.000156607
58.9754, 0.0881155, 0.000489108, -180.921, -1.4827, 1.56208, -3.04478, -0.00015662
58.9786, 0.087651, 0.000220679, -180.885, -1.48271, 1.56208, -3.04479, -0.000156633
58.9818, 0.0877058, -0.000302117, -180.848, -1.48273, 1.56208, -3.0448, -0.000156645
58.985, 0.0882005, -0.000449812, -180.812, -1.48274, 1.56208, -3.04482, -0.000156658
58.9882, 0.0885264, -4.46595e-05, -180.776, -1.48275, 1.56208, -3.04483, -0.000156671
58.9915, 0.088278, 0.000425853, -180.74, -1.48276, 1.56209, -3.04484, -0.000156684
58.9947, 0.0877408, 0.000395826, -180.704, -1.48277, 1.56209, -3.04486, -0.000156697
58.9979, 0.0875473, -9.86091e-05, -180.667, -1.48278, 1.56209, -3.04487, -0.00015671
59.0011, 0.0879168, -0.00046318, -180.631, -1.48279, 1.56209, -3.04488, -0.000156723
59.0043, 0.0883919, -0.00025988, -180.595, -1.4828, 1.56209, -3.0449, -0.000156736
59.0075, 0.0883887, 0.000267093, -180.559, -1.48281, 1.5621, -3.04491, -0.000156749
59.0107, 0.0878978, 0.000485049, -180.523, -1.48282, 1.5621, -3.04492, -0.000156762
59.0139, 0.087495, 0.000132425, -180.487, -1.48284, 1.5621, -3.04494, -0.000156775
59.0171, 0.0876503, -0.000367688, -180.451, -1.48285, 1.5621, -3.04495, -0.000156788
59.0203, 0.0881641, -0.000415494, -180.414, -1.48286, 1.5621, -3.04496, -0.000156801
59.0235, 0.0884071, 4.62945e-05, -180.378, -1.48287, 1.56211, -3.04497, -0.000156814
59.0267, 0.0880748, 0.000464219, -180.342, -1.48288, 1.56211, -3.04499, -0.000156826
59.03, 0.0875521, 0.000337603, -180.306, -1.48289, 1.56211, -3.045, -0.000156839
59.0332, 0.0874516, -0.000181881, -180.27, -1.4829, 1.56211, -3.04501, -0.000156852
59.0364, 0.0878804, -0.000472297, -180.234, -1.48291, 1.56211, -3.04503, -0.000156865
59.0396, 0.088312, -0.000186107, -180.198, -1.48292, 1.56212, -3.04504, -0.000156878
59.0428, 0.0882168, 0.000334279, -180.162, -1.48294, 1.56212, -3.04505, -0.000156891
59.046, 0.0876954, 0.000466526, -180.126, -1.48295, 1.56212, -3.04507, -0.000156904
59.0492, 0.0873579, 5.25669e-05, -180.09, -1.48296, 1.56212, -3.04508, -0.000156917
59.0524, 0.0875944, -0.000412862, -180.054, -1.48297, 1.56212, -3.04509, -0.00015693
59.0556, 0.088109, -0.000373751, -180.017, -1.48298, 1.56212, -3.04511, -0.000156943
59.0588, 0.088274, 0.000123158, -179.981, -1.48299, 1.56213, -3.04512, -0.000156956
59.062, 0.0878792, 0.000484646, -179.945, -1.483, 1.56213, -3.04513, -0.000156969
59.0652, 0.0873825, 0.000279353, -179.909, -1.48301, 1.56213, -3.04514, -0.000156982
59.0685, 0.0873633, -0.000247782, -179.873, -1.48302, 1.56213, -3.04516, -0.000156995
59.0717, 0.0878311, -0.000468134, -179.837, -1.48304, 1.56213, -3.04517, -0.000157008
59.0749, 0.0882151, -0.000119056, -179.801, -1.48305, 1.56214, -3.04518, -0.000157021
59.0781, 0.0880445, 0.000383438, -179.765, -1.48306, 1.56214, -3.0452, -0.000157034
59.0813, 0.0875093, 0.000440767, -179.729, -1.48307, 1.56214, -3.04521, -0.000157047
59.0845, 0.0872337, -1.52965e-05, -179.693, -1.48308, 1.56214, -3.04522, -0.00015706
59.0877, 0.0875325, -0.000441831, -179.657, -1.48309, 1.56214, -3.04524, -0.000157073
59.0909, 0.088037, -0.000331293, -179.622, -1.4831, 1.56215, -3.04525, -0.000157085
59.0941, 0.0881338, 0.000184788, -179.586, -1.48311, 1.56215, -3.04526, -0.000157098
59.0973, 0.0876947, 0.000492719, -179.55, -1.48312, 1.56215, -3.04528, -0.000157111
59.1005, 0.0872285, 0.000226497, -179.514, -1.48314, 1.56215, -3.04529, -0.000157124
59.1037, 0.087276, -0.000297491, -179.478, -1.48315, 1.56215, -3.0453, -0.000157137
59.107, 0.0877675, -0.000456826, -179.442, -1.48316, 1.56216, -3.04531, -0.00015715
59.1102, 0.0881063, -6.2347e-05, -179.406, -1.48317, 1.56216, -3.04533, -0.000157163
59.1134, 0.087877, 0.000417667, -179.37, -1.48318, 1.56216, -3.04534, -0.000157176
59.1166, 0.0873387, 0.000413658, -179.334, -1.48319, 1.56216, -3.04535, -0.000157189
59.1198, 0.0871167, -6.95713e-05, -179.298, -1.4832, 1.56216, -3.04537, -0.000157202
59.123, 0.087461, -0.000459014, -179.262, -1.48321, 1.56217, -3.04538, -0.000157215
59.1262, 0.0879504, -0.000293086, -179.226, -1.48322, 1.56217, -3.04539, -0.000157228
59.1294, 0.0879919, 0.000231562, -179.191, -1.48324, 1.56217, -3.04541, -0.000157241
59.1326, 0.0875232, 0.000493495, -179.155, -1.48325, 1.56217, -3.04542, -0.000157254
59.1358, 0.0870862, 0.000182614, -179.119, -1.48326, 1.56217, -3.04543, -0.000157267
59.139, 0.0871851, -0.000333071, -179.083, -1.48327, 1.56218, -3.04544, -0.00015728
59.1422, 0.0876896, -0.000443405, -179.047, -1.48328, 1.56218, -3.04546, -0.000157293
59.1455, 0.0879899, -1.79332e-05, -179.011, -1.48329, 1.56218, -3.04547, -0.000157306
59.1487, 0.0877179, 0.000440254, -178.975, -1.4833, 1.56218, -3.04548, -0.000157319
59.1519, 0.087182, 0.000389632, -178.94, -1.48331, 1.56218, -3.0455, -0.000157332
59.1551, 0.0870023, -0.000109934, -178.904, -1.48332, 1.56219, -3.04551, -0.000157345
59.1583, 0.0873779, -0.000468389, -178.868, -1.48333, 1.56219, -3.04552, -0.000157358
59.1615, 0.0878522, -0.000262548, -178.832, -1.48335, 1.56219, -3.04554, -0.000157371
59.1647, 0.0878524, 0.000264597, -178.796, -1.48336, 1.56219, -3.04555, -0.000157384
59.1679, 0.0873652, 0.000491101, -178.761, -1.48337, 1.56219, -3.04556, -0.000157397
59.1711, 0.0869522, 0.000149872, -178.725, -1.48338, 1.5622, -3.04558, -0.00015741
59.1743, 0.0870872, -0.000356739, -178.689, -1.48339, 1.5622, -3.04559, -0.000157423
59.1775, 0.087598, -0.000431665, -178.653, -1.4834, 1.5622, -3.0456, -0.000157436
59.1807, 0.0878697, 1.33153e-05, -178.618, -1.48341, 1.5622, -3.04561, -0.000157449
59.184, 0.0875694, 0.000454106, -178.582, -1.48342, 1.5622, -3.04563, -0.000157462
59.1872, 0.0870375, 0.000371789, -178.546, -1.48343, 1.56221, -3.04564, -0.000157475
59.1904, 0.0868871, -0.000136698, -178.51, -1.48345, 1.56221, -3.04565, -0.000157488
59.1936, 0.0872819, -0.000473116, -178.475, -1.48346, 1.56221, -3.04567, -0.000157501
59.1968, 0.0877447, -0.000241861, -178.439, -1.48347, 1.56221, -3.04568, -0.000157514
59.2, 0.0877183, 0.000285145, -178.403, -1.48348, 1.56221, -3.04569, -0.000157527
59.2032, 0.0872208, 0.00048856, -178.368, -1.48349, 1.56222, -3.04571, -0.00015754
59.2064, 0.0868237, 0.000129469, -178.332, -1.4835, 1.56222, -3.04572, -0.000157553
59.2096, 0.0869803, -0.000370374, -178.296, -1.48351, 1.56222, -3.04573, -0.000157566
59.2128, 0.0874936, -0.000424191, -178.26, -1.48352, 1.56222, -3.04575, -0.000157579
59.216, 0.0877483, 3.11166e-05, -178.225, -1.48353, 1.56222, -3.04576, -0.000157592
59.2192, 0.0874326, 0.000461389, -178.189, -1.48355, 1.56223, -3.04577, -0.000157605
59.2225, 0.0869038, 0.000362082, -178.153, -1.48356, 1.56223, -3.04578, -0.000157618
59.2257, 0.0867688, -0.000150325, -178.118, -1.48357, 1.56223, -3.0458, -0.000157631
59.2289, 0.0871728, -0.000475344, -178.082, -1.48358, 1.56223, -3.04581, -0.000157644
59.2321, 0.0876295, -0.000232279, -178.047, -1.48359, 1.56223, -3.04582, -0.000157657
59.2353, 0.0875912, 0.000294179, -178.011, -1.4836, 1.56224, -3.04584, -0.000157671
59.2385, 0.0870898, 0.000487759, -177.975, -1.48361, 1.56224, -3.04585, -0.000157684
59.2417, 0.0866991, 0.000121995, -177.94, -1.48362, 1.56224, -3.04586, -0.000157697
59.2449, 0.0868632, -0.000375201, -177.904, -1.48363, 1.56224, -3.04588, -0.00015771
59.2481, 0.0873771, -0.000422449, -177.868, -1.48365, 1.56224, -3.04589, -0.000157723
59.2513, 0.0876272, 3.54173e-05, -177.833, -1.48366, 1.56225, -3.0459, -0.000157736
59.2545, 0.0873083, 0.000463341, -177.797, -1.48367, 1.56225, -3.04591, -0.000157749
59.2577, 0.0867801, 0.000361502, -177.762, -1.48368, 1.56225, -3.04593, -0.000157762
59.261, 0.0866463, -0.000151116, -177.726, -1.48369, 1.56225, -3.04594, -0.000157775
59.2642, 0.0870502, -0.00047613, -177.691, -1.4837, 1.56225, -3.04595, -0.000157788
59.2674, 0.0875075, -0.000234348, -177.655, -1.48371, 1.56226, -3.04597, -0.000157801
59.2706, 0.0874719, 0.000292148, -177.619, -1.48372, 1.56226, -3.04598, -0.000157814
59.2738, 0.0869721, 0.000489457, -177.584, -1.48373, 1.56226, -3.04599, -0.000157827
59.277, 0.0865778, 0.000127661, -177.548, -1.48374, 1.56226, -3.04601, -0.00015784
59.2802, 0.0867354, -0.000371626, -177.513, -1.48376, 1.56226, -3.04602, -0.000157853
59.2834, 0.0872485, -0.000426869, -177.477, -1.48377, 1.56227, -3.04603, -0.000157866
59.2866, 0.0875066, 2.61868e-05, -177.442, -1.48378, 1.56227, -3.04605, -0.000157879
59.2898, 0.0871966, 0.000460177, -177.406, -1.48379, 1.56227, -3.04606, -0.000157892
59.293, 0.0866663, 0.000370186, -177.371, -1.4838, 1.56227, -3.04607, -0.000157905
59.2962, 0.0865196, -0.000139045, -177.335, -1.48381, 1.56227, -3.04608, -0.000157918
59.2995, 0.0869142, -0.000475415, -177.3, -1.48382, 1.56228, -3.0461, -0.000157931
59.3027, 0.0873785, -0.000248022, -177.264, -1.48383, 1.56228, -3.04611, -0.000157945
59.3059, 0.0873602, 0.00027887, -177.229, -1.48384, 1.56228, -3.04612, -0.000157958
59.3091, 0.0868678, 0.000493306, -177.193, -1.48386, 1.56228, -3.04614, -0.000157971
59.3123, 0.0864602, 0.000146389, -177.158, -1.48387, 1.56228, -3.04615, -0.000157984
59.3155, 0.0865975, -0.000359185, -177.123, -1.48388, 1.56229, -3.04616, -0.000157997
59.3187, 0.0871075, -0.000436866, -177.087, -1.48389, 1.56229, -3.04618, -0.00015801
59.3219, 0.0873859, 3.36737e-06, -177.052, -1.4839, 1.56229, -3.04619, -0.000158023
59.3251, 0.0870971, 0.00045108, -177.016, -1.48391, 1.56229, -3.0462, -0.000158036
59.3283, 0.0865631, 0.000387432, -176.981, -1.48392, 1.56229, -3.04621, -0.000158049
59.3315, 0.0863897, -0.000113758, -176.945, -1.48393, 1.5623, -3.04623, -0.000158062
59.3347, 0.0867648, -0.000472021, -176.91, -1.48394, 1.5623, -3.04624, -0.000158075
59.338, 0.0872414, -0.000272643, -176.875, -1.48396, 1.5623, -3.04625, -0.000158088
59.3412, 0.087255, 0.000253564, -176.839, -1.48397, 1.5623, -3.04627, -0.000158101
59.3444, 0.0867772, 0.000497834, -176.804, -1.48398, 1.5623, -3.04628, -0.000158114
59.3476, 0.0863478, 0.000177747, -176.769, -1.48399, 1.56231, -3.04629, -0.000158128
59.3508, 0.0864504, -0.000336592, -176.733, -1.484, 1.56231, -3.04631, -0.000158141
59.354, 0.0869535, -0.000450801, -176.698, -1.48401, 1.56231, -3.04632, -0.000158154
59.3572, 0.0872632, -3.30184e-05, -176.662, -1.48402, 1.56231, -3.04633, -0.000158167
59.3604, 0.0870091, 0.000434244, -176.627, -1.48403, 1.56231, -3.04635, -0.00015818
59.3636, 0.0864718, 0.000411611, -176.592, -1.48404, 1.56231, -3.04636, -0.000158193
59.3668, 0.0862586, -7.47143e-05, -176.556, -1.48405, 1.56232, -3.04637, -0.000158206
59.37, 0.0866026, -0.000463681, -176.521, -1.48407, 1.56232, -3.04638, -0.000158219
59.3732, 0.0870942, -0.000306796, -176.486, -1.48408, 1.56232, -3.0464, -0.000158232
59.3765, 0.0871541, 0.000215013, -176.451, -1.48409, 1.56232, -3.04641, -0.000158245
59.3797, 0.0867005, 0.00050043, -176.415, -1.4841, 1.56232, -3.04642, -0.000158258
59.3829, 0.0862433, 0.000220745, -176.38, -1.48411, 1.56233, -3.04644, -0.000158272
59.3861, 0.0862962, -0.000301905, -176.345, -1.48412, 1.56233, -3.04645, -0.000158285
59.3893, 0.0867854, -0.000465898, -176.309, -1.48413, 1.56233, -3.04646, -0.000158298
59.3925, 0.0871353, -8.26062e-05, -176.274, -1.48414, 1.56233, -3.04648, -0.000158311
59.3957, 0.0869307, 0.000407018, -176.239, -1.48415, 1.56233, -3.04649, -0.000158324
59.3989, 0.0863942, 0.000439999, -176.204, -1.48417, 1.56234, -3.0465, -0.000158337
59.4021, 0.0861298, -2.14855e-05, -176.168, -1.48418, 1.56234, -3.04651, -0.00015835
59.4053, 0.0864285, -0.000447121, -176.133, -1.48419, 1.56234, -3.04653, -0.000158363
59.4085, 0.0869345, -0.000348051, -176.098, -1.4842, 1.56234, -3.04654, -0.000158376
59.4117, 0.087054, 0.000161884, -176.063, -1.48421, 1.56234, -3.04655, -0.00015839
59.415, 0.0866373, 0.00049735, -176.027, -1.48422, 1.56235, -3.04657, -0.000158403
59.4182, 0.0861499, 0.000273498, -175.992, -1.48423, 1.56235, -3.04658, -0.000158416
59.4214, 0.0861381, -0.000252831, -175.957, -1.48424, 1.56235, -3.04659, -0.000158429
59.4246, 0.0866026, -0.00047815, -175.922, -1.48425, 1.56235, -3.04661, -0.000158442
59.4278, 0.0869984, -0.000144281, -175.887, -1.48426, 1.56235, -3.04662, -0.000158455
59.431, 0.0868593, 0.000366171, -175.851, -1.48428, 1.56236, -3.04663, -0.000158468
59.4342, 0.086332, 0.000468577, -175.816, -1.48429, 1.56236, -3.04665, -0.000158481
59.4374, 0.0860077, 4.57788e-05, -175.781, -1.4843, 1.56236, -3.04666, -0.000158494
59.4406, 0.0862447, -0.000418258, -175.746, -1.48431, 1.56236, -3.04667, -0.000158508
59.4438, 0.0867592, -0.000392654, -175.711, -1.48432, 1.56236, -3.04668, -0.000158521
59.447, 0.0869501, 9.32168e-05, -175.676, -1.48433, 1.56237, -3.0467, -0.000158534
59.4502, 0.0865865, 0.000483819, -175.641, -1.48434, 1.56237, -3.04671, -0.000158547
59.4535, 0.0860715, 0.000332795, -175.605, -1.48435, 1.56237, -3.04672, -0.00015856
59.4567, 0.0859808, -0.00018722, -175.57, -1.48436, 1.56237, -3.04674, -0.000158573
59.4599, 0.0864052, -0.000482307, -175.535, -1.48438, 1.56237, -3.04675, -0.000158586
59.4631, 0.0868476, -0.000215648, -175.5, -1.48439, 1.56238, -3.04676, -0.0001586
59.4663, 0.0867905, 0.000308348, -175.465, -1.4844, 1.56238, -3.04678, -0.000158613
59.4695, 0.0862865, 0.000491886, -175.43, -1.48441, 1.56238, -3.04679, -0.000158626
59.4727, 0.0858978, 0.000125739, -175.395, -1.48442, 1.56238, -3.0468, -0.000158639
59.4759, 0.0860549, -0.000372598, -175.36, -1.48443, 1.56238, -3.04681, -0.000158652
59.4791, 0.086566, -0.000435231, -175.325, -1.48444, 1.56239, -3.04683, -0.000158665
59.4823, 0.0868363, 9.09978e-06, -175.29, -1.48445, 1.56239, -3.04684, -0.000158678
59.4855, 0.0865454, 0.000454332, -175.254, -1.48446, 1.56239, -3.04685, -0.000158692
59.4887, 0.086012, 0.000393662, -175.219, -1.48447, 1.56239, -3.04687, -0.000158705
59.492, 0.0858305, -0.00010377, -175.184, -1.48449, 1.56239, -3.04688, -0.000158718
59.4952, 0.0861947, -0.000472052, -175.149, -1.4845, 1.5624, -3.04689, -0.000158731
59.4984, 0.0866778, -0.000292447, -175.114, -1.48451, 1.5624, -3.04691, -0.000158744
59.5016, 0.0867181, 0.000230785, -175.079, -1.48452, 1.5624, -3.04692, -0.000158757
59.5048, 0.0862573, 0.000503047, -175.044, -1.48453, 1.5624, -3.04693, -0.00015877
59.508, 0.0858064, 0.000215145, -175.009, -1.48454, 1.5624, -3.04695, -0.000158784
59.5112, 0.0858648, -0.000305905, -174.974, -1.48455, 1.56241, -3.04696, -0.000158797
59.5144, 0.0863535, -0.000468642, -174.939, -1.48456, 1.56241, -3.04697, -0.00015881
59.5176, 0.0867055, -8.84944e-05, -174.904, -1.48457, 1.56241, -3.04698, -0.000158823
59.5208, 0.0865089, 0.000403254, -174.869, -1.48459, 1.56241, -3.047, -0.000158836
59.524, 0.0859743, 0.000449029, -174.834, -1.4846, 1.56241, -3.04701, -0.000158849
59.5272, 0.0856951, -2.95271e-06, -174.799, -1.48461, 1.56242, -3.04702, -0.000158863
59.5305, 0.0859751, -0.000440487, -174.764, -1.48462, 1.56242, -3.04704, -0.000158876
59.5337, 0.0864845, -0.000368026, -174.729, -1.48463, 1.56242, -3.04705, -0.000158889
59.5369, 0.086634, 0.000132283, -174.695, -1.48464, 1.56242, -3.04706, -0.000158902
59.5401, 0.086242, 0.000494108, -174.66, -1.48465, 1.56242, -3.04708, -0.000158915
59.5433, 0.0857396, 0.000308121, -174.625, -1.48466, 1.56243, -3.04709, -0.000158928
59.5465, 0.0856825, -0.000215211, -174.59, -1.48467, 1.56243, -3.0471, -0.000158942
59.5497, 0.0861227, -0.000484151, -174.555, -1.48469, 1.56243, -3.04711, -0.000158955
59.5529, 0.0865501, -0.000194807, -174.52, -1.4847, 1.56243, -3.04713, -0.000158968
59.5561, 0.0864693, 0.00032581, -174.485, -1.48471, 1.56243, -3.04714, -0.000158981
59.5593, 0.0859592, 0.000489695, -174.45, -1.48472, 1.56244, -3.04715, -0.000158994
59.5625, 0.0855833, 0.000111911, -174.415, -1.48473, 1.56244, -3.04717, -0.000159007
59.5658, 0.0857533, -0.000381075, -174.38, -1.48474, 1.56244, -3.04718, -0.000159021
59.569, 0.0862648, -0.00043308, -174.346, -1.48475, 1.56244, -3.04719, -0.000159034
59.5722, 0.0865285, 1.44446e-05, -174.311, -1.48476, 1.56244, -3.04721, -0.000159047
59.5754, 0.0862347, 0.000456884, -174.276, -1.48477, 1.56245, -3.04722, -0.00015906
59.5786, 0.0857021, 0.000395647, -174.241, -1.48478, 1.56245, -3.04723, -0.000159073
59.5818, 0.0855184, -0.000100165, -174.206, -1.4848, 1.56245, -3.04724, -0.000159087
59.585, 0.0858779, -0.000472112, -174.171, -1.48481, 1.56245, -3.04726, -0.0001591
59.5882, 0.0863633, -0.000301517, -174.136, -1.48482, 1.56245, -3.04727, -0.000159113
59.5914, 0.086416, 0.000219526, -174.102, -1.48483, 1.56246, -3.04728, -0.000159126
59.5946, 0.0859643, 0.000504818, -174.067, -1.48484, 1.56246, -3.0473, -0.000159139
59.5978, 0.0855039, 0.000233605, -174.032, -1.48485, 1.56246, -3.04731, -0.000159153
59.601, 0.0855399, -0.000289112, -173.997, -1.48486, 1.56246, -3.04732, -0.000159166
59.6043, 0.0860192, -0.000475903, -173.962, -1.48487, 1.56246, -3.04734, -0.000159179
59.6075, 0.0863911, -0.000117024, -173.928, -1.48488, 1.56247, -3.04735, -0.000159192
59.6107, 0.0862254, 0.00038442, -173.893, -1.4849, 1.56247, -3.04736, -0.000159205
59.6139, 0.085696, 0.000465538, -173.858, -1.48491, 1.56247, -3.04738, -0.000159219
59.6171, 0.0853845, 3.54103e-05, -173.823, -1.48492, 1.56247, -3.04739, -0.000159232
59.6203, 0.0856279, -0.000423377, -173.789, -1.48493, 1.56247, -3.0474, -0.000159245
59.6235, 0.0861408, -0.000396392, -173.754, -1.48494, 1.56247, -3.04741, -0.000159258
59.6267, 0.0863358, 8.60057e-05, -173.719, -1.48495, 1.56248, -3.04743, -0.000159271
59.6299, 0.0859821, 0.000483199, -173.684, -1.48496, 1.56248, -3.04744, -0.000159285
59.6331, 0.0854637, 0.000350329, -173.65, -1.48497, 1.56248, -3.04745, -0.000159298
59.6365, 0.0853564, -0.000184301, -173.614, -1.48498, 1.56248, -3.04747, -0.000159312
59.6398, 0.0857966, -0.000485934, -173.577, -1.485, 1.56248, -3.04748, -0.000159325
59.6431, 0.0862423, -0.000192614, -173.541, -1.48501, 1.56249, -3.04749, -0.000159339
59.6465, 0.086145, 0.00034375, -173.505, -1.48502, 1.56249, -3.04751, -0.000159353
59.6498, 0.0856077, 0.000479958, -173.469, -1.48503, 1.56249, -3.04752, -0.000159367
59.6531, 0.0852607, 5.27726e-05, -173.433, -1.48504, 1.56249, -3.04753, -0.00015938
59.6565, 0.085506, -0.000425878, -173.397, -1.48505, 1.5625, -3.04755, -0.000159394
59.6598, 0.086036, -0.00038265, -173.361, -1.48506, 1.5625, -3.04756, -0.000159408
59.6632, 0.0862023, 0.000130655, -173.325, -1.48508, 1.5625, -3.04757, -0.000159422
59.6665, 0.0857921, 0.000499607, -173.289, -1.48509, 1.5625, -3.04759, -0.000159435
59.6698, 0.0852825, 0.000282774, -173.253, -1.4851, 1.5625, -3.0476, -0.000159449
59.6732, 0.0852693, -0.000260449, -173.217, -1.48511, 1.56251, -3.04762, -0.000159463
59.6765, 0.0857545, -0.000480551, -173.181, -1.48512, 1.56251, -3.04763, -0.000159477
59.6798, 0.0861444, -0.000114502, -173.145, -1.48513, 1.56251, -3.04764, -0.00015949
59.6832, 0.0859595, 0.000400322, -173.109, -1.48514, 1.56251, -3.04766, -0.000159504
59.6865, 0.085407, 0.000449068, -173.073, -1.48516, 1.56251, -3.04767, -0.000159518
59.6898, 0.0851327, -2.64134e-05, -173.037, -1.48517, 1.56252, -3.04768, -0.000159532
59.6932, 0.0854504, -0.000458635, -173.001, -1.48518, 1.56252, -3.0477, -0.000159545
59.6965, 0.0859672, -0.000331981, -172.965, -1.48519, 1.56252, -3.04771, -0.000159559
59.6999, 0.0860531, 0.000202462, -172.929, -1.4852, 1.56252, -3.04772, -0.000159573
59.7032, 0.0855922, 0.000507565, -172.893, -1.48521, 1.56252, -3.04774, -0.000159587
59.7065, 0.0851199, 0.000219785, -172.857, -1.48523, 1.56253, -3.04775, -0.000159601
59.7099, 0.0851852, -0.000318018, -172.821, -1.48524, 1.56253, -3.04776, -0.000159614
59.7132, 0.0856966, -0.000465433, -172.785, -1.48525, 1.56253, -3.04778, -0.000159628
59.7165, 0.0860317, -4.70292e-05, -172.749, -1.48526, 1.56253, -3.04779, -0.000159642
59.7199, 0.0857781, 0.000439295, -172.713, -1.48527, 1.56253, -3.04781, -0.000159656
59.7232, 0.0852238, 0.000415093, -172.678, -1.48528, 1.56254, -3.04782, -0.000159669
59.7265, 0.0850144, -9.08041e-05, -172.642, -1.48529, 1.56254, -3.04783, -0.000159683
59.7299, 0.0853849, -0.000477065, -172.606, -1.48531, 1.56254, -3.04785, -0.000159697
59.7332, 0.0858815, -0.000284786, -172.57, -1.48532, 1.56254, -3.04786, -0.000159711
59.7366, 0.0859008, 0.000257611, -172.534, -1.48533, 1.56254, -3.04787, -0.000159725
59.7399, 0.0854062, 0.000506148, -172.498, -1.48534, 1.56255, -3.04789, -0.000159738
59.7432, 0.0849712, 0.000165902, -172.462, -1.48535, 1.56255, -3.0479, -0.000159752
59.7466, 0.0850982, -0.000359413, -172.426, -1.48536, 1.56255, -3.04791, -0.000159766
59.7499, 0.0856229, -0.000446805, -172.391, -1.48537, 1.56255, -3.04793, -0.00015978
59.7532, 0.0859097, 7.27736e-06, -172.355, -1.48539, 1.56255, -3.04794, -0.000159794
59.7566, 0.0856051, 0.000464679, -172.319, -1.4854, 1.56256, -3.04795, -0.000159807
59.7599, 0.0850564, 0.000383574, -172.283, -1.48541, 1.56256, -3.04797, -0.000159821
59.7633, 0.0848998, -0.000139933, -172.247, -1.48542, 1.56256, -3.04798, -0.000159835
59.7666, 0.085307, -0.000486112, -172.212, -1.48543, 1.56256, -3.04799, -0.000159849
59.7699, 0.0857825, -0.000245363, -172.176, -1.48544, 1.56256, -3.04801, -0.000159863
59.7733, 0.0857503, 0.000297483, -172.14, -1.48545, 1.56257, -3.04802, -0.000159876
59.7766, 0.085235, 0.000500538, -172.104, -1.48547, 1.56257, -3.04804, -0.00015989
59.7799, 0.0848321, 0.000123848, -172.068, -1.48548, 1.56257, -3.04805, -0.000159904
59.7833, 0.0850041, -0.000387452, -172.033, -1.48549, 1.56257, -3.04806, -0.000159918
59.7866, 0.0855342, -0.000429463, -171.997, -1.4855, 1.56258, -3.04808, -0.000159932
59.7899, 0.085783, 4.73575e-05, -171.961, -1.48551, 1.56258, -3.04809, -0.000159945
59.7933, 0.0854433, 0.000480206, -171.925, -1.48552, 1.56258, -3.0481, -0.000159959
59.7966, 0.0849025, 0.000358435, -171.89, -1.48553, 1.56258, -3.04812, -0.000159973
59.8, 0.0847848, -0.000174274, -171.854, -1.48555, 1.56258, -3.04813, -0.000159987
59.8033, 0.0852154, -0.000489867, -171.818, -1.48556, 1.56259, -3.04814, -0.000160001
59.8066, 0.0856733, -0.000216461, -171.783, -1.48557, 1.56259, -3.04816, -0.000160015
59.81, 0.0856055, 0.000323794, -171.747, -1.48558, 1.56259, -3.04817, -0.000160028
59.8133, 0.0850784, 0.000494677, -171.711, -1.48559, 1.56259, -3.04818, -0.000160042
59.8166, 0.0846991, 9.50891e-05, -171.675, -1.4856, 1.56259, -3.0482, -0.000160056
59.82, 0.0849003, -0.000404698, -171.64, -1.48562, 1.5626, -3.04821, -0.00016007
59.8233, 0.0854318, -0.000416789, -171.604, -1.48563, 1.5626, -3.04822, -0.000160084
59.8266, 0.0856551, 7.2967e-05, -171.568, -1.48564, 1.5626, -3.04824, -0.000160097
59.83, 0.0852943, 0.000488851, -171.533, -1.48565, 1.5626, -3.04825, -0.000160111
59.8333, 0.0847599, 0.000342233, -171.497, -1.48566, 1.5626, -3.04827, -0.000160125
59.8367, 0.0846661, -0.000194601, -171.461, -1.48567, 1.56261, -3.04828, -0.000160139
59.84, 0.0851095, -0.000491309, -171.426, -1.48568, 1.56261, -3.04829, -0.000160153
59.8433, 0.0855562, -0.000199694, -171.39, -1.4857, 1.56261, -3.04831, -0.000160167
59.8467, 0.0854687, 0.000338037, -171.355, -1.48571, 1.56261, -3.04832, -0.000160181
59.85, 0.0849362, 0.000491215, -171.319, -1.48572, 1.56261, -3.04833, -0.000160194
59.8533, 0.0845696, 8.03225e-05, -171.283, -1.48573, 1.56262, -3.04835, -0.000160208
59.8567, 0.0847851, -0.00041303, -171.248, -1.48574, 1.56262, -3.04836, -0.000160222
59.86, 0.0853167, -0.000410883, -171.212, -1.48575, 1.56262, -3.04837, -0.000160236
59.8633, 0.0855283, 8.41778e-05, -171.177, -1.48576, 1.56262, -3.04839, -0.00016025
59.8667, 0.085159, 0.000492564, -171.141, -1.48578, 1.56262, -3.0484, -0.000160264
59.87, 0.0846274, 0.000336413, -171.106, -1.48579, 1.56263, -3.04841, -0.000160277
59.8734, 0.0845421, -0.000201532, -171.07, -1.4858, 1.56263, -3.04843, -0.000160291
59.8767, 0.0849892, -0.000492196, -171.034, -1.48581, 1.56263, -3.04844, -0.000160305
59.88, 0.0854328, -0.000195869, -170.999, -1.48582, 1.56263, -3.04845, -0.000160319
59.8834, 0.085341, 0.000341123, -170.963, -1.48583, 1.56263, -3.04847, -0.000160333
59.8867, 0.0848079, 0.000491544, -170.928, -1.48584, 1.56264, -3.04848, -0.000160347
59.89, 0.0844425, 7.98308e-05, -170.892, -1.48586, 1.56264, -3.04849, -0.000160361
59.8934, 0.0846579, -0.000413405, -170.857, -1.48587, 1.56264, -3.04851, -0.000160374
59.8967, 0.0851893, -0.000412694, -170.821, -1.48588, 1.56264, -3.04852, -0.000160388
59.9, 0.0854035, 8.10567e-05, -170.786, -1.48589, 1.56264, -3.04854, -0.000160402
59.9034, 0.0850375, 0.000492144, -170.75, -1.4859, 1.56265, -3.04855, -0.000160416
59.9067, 0.0845045, 0.000341505, -170.715, -1.48591, 1.56265, -3.04856, -0.00016043
59.9101, 0.0844121, -0.000195277, -170.679, -1.48592, 1.56265, -3.04858, -0.000160444
59.9134, 0.0848545, -0.000493041, -170.644, -1.48594, 1.56265, -3.04859, -0.000160458
59.9167, 0.0853033, -0.000205199, -170.608, -1.48595, 1.56266, -3.0486, -0.000160472
59.9201, 0.0852228, 0.000333204, -170.573, -1.48596, 1.56266, -3.04862, -0.000160485
59.9234, 0.0846935, 0.000495841, -170.538, -1.48597, 1.56266, -3.04863, -0.000160499
59.9267, 0.0843176, 9.3665e-05, -170.502, -1.48598, 1.56266, -3.04864, -0.000160513
59.9301, 0.0845186, -0.000405751, -170.467, -1.48599, 1.56266, -3.04866, -0.000160527
59.9334, 0.0850496, -0.000422101, -170.431, -1.48601, 1.56267, -3.04867, -0.000160541
59.9368, 0.0852805, 6.35253e-05, -170.396, -1.48602, 1.56267, -3.04868, -0.000160555
59.9401, 0.0849299, 0.000487198, -170.36, -1.48603, 1.56267, -3.0487, -0.000160569
59.9434, 0.0843915, 0.000357198, -170.325, -1.48604, 1.56267, -3.04871, -0.000160583
59.9468, 0.0842768, -0.000175548, -170.29, -1.48605, 1.56267, -3.04872, -0.000160597
59.9501, 0.0847053, -0.000493102, -170.254, -1.48606, 1.56268, -3.04874, -0.00016061
59.9534, 0.085167, -0.000227345, -170.219, -1.48607, 1.56268, -3.04875, -0.000160624
59.9568, 0.0851134, 0.000313633, -170.184, -1.48609, 1.56268, -3.04877, -0.000160638
59.9601, 0.0845935, 0.00050307, -170.148, -1.4861, 1.56268, -3.04878, -0.000160652
59.9634, 0.0841961, 0.000121653, -170.113, -1.48611, 1.56268, -3.04879, -0.000160666
59.9668, 0.084368, -0.000388975, -170.078, -1.48612, 1.56269, -3.04881, -0.00016068
59.9701, 0.0848969, -0.000437895, -170.042, -1.48613, 1.56269, -3.04882, -0.000160694
59.9735, 0.0851576, 3.14012e-05, -170.007, -1.48614, 1.56269, -3.04883, -0.000160708
59.9768, 0.0848355, 0.000476158, -169.972, -1.48615, 1.56269, -3.04885, -0.000160722
59.9801, 0.0842898, 0.000382286, -169.936, -1.48617, 1.56269, -3.04886, -0.000160736
59.9835, 0.0841378, -0.000141646, -169.901, -1.48618, 1.5627, -3.04887, -0.000160749
59.9868, 0.0845418, -0.000490391, -169.866, -1.48619, 1.5627, -3.04889, -0.000160763
59.9901, 0.085022, -0.000261315, -169.83, -1.4862, 1.5627, -3.0489, -0.000160777
59.9935, 0.0850109, 0.000281081, -169.795, -1.48621, 1.5627, -3.04891, -0.000160791
59.9968, 0.0845082, 0.000510946, -169.76, -1.48622, 1.5627, -3.04893, -0.000160805
60.0001, 0.0840805, 0.000163233, -169.725, -1.48623, 1.56271, -3.04894, -0.000160819
60.0035, 0.0842077, -0.000361069, -169.689, -1.48625, 1.56271, -3.04895, -0.000160833
60.0068, 0.0847299, -0.000457681, -169.654, -1.48626, 1.56271, -3.04897, -0.000160847
60.0102, 0.0850322, -1.53824e-05, -169.619, -1.48627, 1.56271, -3.04898, -0.000160861
60.0135, 0.0847533, 0.000456368, -169.584, -1.48628, 1.56271, -3.04899, -0.000160875
60.0168, 0.0842012, 0.000414494, -169.548, -1.48629, 1.56272, -3.04901, -0.000160889
60.0202, 0.0839981, -9.27143e-05, -169.513, -1.4863, 1.56272, -3.04902, -0.000160903
60.0235, 0.0843644, -0.000481708, -169.478, -1.48631, 1.56272, -3.04904, -0.000160916
60.0268, 0.0848655, -0.000305203, -169.443, -1.48633, 1.56272, -3.04905, -0.00016093
60.0302, 0.0849124, 0.000233802, -169.407, -1.48634, 1.56272, -3.04906, -0.000160944
60.0335, 0.084438, 0.000515897, -169.372, -1.48635, 1.56273, -3.04908, -0.000160958
60.0368, 0.0839742, 0.000217114, -169.337, -1.48636, 1.56273, -3.04909, -0.000160972
60.0402, 0.0840404, -0.000319366, -169.302, -1.48637, 1.56273, -3.0491, -0.000160986
60.0435, 0.0845473, -0.000477742, -169.267, -1.48638, 1.56273, -3.04912, -0.000161
60.0469, 0.0849001, -7.63767e-05, -169.232, -1.48639, 1.56273, -3.04913, -0.000161014
60.0502, 0.0846811, 0.000424288, -169.196, -1.48641, 1.56274, -3.04914, -0.000161028
60.0535, 0.0841283, 0.000450229, -169.161, -1.48642, 1.56274, -3.04916, -0.000161042
60.0569, 0.0838622, -2.81833e-05, -169.126, -1.48643, 1.56274, -3.04917, -0.000161056
60.0602, 0.0841745, -0.000462759, -169.091, -1.48644, 1.56274, -3.04918, -0.00016107
60.0635, 0.0846943, -0.000355827, -169.056, -1.48645, 1.56275, -3.0492, -0.000161084
60.0669, 0.0848134, 0.000170089, -169.021, -1.48646, 1.56275, -3.04921, -0.000161098
60.0702, 0.0843824, 0.00051307, -168.986, -1.48648, 1.56275, -3.04922, -0.000161112
60.0735, 0.0838815, 0.00028081, -168.951, -1.48649, 1.56275, -3.04924, -0.000161126
60.0769, 0.0838702, -0.000260976, -168.916, -1.4865, 1.56275, -3.04925, -0.000161139
60.0802, 0.0843484, -0.000492919, -168.88, -1.48651, 1.56276, -3.04926, -0.000161153
60.0836, 0.0847564, -0.000150052, -168.845, -1.48652, 1.56276, -3.04928, -0.000161167
60.0869, 0.0846151, 0.000375873, -168.81, -1.48653, 1.56276, -3.04929, -0.000161181
60.0902, 0.0840729, 0.000484317, -168.775, -1.48654, 1.56276, -3.04931, -0.000161195
60.0936, 0.0837357, 5.15969e-05, -168.74, -1.48656, 1.56276, -3.04932, -0.000161209
60.0969, 0.0839751, -0.000428456, -168.705, -1.48657, 1.56277, -3.04933, -0.000161223
60.1002, 0.0845048, -0.000408316, -168.67, -1.48658, 1.56277, -3.04935, -0.000161237
60.1036, 0.0847079, 8.89478e-05, -168.635, -1.48659, 1.56277, -3.04936, -0.000161251
60.1069, 0.0843399, 0.000496513, -168.6, -1.4866, 1.56277, -3.04937, -0.000161265
60.1103, 0.0838071, 0.000350082, -168.565, -1.48661, 1.56277, -3.04939, -0.000161279
60.1136, 0.0837033, -0.000183462, -168.53, -1.48662, 1.56278, -3.0494, -0.000161293
60.1169, 0.0841335, -0.000496641, -168.495, -1.48664, 1.56278, -3.04941, -0.000161307
60.1203, 0.084595, -0.00023311, -168.46, -1.48665, 1.56278, -3.04943, -0.000161321
60.1236, 0.0845498, 0.000307222, -168.425, -1.48666, 1.56278, -3.04944, -0.000161335
60.1269, 0.0840363, 0.000509866, -168.39, -1.48667, 1.56278, -3.04945, -0.000161349
60.1303, 0.0836254, 0.000144551, -168.355, -1.48668, 1.56279, -3.04947, -0.000161363
60.1336, 0.0837709, -0.000373488, -168.32, -1.48669, 1.56279, -3.04948, -0.000161377
60.1369, 0.0842944, -0.000455793, -168.285, -1.4867, 1.56279, -3.04949, -0.000161391
60.1403, 0.0845885, -9.00829e-06, -168.25, -1.48672, 1.56279, -3.04951, -0.000161405
60.1436, 0.0843063, 0.000459639, -168.215, -1.48673, 1.56279, -3.04952, -0.000161419
60.147, 0.0837553, 0.000418419, -168.18, -1.48674, 1.5628, -3.04953, -0.000161433
60.1503, 0.0835474, -8.5797e-05, -168.145, -1.48675, 1.5628, -3.04955, -0.000161447
60.1536, 0.0839053, -0.000481245, -168.111, -1.48676, 1.5628, -3.04956, -0.000161461
60.157, 0.0844103, -0.000319775, -168.076, -1.48677, 1.5628, -3.04958, -0.000161475
60.1603, 0.0844772, 0.000215555, -168.041, -1.48678, 1.5628, -3.04959, -0.000161489
60.1636, 0.0840175, 0.000518407, -168.006, -1.4868, 1.56281, -3.0496, -0.000161503
60.167, 0.0835387, 0.000245989, -167.971, -1.48681, 1.56281, -3.04962, -0.000161517
60.1703, 0.0835697, -0.000293281, -167.936, -1.48682, 1.56281, -3.04963, -0.000161531
60.1736, 0.0840624, -0.000489305, -167.901, -1.48683, 1.56281, -3.04964, -0.000161545
60.177, 0.0844465, -0.000120499, -167.866, -1.48684, 1.56281, -3.04966, -0.000161559
60.1803, 0.084275, 0.000396115, -167.832, -1.48685, 1.56282, -3.04967, -0.000161573
60.1837, 0.0837288, 0.000476753, -167.797, -1.48686, 1.56282, -3.04968, -0.000161587
60.187, 0.083412, 3.04363e-05, -167.762, -1.48688, 1.56282, -3.0497, -0.000161601
60.1903, 0.0836694, -0.000438762, -167.727, -1.48689, 1.56282, -3.04971, -0.000161615
60.1937, 0.0841973, -0.000401253, -167.692, -1.4869, 1.56282, -3.04972, -0.000161629
60.197, 0.0843873, 0.000100522, -167.657, -1.48691, 1.56283, -3.04974, -0.000161643
60.2003, 0.0840121, 0.000500524, -167.623, -1.48692, 1.56283, -3.04975, -0.000161657
60.2037, 0.0834821, 0.000347804, -167.588, -1.48693, 1.56283, -3.04976, -0.000161671
60.207, 0.0833817, -0.000185383, -167.553, -1.48694, 1.56283, -3.04978, -0.000161685
60.2103, 0.083811, -0.000498257, -167.518, -1.48696, 1.56284, -3.04979, -0.000161699
60.2137, 0.0842736, -0.00023852, -167.483, -1.48697, 1.56284, -3.0498, -0.000161713
60.217, 0.0842357, 0.000301289, -167.449, -1.48698, 1.56284, -3.04982, -0.000161727
60.2204, 0.0837273, 0.000513638, -167.414, -1.48699, 1.56284, -3.04983, -0.000161741
60.2237, 0.0833075, 0.000159735, -167.379, -1.487, 1.56284, -3.04985, -0.000161755
60.227, 0.0834355, -0.000362314, -167.344, -1.48701, 1.56285, -3.04986, -0.000161769
60.2304, 0.0839544, -0.000465641, -167.31, -1.48702, 1.56285, -3.04987, -0.000161783
60.2337, 0.0842682, -3.4246e-05, -167.275, -1.48704, 1.56285, -3.04989, -0.000161797
60.237, 0.0840116, 0.00044718, -167.24, -1.48705, 1.56285, -3.0499, -0.000161811
60.2404, 0.0834601, 0.000438071, -167.205, -1.48706, 1.56285, -3.04991, -0.000161825
60.2437, 0.0832198, -5.12224e-05, -167.171, -1.48707, 1.56286, -3.04993, -0.000161839
60.2471, 0.0835475, -0.000471597, -167.136, -1.48708, 1.56286, -3.04994, -0.000161853
60.2504, 0.0840627, -0.000351591, -167.101, -1.48709, 1.56286, -3.04995, -0.000161867
60.2537, 0.0841748, 0.000174115, -167.067, -1.4871, 1.56286, -3.04997, -0.000161881
60.2571, 0.0837456, 0.000516245, -167.032, -1.48712, 1.56286, -3.04998, -0.000161895
60.2604, 0.0832432, 0.000291557, -166.997, -1.48713, 1.56287, -3.04999, -0.000161909
60.2637, 0.0832174, -0.000248175, -166.963, -1.48714, 1.56287, -3.05001, -0.000161923
60.2671, 0.0836842, -0.00049865, -166.928, -1.48715, 1.56287, -3.05002, -0.000161937
60.2704, 0.0841083, -0.000179645, -166.893, -1.48716, 1.56287, -3.05003, -0.000161951
60.2737, 0.0840025, 0.000351841, -166.859, -1.48717, 1.56287, -3.05005, -0.000161965
60.2772, 0.083453, 0.000495682, -166.823, -1.48719, 1.56288, -3.05006, -0.00016198
60.2806, 0.0830915, 6.27199e-05, -166.787, -1.4872, 1.56288, -3.05008, -0.000161994
60.2841, 0.0833333, -0.000432653, -166.751, -1.48721, 1.56288, -3.05009, -0.000162009
60.2876, 0.0838771, -0.000402195, -166.715, -1.48722, 1.56288, -3.0501, -0.000162024
60.291, 0.0840634, 0.000117876, -166.679, -1.48723, 1.56288, -3.05012, -0.000162038
60.2945, 0.0836571, 0.000510414, -166.644, -1.48724, 1.56289, -3.05013, -0.000162053
60.2979, 0.0831261, 0.000309853, -166.608, -1.48726, 1.56289, -3.05014, -0.000162067
60.3014, 0.0830861, -0.000245936, -166.572, -1.48727, 1.56289, -3.05016, -0.000162082
60.3048, 0.0835703, -0.000498195, -166.536, -1.48728, 1.56289, -3.05017, -0.000162096
60.3083, 0.083991, -0.000148104, -166.501, -1.48729, 1.5629, -3.05019, -0.000162111
60.3117, 0.083836, 0.000389656, -166.465, -1.4873, 1.5629, -3.0502, -0.000162125
60.3152, 0.0832748, 0.000478453, -166.429, -1.48732, 1.5629, -3.05021, -0.00016214
60.3186, 0.0829576, 1.32711e-05, -166.393, -1.48733, 1.5629, -3.05023, -0.000162154
60.3221, 0.0832456, -0.000455544, -166.358, -1.48734, 1.5629, -3.05024, -0.000162169
60.3255, 0.0837841, -0.000373635, -166.322, -1.48735, 1.56291, -3.05026, -0.000162184
60.329, 0.0839227, 0.000162107, -166.286, -1.48736, 1.56291, -3.05027, -0.000162198
60.3324, 0.0834836, 0.000518614, -166.25, -1.48737, 1.56291, -3.05028, -0.000162213
60.3359, 0.0829716, 0.000274844, -166.215, -1.48739, 1.56291, -3.0503, -0.000162227
60.3393, 0.0829772, -0.000281309, -166.179, -1.4874, 1.56291, -3.05031, -0.000162242
60.3428, 0.0834798, -0.000493431, -166.143, -1.48741, 1.56292, -3.05033, -0.000162256
60.3462, 0.0838724, -0.000111319, -166.108, -1.48742, 1.56292, -3.05034, -0.000162271
60.3497, 0.0836781, 0.000414321, -166.072, -1.48743, 1.56292, -3.05035, -0.000162286
60.3532, 0.0831121, 0.000463828, -166.036, -1.48745, 1.56292, -3.05037, -0.0001623
60.3566, 0.0828275, -2.10645e-05, -166.001, -1.48746, 1.56292, -3.05038, -0.000162315
60.3601, 0.0831455, -0.000469103, -165.965, -1.48747, 1.56293, -3.0504, -0.000162329
60.3635, 0.0836777, -0.000352734, -165.929, -1.48748, 1.56293, -3.05041, -0.000162344
60.367, 0.0837837, 0.00019099, -165.894, -1.48749, 1.56293, -3.05042, -0.000162358
60.3704, 0.083325, 0.000522272, -165.858, -1.4875, 1.56293, -3.05044, -0.000162373
60.3739, 0.0828271, 0.000251517, -165.822, -1.48752, 1.56294, -3.05045, -0.000162388
60.3773, 0.0828617, -0.00030286, -165.787, -1.48753, 1.56294, -3.05047, -0.000162402
60.3808, 0.083374, -0.000489294, -165.751, -1.48754, 1.56294, -3.05048, -0.000162417
60.3842, 0.0837483, -8.88222e-05, -165.716, -1.48755, 1.56294, -3.05049, -0.000162431
60.3877, 0.0835311, 0.000428181, -165.68, -1.48756, 1.56294, -3.05051, -0.000162446
60.3911, 0.0829637, 0.000454803, -165.644, -1.48758, 1.56295, -3.05052, -0.000162461
60.3946, 0.0826979, -4.01154e-05, -165.609, -1.48759, 1.56295, -3.05054, -0.000162475
60.398, 0.0830317, -0.000475961, -165.573, -1.4876, 1.56295, -3.05055, -0.00016249
60.4015, 0.0835597, -0.000341701, -165.538, -1.48761, 1.56295, -3.05056, -0.000162504
60.4049, 0.0836491, 0.000205211, -165.502, -1.48762, 1.56295, -3.05058, -0.000162519
60.4084, 0.0831815, 0.000523933, -165.467, -1.48763, 1.56296, -3.05059, -0.000162533
60.4118, 0.0826907, 0.000241226, -165.431, -1.48765, 1.56296, -3.0506, -0.000162548
60.4153, 0.0827375, -0.000311835, -165.396, -1.48766, 1.56296, -3.05062, -0.000162563
60.4188, 0.0832532, -0.000487968, -165.36, -1.48767, 1.56296, -3.05063, -0.000162577
60.4222, 0.0836206, -8.11881e-05, -165.325, -1.48768, 1.56296, -3.05065, -0.000162592
60.4257, 0.0833963, 0.000432728, -165.289, -1.48769, 1.56297, -3.05066, -0.000162607
60.4291, 0.0828287, 0.000453031, -165.254, -1.48771, 1.56297, -3.05067, -0.000162621
60.4326, 0.0825674, -4.39155e-05, -165.218, -1.48772, 1.56297, -3.05069, -0.000162636
60.436, 0.0829036, -0.00047757, -165.183, -1.48773, 1.56297, -3.0507, -0.00016265
60.4395, 0.083431, -0.000341611, -165.147, -1.48774, 1.56298, -3.05072, -0.000162665
60.4429, 0.0835201, 0.000205181, -165.112, -1.48775, 1.56298, -3.05073, -0.00016268
60.4464, 0.0830533, 0.000524799, -165.076, -1.48776, 1.56298, -3.05074, -0.000162694
60.4498, 0.0825613, 0.000244533, -165.041, -1.48778, 1.56298, -3.05076, -0.000162709
60.4533, 0.0826039, -0.000308775, -165.005, -1.48779, 1.56298, -3.05077, -0.000162723
60.4567, 0.0831175, -0.000490278, -164.97, -1.4878, 1.56299, -3.05079, -0.000162738
60.4602, 0.0834901, -8.86066e-05, -164.935, -1.48781, 1.56299, -3.0508, -0.000162753
60.4636, 0.0832739, 0.000428407, -164.899, -1.48782, 1.56299, -3.05081, -0.000162767
60.4671, 0.0827071, 0.000458938, -164.864, -1.48784, 1.56299, -3.05083, -0.000162782
60.4705, 0.0824354, -3.24487e-05, -164.828, -1.48785, 1.56299, -3.05084, -0.000162797
60.474, 0.0827611, -0.000474115, -164.793, -1.48786, 1.563, -3.05086, -0.000162811
60.4774, 0.0832916, -0.000352557, -164.758, -1.48787, 1.563, -3.05087, -0.000162826
60.4809, 0.0833967, 0.000190845, -164.722, -1.48788, 1.563, -3.05088, -0.00016284
60.4844, 0.0829405, 0.000524705, -164.687, -1.48789, 1.563, -3.0509, -0.000162855
60.4878, 0.0824392, 0.000261341, -164.651, -1.48791, 1.56301, -3.05091, -0.00016287
60.4913, 0.0824611, -0.000293395, -164.616, -1.48792, 1.56301, -3.05093, -0.000162884
60.4947, 0.0829669, -0.00049571, -164.581, -1.48793, 1.56301, -3.05094, -0.000162899
60.4982, 0.0833561, -0.000110985, -164.545, -1.48794, 1.56301, -3.05095, -0.000162914
60.5016, 0.0831637, 0.000414563, -164.51, -1.48795, 1.56301, -3.05097, -0.000162928
60.5051, 0.0825992, 0.000471746, -164.475, -1.48797, 1.56302, -3.05098, -0.000162943
60.5085, 0.082303, -5.59907e-06, -164.439, -1.48798, 1.56302, -3.051, -0.000162958
60.512, 0.0826044, -0.000464499, -164.404, -1.48799, 1.56302, -3.05101, -0.000162972
60.5154, 0.0831407, -0.000373655, -164.369, -1.488, 1.56302, -3.05102, -0.000162987
60.5189, 0.0832775, 0.00016169, -164.334, -1.48801, 1.56302, -3.05104, -0.000163002
60.5223, 0.0828429, 0.000522123, -164.298, -1.48802, 1.56303, -3.05105, -0.000163016
60.5258, 0.082326, 0.000290863, -164.263, -1.48804, 1.56303, -3.05106, -0.000163031
60.5292, 0.0823107, -0.000264635, -164.228, -1.48805, 1.56303, -3.05108, -0.000163046
60.5327, 0.0828009, -0.0005024, -164.193, -1.48806, 1.56303, -3.05109, -0.00016306
60.5361, 0.0832167, -0.000147852, -164.157, -1.48807, 1.56303, -3.05111, -0.000163075
60.5396, 0.0830643, 0.00038951, -164.122, -1.48808, 1.56304, -3.05112, -0.00016309
60.543, 0.0825061, 0.00048942, -164.087, -1.4881, 1.56304, -3.05113, -0.000163104
60.5465, 0.0821726, 3.66963e-05, -164.052, -1.48811, 1.56304, -3.05115, -0.000163119
60.55, 0.0824347, -0.000446406, -164.016, -1.48812, 1.56304, -3.05116, -0.000163134
60.5534, 0.0829766, -0.000402917, -163.981, -1.48813, 1.56305, -3.05118, -0.000163148
60.5569, 0.08316, 0.000116938, -163.946, -1.48814, 1.56305, -3.05119, -0.000163163
60.5603, 0.0827602, 0.000514189, -163.911, -1.48815, 1.56305, -3.0512, -0.000163178
60.5638, 0.0822241, 0.000331407, -163.876, -1.48817, 1.56305, -3.05122, -0.000163192
60.5672, 0.0821552, -0.000220881, -163.84, -1.48818, 1.56305, -3.05123, -0.000163207
60.5707, 0.0826191, -0.000507092, -163.805, -1.48819, 1.56306, -3.05125, -0.000163222
60.5741, 0.0830686, -0.000198072, -163.77, -1.4882, 1.56306, -3.05126, -0.000163236
60.5776, 0.0829732, 0.000350746, -163.735, -1.48821, 1.56306, -3.05127, -0.000163251
60.581, 0.0824291, 0.000508533, -163.7, -1.48823, 1.56306, -3.05129, -0.000163266
60.5845, 0.082048, 9.40913e-05, -163.665, -1.48824, 1.56306, -3.0513, -0.00016328
60.5879, 0.082254, -0.000416481, -163.63, -1.48825, 1.56307, -3.05132, -0.000163295
60.5914, 0.0827968, -0.000437013, -163.594, -1.48826, 1.56307, -3.05133, -0.00016331
60.5948, 0.08304, 5.59523e-05, -163.559, -1.48827, 1.56307, -3.05134, -0.000163324
60.5983, 0.0826911, 0.000496805, -163.524, -1.48828, 1.56307, -3.05136, -0.000163339
60.6017, 0.0821367, 0.000380034, -163.489, -1.4883, 1.56307, -3.05137, -0.000163354
60.6052, 0.0819989, -0.000160386, -163.454, -1.48831, 1.56308, -3.05138, -0.000163368
60.6086, 0.0824219, -0.000505136, -163.419, -1.48832, 1.56308, -3.0514, -0.000163383
60.6121, 0.0829076, -0.000259389, -163.384, -1.48833, 1.56308, -3.05141, -0.000163398
60.6156, 0.0828863, 0.00029536, -163.349, -1.48834, 1.56308, -3.05143, -0.000163413
60.619, 0.0823691, 0.000524137, -163.314, -1.48836, 1.56309, -3.05144, -0.000163427
60.6225, 0.0819342, 0.000165283, -163.279, -1.48837, 1.56309, -3.05145, -0.000163442
60.6259, 0.0820655, -0.000370675, -163.244, -1.48838, 1.56309, -3.05147, -0.000163457
60.6294, 0.0825993, -0.000471, -163.209, -1.48839, 1.56309, -3.05148, -0.000163471
60.6328, 0.082912, -2.11438e-05, -163.174, -1.4884, 1.56309, -3.0515, -0.000163486
60.6363, 0.082633, 0.0004649, -163.139, -1.48841, 1.5631, -3.05151, -0.000163501
60.6397, 0.0820675, 0.000432132, -163.104, -1.48843, 1.5631, -3.05152, -0.000163516
60.6432, 0.0818476, -8.19231e-05, -163.069, -1.48844, 1.5631, -3.05154, -0.00016353
60.6466, 0.0822107, -0.000490625, -163.034, -1.48845, 1.5631, -3.05155, -0.000163545
60.6501, 0.0827289, -0.000327854, -162.999, -1.48846, 1.5631, -3.05157, -0.00016356
60.6535, 0.0827981, 0.000220682, -162.964, -1.48847, 1.56311, -3.05158, -0.000163574
60.657, 0.082326, 0.000529748, -162.929, -1.48848, 1.56311, -3.05159, -0.000163589
60.6604, 0.0818371, 0.000247307, -162.894, -1.4885, 1.56311, -3.05161, -0.000163604
60.6639, 0.0818748, -0.000304859, -162.859, -1.48851, 1.56311, -3.05162, -0.000163619
60.6673, 0.0823825, -0.000498125, -162.824, -1.48852, 1.56311, -3.05164, -0.000163633
60.6708, 0.0827691, -0.000112655, -162.789, -1.48853, 1.56312, -3.05165, -0.000163648
60.6743, 0.0825813, 0.000412952, -162.754, -1.48854, 1.56312, -3.05166, -0.000163663
60.6777, 0.0820195, 0.000481031, -162.719, -1.48856, 1.56312, -3.05168, -0.000163677
60.6812, 0.0817088, 1.43155e-05, -162.684, -1.48857, 1.56312, -3.05169, -0.000163692
60.6846, 0.0819888, -0.000456798, -162.649, -1.48858, 1.56313, -3.0517, -0.000163707
60.6881, 0.082528, -0.000397251, -162.614, -1.48859, 1.56313, -3.05172, -0.000163722
60.6915, 0.0827007, 0.000125226, -162.579, -1.4886, 1.56313, -3.05173, -0.000163736
60.695, 0.0822977, 0.000517589, -162.544, -1.48861, 1.56313, -3.05175, -0.000163751
60.6984, 0.0817629, 0.000334769, -162.51, -1.48863, 1.56313, -3.05176, -0.000163766
60.7019, 0.0816894, -0.000215775, -162.475, -1.48864, 1.56314, -3.05177, -0.000163781
60.7053, 0.082147, -0.000509887, -162.44, -1.48865, 1.56314, -3.05179, -0.000163795
60.7088, 0.0826037, -0.000214367, -162.405, -1.48866, 1.56314, -3.0518, -0.00016381
60.7122, 0.0825289, 0.000335913, -162.37, -1.48867, 1.56314, -3.05182, -0.000163825
60.7157, 0.081994, 0.000517847, -162.335, -1.48869, 1.56314, -3.05183, -0.00016384
60.7191, 0.0815912, 0.000125616, -162.301, -1.4887, 1.56315, -3.05184, -0.000163854
60.7226, 0.0817629, -0.000396877, -162.266, -1.48871, 1.56315, -3.05186, -0.000163869
60.726, 0.0823013, -0.000458695, -162.231, -1.48872, 1.56315, -3.05187, -0.000163884
60.7295, 0.0825845, 9.93086e-06, -162.196, -1.48873, 1.56315, -3.05189, -0.000163899
60.7329, 0.082279, 0.000479295, -162.161, -1.48874, 1.56315, -3.0519, -0.000163913
60.7364, 0.0817169, 0.000419196, -162.126, -1.48876, 1.56316, -3.05191, -0.000163928
60.7399, 0.0815196, -0.000102366, -162.092, -1.48877, 1.56316, -3.05193, -0.000163943
60.7433, 0.0818964, -0.000496556, -162.057, -1.48878, 1.56316, -3.05194, -0.000163958
60.7468, 0.0824087, -0.000318633, -162.022, -1.48879, 1.56316, -3.05196, -0.000163972
60.7502, 0.0824654, 0.000230581, -161.987, -1.4888, 1.56317, -3.05197, -0.000163987
60.7537, 0.0819893, 0.00053178, -161.953, -1.48882, 1.56317, -3.05198, -0.000164002
60.7571, 0.0815039, 0.000245577, -161.918, -1.48883, 1.56317, -3.052, -0.000164017
60.7606, 0.0815427, -0.000305443, -161.883, -1.48884, 1.56317, -3.05201, -0.000164032
60.764, 0.0820486, -0.000500678, -161.848, -1.48885, 1.56317, -3.05202, -0.000164046
60.7675, 0.0824387, -0.000120441, -161.814, -1.48886, 1.56318, -3.05204, -0.000164061
60.7709, 0.0822608, 0.000407245, -161.779, -1.48887, 1.56318, -3.05205, -0.000164076
60.7744, 0.0817019, 0.000488778, -161.744, -1.48889, 1.56318, -3.05207, -0.000164091
60.7778, 0.0813772, 3.26018e-05, -161.71, -1.4889, 1.56318, -3.05208, -0.000164105
60.7813, 0.0816385, -0.000448405, -161.675, -1.48891, 1.56318, -3.05209, -0.00016412
60.7847, 0.0821787, -0.0004138, -161.64, -1.48892, 1.56319, -3.05211, -0.000164135
60.7882, 0.0823778, 9.74161e-05, -161.606, -1.48893, 1.56319, -3.05212, -0.00016415
60.7916, 0.0819992, 0.000511184, -161.571, -1.48894, 1.56319, -3.05214, -0.000164165
60.7951, 0.0814546, 0.000363181, -161.536, -1.48896, 1.56319, -3.05215, -0.000164179
60.7985, 0.0813419, -0.000180406, -161.502, -1.48897, 1.5632, -3.05216, -0.000164194
60.802, 0.081774, -0.000509897, -161.467, -1.48898, 1.5632, -3.05218, -0.000164209
60.8055, 0.0822533, -0.000256004, -161.432, -1.48899, 1.5632, -3.05219, -0.000164224
60.8089, 0.0822294, 0.000296623, -161.398, -1.489, 1.5632, -3.05221, -0.000164238
60.8124, 0.0817161, 0.000528913, -161.363, -1.48902, 1.5632, -3.05222, -0.000164253
60.8158, 0.081275, 0.00018087, -161.328, -1.48903, 1.56321, -3.05223, -0.000164268
60.8193, 0.0813866, -0.000357803, -161.294, -1.48904, 1.56321, -3.05225, -0.000164283
60.8227, 0.0819127, -0.000484388, -161.259, -1.48905, 1.56321, -3.05226, -0.000164298
60.8262, 0.0822516, -5.74276e-05, -161.225, -1.48906, 1.56321, -3.05227, -0.000164313
60.8296, 0.0820114, 0.000445612, -161.19, -1.48907, 1.56321, -3.05229, -0.000164327
60.8331, 0.0814474, 0.000462564, -161.155, -1.48909, 1.56322, -3.0523, -0.000164342
60.8365, 0.0811766, -2.537e-05, -161.121, -1.4891, 1.56322, -3.05232, -0.000164357
60.84, 0.0814882, -0.000473199, -161.086, -1.48911, 1.56322, -3.05233, -0.000164372
60.8434, 0.082021, -0.00038106, -161.052, -1.48912, 1.56322, -3.05234, -0.000164387
60.8469, 0.0821673, 0.00014809, -161.017, -1.48913, 1.56322, -3.05236, -0.000164401
60.8503, 0.081751, 0.000523941, -160.983, -1.48915, 1.56323, -3.05237, -0.000164416
60.8538, 0.0812231, 0.000327495, -160.948, -1.48916, 1.56323, -3.05239, -0.000164431
60.8572, 0.081159, -0.000222146, -160.914, -1.48917, 1.56323, -3.0524, -0.000164446
60.8607, 0.0816167, -0.000512544, -160.879, -1.48918, 1.56323, -3.05241, -0.000164461
60.8641, 0.0820733, -0.000220375, -160.845, -1.48919, 1.56324, -3.05243, -0.000164475
60.8676, 0.0820074, 0.000328953, -160.81, -1.4892, 1.56324, -3.05244, -0.00016449
60.8711, 0.0814793, 0.00052409, -160.776, -1.48922, 1.56324, -3.05246, -0.000164505
60.8745, 0.0810635, 0.00014808, -160.741, -1.48923, 1.56324, -3.05247, -0.00016452
60.878, 0.0812093, -0.000380817, -160.707, -1.48924, 1.56324, -3.05248, -0.000164535
60.8814, 0.0817412, -0.000474692, -160.672, -1.48925, 1.56325, -3.0525, -0.00016455
60.8849, 0.0820552, -2.93686e-05, -160.638, -1.48926, 1.56325, -3.05251, -0.000164564
60.8883, 0.0817895, 0.000460408, -160.603, -1.48927, 1.56325, -3.05252, -0.000164579
60.8918, 0.0812261, 0.000450876, -160.569, -1.48929, 1.56325, -3.05254, -0.000164594
60.8952, 0.0809774, -4.72381e-05, -160.534, -1.4893, 1.56325, -3.05255, -0.000164609
60.8987, 0.081306, -0.000481206, -160.5, -1.48931, 1.56326, -3.05257, -0.000164624
60.9021, 0.0818344, -0.00036981, -160.466, -1.48932, 1.56326, -3.05258, -0.000164639
60.9056, 0.0819637, 0.00016331, -160.431, -1.48933, 1.56326, -3.05259, -0.000164653
60.909, 0.0815377, 0.000527299, -160.397, -1.48935, 1.56326, -3.05261, -0.000164668
60.9125, 0.0810154, 0.000319043, -160.362, -1.48936, 1.56326, -3.05262, -0.000164683
60.9159, 0.0809621, -0.000230703, -160.328, -1.48937, 1.56327, -3.05264, -0.000164698
60.9194, 0.0814235, -0.000513386, -160.294, -1.48938, 1.56327, -3.05265, -0.000164713
60.9228, 0.0818761, -0.000216335, -160.259, -1.48939, 1.56327, -3.05266, -0.000164728
60.9263, 0.0818062, 0.00033176, -160.225, -1.4894, 1.56327, -3.05268, -0.000164743
60.9297, 0.0812783, 0.000524906, -160.191, -1.48942, 1.56328, -3.05269, -0.000164757
60.9332, 0.0808628, 0.00014977, -160.156, -1.48943, 1.56328, -3.05271, -0.000164772
60.9367, 0.0810058, -0.000379078, -160.122, -1.48944, 1.56328, -3.05272, -0.000164787
60.9401, 0.0815361, -0.000477624, -160.088, -1.48945, 1.56328, -3.05273, -0.000164802
60.9436, 0.0818553, -3.72214e-05, -160.053, -1.48946, 1.56328, -3.05275, -0.000164817
60.947, 0.0815983, 0.00045604, -160.019, -1.48948, 1.56329, -3.05276, -0.000164832
60.9505, 0.0810357, 0.000458105, -159.985, -1.48949, 1.56329, -3.05277, -0.000164847
60.9539, 0.0807749, -3.31497e-05, -159.95, -1.4895, 1.56329, -3.05279, -0.000164861
60.9574, 0.0810903, -0.000476161, -159.916, -1.48951, 1.56329, -3.0528, -0.000164876
60.9608, 0.0816212, -0.00038289, -159.882, -1.48952, 1.56329, -3.05282, -0.000164891
60.9643, 0.08177, 0.000143787, -159.847, -1.48953, 1.5633, -3.05283, -0.000164906
60.9677, 0.08136, 0.00052396, -159.813, -1.48955, 1.5633, -3.05284, -0.000164921
60.9712, 0.0808296, 0.000339337, -159.779, -1.48956, 1.5633, -3.05286, -0.000164936
60.9746, 0.0807493, -0.000206824, -159.745, -1.48957, 1.5633, -3.05287, -0.000164951
60.9781, 0.0811943, -0.00051388, -159.71, -1.48958, 1.5633, -3.05289, -0.000164966
60.9815, 0.0816624, -0.000244411, -159.676, -1.48959, 1.56331, -3.0529, -0.00016498
60.985, 0.0816263, 0.00030534, -159.642, -1.4896, 1.56331, -3.05291, -0.000164995
60.9884, 0.081113, 0.000531509, -159.608, -1.48962, 1.56331, -3.05293, -0.00016501
60.9919, 0.0806731, 0.000185902, -159.573, -1.48963, 1.56331, -3.05294, -0.000165025
60.9953, 0.0807766, -0.000352022, -159.539, -1.48964, 1.56332, -3.05296, -0.00016504
60.9988, 0.0812967, -0.000492095, -159.505, -1.48965, 1.56332, -3.05297, -0.000165055
61.0023, 0.0816502, -8.08401e-05, -159.471, -1.48966, 1.56332, -3.05298, -0.00016507
61.0057, 0.0814366, 0.00043077, -159.437, -1.48968, 1.56332, -3.053, -0.000165085
61.0092, 0.0808774, 0.000482118, -159.402, -1.48969, 1.56332, -3.05301, -0.0001651
61.0126, 0.0805722, 1.71114e-05, -159.368, -1.4897, 1.56333, -3.05302, -0.000165114
61.0161, 0.0808422, -0.000454953, -159.334, -1.48971, 1.56333, -3.05304, -0.000165129
61.0195, 0.0813789, -0.000417414, -159.3, -1.48972, 1.56333, -3.05305, -0.000165144
61.023, 0.0815821, 8.84986e-05, -159.266, -1.48973, 1.56333, -3.05307, -0.000165159
61.0264, 0.0812168, 0.00050936, -159.232, -1.48975, 1.56333, -3.05308, -0.000165174
61.0299, 0.0806697, 0.000385115, -159.198, -1.48976, 1.56334, -3.05309, -0.000165189
61.0335, 0.0805326, -0.00016957, -159.162, -1.48977, 1.56334, -3.05311, -0.000165204
61.037, 0.0809731, -0.000513555, -159.127, -1.48978, 1.56334, -3.05312, -0.00016522
61.0406, 0.0814619, -0.000244773, -159.091, -1.48979, 1.56334, -3.05314, -0.000165235
61.0442, 0.0814135, 0.000322593, -159.056, -1.48981, 1.56334, -3.05315, -0.000165251
61.0478, 0.0808704, 0.00052579, -159.02, -1.48982, 1.56335, -3.05317, -0.000165266
61.0514, 0.0804524, 0.000127646, -158.985, -1.48983, 1.56335, -3.05318, -0.000165282
61.055, 0.0806331, -0.000407049, -158.95, -1.48984, 1.56335, -3.05319, -0.000165297
61.0586, 0.0811873, -0.000454473, -158.914, -1.48986, 1.56335, -3.05321, -0.000165313
61.0622, 0.0814544, 4.05853e-05, -158.879, -1.48987, 1.56336, -3.05322, -0.000165328
61.0657, 0.0811088, 0.000500931, -158.843, -1.48988, 1.56336, -3.05324, -0.000165344
61.0693, 0.0805391, 0.00039016, -158.808, -1.48989, 1.56336, -3.05325, -0.000165359
61.0729, 0.0803947, -0.000162589, -158.773, -1.4899, 1.56336, -3.05327, -0.000165375
61.0765, 0.0808294, -0.000513652, -158.737, -1.48992, 1.56336, -3.05328, -0.00016539
61.0801, 0.081323, -0.000254483, -158.702, -1.48993, 1.56337, -3.0533, -0.000165406
61.0837, 0.0812869, 0.000313283, -158.667, -1.48994, 1.56337, -3.05331, -0.000165421
61.0873, 0.0807492, 0.000529319, -158.631, -1.48995, 1.56337, -3.05332, -0.000165437
61.0908, 0.0803207, 0.000142565, -158.596, -1.48997, 1.56337, -3.05334, -0.000165452
61.0944, 0.0804852, -0.000397446, -158.561, -1.48998, 1.56338, -3.05335, -0.000165468
61.098, 0.0810373, -0.000463439, -158.525, -1.48999, 1.56338, -3.05337, -0.000165483
61.1016, 0.0813217, 2.11141e-05, -158.49, -1.49, 1.56338, -3.05338, -0.000165499
61.1052, 0.0809942, 0.000493723, -158.455, -1.49001, 1.56338, -3.0534, -0.000165514
61.1088, 0.0804207, 0.000406097, -158.42, -1.49003, 1.56338, -3.05341, -0.00016553
61.1124, 0.0802522, -0.000140025, -158.384, -1.49004, 1.56339, -3.05343, -0.000165546
61.1159, 0.0806697, -0.000511467, -158.349, -1.49005, 1.56339, -3.05344, -0.000165561
61.1195, 0.0811752, -0.000277849, -158.314, -1.49006, 1.56339, -3.05345, -0.000165577
61.1231, 0.081169, 0.000290102, -158.279, -1.49008, 1.56339, -3.05347, -0.000165592
61.1267, 0.0806442, 0.00053472, -158.243, -1.49009, 1.5634, -3.05348, -0.000165608
61.1303, 0.0801942, 0.000172961, -158.208, -1.4901, 1.5634, -3.0535, -0.000165623
61.1339, 0.0803255, -0.000376515, -158.173, -1.49011, 1.5634, -3.05351, -0.000165639
61.1375, 0.0808719, -0.00047822, -158.138, -1.49012, 1.5634, -3.05353, -0.000165654
61.1411, 0.0811877, -1.4678e-05, -158.102, -1.49014, 1.5634, -3.05354, -0.00016567
61.1446, 0.0808938, 0.00047835, -158.067, -1.49015, 1.56341, -3.05355, -0.000165685
61.1482, 0.0803158, 0.000431374, -158.032, -1.49016, 1.56341, -3.05357, -0.000165701
61.1518, 0.080107, -0.000101244, -157.997, -1.49017, 1.56341, -3.05358, -0.000165716
61.1554, 0.0804942, -0.00050467, -157.962, -1.49019, 1.56341, -3.0536, -0.000165732
61.159, 0.0810165, -0.000313498, -157.927, -1.4902, 1.56341, -3.05361, -0.000165747
61.1626, 0.0810575, 0.000251673, -157.891, -1.49021, 1.56342, -3.05363, -0.000165763
61.1662, 0.0805559, 0.000539246, -157.856, -1.49022, 1.56342, -3.05364, -0.000165779
61.1697, 0.0800758, 0.000217909, -157.821, -1.49023, 1.56342, -3.05366, -0.000165794
61.1733, 0.0801561, -0.000342061, -157.786, -1.49025, 1.56342, -3.05367, -0.00016581
61.1769, 0.0806902, -0.000495858, -157.751, -1.49026, 1.56343, -3.05368, -0.000165825
61.1805, 0.0810492, -6.65607e-05, -157.716, -1.49027, 1.56343, -3.0537, -0.000165841
61.1841, 0.0808061, 0.000451799, -157.681, -1.49028, 1.56343, -3.05371, -0.000165856
61.1877, 0.0802265, 0.000463076, -157.646, -1.49029, 1.56343, -3.05373, -0.000165872
61.1913, 0.0799629, -4.55725e-05, -157.611, -1.49031, 1.56343, -3.05374, -0.000165887
61.1948, 0.0803039, -0.000489531, -157.575, -1.49032, 1.56344, -3.05376, -0.000165903
61.1984, 0.0808438, -0.000358859, -157.54, -1.49033, 1.56344, -3.05377, -0.000165919
61.202, 0.0809486, 0.000196275, -157.505, -1.49034, 1.56344, -3.05378, -0.000165934
61.2056, 0.080484, 0.000538625, -157.47, -1.49036, 1.56344, -3.0538, -0.00016595
61.2092, 0.0799693, 0.000275474, -157.435, -1.49037, 1.56345, -3.05381, -0.000165965
61.2128, 0.0799807, -0.000291245, -157.4, -1.49038, 1.56345, -3.05383, -0.000165981
61.2164, 0.0804911, -0.00051179, -157.365, -1.49039, 1.56345, -3.05384, -0.000165996
61.22, 0.0809014, -0.000133519, -157.33, -1.4904, 1.56345, -3.05386, -0.000166012
61.2235, 0.0807278, 0.000410137, -157.295, -1.49042, 1.56345, -3.05387, -0.000166028
61.2271, 0.0801552, 0.000496656, -157.26, -1.49043, 1.56346, -3.05389, -0.000166043
61.2307, 0.079825, 2.71288e-05, -157.225, -1.49044, 1.56346, -3.0539, -0.000166059
61.2343, 0.0801011, -0.00046113, -157.19, -1.49045, 1.56346, -3.05391, -0.000166074
61.2379, 0.0806535, -0.000409729, -157.155, -1.49047, 1.56346, -3.05393, -0.00016609
61.2415, 0.0808368, 0.000122442, -157.12, -1.49048, 1.56347, -3.05394, -0.000166106
61.2451, 0.0804276, 0.000527148, -157.085, -1.49049, 1.56347, -3.05396, -0.000166121
61.2486, 0.0798796, 0.000342144, -157.05, -1.4905, 1.56347, -3.05397, -0.000166137
61.2522, 0.0798046, -0.000221183, -157.015, -1.49051, 1.56347, -3.05399, -0.000166152
61.2558, 0.0802741, -0.000519784, -156.98, -1.49053, 1.56347, -3.054, -0.000166168
61.2594, 0.0807385, -0.000213052, -156.945, -1.49054, 1.56348, -3.05402, -0.000166184
61.263, 0.0806542, 0.000349054, -156.911, -1.49055, 1.56348, -3.05403, -0.000166199
61.2666, 0.0801036, 0.000525683, -156.876, -1.49056, 1.56348, -3.05404, -0.000166215
61.2702, 0.0797003, 0.00011566, -156.841, -1.49058, 1.56348, -3.05406, -0.00016623
61.2737, 0.0798898, -0.000413817, -156.806, -1.49059, 1.56348, -3.05407, -0.000166246
61.2773, 0.0804423, -0.000459842, -156.771, -1.4906, 1.56349, -3.05409, -0.000166262
61.2809, 0.0807149, 2.98462e-05, -156.736, -1.49061, 1.56349, -3.0541, -0.000166277
61.2845, 0.0803838, 0.000497989, -156.701, -1.49062, 1.56349, -3.05412, -0.000166293
61.2881, 0.0798117, 0.000412197, -156.666, -1.49064, 1.56349, -3.05413, -0.000166308
61.2917, 0.0796352, -0.000129857, -156.631, -1.49065, 1.5635, -3.05414, -0.000166324
61.2953, 0.0800409, -0.000512088, -156.597, -1.49066, 1.5635, -3.05416, -0.00016634
61.2989, 0.080554, -0.000300361, -156.562, -1.49067, 1.5635, -3.05417, -0.000166355
61.3024, 0.080578, 0.000264767, -156.527, -1.49069, 1.5635, -3.05419, -0.000166371
61.306, 0.0800719, 0.00054179, -156.492, -1.4907, 1.5635, -3.0542, -0.000166386
61.3096, 0.0795963, 0.000216495, -156.457, -1.49071, 1.56351, -3.05422, -0.000166402
61.3132, 0.0796767, -0.000342045, -156.422, -1.49072, 1.56351, -3.05423, -0.000166418
61.3168, 0.0802079, -0.000500587, -156.388, -1.49073, 1.56351, -3.05425, -0.000166433
61.3204, 0.0805742, -7.95778e-05, -156.353, -1.49075, 1.56351, -3.05426, -0.000166449
61.324, 0.0803467, 0.00044394, -156.318, -1.49076, 1.56352, -3.05427, -0.000166465
61.3275, 0.0797695, 0.000477176, -156.283, -1.49077, 1.56352, -3.05429, -0.00016648
61.3311, 0.0794821, -1.73536e-05, -156.249, -1.49078, 1.56352, -3.0543, -0.000166496
61.3347, 0.0797958, -0.000480006, -156.214, -1.4908, 1.56352, -3.05432, -0.000166512
61.3383, 0.0803419, -0.000387565, -156.179, -1.49081, 1.56352, -3.05433, -0.000166527
61.3419, 0.0804892, 0.000155319, -156.144, -1.49082, 1.56353, -3.05435, -0.000166543
61.3455, 0.0800576, 0.000535057, -156.11, -1.49083, 1.56353, -3.05436, -0.000166558
61.3491, 0.079521, 0.000322756, -156.075, -1.49084, 1.56353, -3.05437, -0.000166574
61.3526, 0.0794716, -0.000241706, -156.04, -1.49086, 1.56353, -3.05439, -0.00016659
61.3562, 0.0799512, -0.000521141, -156.005, -1.49087, 1.56354, -3.0544, -0.000166605
61.3598, 0.0804048, -0.000200363, -155.971, -1.49088, 1.56354, -3.05442, -0.000166621
61.3634, 0.0803072, 0.000358702, -155.936, -1.49089, 1.56354, -3.05443, -0.000166637
61.367, 0.0797547, 0.000525749, -155.901, -1.4909, 1.56354, -3.05445, -0.000166652
61.3706, 0.0793564, 0.000112649, -155.867, -1.49092, 1.56354, -3.05446, -0.000166668
61.3742, 0.0795471, -0.00041511, -155.832, -1.49093, 1.56355, -3.05448, -0.000166684
61.3778, 0.0800983, -0.000463256, -155.797, -1.49094, 1.56355, -3.05449, -0.000166699
61.3813, 0.0803757, 2.22671e-05, -155.763, -1.49095, 1.56355, -3.0545, -0.000166715
61.3849, 0.0800536, 0.000495065, -155.728, -1.49097, 1.56355, -3.05452, -0.000166731
61.3885, 0.0794808, 0.000423428, -155.693, -1.49098, 1.56355, -3.05453, -0.000166746
61.3921, 0.0792874, -0.000111955, -155.659, -1.49099, 1.56356, -3.05455, -0.000166762
61.3957, 0.0796771, -0.00050933, -155.624, -1.491, 1.56356, -3.05456, -0.000166778
61.3993, 0.0801982, -0.000322374, -155.589, -1.49101, 1.56356, -3.05458, -0.000166793
61.4029, 0.0802519, 0.000238829, -155.555, -1.49103, 1.56356, -3.05459, -0.000166809
61.4064, 0.0797644, 0.000544295, -155.52, -1.49104, 1.56357, -3.0546, -0.000166825
61.41, 0.0792691, 0.00025139, -155.486, -1.49105, 1.56357, -3.05462, -0.00016684
61.4136, 0.0793079, -0.000311223, -155.451, -1.49106, 1.56357, -3.05463, -0.000166856
61.4172, 0.0798234, -0.000512759, -155.416, -1.49108, 1.56357, -3.05465, -0.000166872
61.4208, 0.0802242, -0.000127484, -155.382, -1.49109, 1.56357, -3.05466, -0.000166887
61.4244, 0.0800478, 0.000412874, -155.347, -1.4911, 1.56358, -3.05468, -0.000166903
61.428, 0.0794781, 0.000503241, -155.313, -1.49111, 1.56358, -3.05469, -0.000166919
61.4316, 0.0791393, 4.2609e-05, -155.278, -1.49112, 1.56358, -3.0547, -0.000166934
61.4351, 0.0793967, -0.000453506, -155.244, -1.49114, 1.56358, -3.05472, -0.00016695
61.4387, 0.0799487, -0.000430264, -155.209, -1.49115, 1.56359, -3.05473, -0.000166966
61.4423, 0.0801644, 8.62014e-05, -155.175, -1.49116, 1.56359, -3.05475, -0.000166981
61.4459, 0.0797894, 0.000518621, -155.14, -1.49117, 1.56359, -3.05476, -0.000166997
61.4495, 0.0792291, 0.000384008, -155.106, -1.49118, 1.56359, -3.05478, -0.000167013
61.4531, 0.0790955, -0.000167163, -155.071, -1.4912, 1.56359, -3.05479, -0.000167029
61.4567, 0.0795241, -0.000519595, -155.037, -1.49121, 1.5636, -3.05481, -0.000167044
61.4602, 0.0800229, -0.00028015, -155.002, -1.49122, 1.5636, -3.05482, -0.00016706
61.4638, 0.080022, 0.000283962, -154.968, -1.49123, 1.5636, -3.05483, -0.000167076
61.4674, 0.0795091, 0.000543788, -154.933, -1.49125, 1.5636, -3.05485, -0.000167091
61.471, 0.0790422, 0.000209891, -154.899, -1.49126, 1.5636, -3.05486, -0.000167107
61.4746, 0.0791279, -0.000345624, -154.864, -1.49127, 1.56361, -3.05488, -0.000167123
61.4782, 0.079657, -0.000504155, -154.83, -1.49128, 1.56361, -3.05489, -0.000167139
61.4818, 0.0800269, -8.9378e-05, -154.795, -1.49129, 1.56361, -3.05491, -0.000167154
61.4853, 0.0798126, 0.000437074, -154.761, -1.49131, 1.56361, -3.05492, -0.00016717
61.4889, 0.0792391, 0.000489701, -154.727, -1.49132, 1.56362, -3.05493, -0.000167186
61.4925, 0.0789304, 1.01467e-05, -154.692, -1.49133, 1.56362, -3.05495, -0.000167201
61.4961, 0.079216, -0.000468533, -154.658, -1.49134, 1.56362, -3.05496, -0.000167217
61.4997, 0.079765, -0.000414633, -154.623, -1.49136, 1.56362, -3.05498, -0.000167233
61.5033, 0.0799541, 0.000111836, -154.589, -1.49137, 1.56362, -3.05499, -0.000167249
61.5069, 0.0795602, 0.000526411, -154.555, -1.49138, 1.56363, -3.05501, -0.000167264
61.5105, 0.0790068, 0.000369184, -154.52, -1.49139, 1.56363, -3.05502, -0.00016728
61.514, 0.0788943, -0.0001853, -154.486, -1.4914, 1.56363, -3.05504, -0.000167296
61.5176, 0.0793337, -0.00052224, -154.452, -1.49142, 1.56363, -3.05505, -0.000167311
61.5212, 0.0798245, -0.000268335, -154.417, -1.49143, 1.56364, -3.05506, -0.000167327
61.5248, 0.0798095, 0.000294988, -154.383, -1.49144, 1.56364, -3.05508, -0.000167343
61.5284, 0.079292, 0.00054391, -154.349, -1.49145, 1.56364, -3.05509, -0.000167359
61.532, 0.0788315, 0.000203031, -154.314, -1.49146, 1.56364, -3.05511, -0.000167374
61.5356, 0.0789239, -0.000350332, -154.28, -1.49148, 1.56364, -3.05512, -0.00016739
61.5391, 0.0794535, -0.000504147, -154.246, -1.49149, 1.56365, -3.05514, -0.000167406
61.5427, 0.0798211, -8.85054e-05, -154.211, -1.4915, 1.56365, -3.05515, -0.000167422
61.5463, 0.0796073, 0.000437125, -154.177, -1.49151, 1.56365, -3.05516, -0.000167437
61.5499, 0.0790348, 0.000492116, -154.143, -1.49153, 1.56365, -3.05518, -0.000167453
61.5535, 0.0787226, 1.59053e-05, -154.109, -1.49154, 1.56365, -3.05519, -0.000167469
61.5571, 0.0790016, -0.000465747, -154.074, -1.49155, 1.56366, -3.05521, -0.000167485
61.5607, 0.0795505, -0.000421458, -154.04, -1.49156, 1.56366, -3.05522, -0.0001675
61.5642, 0.0797504, 9.97635e-05, -154.006, -1.49157, 1.56366, -3.05524, -0.000167516
61.5678, 0.0793677, 0.000523189, -153.972, -1.49159, 1.56366, -3.05525, -0.000167532
61.5714, 0.0788108, 0.000382273, -153.937, -1.4916, 1.56367, -3.05526, -0.000167548
61.575, 0.0786799, -0.000167583, -153.903, -1.49161, 1.56367, -3.05528, -0.000167563
61.5786, 0.0791054, -0.000520829, -153.869, -1.49162, 1.56367, -3.05529, -0.000167579
61.5822, 0.0796056, -0.000288746, -153.835, -1.49164, 1.56367, -3.05531, -0.000167595
61.5858, 0.0796167, 0.000273148, -153.8, -1.49165, 1.56367, -3.05532, -0.000167611
61.5894, 0.0791133, 0.000546822, -153.766, -1.49166, 1.56368, -3.05534, -0.000167626
61.5929, 0.0786356, 0.00023153, -153.732, -1.49167, 1.56368, -3.05535, -0.000167642
61.5965, 0.0786951, -0.000326075, -153.698, -1.49168, 1.56368, -3.05537, -0.000167658
61.6001, 0.0792129, -0.000513439, -153.664, -1.4917, 1.56368, -3.05538, -0.000167674
61.6037, 0.079607, -0.000124965, -153.63, -1.49171, 1.56369, -3.05539, -0.00016769
61.6073, 0.0794315, 0.0004128, -153.595, -1.49172, 1.56369, -3.05541, -0.000167705
61.6109, 0.0788658, 0.000509836, -153.561, -1.49173, 1.56369, -3.05542, -0.000167721
61.6145, 0.0785171, 5.9881e-05, -153.527, -1.49174, 1.56369, -3.05544, -0.000167737
61.618, 0.0787542, -0.000443638, -153.493, -1.49176, 1.56369, -3.05545, -0.000167753
61.6216, 0.0793038, -0.000448964, -153.459, -1.49177, 1.5637, -3.05547, -0.000167768
61.6252, 0.0795505, 4.95719e-05, -153.425, -1.49178, 1.5637, -3.05548, -0.000167784
61.6288, 0.0792109, 0.000505961, -153.391, -1.49179, 1.5637, -3.05549, -0.0001678
61.6324, 0.0786437, 0.000420726, -153.357, -1.49181, 1.5637, -3.05551, -0.000167816
61.636, 0.0784561, -0.000112698, -153.323, -1.49182, 1.56371, -3.05552, -0.000167832
61.6396, 0.0788398, -0.00051082, -153.288, -1.49183, 1.56371, -3.05554, -0.000167847
61.6431, 0.079362, -0.000338482, -153.254, -1.49184, 1.56371, -3.05555, -0.000167863
61.6467, 0.0794387, 0.000215809, -153.22, -1.49185, 1.56371, -3.05557, -0.000167879
61.6503, 0.078973, 0.000546495, -153.186, -1.49187, 1.56371, -3.05558, -0.000167895
61.6539, 0.0784603, 0.000292606, -153.152, -1.49188, 1.56372, -3.05559, -0.000167911
61.6575, 0.0784469, -0.000268564, -153.118, -1.49189, 1.56372, -3.05561, -0.000167926
61.6611, 0.078934, -0.000524701, -153.084, -1.4919, 1.56372, -3.05562, -0.000167942
61.6647, 0.0793769, -0.000196587, -153.05, -1.49192, 1.56372, -3.05564, -0.000167958
61.6683, 0.0792797, 0.000357909, -153.016, -1.49193, 1.56372, -3.05565, -0.000167974
61.672, 0.0787136, 0.000529202, -152.981, -1.49194, 1.56373, -3.05567, -0.00016799
61.6757, 0.0783136, 9.85574e-05, -152.946, -1.49195, 1.56373, -3.05568, -0.000168007
61.6794, 0.0785294, -0.00043376, -152.91, -1.49196, 1.56373, -3.0557, -0.000168023
61.6831, 0.0790958, -0.000449774, -152.875, -1.49198, 1.56373, -3.05571, -0.000168039
61.6868, 0.0793409, 6.89844e-05, -152.84, -1.49199, 1.56374, -3.05573, -0.000168056
61.6906, 0.0789657, 0.000520681, -152.805, -1.492, 1.56374, -3.05574, -0.000168072
61.6943, 0.0783909, 0.000381621, -152.77, -1.49202, 1.56374, -3.05576, -0.000168089
61.698, 0.0782681, -0.000186893, -152.734, -1.49203, 1.56374, -3.05577, -0.000168105
61.7017, 0.0787248, -0.000526147, -152.699, -1.49204, 1.56375, -3.05579, -0.000168121
61.7054, 0.0792175, -0.000243335, -152.664, -1.49205, 1.56375, -3.0558, -0.000168138
61.7091, 0.0791613, 0.000334039, -152.629, -1.49207, 1.56375, -3.05582, -0.000168154
61.7129, 0.0786067, 0.000537859, -152.594, -1.49208, 1.56375, -3.05583, -0.000168171
61.7166, 0.0781808, 0.000132483, -152.559, -1.49209, 1.56375, -3.05584, -0.000168187
61.7203, 0.0783613, -0.00041329, -152.523, -1.4921, 1.56376, -3.05586, -0.000168203
61.724, 0.0789249, -0.000468719, -152.488, -1.49212, 1.56376, -3.05587, -0.00016822
61.7277, 0.079206, 3.01109e-05, -152.453, -1.49213, 1.56376, -3.05589, -0.000168236
61.7315, 0.0788655, 0.000507087, -152.418, -1.49214, 1.56376, -3.0559, -0.000168253
61.7352, 0.078282, 0.000411696, -152.383, -1.49215, 1.56377, -3.05592, -0.000168269
61.7389, 0.0781143, -0.000145867, -152.348, -1.49217, 1.56377, -3.05593, -0.000168285
61.7426, 0.0785411, -0.000522485, -152.313, -1.49218, 1.56377, -3.05595, -0.000168302
61.7463, 0.0790557, -0.000284047, -152.278, -1.49219, 1.56377, -3.05596, -0.000168318
61.75, 0.0790507, 0.000294549, -152.243, -1.4922, 1.56377, -3.05598, -0.000168335
61.7538, 0.0785174, 0.000546789, -152.207, -1.49222, 1.56378, -3.05599, -0.000168351
61.7575, 0.0780554, 0.000182341, -152.172, -1.49223, 1.56378, -3.05601, -0.000168368
61.7612, 0.078182, -0.000379209, -152.137, -1.49224, 1.56378, -3.05602, -0.000168384
61.7649, 0.0787368, -0.000491809, -152.102, -1.49225, 1.56378, -3.05604, -0.0001684
61.7686, 0.0790674, -2.60878e-05, -152.067, -1.49227, 1.56379, -3.05605, -0.000168417
61.7723, 0.0787792, 0.000482493, -152.032, -1.49228, 1.56379, -3.05607, -0.000168433
61.7761, 0.0781892, 0.000449583, -151.997, -1.49229, 1.56379, -3.05608, -0.00016845
61.7798, 0.0779605, -8.68819e-05, -151.962, -1.4923, 1.56379, -3.0561, -0.000168466
61.7835, 0.0783412, -0.000510899, -151.927, -1.49232, 1.56379, -3.05611, -0.000168483
61.7872, 0.0788798, -0.000335916, -151.892, -1.49233, 1.5638, -3.05613, -0.000168499
61.7909, 0.078944, 0.000237199, -151.857, -1.49234, 1.5638, -3.05614, -0.000168516
61.7947, 0.0784459, 0.000551213, -151.822, -1.49236, 1.5638, -3.05616, -0.000168532
61.7984, 0.0779421, 0.000246294, -151.787, -1.49237, 1.5638, -3.05617, -0.000168549
61.8021, 0.0779954, -0.000328062, -151.752, -1.49238, 1.56381, -3.05619, -0.000168565
61.8058, 0.0785301, -0.000514042, -151.717, -1.49239, 1.56381, -3.0562, -0.000168581
61.8095, 0.0789197, -9.88509e-05, -151.683, -1.49241, 1.56381, -3.05622, -0.000168598
61.8132, 0.078704, 0.000442279, -151.648, -1.49242, 1.56381, -3.05623, -0.000168614
61.817, 0.0781154, 0.000490392, -151.613, -1.49243, 1.56381, -3.05625, -0.000168631
61.8207, 0.0778127, -9.38621e-06, -151.578, -1.49244, 1.56382, -3.05626, -0.000168647
61.8244, 0.0781272, -0.000485751, -151.543, -1.49246, 1.56382, -3.05628, -0.000168664
61.8281, 0.0786852, -0.000394531, -151.508, -1.49247, 1.56382, -3.05629, -0.00016868
61.8318, 0.0788351, 0.000159963, -151.473, -1.49248, 1.56382, -3.05631, -0.000168697
61.8356, 0.0783915, 0.000544706, -151.438, -1.49249, 1.56383, -3.05632, -0.000168713
61.8393, 0.0778464, 0.000320779, -151.403, -1.49251, 1.56383, -3.05633, -0.00016873
61.843, 0.0778071, -0.000256271, -151.368, -1.49252, 1.56383, -3.05635, -0.000168746
61.8467, 0.0783039, -0.000528511, -151.334, -1.49253, 1.56383, -3.05636, -0.000168763
61.8504, 0.0787563, -0.000185798, -151.299, -1.49254, 1.56384, -3.05638, -0.000168779
61.8541, 0.0786345, 0.000381335, -151.264, -1.49256, 1.56384, -3.05639, -0.000168796
61.8579, 0.0780632, 0.0005271, -151.229, -1.49257, 1.56384, -3.05641, -0.000168812
61.8616, 0.0776783, 8.5718e-05, -151.194, -1.49258, 1.56384, -3.05642, -0.000168829
61.8653, 0.0779033, -0.000440511, -151.159, -1.49259, 1.56384, -3.05644, -0.000168845
61.869, 0.078468, -0.000453146, -151.125, -1.49261, 1.56385, -3.05645, -0.000168862
61.8727, 0.078716, 6.20341e-05, -151.09, -1.49262, 1.56385, -3.05647, -0.000168878
61.8764, 0.0783513, 0.00051952, -151.055, -1.49263, 1.56385, -3.05648, -0.000168895
61.8802, 0.0777741, 0.000399732, -151.02, -1.49264, 1.56385, -3.0565, -0.000168911
61.8839, 0.0776254, -0.00016117, -150.986, -1.49266, 1.56386, -3.05651, -0.000168927
61.8876, 0.0780596, -0.000526532, -150.951, -1.49267, 1.56386, -3.05653, -0.000168944
61.8913, 0.0785697, -0.000281953, -150.916, -1.49268, 1.56386, -3.05654, -0.000168961
61.895, 0.078563, 0.000295069, -150.881, -1.4927, 1.56386, -3.05656, -0.000168977
61.8988, 0.078033, 0.000550432, -150.847, -1.49271, 1.56386, -3.05657, -0.000168994
61.9025, 0.0775661, 0.000194914, -150.812, -1.49272, 1.56387, -3.05659, -0.00016901
61.9062, 0.0776767, -0.000368686, -150.777, -1.49273, 1.56387, -3.0566, -0.000169027
61.9099, 0.0782253, -0.0005023, -150.742, -1.49275, 1.56387, -3.05662, -0.000169043
61.9136, 0.0785767, -5.48571e-05, -150.708, -1.49276, 1.56387, -3.05663, -0.00016906
61.9173, 0.0783194, 0.00046738, -150.673, -1.49277, 1.56388, -3.05665, -0.000169076
61.9211, 0.0777301, 0.000473941, -150.638, -1.49278, 1.56388, -3.05666, -0.000169093
61.9248, 0.0774608, -4.24367e-05, -150.604, -1.4928, 1.56388, -3.05668, -0.000169109
61.9285, 0.0778014, -0.000498254, -150.569, -1.49281, 1.56388, -3.05669, -0.000169126
61.9322, 0.0783529, -0.000378808, -150.534, -1.49282, 1.56388, -3.05671, -0.000169142
61.9359, 0.0784785, 0.00018091, -150.5, -1.49283, 1.56389, -3.05672, -0.000169159
61.9396, 0.0780225, 0.00054925, -150.465, -1.49285, 1.56389, -3.05674, -0.000169175
61.9434, 0.0774851, 0.00031085, -150.43, -1.49286, 1.56389, -3.05675, -0.000169192
61.9471, 0.0774581, -0.000265346, -150.396, -1.49287, 1.56389, -3.05676, -0.000169208
61.9508, 0.0779575, -0.000529927, -150.361, -1.49288, 1.5639, -3.05678, -0.000169225
61.9545, 0.0784066, -0.000184952, -150.326, -1.4929, 1.5639, -3.05679, -0.000169241
61.9582, 0.0782855, 0.000380971, -150.292, -1.49291, 1.5639, -3.05681, -0.000169258
61.962, 0.0777165, 0.000530836, -150.257, -1.49292, 1.5639, -3.05682, -0.000169274
61.9657, 0.0773258, 9.61691e-05, -150.223, -1.49293, 1.56391, -3.05684, -0.000169291
61.9694, 0.0775385, -0.000434041, -150.188, -1.49295, 1.56391, -3.05685, -0.000169308
61.9731, 0.0781012, -0.000463755, -150.154, -1.49296, 1.56391, -3.05687, -0.000169324
61.9768, 0.0783674, 4.02659e-05, -150.119, -1.49297, 1.56391, -3.05688, -0.000169341
61.9805, 0.0780241, 0.00051176, -150.084, -1.49298, 1.56391, -3.0569, -0.000169357
61.9843, 0.0774428, 0.000421391, -150.05, -1.493, 1.56392, -3.05691, -0.000169374
61.988, 0.0772619, -0.00012925, -150.015, -1.49301, 1.56392, -3.05693, -0.00016939
61.9917, 0.07767, -0.000522323, -149.981, -1.49302, 1.56392, -3.05694, -0.000169407
61.9954, 0.0781954, -0.000317116, -149.946, -1.49303, 1.56392, -3.05696, -0.000169423
61.9991, 0.0782349, 0.000256183, -149.912, -1.49305, 1.56393, -3.05697, -0.00016944
62.0028, 0.0777305, 0.000555145, -149.877, -1.49306, 1.56393, -3.05699, -0.000169457
62.0066, 0.077233, 0.000245043, -149.843, -1.49307, 1.56393, -3.057, -0.000169473
62.0103, 0.0772854, -0.000326784, -149.808, -1.49308, 1.56393, -3.05702, -0.00016949
62.014, 0.0778148, -0.000520377, -149.774, -1.4931, 1.56393, -3.05703, -0.000169506
62.0177, 0.0782148, -0.000119312, -149.739, -1.49311, 1.56394, -3.05705, -0.000169523
62.0214, 0.0780242, 0.000427806, -149.705, -1.49312, 1.56394, -3.05706, -0.000169539
62.0252, 0.0774422, 0.000509469, -149.67, -1.49313, 1.56394, -3.05708, -0.000169556
62.0289, 0.077105, 3.45962e-05, -149.636, -1.49315, 1.56394, -3.05709, -0.000169573
62.0326, 0.0773751, -0.000466348, -149.602, -1.49316, 1.56395, -3.05711, -0.000169589
62.0363, 0.0779368, -0.000434187, -149.567, -1.49317, 1.56395, -3.05712, -0.000169606
62.04, 0.0781492, 9.50279e-05, -149.533, -1.49319, 1.56395, -3.05714, -0.000169622
62.0437, 0.0777616, 0.000530906, -149.498, -1.4932, 1.56395, -3.05715, -0.000169639
62.0475, 0.0771923, 0.000387543, -149.464, -1.49321, 1.56395, -3.05717, -0.000169655
62.0512, 0.0770617, -0.00017511, -149.43, -1.49322, 1.56396, -3.05718, -0.000169672
62.0549, 0.0775012, -0.000530166, -149.395, -1.49324, 1.56396, -3.05719, -0.000169689
62.0586, 0.0780073, -0.000282349, -149.361, -1.49325, 1.56396, -3.05721, -0.000169705
62.0623, 0.0780026, 0.000292328, -149.326, -1.49326, 1.56396, -3.05722, -0.000169722
62.0661, 0.0774787, 0.000554411, -149.292, -1.49327, 1.56397, -3.05724, -0.000169738
62.0698, 0.0770042, 0.000212548, -149.258, -1.49329, 1.56397, -3.05725, -0.000169755
62.0735, 0.0770928, -0.00035304, -149.223, -1.4933, 1.56397, -3.05727, -0.000169772
62.0772, 0.0776318, -0.00051382, -149.189, -1.49331, 1.56397, -3.05728, -0.000169788
62.0809, 0.0780085, -9.13439e-05, -149.155, -1.49332, 1.56398, -3.0573, -0.000169805
62.0846, 0.0777907, 0.000445149, -149.12, -1.49334, 1.56398, -3.05731, -0.000169821
62.0884, 0.0772065, 0.000500235, -149.086, -1.49335, 1.56398, -3.05733, -0.000169838
62.0921, 0.0768901, 1.29668e-05, -149.052, -1.49336, 1.56398, -3.05734, -0.000169855
62.0958, 0.0771783, -0.000476159, -149.018, -1.49337, 1.56398, -3.05736, -0.000169871
62.0995, 0.0777376, -0.000424992, -148.983, -1.49339, 1.56399, -3.05737, -0.000169888
62.1032, 0.0779343, 0.000109601, -148.949, -1.4934, 1.56399, -3.05739, -0.000169904
62.1069, 0.0775368, 0.000535406, -148.915, -1.49341, 1.56399, -3.0574, -0.000169921
62.1107, 0.0769714, 0.000381084, -148.88, -1.49342, 1.56399, -3.05742, -0.000169938
62.1144, 0.07685, -0.0001824, -148.846, -1.49344, 1.564, -3.05743, -0.000169954
62.1181, 0.0772928, -0.000531628, -148.812, -1.49345, 1.564, -3.05745, -0.000169971
62.1218, 0.0777962, -0.000280546, -148.778, -1.49346, 1.564, -3.05746, -0.000169988
62.1255, 0.0777899, 0.000293151, -148.743, -1.49347, 1.564, -3.05748, -0.000170004
62.1293, 0.0772672, 0.000555571, -148.709, -1.49349, 1.564, -3.05749, -0.000170021
62.133, 0.0767916, 0.000217035, -148.675, -1.4935, 1.56401, -3.05751, -0.000170037
62.1367, 0.0768742, -0.000348564, -148.641, -1.49351, 1.56401, -3.05752, -0.000170054
62.1404, 0.0774098, -0.000517082, -148.607, -1.49352, 1.56401, -3.05754, -0.000170071
62.1441, 0.0777937, -0.000102793, -148.572, -1.49354, 1.56401, -3.05755, -0.000170087
62.1478, 0.0775889, 0.000437371, -148.538, -1.49355, 1.56402, -3.05756, -0.000170104
62.1516, 0.0770075, 0.000508109, -148.504, -1.49356, 1.56402, -3.05758, -0.000170121
62.1553, 0.0766762, 3.16644e-05, -148.47, -1.49357, 1.56402, -3.05759, -0.000170137
62.159, 0.0769459, -0.000467164, -148.436, -1.49359, 1.56402, -3.05761, -0.000170154
62.1627, 0.0775058, -0.000439341, -148.402, -1.4936, 1.56402, -3.05762, -0.000170171
62.1664, 0.077726, 8.43439e-05, -148.368, -1.49361, 1.56403, -3.05764, -0.000170187
62.1701, 0.0773506, 0.000527813, -148.333, -1.49362, 1.56403, -3.05765, -0.000170204
62.1739, 0.0767787, 0.000403607, -148.299, -1.49364, 1.56403, -3.05767, -0.000170221
62.1776, 0.0766251, -0.000151594, -148.265, -1.49365, 1.56403, -3.05768, -0.000170237
62.1813, 0.0770444, -0.000527829, -148.231, -1.49366, 1.56404, -3.0577, -0.000170254
62.185, 0.0775624, -0.000312091, -148.197, -1.49367, 1.56404, -3.05771, -0.000170271
62.1887, 0.0775968, 0.000258654, -148.163, -1.49369, 1.56404, -3.05773, -0.000170287
62.1925, 0.0770962, 0.000558181, -148.129, -1.4937, 1.56404, -3.05774, -0.000170304
62.1962, 0.0765961, 0.000258147, -148.095, -1.49371, 1.56404, -3.05776, -0.000170321
62.1999, 0.0766308, -0.000312372, -148.061, -1.49372, 1.56405, -3.05777, -0.000170337
62.2036, 0.0771484, -0.0005282, -148.027, -1.49374, 1.56405, -3.05779, -0.000170354
62.2073, 0.0775681, -0.000153092, -147.993, -1.49375, 1.56405, -3.0578, -0.000170371
62.211, 0.0774168, 0.000402105, -147.959, -1.49376, 1.56405, -3.05782, -0.000170387
62.2148, 0.0768465, 0.000529795, -147.924, -1.49377, 1.56406, -3.05783, -0.000170404
62.2185, 0.0764674, 9.04653e-05, -147.89, -1.49379, 1.56406, -3.05785, -0.000170421
62.2222, 0.0766803, -0.000435333, -147.856, -1.4938, 1.56406, -3.05786, -0.000170437
62.2259, 0.0772386, -0.000472916, -147.822, -1.49381, 1.56406, -3.05788, -0.000170454
62.2296, 0.0775185, 1.8599e-05, -147.788, -1.49383, 1.56407, -3.05789, -0.000170471
62.2333, 0.0772008, 0.000502289, -147.754, -1.49384, 1.56407, -3.0579, -0.000170487
62.2371, 0.0766189, 0.000450186, -147.72, -1.49385, 1.56407, -3.05792, -0.000170504
62.2408, 0.076394, -8.06625e-05, -147.687, -1.49386, 1.56407, -3.05793, -0.000170521
62.2445, 0.0767576, -0.000511113, -147.653, -1.49388, 1.56407, -3.05795, -0.000170537
62.2482, 0.0772995, -0.000371924, -147.619, -1.49389, 1.56408, -3.05796, -0.000170554
62.2521, 0.0774081, 0.000204273, -147.584, -1.4939, 1.56408, -3.05798, -0.000170571
62.2559, 0.0769241, 0.000557562, -147.548, -1.49391, 1.56408, -3.05799, -0.000170589
62.2598, 0.076392, 0.00027964, -147.513, -1.49393, 1.56408, -3.05801, -0.000170606
62.2636, 0.0764118, -0.00030822, -147.478, -1.49394, 1.56409, -3.05803, -0.000170623
62.2674, 0.0769454, -0.000527016, -147.443, -1.49395, 1.56409, -3.05804, -0.00017064
62.2713, 0.0773618, -0.000124259, -147.408, -1.49397, 1.56409, -3.05806, -0.000170658
62.2751, 0.0771656, 0.000435144, -147.373, -1.49398, 1.56409, -3.05807, -0.000170675
62.279, 0.0765683, 0.000505924, -147.338, -1.49399, 1.56409, -3.05809, -0.000170692
62.2828, 0.0762437, 6.60505e-06, -147.303, -1.494, 1.5641, -3.0581, -0.000170709
62.2867, 0.0765509, -0.000487222, -147.268, -1.49402, 1.5641, -3.05812, -0.000170727
62.2905, 0.0771209, -0.000406689, -147.233, -1.49403, 1.5641, -3.05813, -0.000170744
62.2943, 0.0772824, 0.000155325, -147.198, -1.49404, 1.5641, -3.05815, -0.000170761
62.2982, 0.0768347, 0.00055183, -147.163, -1.49406, 1.56411, -3.05816, -0.000170779
62.302, 0.0762781, 0.000326698, -147.128, -1.49407, 1.56411, -3.05818, -0.000170796
62.3059, 0.0762379, -0.000261, -147.093, -1.49408, 1.56411, -3.05819, -0.000170813
62.3097, 0.0767452, -0.000535602, -147.058, -1.4941, 1.56411, -3.05821, -0.00017083
62.3136, 0.0772021, -0.000181666, -147.023, -1.49411, 1.56412, -3.05822, -0.000170848
62.3174, 0.077069, 0.000394135, -146.988, -1.49412, 1.56412, -3.05824, -0.000170865
62.3212, 0.0764839, 0.000530701, -146.953, -1.49413, 1.56412, -3.05825, -0.000170882
62.3251, 0.0761036, 7.14361e-05, -146.918, -1.49415, 1.56412, -3.05827, -0.0001709
62.3289, 0.0763494, -0.000456687, -146.883, -1.49416, 1.56413, -3.05828, -0.000170917
62.3328, 0.0769244, -0.000448114, -146.849, -1.49417, 1.56413, -3.0583, -0.000170934
62.3366, 0.0771547, 8.71847e-05, -146.814, -1.49419, 1.56413, -3.05832, -0.000170952
62.3405, 0.0767618, 0.000535829, -146.779, -1.4942, 1.56413, -3.05833, -0.000170969
62.3443, 0.0761809, 0.000384096, -146.744, -1.49421, 1.56413, -3.05835, -0.000170986
62.3482, 0.0760621, -0.000194166, -146.709, -1.49422, 1.56414, -3.05836, -0.000171003
62.352, 0.0765265, -0.000537225, -146.674, -1.49424, 1.56414, -3.05838, -0.000171021
62.3558, 0.0770279, -0.000252805, -146.639, -1.49425, 1.56414, -3.05839, -0.000171038
62.3597, 0.0769784, 0.000333783, -146.604, -1.49426, 1.56414, -3.05841, -0.000171055
62.3635, 0.0764198, 0.000552175, -146.57, -1.49428, 1.56415, -3.05842, -0.000171073
62.3674, 0.0759756, 0.000153033, -146.535, -1.49429, 1.56415, -3.05844, -0.00017109
62.3712, 0.0761381, -0.000407763, -146.5, -1.4943, 1.56415, -3.05845, -0.000171107
62.3751, 0.0767069, -0.000490174, -146.465, -1.49432, 1.56415, -3.05847, -0.000171125
62.3789, 0.0770183, -3.25316e-07, -146.43, -1.49433, 1.56416, -3.05848, -0.000171142
62.3827, 0.0767025, 0.000503073, -146.395, -1.49434, 1.56416, -3.0585, -0.000171159
62.3866, 0.0761049, 0.000446266, -146.361, -1.49435, 1.56416, -3.05851, -0.000171177
62.3904, 0.0758917, -0.000105862, -146.326, -1.49437, 1.56416, -3.05853, -0.000171194
62.3943, 0.0762907, -0.000524408, -146.291, -1.49438, 1.56416, -3.05854, -0.000171211
62.3981, 0.076833, -0.000332975, -146.256, -1.49439, 1.56417, -3.05856, -0.000171229
62.402, 0.0768866, 0.000250445, -146.222, -1.49441, 1.56417, -3.05858, -0.000171246
62.4058, 0.0763761, 0.000562196, -146.187, -1.49442, 1.56417, -3.05859, -0.000171263
62.4097, 0.0758673, 0.000247946, -146.152, -1.49443, 1.56417, -3.05861, -0.000171281
62.4135, 0.0759236, -0.000335014, -146.117, -1.49444, 1.56418, -3.05862, -0.000171298
62.4173, 0.0764663, -0.000524428, -146.083, -1.49446, 1.56418, -3.05864, -0.000171315
62.4212, 0.0768643, -0.00010535, -146.048, -1.49447, 1.56418, -3.05865, -0.000171333
62.425, 0.0766513, 0.000446423, -146.013, -1.49448, 1.56418, -3.05867, -0.00017135
62.4289, 0.0760544, 0.000504906, -145.979, -1.4945, 1.56419, -3.05868, -0.000171368
62.4327, 0.0757359, 3.93314e-06, -145.944, -1.49451, 1.56419, -3.0587, -0.000171385
62.4366, 0.0760421, -0.00048849, -145.909, -1.49452, 1.56419, -3.05871, -0.000171402
62.4404, 0.0766112, -0.000414457, -145.875, -1.49454, 1.56419, -3.05873, -0.00017142
62.4442, 0.076784, 0.000142021, -145.84, -1.49455, 1.56419, -3.05874, -0.000171437
62.4481, 0.0763504, 0.000550858, -145.805, -1.49456, 1.5642, -3.05876, -0.000171454
62.4519, 0.0757865, 0.000349488, -145.771, -1.49457, 1.5642, -3.05877, -0.000171472
62.4558, 0.0757156, -0.000234138, -145.736, -1.49459, 1.5642, -3.05879, -0.000171489
62.4596, 0.076203, -0.000540072, -145.701, -1.4946, 1.5642, -3.0588, -0.000171506
62.4635, 0.0766831, -0.000222664, -145.667, -1.49461, 1.56421, -3.05882, -0.000171524
62.4673, 0.076599, 0.00035935, -145.632, -1.49463, 1.56421, -3.05883, -0.000171541
62.4711, 0.0760312, 0.000548724, -145.598, -1.49464, 1.56421, -3.05885, -0.000171559
62.475, 0.0756061, 0.000131848, -145.563, -1.49465, 1.56421, -3.05887, -0.000171576
62.4788, 0.0757887, -0.000420783, -145.528, -1.49466, 1.56422, -3.05888, -0.000171593
62.4827, 0.0763582, -0.000485933, -145.494, -1.49468, 1.56422, -3.0589, -0.000171611
62.4865, 0.0766581, 9.68555e-06, -145.459, -1.49469, 1.56422, -3.05891, -0.000171628
62.4904, 0.0763359, 0.000507475, -145.425, -1.4947, 1.56422, -3.05893, -0.000171646
62.4942, 0.0757402, 0.000446808, -145.39, -1.49472, 1.56423, -3.05894, -0.000171663
62.4981, 0.0755271, -0.00010384, -145.356, -1.49473, 1.56423, -3.05896, -0.00017168
62.5019, 0.0759217, -0.000524678, -145.321, -1.49474, 1.56423, -3.05897, -0.000171698
62.5057, 0.0764655, -0.000342386, -145.287, -1.49475, 1.56423, -3.05899, -0.000171715
62.5096, 0.0765325, 0.00023789, -145.252, -1.49477, 1.56423, -3.059, -0.000171732
62.5134, 0.076033, 0.000563889, -145.218, -1.49478, 1.56424, -3.05902, -0.00017175
62.5173, 0.0755138, 0.00026948, -145.183, -1.49479, 1.56424, -3.05903, -0.000171767
62.5211, 0.0755434, -0.000314548, -145.149, -1.49481, 1.56424, -3.05905, -0.000171785
62.525, 0.0760739, -0.000532584, -145.114, -1.49482, 1.56424, -3.05906, -0.000171802
62.5288, 0.0764954, -0.000140124, -145.08, -1.49483, 1.56425, -3.05908, -0.00017182
62.5326, 0.0763208, 0.000422513, -145.045, -1.49485, 1.56425, -3.05909, -0.000171837
62.5365, 0.0757315, 0.000524577, -145.011, -1.49486, 1.56425, -3.05911, -0.000171854
62.5403, 0.0753735, 5.18597e-05, -144.976, -1.49487, 1.56425, -3.05912, -0.000171872
62.5442, 0.0756331, -0.000465999, -144.942, -1.49488, 1.56426, -3.05914, -0.000171889
62.548, 0.0762052, -0.000449222, -144.907, -1.4949, 1.56426, -3.05915, -0.000171907
62.5519, 0.0764348, 8.32432e-05, -144.873, -1.49491, 1.56426, -3.05917, -0.000171924
62.5557, 0.0760509, 0.000535624, -144.839, -1.49492, 1.56426, -3.05919, -0.000171941
62.5596, 0.0754684, 0.000402143, -144.804, -1.49494, 1.56426, -3.0592, -0.000171959
62.5634, 0.075324, -0.000167822, -144.77, -1.49495, 1.56427, -3.05922, -0.000171976
62.5672, 0.0757644, -0.000537387, -144.735, -1.49496, 1.56427, -3.05923, -0.000171994
62.5711, 0.0762832, -0.000293935, -144.701, -1.49497, 1.56427, -3.05925, -0.000172011
62.5749, 0.0762869, 0.000290592, -144.667, -1.49499, 1.56427, -3.05926, -0.000172029
62.5788, 0.0757571, 0.000563915, -144.632, -1.495, 1.56428, -3.05928, -0.000172046
62.5826, 0.0752704, 0.000221319, -144.598, -1.49501, 1.56428, -3.05929, -0.000172063
62.5865, 0.075355, -0.000355069, -144.564, -1.49503, 1.56428, -3.05931, -0.000172081
62.5903, 0.075902, -0.000522905, -144.529, -1.49504, 1.56428, -3.05932, -0.000172098
62.5941, 0.0762876, -9.53867e-05, -144.495, -1.49505, 1.56429, -3.05934, -0.000172116
62.598, 0.0760682, 0.000451313, -144.461, -1.49507, 1.56429, -3.05935, -0.000172133
62.6018, 0.0754738, 0.000508753, -144.426, -1.49508, 1.56429, -3.05937, -0.000172151
62.6057, 0.0751513, 1.32087e-05, -144.392, -1.49509, 1.56429, -3.05938, -0.000172168
62.6095, 0.0754449, -0.000484125, -144.358, -1.4951, 1.56429, -3.0594, -0.000172186
62.6134, 0.0760137, -0.000430489, -144.324, -1.49512, 1.5643, -3.05941, -0.000172203
62.6172, 0.0762113, 0.000114342, -144.289, -1.49513, 1.5643, -3.05943, -0.000172221
62.621, 0.0758041, 0.000545171, -144.255, -1.49514, 1.5643, -3.05944, -0.000172238
62.6249, 0.0752299, 0.000383812, -144.221, -1.49516, 1.5643, -3.05946, -0.000172255
62.6287, 0.0751116, -0.000190491, -144.186, -1.49517, 1.56431, -3.05947, -0.000172273
62.6326, 0.0755659, -0.00054065, -144.152, -1.49518, 1.56431, -3.05949, -0.00017229
62.6364, 0.0760746, -0.000278556, -144.118, -1.49519, 1.56431, -3.05951, -0.000172308
62.6403, 0.0760597, 0.000305146, -144.084, -1.49521, 1.56431, -3.05952, -0.000172325
62.6441, 0.0755236, 0.00056381, -144.05, -1.49522, 1.56432, -3.05954, -0.000172343
62.648, 0.0750458, 0.000211165, -144.015, -1.49523, 1.56432, -3.05955, -0.00017236
62.6518, 0.0751407, -0.000362296, -143.981, -1.49525, 1.56432, -3.05957, -0.000172378
62.6556, 0.0756889, -0.000522113, -143.947, -1.49526, 1.56432, -3.05958, -0.000172395
62.6595, 0.0760698, -9.17107e-05, -143.913, -1.49527, 1.56432, -3.0596, -0.000172413
62.6633, 0.0758482, 0.000452986, -143.879, -1.49528, 1.56433, -3.05961, -0.00017243
62.6672, 0.0752548, 0.00051015, -143.845, -1.4953, 1.56433, -3.05963, -0.000172448
62.671, 0.0749309, 1.68298e-05, -143.81, -1.49531, 1.56433, -3.05964, -0.000172465
62.6749, 0.0752196, -0.000482214, -143.776, -1.49532, 1.56433, -3.05966, -0.000172483
62.6787, 0.0757879, -0.000436331, -143.742, -1.49534, 1.56434, -3.05967, -0.0001725
62.6825, 0.0759947, 0.000103678, -143.708, -1.49535, 1.56434, -3.05969, -0.000172518
62.6864, 0.0755979, 0.000542302, -143.674, -1.49536, 1.56434, -3.0597, -0.000172535
62.6902, 0.0750207, 0.000396223, -143.64, -1.49537, 1.56434, -3.05972, -0.000172553
62.6941, 0.0748848, -0.000173437, -143.606, -1.49539, 1.56435, -3.05973, -0.00017257
62.6979, 0.0753255, -0.0005393, -143.572, -1.4954, 1.56435, -3.05975, -0.000172588
62.7018, 0.0758433, -0.000298779, -143.537, -1.49541, 1.56435, -3.05976, -0.000172605
62.7056, 0.0758544, 0.00028331, -143.503, -1.49543, 1.56435, -3.05978, -0.000172623
62.7095, 0.0753326, 0.000566759, -143.469, -1.49544, 1.56436, -3.05979, -0.00017264
62.7133, 0.0748374, 0.000240124, -143.435, -1.49545, 1.56436, -3.05981, -0.000172658
62.7171, 0.0748988, -0.000337497, -143.401, -1.49547, 1.56436, -3.05982, -0.000172675
62.721, 0.0754349, -0.000531651, -143.367, -1.49548, 1.56436, -3.05984, -0.000172693
62.7248, 0.0758428, -0.000129343, -143.333, -1.49549, 1.56436, -3.05986, -0.00017271
62.7287, 0.075661, 0.000427761, -143.299, -1.4955, 1.56437, -3.05987, -0.000172728
62.7325, 0.0750748, 0.000528566, -143.265, -1.49552, 1.56437, -3.05989, -0.000172745
62.7364, 0.0747129, 6.27259e-05, -143.231, -1.49553, 1.56437, -3.0599, -0.000172763
62.7402, 0.0749578, -0.000459041, -143.197, -1.49554, 1.56437, -3.05992, -0.00017278
62.744, 0.0755267, -0.000465161, -143.163, -1.49556, 1.56438, -3.05993, -0.000172798
62.7479, 0.0757826, 5.08758e-05, -143.129, -1.49557, 1.56438, -3.05995, -0.000172815
62.7517, 0.0754313, 0.000524087, -143.095, -1.49558, 1.56438, -3.05996, -0.000172833
62.7556, 0.0748433, 0.000436795, -143.061, -1.49559, 1.56438, -3.05998, -0.000172851
62.7594, 0.0746476, -0.00011533, -143.027, -1.49561, 1.56439, -3.05999, -0.000172868
62.7633, 0.0750438, -0.000528597, -142.993, -1.49562, 1.56439, -3.06001, -0.000172886
62.7671, 0.0755848, -0.000351518, -142.959, -1.49563, 1.56439, -3.06002, -0.000172903
62.7709, 0.0756655, 0.000222291, -142.925, -1.49565, 1.56439, -3.06004, -0.000172921
62.7748, 0.075184, 0.000566271, -142.892, -1.49566, 1.56439, -3.06005, -0.000172938
62.7786, 0.0746518, 0.00030516, -142.858, -1.49567, 1.5644, -3.06007, -0.000172956
62.7825, 0.0746354, -0.000276006, -142.824, -1.49568, 1.5644, -3.06008, -0.000172973
62.7863, 0.0751384, -0.000543473, -142.79, -1.4957, 1.5644, -3.0601, -0.000172991
62.7902, 0.0755984, -0.000205871, -142.756, -1.49571, 1.5644, -3.06011, -0.000173008
62.794, 0.0755002, 0.000368806, -142.722, -1.49572, 1.56441, -3.06013, -0.000173026
62.7979, 0.074937, 0.00055472, -142.688, -1.49574, 1.56441, -3.06014, -0.000173044
62.8017, 0.0745079, 0.000149673, -142.654, -1.49575, 1.56441, -3.06016, -0.000173061
62.8055, 0.0746656, -0.000405437, -142.621, -1.49576, 1.56441, -3.06017, -0.000173079
62.8094, 0.0752244, -0.00050688, -142.587, -1.49577, 1.56442, -3.06019, -0.000173096
62.8132, 0.0755628, -4.45589e-05, -142.553, -1.49579, 1.56442, -3.06021, -0.000173114
62.8171, 0.075299, 0.000478976, -142.519, -1.4958, 1.56442, -3.06022, -0.000173131
62.8209, 0.0747059, 0.000495101, -142.485, -1.49581, 1.56442, -3.06024, -0.000173149
62.8248, 0.0744135, -1.34887e-05, -142.451, -1.49583, 1.56442, -3.06025, -0.000173167
62.8286, 0.0747249, -0.000494688, -142.418, -1.49584, 1.56443, -3.06027, -0.000173184
62.8324, 0.0752882, -0.000426553, -142.384, -1.49585, 1.56443, -3.06028, -0.000173202
62.8363, 0.0754786, 0.000116829, -142.35, -1.49586, 1.56443, -3.0603, -0.000173219
62.8401, 0.0750759, 0.000546378, -142.316, -1.49588, 1.56443, -3.06031, -0.000173237
62.844, 0.0745026, 0.000396811, -142.282, -1.49589, 1.56444, -3.06033, -0.000173254
62.8478, 0.0743657, -0.000169684, -142.249, -1.4959, 1.56444, -3.06034, -0.000173272
62.8517, 0.0747991, -0.000539782, -142.215, -1.49592, 1.56444, -3.06036, -0.00017329
62.8555, 0.0753199, -0.000313146, -142.181, -1.49593, 1.56444, -3.06037, -0.000173307
62.8594, 0.0753508, 0.000264895, -142.147, -1.49594, 1.56445, -3.06039, -0.000173325
62.8632, 0.0748447, 0.000569352, -142.114, -1.49596, 1.56445, -3.0604, -0.000173342
62.867, 0.0743347, 0.000271365, -142.08, -1.49597, 1.56445, -3.06042, -0.00017336
62.8709, 0.0743578, -0.000306981, -142.046, -1.49598, 1.56445, -3.06043, -0.000173378
62.8747, 0.0748749, -0.000541191, -142.013, -1.49599, 1.56445, -3.06045, -0.000173395
62.8786, 0.0753138, -0.000178656, -141.979, -1.49601, 1.56446, -3.06046, -0.000173413
62.8824, 0.0751874, 0.00038933, -141.945, -1.49602, 1.56446, -3.06048, -0.00017343
62.8863, 0.0746181, 0.000550279, -141.912, -1.49603, 1.56446, -3.06049, -0.000173448
62.8901, 0.0742059, 0.000130895, -141.878, -1.49605, 1.56446, -3.06051, -0.000173466
62.8939, 0.0743809, -0.000416788, -141.844, -1.49606, 1.56447, -3.06052, -0.000173483
62.8978, 0.0749405, -0.000502957, -141.811, -1.49607, 1.56447, -3.06054, -0.000173501
62.9016, 0.0752684, -3.50464e-05, -141.777, -1.49608, 1.56447, -3.06055, -0.000173518
62.9055, 0.074998, 0.000483294, -141.743, -1.4961, 1.56447, -3.06057, -0.000173536
62.9093, 0.0744066, 0.000494601, -141.71, -1.49611, 1.56448, -3.06059, -0.000173554
62.9132, 0.0741161, -1.30721e-05, -141.676, -1.49612, 1.56448, -3.0606, -0.000173571
62.917, 0.0744248, -0.000494004, -141.642, -1.49614, 1.56448, -3.06062, -0.000173589
62.9208, 0.074987, -0.000431652, -141.609, -1.49615, 1.56448, -3.06063, -0.000173607
62.9247, 0.0751852, 0.000106823, -141.575, -1.49616, 1.56448, -3.06065, -0.000173624
62.9285, 0.0747931, 0.000543367, -141.542, -1.49617, 1.56449, -3.06066, -0.000173642
62.9324, 0.0742176, 0.00040975, -141.508, -1.49619, 1.56449, -3.06068, -0.000173659
62.9364, 0.0740691, -0.000173486, -141.473, -1.4962, 1.56449, -3.06069, -0.000173678
62.9404, 0.0745261, -0.000543818, -141.438, -1.49621, 1.56449, -3.06071, -0.000173696
62.9444, 0.075048, -0.000275871, -141.404, -1.49623, 1.5645, -3.06072, -0.000173714
62.9484, 0.0750201, 0.000322493, -141.369, -1.49624, 1.5645, -3.06074, -0.000173733
62.9524, 0.0744593, 0.000564392, -141.334, -1.49625, 1.5645, -3.06076, -0.000173751
62.9564, 0.0739938, 0.000172409, -141.299, -1.49627, 1.5645, -3.06077, -0.000173769
62.9604, 0.0741419, -0.000403754, -141.264, -1.49628, 1.56451, -3.06079, -0.000173788
62.9643, 0.0747185, -0.00050361, -141.229, -1.49629, 1.56451, -3.0608, -0.000173806
62.9683, 0.0750474, -1.28858e-05, -141.194, -1.49631, 1.56451, -3.06082, -0.000173825
62.9723, 0.0747367, 0.000506245, -141.16, -1.49632, 1.56451, -3.06083, -0.000173843
62.9763, 0.074127, 0.000459508, -141.125, -1.49633, 1.56452, -3.06085, -0.000173861
62.9803, 0.0739006, -9.94466e-05, -141.09, -1.49635, 1.56452, -3.06087, -0.00017388
62.9843, 0.0743012, -0.00053117, -141.055, -1.49636, 1.56452, -3.06088, -0.000173898
62.9883, 0.0748552, -0.000342141, -141.02, -1.49637, 1.56452, -3.0609, -0.000173916
62.9923, 0.0749143, 0.000251448, -140.986, -1.49639, 1.56453, -3.06091, -0.000173935
62.9963, 0.0743958, 0.000571472, -140.951, -1.4964, 1.56453, -3.06093, -0.000173953
63.0003, 0.0738766, 0.000252642, -140.916, -1.49641, 1.56453, -3.06094, -0.000173971
63.0043, 0.073934, -0.000340993, -140.881, -1.49643, 1.56453, -3.06096, -0.00017399
63.0083, 0.074487, -0.000532186, -140.847, -1.49644, 1.56454, -3.06098, -0.000174008
63.0123, 0.0748897, -0.00010306, -140.812, -1.49645, 1.56454, -3.06099, -0.000174027
63.0163, 0.074668, 0.000457123, -140.777, -1.49647, 1.56454, -3.06101, -0.000174045
63.0203, 0.0740593, 0.000510172, -140.743, -1.49648, 1.56454, -3.06102, -0.000174063
63.0243, 0.0737417, -4.15957e-06, -140.708, -1.49649, 1.56454, -3.06104, -0.000174082
63.0283, 0.0740614, -0.000500288, -140.673, -1.49651, 1.56455, -3.06106, -0.0001741
63.0323, 0.0746391, -0.00041378, -140.639, -1.49652, 1.56455, -3.06107, -0.000174118
63.0363, 0.0748028, 0.000156808, -140.604, -1.49653, 1.56455, -3.06109, -0.000174137
63.0403, 0.0743512, 0.000562754, -140.569, -1.49655, 1.56455, -3.0611, -0.000174155
63.0443, 0.0737825, 0.000342888, -140.535, -1.49656, 1.56456, -3.06112, -0.000174174
63.0483, 0.0737273, -0.000252894, -140.5, -1.49657, 1.56456, -3.06113, -0.000174192
63.0523, 0.0742331, -0.000548155, -140.465, -1.49659, 1.56456, -3.06115, -0.00017421
63.0563, 0.0747104, -0.000207967, -140.431, -1.4966, 1.56456, -3.06117, -0.000174229
63.0602, 0.0746029, 0.000381641, -140.396, -1.49662, 1.56457, -3.06118, -0.000174247
63.0642, 0.0740174, 0.000552174, -140.361, -1.49663, 1.56457, -3.0612, -0.000174266
63.0682, 0.0736024, 0.000110528, -140.327, -1.49664, 1.56457, -3.06121, -0.000174284
63.0722, 0.0738128, -0.00044286, -140.292, -1.49666, 1.56457, -3.06123, -0.000174302
63.0762, 0.074395, -0.000481427, -140.258, -1.49667, 1.56458, -3.06124, -0.000174321
63.0802, 0.074675, 3.8307e-05, -140.223, -1.49668, 1.56458, -3.06126, -0.000174339
63.0842, 0.0743209, 0.00052826, -140.189, -1.4967, 1.56458, -3.06128, -0.000174358
63.0882, 0.0737183, 0.000434474, -140.154, -1.49671, 1.56458, -3.06129, -0.000174376
63.0922, 0.0735331, -0.000136863, -140.119, -1.49672, 1.56459, -3.06131, -0.000174395
63.0962, 0.0739593, -0.000540174, -140.085, -1.49674, 1.56459, -3.06132, -0.000174413
63.1002, 0.0745004, -0.000320108, -140.05, -1.49675, 1.56459, -3.06134, -0.000174431
63.1042, 0.0745305, 0.00027475, -140.016, -1.49676, 1.56459, -3.06136, -0.00017445
63.1082, 0.0740008, 0.000573182, -139.981, -1.49678, 1.5646, -3.06137, -0.000174468
63.1122, 0.0734937, 0.000238758, -139.947, -1.49679, 1.5646, -3.06139, -0.000174487
63.1162, 0.0735658, -0.000351355, -139.912, -1.4968, 1.5646, -3.0614, -0.000174505
63.1202, 0.0741205, -0.00053221, -139.878, -1.49682, 1.5646, -3.06142, -0.000174524
63.1242, 0.074518, -0.000100267, -139.843, -1.49683, 1.56461, -3.06143, -0.000174542
63.1282, 0.0742959, 0.000458044, -139.809, -1.49684, 1.56461, -3.06145, -0.00017456
63.1322, 0.0736892, 0.000514486, -139.775, -1.49686, 1.56461, -3.06147, -0.000174579
63.1362, 0.0733654, 5.75462e-06, -139.74, -1.49687, 1.56461, -3.06148, -0.000174597
63.1402, 0.0736734, -0.000496051, -139.706, -1.49688, 1.56461, -3.0615, -0.000174616
63.1442, 0.0742519, -0.000427062, -139.671, -1.4969, 1.56462, -3.06151, -0.000174634
63.1482, 0.074436, 0.000135042, -139.637, -1.49691, 1.56462, -3.06153, -0.000174653
63.1522, 0.0740042, 0.000559028, -139.602, -1.49692, 1.56462, -3.06154, -0.000174671
63.1561, 0.0734262, 0.000369154, -139.568, -1.49694, 1.56462, -3.06156, -0.00017469
63.1601, 0.0733355, -0.000221385, -139.534, -1.49695, 1.56463, -3.06158, -0.000174708
63.1641, 0.0738186, -0.000550338, -139.499, -1.49696, 1.56463, -3.06159, -0.000174727
63.1681, 0.0743189, -0.000249134, -139.465, -1.49698, 1.56463, -3.06161, -0.000174745
63.1721, 0.074261, 0.000344599, -139.431, -1.49699, 1.56463, -3.06162, -0.000174763
63.1761, 0.073695, 0.000565954, -139.396, -1.497, 1.56464, -3.06164, -0.000174782
63.1801, 0.0732396, 0.000167321, -139.362, -1.49702, 1.56464, -3.06165, -0.0001748
63.1841, 0.0733893, -0.000405122, -139.328, -1.49703, 1.56464, -3.06167, -0.000174819
63.1881, 0.0739615, -0.000511192, -139.293, -1.49704, 1.56464, -3.06169, -0.000174837
63.1921, 0.0743017, -3.2493e-05, -139.259, -1.49706, 1.56465, -3.0617, -0.000174856
63.1961, 0.0740149, 0.000495951, -139.225, -1.49707, 1.56465, -3.06172, -0.000174874
63.2001, 0.0734067, 0.000483992, -139.19, -1.49708, 1.56465, -3.06173, -0.000174893
63.2041, 0.0731412, -5.48257e-05, -139.156, -1.4971, 1.56465, -3.06175, -0.000174911
63.2081, 0.0734997, -0.000519126, -139.122, -1.49711, 1.56466, -3.06176, -0.00017493
63.2121, 0.0740671, -0.000391118, -139.087, -1.49712, 1.56466, -3.06178, -0.000174948
63.2161, 0.0741961, 0.00018629, -139.053, -1.49714, 1.56466, -3.0618, -0.000174967
63.2201, 0.0737281, 0.000569551, -139.019, -1.49715, 1.56466, -3.06181, -0.000174985
63.2241, 0.0731698, 0.000331871, -138.985, -1.49716, 1.56467, -3.06183, -0.000175004
63.2281, 0.0731279, -0.000261918, -138.95, -1.49718, 1.56467, -3.06184, -0.000175022
63.2321, 0.073634, -0.000550921, -138.916, -1.49719, 1.56467, -3.06186, -0.000175041
63.2361, 0.0741101, -0.000213789, -138.882, -1.4972, 1.56467, -3.06188, -0.000175059
63.2401, 0.0740121, 0.000374427, -138.848, -1.49722, 1.56467, -3.06189, -0.000175078
63.2441, 0.0734342, 0.000559947, -138.814, -1.49723, 1.56468, -3.06191, -0.000175096
63.2481, 0.0730038, 0.000136841, -138.779, -1.49724, 1.56468, -3.06192, -0.000175115
63.252, 0.0731838, -0.000424877, -138.745, -1.49726, 1.56468, -3.06194, -0.000175133
63.256, 0.0737595, -0.000501739, -138.711, -1.49727, 1.56468, -3.06195, -0.000175152
63.26, 0.0740772, -8.65425e-06, -138.677, -1.49728, 1.56469, -3.06197, -0.00017517
63.264, 0.07377, 0.00050741, -138.643, -1.4973, 1.56469, -3.06199, -0.000175189
63.268, 0.0731638, 0.000474462, -138.609, -1.49731, 1.56469, -3.062, -0.000175207
63.272, 0.0729155, -7.079e-05, -138.574, -1.49732, 1.56469, -3.06202, -0.000175226
63.276, 0.0732852, -0.00052435, -138.54, -1.49734, 1.5647, -3.06203, -0.000175244
63.28, 0.0738487, -0.000384208, -138.506, -1.49735, 1.5647, -3.06205, -0.000175263
63.284, 0.0739677, 0.000194363, -138.472, -1.49736, 1.5647, -3.06206, -0.000175281
63.288, 0.073496, 0.000571354, -138.438, -1.49738, 1.5647, -3.06208, -0.0001753
63.292, 0.0729406, 0.000330109, -138.404, -1.49739, 1.56471, -3.0621, -0.000175319
63.296, 0.0729003, -0.000262576, -138.37, -1.4974, 1.56471, -3.06211, -0.000175337
63.3, 0.0734048, -0.000551981, -138.336, -1.49742, 1.56471, -3.06213, -0.000175356
63.304, 0.0738822, -0.000218728, -138.302, -1.49743, 1.56471, -3.06214, -0.000175374
63.308, 0.073791, 0.000369217, -138.268, -1.49744, 1.56472, -3.06216, -0.000175393
63.312, 0.0732173, 0.000563271, -138.234, -1.49746, 1.56472, -3.06217, -0.000175411
63.316, 0.0727791, 0.000149646, -138.199, -1.49747, 1.56472, -3.06219, -0.00017543
63.32, 0.0729446, -0.000415609, -138.165, -1.49748, 1.56472, -3.06221, -0.000175448
63.324, 0.0735165, -0.000509801, -138.131, -1.4975, 1.56473, -3.06222, -0.000175467
63.328, 0.0738503, -2.94006e-05, -138.097, -1.49751, 1.56473, -3.06224, -0.000175485
63.332, 0.0735641, 0.000496678, -138.063, -1.49752, 1.56473, -3.06225, -0.000175504
63.336, 0.0729582, 0.00048971, -138.029, -1.49754, 1.56473, -3.06227, -0.000175523
63.34, 0.0726844, -4.24347e-05, -137.995, -1.49755, 1.56473, -3.06228, -0.000175541
63.344, 0.0730288, -0.000514685, -137.961, -1.49756, 1.56474, -3.0623, -0.00017556
63.348, 0.0735981, -0.000408256, -137.927, -1.49758, 1.56474, -3.06232, -0.000175578
63.3519, 0.0737526, 0.000159761, -137.894, -1.49759, 1.56474, -3.06233, -0.000175597
63.3559, 0.0733081, 0.000565727, -137.86, -1.4976, 1.56474, -3.06235, -0.000175615
63.3599, 0.072738, 0.000364315, -137.826, -1.49762, 1.56475, -3.06236, -0.000175634
63.3639, 0.0726528, -0.000223359, -137.792, -1.49763, 1.56475, -3.06238, -0.000175653
63.3679, 0.0731312, -0.000552962, -137.758, -1.49764, 1.56475, -3.06239, -0.000175671
63.3719, 0.0736342, -0.000263459, -137.724, -1.49766, 1.56475, -3.06241, -0.00017569
63.3759, 0.0735962, 0.000327852, -137.69, -1.49767, 1.56476, -3.06243, -0.000175708
63.3799, 0.0730446, 0.00057355, -137.656, -1.49768, 1.56476, -3.06244, -0.000175727
63.3839, 0.0725685, 0.00020493, -137.622, -1.4977, 1.56476, -3.06246, -0.000175745
63.3879, 0.072674, -0.000374593, -137.588, -1.49771, 1.56476, -3.06247, -0.000175764
63.3919, 0.073231, -0.000531377, -137.554, -1.49772, 1.56477, -3.06249, -0.000175783
63.3959, 0.0736161, -9.42611e-05, -137.521, -1.49774, 1.56477, -3.0625, -0.000175801
63.3999, 0.0733942, 0.000459072, -137.487, -1.49775, 1.56477, -3.06252, -0.00017582
63.4039, 0.0727932, 0.000524459, -137.453, -1.49776, 1.56477, -3.06254, -0.000175838
63.4079, 0.0724547, 3.07413e-05, -137.419, -1.49778, 1.56478, -3.06255, -0.000175857
63.4119, 0.0727332, -0.000483299, -137.385, -1.49779, 1.56478, -3.06257, -0.000175876
63.4159, 0.0733104, -0.000457176, -137.351, -1.4978, 1.56478, -3.06258, -0.000175894
63.4199, 0.0735425, 8.0424e-05, -137.318, -1.49782, 1.56478, -3.0626, -0.000175913
63.4239, 0.0731623, 0.000543655, -137.284, -1.49783, 1.56479, -3.06261, -0.000175931
63.4279, 0.0725696, 0.000428147, -137.25, -1.49784, 1.56479, -3.06263, -0.00017595
63.4319, 0.072395, -0.000140145, -137.216, -1.49786, 1.56479, -3.06265, -0.000175969
63.4359, 0.0728138, -0.000542779, -137.182, -1.49787, 1.56479, -3.06266, -0.000175987
63.4399, 0.0733559, -0.000341983, -137.149, -1.49788, 1.56479, -3.06268, -0.000176006
63.4439, 0.0734175, 0.000243744, -137.115, -1.4979, 1.5648, -3.06269, -0.000176025
63.4478, 0.0729174, 0.000577873, -137.081, -1.49791, 1.5648, -3.06271, -0.000176043
63.4518, 0.0723845, 0.000297651, -137.047, -1.49792, 1.5648, -3.06272, -0.000176062
63.4558, 0.0723828, -0.000292485, -137.014, -1.49794, 1.5648, -3.06274, -0.00017608
63.4598, 0.0728995, -0.000552094, -136.98, -1.49795, 1.56481, -3.06276, -0.000176099
63.4638, 0.0733595, -0.000199753, -136.946, -1.49796, 1.56481, -3.06277, -0.000176118
63.4678, 0.0732498, 0.00038233, -136.913, -1.49798, 1.56481, -3.06279, -0.000176136
63.4718, 0.072675, 0.000563328, -136.879, -1.49799, 1.56481, -3.0628, -0.000176155
63.4758, 0.0722435, 0.000147373, -136.845, -1.498, 1.56482, -3.06282, -0.000176174
63.4798, 0.072408, -0.000414965, -136.811, -1.49802, 1.56482, -3.06283, -0.000176192
63.4838, 0.0729758, -0.000515095, -136.778, -1.49803, 1.56482, -3.06285, -0.000176211
63.4878, 0.0733182, -4.49009e-05, -136.744, -1.49804, 1.56482, -3.06287, -0.00017623
63.4918, 0.0730507, 0.000487018, -136.71, -1.49806, 1.56483, -3.06288, -0.000176248
63.4958, 0.0724483, 0.000505796, -136.677, -1.49807, 1.56483, -3.0629, -0.000176267
63.4998, 0.0721474, -8.63334e-06, -136.643, -1.49808, 1.56483, -3.06291, -0.000176286
63.5038, 0.0724585, -0.000500594, -136.61, -1.4981, 1.56483, -3.06293, -0.000176304
63.5078, 0.0730311, -0.000439141, -136.576, -1.49811, 1.56484, -3.06294, -0.000176323
63.5118, 0.0732331, 0.000109202, -136.542, -1.49812, 1.56484, -3.06296, -0.000176342
63.5158, 0.0728325, 0.000552952, -136.509, -1.49814, 1.56484, -3.06298, -0.00017636
63.5198, 0.0722469, 0.000413873, -136.475, -1.49815, 1.56484, -3.06299, -0.000176379
63.5238, 0.072093, -0.000157949, -136.442, -1.49816, 1.56485, -3.06301, -0.000176398
63.5278, 0.072522, -0.000546553, -136.408, -1.49818, 1.56485, -3.06302, -0.000176416
63.5318, 0.0730576, -0.000333725, -136.374, -1.49819, 1.56485, -3.06304, -0.000176435
63.5358, 0.0731091, 0.000251297, -136.341, -1.4982, 1.56485, -3.06305, -0.000176454
63.5398, 0.0726071, 0.000579206, -136.307, -1.49822, 1.56485, -3.06307, -0.000176472
63.5437, 0.0720771, 0.000297627, -136.274, -1.49823, 1.56486, -3.06309, -0.000176491
63.5477, 0.0720743, -0.000290624, -136.24, -1.49824, 1.56486, -3.0631, -0.00017651
63.5517, 0.0725872, -0.000553633, -136.207, -1.49826, 1.56486, -3.06312, -0.000176528
63.5557, 0.0730507, -0.000209191, -136.173, -1.49827, 1.56486, -3.06313, -0.000176547
63.5597, 0.0729532, 0.000372841, -136.14, -1.49828, 1.56487, -3.06315, -0.000176566
63.5637, 0.0723852, 0.000568094, -136.106, -1.4983, 1.56487, -3.06316, -0.000176584
63.5677, 0.0719417, 0.000167407, -136.073, -1.49831, 1.56487, -3.06318, -0.000176603
63.5717, 0.0720836, -0.000399574, -136.039, -1.49832, 1.56487, -3.0632, -0.000176622
63.5757, 0.0726444, -0.000525459, -136.006, -1.49833, 1.56488, -3.06321, -0.00017664
63.5797, 0.0730093, -7.56563e-05, -135.972, -1.49835, 1.56488, -3.06323, -0.000176659
63.5837, 0.0727736, 0.000468212, -135.939, -1.49836, 1.56488, -3.06324, -0.000176678
63.5877, 0.0721755, 0.000524324, -135.905, -1.49837, 1.56488, -3.06326, -0.000176697
63.5917, 0.0718404, 3.28982e-05, -135.872, -1.49839, 1.56489, -3.06327, -0.000176715
63.5957, 0.0721122, -0.000480605, -135.839, -1.4984, 1.56489, -3.06329, -0.000176734
63.5997, 0.072686, -0.000467603, -135.805, -1.49841, 1.56489, -3.06331, -0.000176753
63.6037, 0.0729348, 5.77915e-05, -135.772, -1.49843, 1.56489, -3.06332, -0.000176771
63.6077, 0.072579, 0.000534581, -135.738, -1.49844, 1.5649, -3.06334, -0.00017679
63.6117, 0.0719843, 0.00045412, -135.705, -1.49845, 1.5649, -3.06335, -0.000176809
63.6157, 0.0717708, -9.75407e-05, -135.672, -1.49847, 1.5649, -3.06337, -0.000176827
63.6197, 0.0721517, -0.000532164, -135.638, -1.49848, 1.5649, -3.06338, -0.000176846
63.6237, 0.0727068, -0.000386733, -135.605, -1.49849, 1.56491, -3.0634, -0.000176865
63.6278, 0.0728232, 0.000204359, -135.57, -1.49851, 1.56491, -3.06342, -0.000176884
63.6319, 0.0723333, 0.00057783, -135.536, -1.49852, 1.56491, -3.06343, -0.000176904
63.6361, 0.0717765, 0.000310713, -135.501, -1.49854, 1.56491, -3.06345, -0.000176923
63.6402, 0.0717678, -0.000294334, -135.467, -1.49855, 1.56492, -3.06346, -0.000176943
63.6444, 0.0723012, -0.000552459, -135.432, -1.49856, 1.56492, -3.06348, -0.000176962
63.6485, 0.0727576, -0.000171793, -135.398, -1.49858, 1.56492, -3.0635, -0.000176981
63.6526, 0.0726054, 0.00041704, -135.363, -1.49859, 1.56492, -3.06351, -0.000177001
63.6568, 0.0720013, 0.000548499, -135.329, -1.4986, 1.56493, -3.06353, -0.00017702
63.6609, 0.0716123, 7.42473e-05, -135.294, -1.49862, 1.56493, -3.06355, -0.00017704
63.665, 0.0718621, -0.000470015, -135.26, -1.49863, 1.56493, -3.06356, -0.000177059
63.6692, 0.0724529, -0.000470004, -135.226, -1.49865, 1.56493, -3.06358, -0.000177078
63.6733, 0.0727027, 7.40787e-05, -135.191, -1.49866, 1.56494, -3.06359, -0.000177098
63.6775, 0.0723144, 0.000548553, -135.157, -1.49867, 1.56494, -3.06361, -0.000177117
63.6816, 0.0717104, 0.000418686, -135.122, -1.49869, 1.56494, -3.06363, -0.000177137
63.6857, 0.0715556, -0.000169003, -135.088, -1.4987, 1.56494, -3.06364, -0.000177156
63.6899, 0.0720088, -0.000552596, -135.053, -1.49871, 1.56494, -3.06366, -0.000177175
63.694, 0.0725442, -0.000300424, -135.019, -1.49873, 1.56495, -3.06368, -0.000177195
63.6981, 0.0725439, 0.000303595, -134.985, -1.49874, 1.56495, -3.06369, -0.000177214
63.7023, 0.0719931, 0.000580129, -134.95, -1.49876, 1.56495, -3.06371, -0.000177234
63.7064, 0.0714955, 0.000218483, -134.916, -1.49877, 1.56495, -3.06372, -0.000177253
63.7105, 0.0715948, -0.000374816, -134.882, -1.49878, 1.56496, -3.06374, -0.000177273
63.7147, 0.0721637, -0.000533442, -134.847, -1.4988, 1.56496, -3.06376, -0.000177292
63.7188, 0.0725481, -7.95023e-05, -134.813, -1.49881, 1.56496, -3.06377, -0.000177312
63.723, 0.0723014, 0.0004775, -134.779, -1.49882, 1.56496, -3.06379, -0.000177331
63.7271, 0.071685, 0.000512907, -134.744, -1.49884, 1.56497, -3.06381, -0.00017735
63.7312, 0.0713746, -1.27753e-05, -134.71, -1.49885, 1.56497, -3.06382, -0.00017737
63.7354, 0.0717024, -0.000510375, -134.676, -1.49887, 1.56497, -3.06384, -0.000177389
63.7395, 0.0722858, -0.000422655, -134.641, -1.49888, 1.56497, -3.06385, -0.000177409
63.7436, 0.0724562, 0.000151981, -134.607, -1.49889, 1.56498, -3.06387, -0.000177428
63.7478, 0.0720077, 0.00057043, -134.573, -1.49891, 1.56498, -3.06389, -0.000177448
63.7519, 0.0714269, 0.000364789, -134.539, -1.49892, 1.56498, -3.0639, -0.000177467
63.7561, 0.0713475, -0.000234838, -134.504, -1.49893, 1.56498, -3.06392, -0.000177487
63.7602, 0.0718428, -0.000558333, -134.47, -1.49895, 1.56499, -3.06394, -0.000177506
63.7643, 0.0723441, -0.000244518, -134.436, -1.49896, 1.56499, -3.06395, -0.000177526
63.7685, 0.0722764, 0.000356063, -134.402, -1.49898, 1.56499, -3.06397, -0.000177545
63.7726, 0.0717002, 0.000573192, -134.367, -1.49899, 1.56499, -3.06398, -0.000177565
63.7767, 0.0712429, 0.000164861, -134.333, -1.499, 1.565, -3.064, -0.000177584
63.7809, 0.071399, -0.000413503, -134.299, -1.49902, 1.565, -3.06402, -0.000177603
63.785, 0.0719789, -0.000517393, -134.265, -1.49903, 1.565, -3.06403, -0.000177623
63.7892, 0.0723214, -3.12809e-05, -134.231, -1.49904, 1.565, -3.06405, -0.000177642
63.7933, 0.0720299, 0.00050346, -134.197, -1.49906, 1.56501, -3.06407, -0.000177662
63.7974, 0.0714138, 0.000491798, -134.162, -1.49907, 1.56501, -3.06408, -0.000177681
63.8016, 0.0711431, -5.30835e-05, -134.128, -1.49909, 1.56501, -3.0641, -0.000177701
63.8057, 0.0715034, -0.000525233, -134.094, -1.4991, 1.56501, -3.06411, -0.00017772
63.8098, 0.0720788, -0.000400029, -134.06, -1.49911, 1.56502, -3.06413, -0.00017774
63.814, 0.0722149, 0.00018324, -134.026, -1.49913, 1.56502, -3.06415, -0.000177759
63.8181, 0.0717455, 0.00057687, -133.992, -1.49914, 1.56502, -3.06416, -0.000177779
63.8223, 0.0711765, 0.00034414, -133.958, -1.49915, 1.56502, -3.06418, -0.000177798
63.8264, 0.0711238, -0.00025657, -133.924, -1.49917, 1.56503, -3.06419, -0.000177818
63.8305, 0.0716304, -0.000559136, -133.89, -1.49918, 1.56503, -3.06421, -0.000177837
63.8347, 0.0721195, -0.000228386, -133.855, -1.4992, 1.56503, -3.06423, -0.000177857
63.8388, 0.0720341, 0.000369085, -133.821, -1.49921, 1.56503, -3.06424, -0.000177876
63.8429, 0.0714539, 0.000571698, -133.787, -1.49922, 1.56504, -3.06426, -0.000177896
63.8471, 0.0710058, 0.000155395, -133.753, -1.49924, 1.56504, -3.06428, -0.000177915
63.8512, 0.0711704, -0.000419098, -133.719, -1.49925, 1.56504, -3.06429, -0.000177935
63.8554, 0.0717501, -0.000516551, -133.685, -1.49926, 1.56504, -3.06431, -0.000177955
63.8595, 0.0720891, -2.9454e-05, -133.651, -1.49928, 1.56505, -3.06432, -0.000177974
63.8636, 0.0717978, 0.000503918, -133.617, -1.49929, 1.56505, -3.06434, -0.000177994
63.8678, 0.0711829, 0.000494658, -133.583, -1.49931, 1.56505, -3.06436, -0.000178013
63.8719, 0.070908, -4.67957e-05, -133.549, -1.49932, 1.56505, -3.06437, -0.000178033
63.876, 0.0712611, -0.00052296, -133.515, -1.49933, 1.56506, -3.06439, -0.000178052
63.8802, 0.0718374, -0.000408851, -133.481, -1.49935, 1.56506, -3.06441, -0.000178072
63.8843, 0.0719866, 0.00016954, -133.447, -1.49936, 1.56506, -3.06442, -0.000178091
63.8885, 0.0715294, 0.000574894, -133.413, -1.49937, 1.56506, -3.06444, -0.000178111
63.8926, 0.0709544, 0.000360963, -133.379, -1.49939, 1.56507, -3.06445, -0.00017813
63.8967, 0.0708793, -0.000236556, -133.345, -1.4994, 1.56507, -3.06447, -0.00017815
63.9009, 0.0713715, -0.000560202, -133.312, -1.49942, 1.56507, -3.06449, -0.000178169
63.905, 0.0718744, -0.000254217, -133.278, -1.49943, 1.56507, -3.0645, -0.000178189
63.9091, 0.0718203, 0.000344852, -133.244, -1.49944, 1.56508, -3.06452, -0.000178209
63.9133, 0.0712537, 0.000578787, -133.21, -1.49946, 1.56508, -3.06454, -0.000178228
63.9174, 0.0707819, 0.000190869, -133.176, -1.49947, 1.56508, -3.06455, -0.000178248
63.9216, 0.0709076, -0.00039289, -133.142, -1.49948, 1.56508, -3.06457, -0.000178267
63.9257, 0.0714777, -0.000532002, -133.108, -1.4995, 1.56509, -3.06458, -0.000178287
63.9298, 0.0718517, -7.41069e-05, -133.074, -1.49951, 1.56509, -3.0646, -0.000178306
63.934, 0.0716049, 0.000478686, -133.04, -1.49952, 1.56509, -3.06462, -0.000178326
63.9381, 0.0709928, 0.000520739, -133.007, -1.49954, 1.56509, -3.06463, -0.000178346
63.9422, 0.0706708, 6.21848e-06, -132.973, -1.49955, 1.5651, -3.06465, -0.000178365
63.9464, 0.0709763, -0.000501487, -132.939, -1.49957, 1.5651, -3.06466, -0.000178385
63.9505, 0.0715597, -0.000446936, -132.905, -1.49958, 1.5651, -3.06468, -0.000178404
63.9546, 0.071768, 0.000109988, -132.871, -1.49959, 1.5651, -3.0647, -0.000178424
63.9588, 0.0713586, 0.000560348, -132.838, -1.49961, 1.56511, -3.06471, -0.000178443
63.9629, 0.0707642, 0.000412164, -132.804, -1.49962, 1.56511, -3.06473, -0.000178463
63.9671, 0.0706188, -0.00017249, -132.77, -1.49963, 1.56511, -3.06475, -0.000178483
63.9712, 0.0710661, -0.000555267, -132.736, -1.49965, 1.56511, -3.06476, -0.000178502
63.9753, 0.0716028, -0.000318632, -132.702, -1.49966, 1.56512, -3.06478, -0.000178522
63.9795, 0.0716287, 0.000279102, -132.669, -1.49968, 1.56512, -3.06479, -0.000178541
63.9836, 0.0711008, 0.000586243, -132.635, -1.49969, 1.56512, -3.06481, -0.000178561
63.9877, 0.0705796, 0.000268281, -132.601, -1.4997, 1.56512, -3.06483, -0.000178581
63.9919, 0.0706178, -0.000328249, -132.568, -1.49972, 1.56513, -3.06484, -0.0001786
63.996, 0.0711586, -0.00055389, -132.534, -1.49973, 1.56513, -3.06486, -0.00017862
64.0002, 0.0715985, -0.000163294, -132.5, -1.49974, 1.56513, -3.06488, -0.000178639
64.0043, 0.0714442, 0.000418495, -132.466, -1.49976, 1.56513, -3.06489, -0.000178659
64.0084, 0.0708488, 0.00055898, -132.433, -1.49977, 1.56514, -3.06491, -0.000178679
64.0126, 0.0704445, 0.000105711, -132.399, -1.49979, 1.56514, -3.06492, -0.000178698
64.0167, 0.0706554, -0.00044879, -132.365, -1.4998, 1.56514, -3.06494, -0.000178718
64.0208, 0.0712375, -0.000502549, -132.332, -1.49981, 1.56514, -3.06496, -0.000178738
64.025, 0.0715441, 2.55207e-06, -132.298, -1.49983, 1.56515, -3.06497, -0.000178757
64.0291, 0.071228, 0.000518474, -132.264, -1.49984, 1.56515, -3.06499, -0.000178777
64.0333, 0.0706172, 0.000485935, -132.231, -1.49985, 1.56515, -3.065, -0.000178796
64.0374, 0.0703589, -5.95666e-05, -132.197, -1.49987, 1.56515, -3.06502, -0.000178816
64.0415, 0.0707178, -0.000527002, -132.164, -1.49988, 1.56516, -3.06504, -0.000178836
64.0457, 0.0712903, -0.000410381, -132.13, -1.49989, 1.56516, -3.06505, -0.000178855
64.0498, 0.071442, 0.000163855, -132.096, -1.49991, 1.56516, -3.06507, -0.000178875
64.0539, 0.0709942, 0.00057444, -132.063, -1.49992, 1.56516, -3.06509, -0.000178895
64.0581, 0.0704165, 0.000377581, -132.029, -1.49994, 1.56517, -3.0651, -0.000178914
64.0622, 0.0703183, -0.000213733, -131.996, -1.49995, 1.56517, -3.06512, -0.000178934
64.0664, 0.0707907, -0.000560667, -131.962, -1.49996, 1.56517, -3.06513, -0.000178954
64.0705, 0.0713087, -0.000288784, -131.929, -1.49998, 1.56517, -3.06515, -0.000178973
64.0746, 0.0712985, 0.000308262, -131.895, -1.49999, 1.56518, -3.06517, -0.000178993
64.0788, 0.0707565, 0.000586367, -131.861, -1.5, 1.56518, -3.06518, -0.000179012
64.0829, 0.0702526, 0.000245852, -131.828, -1.50002, 1.56518, -3.0652, -0.000179032
64.087, 0.070315, -0.000346068, -131.794, -1.50003, 1.56518, -3.06521, -0.000179052
64.0912, 0.0708614, -0.000551722, -131.761, -1.50005, 1.56519, -3.06523, -0.000179071
64.0953, 0.0712887, -0.00014987, -131.727, -1.50006, 1.56519, -3.06525, -0.000179091
64.0995, 0.0711223, 0.000426782, -131.694, -1.50007, 1.56519, -3.06526, -0.000179111
64.1036, 0.0705268, 0.000557901, -131.66, -1.50009, 1.56519, -3.06528, -0.00017913
64.1077, 0.0701279, 0.000102719, -131.627, -1.5001, 1.5652, -3.0653, -0.00017915
64.1119, 0.0703394, -0.000449344, -131.593, -1.50011, 1.5652, -3.06531, -0.00017917
64.116, 0.0709192, -0.00050525, -131.56, -1.50013, 1.5652, -3.06533, -0.00017919
64.1201, 0.07123, -5.19578e-06, -131.527, -1.50014, 1.5652, -3.06534, -0.000179209
64.1243, 0.0709235, 0.000513936, -131.493, -1.50016, 1.56521, -3.06536, -0.000179229
64.1284, 0.0703143, 0.000495287, -131.46, -1.50017, 1.56521, -3.06538, -0.000179249
64.1326, 0.0700408, -4.09019e-05, -131.426, -1.50018, 1.56521, -3.06539, -0.000179268
64.1367, 0.0703815, -0.000519772, -131.393, -1.5002, 1.56521, -3.06541, -0.000179288
64.1408, 0.0709563, -0.000428388, -131.36, -1.50021, 1.56522, -3.06542, -0.000179308
64.145, 0.0711352, 0.00013515, -131.326, -1.50022, 1.56522, -3.06544, -0.000179327
64.1491, 0.0707121, 0.00056753, -131.293, -1.50024, 1.56522, -3.06546, -0.000179347
64.1532, 0.0701254, 0.000406292, -131.259, -1.50025, 1.56522, -3.06547, -0.000179367
64.1574, 0.0699877, -0.00017589, -131.226, -1.50026, 1.56523, -3.06549, -0.000179386
64.1615, 0.0704315, -0.000556626, -131.193, -1.50028, 1.56523, -3.06551, -0.000179406
64.1656, 0.0709677, -0.000329289, -131.159, -1.50029, 1.56523, -3.06552, -0.000179426
64.1698, 0.0710092, 0.000263107, -131.126, -1.50031, 1.56523, -3.06554, -0.000179446
64.1739, 0.0704973, 0.000588157, -131.093, -1.50032, 1.56523, -3.06555, -0.000179465
64.1781, 0.0699638, 0.000299233, -131.059, -1.50033, 1.56524, -3.06557, -0.000179485
64.1822, 0.0699629, -0.000295304, -131.026, -1.50035, 1.56524, -3.06559, -0.000179505
64.1863, 0.0704808, -0.00056166, -130.993, -1.50036, 1.56524, -3.0656, -0.000179524
64.1905, 0.0709509, -0.000216235, -130.959, -1.50037, 1.56524, -3.06562, -0.000179544
64.1946, 0.0708582, 0.000372879, -130.926, -1.50039, 1.56525, -3.06564, -0.000179564
64.1987, 0.0702869, 0.000578563, -130.893, -1.5004, 1.56525, -3.06565, -0.000179584
64.2029, 0.0698306, 0.000182186, -130.86, -1.50042, 1.56525, -3.06567, -0.000179603
64.207, 0.0699598, -0.000394484, -130.826, -1.50043, 1.56525, -3.06568, -0.000179623
64.2112, 0.0705224, -0.000538443, -130.793, -1.50044, 1.56526, -3.0657, -0.000179643
64.2153, 0.070906, -9.6951e-05, -130.76, -1.50046, 1.56526, -3.06572, -0.000179663
64.2194, 0.0706888, 0.000460907, -130.727, -1.50047, 1.56526, -3.06573, -0.000179682
64.2236, 0.0700871, 0.000542974, -130.693, -1.50048, 1.56526, -3.06575, -0.000179702
64.2277, 0.0697249, 6.24093e-05, -130.66, -1.5005, 1.56527, -3.06576, -0.000179722
64.2318, 0.0699717, -0.000470919, -130.627, -1.50051, 1.56527, -3.06578, -0.000179742
64.236, 0.0705511, -0.000491692, -130.594, -1.50052, 1.56527, -3.0658, -0.000179761
64.2401, 0.0708347, 2.18594e-05, -130.561, -1.50054, 1.56527, -3.06581, -0.000179781
64.2443, 0.0705077, 0.000525656, -130.528, -1.50055, 1.56528, -3.06583, -0.000179801
64.2484, 0.0699022, 0.00048645, -130.494, -1.50057, 1.56528, -3.06584, -0.000179821
64.2525, 0.0696444, -5.40179e-05, -130.461, -1.50058, 1.56528, -3.06586, -0.00017984
64.2567, 0.0699923, -0.000523963, -130.428, -1.50059, 1.56528, -3.06588, -0.00017986
64.2608, 0.0705635, -0.000426678, -130.395, -1.50061, 1.56529, -3.06589, -0.00017988
64.2649, 0.0707399, 0.000134787, -130.362, -1.50062, 1.56529, -3.06591, -0.0001799
64.2691, 0.070321, 0.000567281, -130.329, -1.50063, 1.56529, -3.06593, -0.000179919
64.2732, 0.0697348, 0.000414347, -130.296, -1.50065, 1.56529, -3.06594, -0.000179939
64.2775, 0.0695919, -0.000182842, -130.261, -1.50066, 1.5653, -3.06596, -0.00017996
64.2818, 0.0700576, -0.000560851, -130.227, -1.50068, 1.5653, -3.06598, -0.00017998
64.2861, 0.0705939, -0.00029611, -130.193, -1.50069, 1.5653, -3.06599, -0.00018
64.2903, 0.0705841, 0.000314568, -130.159, -1.5007, 1.5653, -3.06601, -0.000180021
64.2946, 0.0700237, 0.000587285, -130.124, -1.50072, 1.56531, -3.06603, -0.000180041
64.2989, 0.0695241, 0.000216961, -130.09, -1.50073, 1.56531, -3.06604, -0.000180062
64.3032, 0.0696285, -0.000381894, -130.056, -1.50075, 1.56531, -3.06606, -0.000180082
64.3075, 0.070204, -0.000539607, -130.022, -1.50076, 1.56531, -3.06608, -0.000180103
64.3117, 0.0705915, -8.00925e-05, -129.988, -1.50077, 1.56532, -3.06609, -0.000180123
64.316, 0.0703425, 0.000483112, -129.954, -1.50079, 1.56532, -3.06611, -0.000180144
64.3203, 0.0697194, 0.00052114, -129.919, -1.5008, 1.56532, -3.06613, -0.000180164
64.3246, 0.069402, -8.23666e-06, -129.885, -1.50082, 1.56532, -3.06614, -0.000180185
64.3289, 0.0697285, -0.00051429, -129.851, -1.50083, 1.56533, -3.06616, -0.000180205
64.3331, 0.0703188, -0.000432808, -129.817, -1.50085, 1.56533, -3.06618, -0.000180226
64.3374, 0.0704993, 0.000145174, -129.783, -1.50086, 1.56533, -3.06619, -0.000180246
64.3417, 0.0700533, 0.000575656, -129.749, -1.50087, 1.56534, -3.06621, -0.000180267
64.346, 0.0694619, 0.000379418, -129.715, -1.50089, 1.56534, -3.06623, -0.000180287
64.3503, 0.0693676, -0.000224904, -129.681, -1.5009, 1.56534, -3.06624, -0.000180308
64.3545, 0.0698593, -0.000564952, -129.647, -1.50092, 1.56534, -3.06626, -0.000180328
64.3588, 0.0703745, -0.00026277, -129.612, -1.50093, 1.56535, -3.06628, -0.000180349
64.3631, 0.0703248, 0.000345584, -129.578, -1.50094, 1.56535, -3.06629, -0.000180369
64.3674, 0.0697501, 0.000584271, -129.544, -1.50096, 1.56535, -3.06631, -0.00018039
64.3717, 0.0692729, 0.000188452, -129.51, -1.50097, 1.56535, -3.06633, -0.00018041
64.376, 0.069407, -0.000402378, -129.476, -1.50099, 1.56536, -3.06634, -0.000180431
64.3802, 0.0699878, -0.000532813, -129.442, -1.501, 1.56536, -3.06636, -0.000180451
64.3845, 0.0703556, -5.84325e-05, -129.408, -1.50101, 1.56536, -3.06638, -0.000180472
64.3888, 0.0700872, 0.000494852, -129.374, -1.50103, 1.56536, -3.06639, -0.000180492
64.3931, 0.0694645, 0.0005142, -129.34, -1.50104, 1.56537, -3.06641, -0.000180513
64.3974, 0.0691615, -2.15848e-05, -129.306, -1.50106, 1.56537, -3.06643, -0.000180533
64.4016, 0.0694975, -0.000519402, -129.272, -1.50107, 1.56537, -3.06644, -0.000180554
64.4059, 0.0700852, -0.00042867, -129.238, -1.50109, 1.56537, -3.06646, -0.000180575
64.4102, 0.0702591, 0.000150066, -129.204, -1.5011, 1.56538, -3.06648, -0.000180595
64.4145, 0.0698116, 0.00057712, -129.17, -1.50111, 1.56538, -3.06649, -0.000180616
64.4188, 0.0692217, 0.000380896, -129.137, -1.50113, 1.56538, -3.06651, -0.000180636
64.423, 0.069125, -0.000221724, -129.103, -1.50114, 1.56538, -3.06653, -0.000180657
64.4273, 0.0696125, -0.000565632, -129.069, -1.50116, 1.56539, -3.06654, -0.000180677
64.4316, 0.0701306, -0.000271643, -129.035, -1.50117, 1.56539, -3.06656, -0.000180698
64.4359, 0.0700927, 0.000335896, -129.001, -1.50118, 1.56539, -3.06658, -0.000180718
64.4402, 0.0695252, 0.000587442, -128.967, -1.5012, 1.56539, -3.06659, -0.000180739
64.4444, 0.0690377, 0.000206116, -128.933, -1.50121, 1.5654, -3.06661, -0.000180759
64.4487, 0.0691514, -0.000388047, -128.899, -1.50123, 1.5654, -3.06663, -0.00018078
64.453, 0.0697253, -0.000541208, -128.865, -1.50124, 1.5654, -3.06664, -0.000180801
64.4573, 0.0701126, -8.51091e-05, -128.832, -1.50125, 1.5654, -3.06666, -0.000180821
64.4616, 0.0698721, 0.000478629, -128.798, -1.50127, 1.56541, -3.06668, -0.000180842
64.4658, 0.0692528, 0.000530573, -128.764, -1.50128, 1.56541, -3.06669, -0.000180862
64.4701, 0.0689195, 1.38988e-05, -128.73, -1.5013, 1.56541, -3.06671, -0.000180883
64.4744, 0.0692225, -0.000504001, -128.696, -1.50131, 1.56541, -3.06673, -0.000180903
64.4787, 0.0698135, -0.000454903, -128.663, -1.50133, 1.56542, -3.06674, -0.000180924
64.483, 0.0700289, 0.00010711, -128.629, -1.50134, 1.56542, -3.06676, -0.000180945
64.4872, 0.0696173, 0.000565781, -128.595, -1.50135, 1.56542, -3.06678, -0.000180965
64.4915, 0.0690144, 0.000418634, -128.561, -1.50137, 1.56542, -3.06679, -0.000180986
64.4958, 0.0688651, -0.000172925, -128.527, -1.50138, 1.56543, -3.06681, -0.000181006
64.5001, 0.0693172, -0.000561198, -128.494, -1.5014, 1.56543, -3.06683, -0.000181027
64.5044, 0.0698604, -0.000321477, -128.46, -1.50141, 1.56543, -3.06684, -0.000181048
64.5086, 0.0698852, 0.000283823, -128.426, -1.50142, 1.56543, -3.06686, -0.000181068
64.5129, 0.0693493, 0.00059294, -128.392, -1.50144, 1.56544, -3.06688, -0.000181089
64.5172, 0.068823, 0.000268295, -128.359, -1.50145, 1.56544, -3.06689, -0.000181109
64.5215, 0.0688657, -0.000335322, -128.325, -1.50147, 1.56544, -3.06691, -0.00018113
64.5258, 0.069415, -0.000558956, -128.291, -1.50148, 1.56545, -3.06693, -0.000181151
64.53, 0.0698561, -0.000158797, -128.258, -1.50149, 1.56545, -3.06694, -0.000181171
64.5343, 0.0696927, 0.000428534, -128.224, -1.50151, 1.56545, -3.06696, -0.000181192
64.5386, 0.0690878, 0.000562813, -128.19, -1.50152, 1.56545, -3.06698, -0.000181212
64.5429, 0.0686852, 9.79592e-05, -128.157, -1.50154, 1.56546, -3.06699, -0.000181233
64.5472, 0.0689078, -0.000459584, -128.123, -1.50155, 1.56546, -3.06701, -0.000181254
64.5514, 0.0694979, -0.000502956, -128.089, -1.50157, 1.56546, -3.06703, -0.000181274
64.5557, 0.0697978, 1.48003e-05, -128.056, -1.50158, 1.56546, -3.06704, -0.000181295
64.56, 0.0694664, 0.000530457, -128.022, -1.50159, 1.56547, -3.06706, -0.000181316
64.5643, 0.0688487, 0.000483586, -127.989, -1.50161, 1.56547, -3.06708, -0.000181336
64.5686, 0.0686006, -7.46402e-05, -127.955, -1.50162, 1.56547, -3.06709, -0.000181357
64.5729, 0.068976, -0.000537865, -127.921, -1.50164, 1.56547, -3.06711, -0.000181378
64.5771, 0.0695519, -0.000403396, -127.888, -1.50165, 1.56548, -3.06713, -0.000181398
64.5814, 0.0696882, 0.000182632, -127.854, -1.50166, 1.56548, -3.06714, -0.000181419
64.5857, 0.0692221, 0.00058461, -127.821, -1.50168, 1.56548, -3.06716, -0.000181439
64.59, 0.0686437, 0.000366981, -127.787, -1.50169, 1.56548, -3.06718, -0.00018146
64.5943, 0.0685643, -0.000234227, -127.754, -1.50171, 1.56549, -3.06719, -0.000181481
64.5985, 0.0690545, -0.000567896, -127.72, -1.50172, 1.56549, -3.06721, -0.000181501
64.6028, 0.0695682, -0.000273044, -127.686, -1.50173, 1.56549, -3.06723, -0.000181522
64.6071, 0.0695345, 0.000331104, -127.653, -1.50175, 1.56549, -3.06724, -0.000181543
64.6114, 0.0689749, 0.000591214, -127.619, -1.50176, 1.5655, -3.06726, -0.000181563
64.6157, 0.0684791, 0.000226351, -127.586, -1.50178, 1.5655, -3.06728, -0.000181584
64.6199, 0.0685674, -0.000369083, -127.552, -1.50179, 1.5655, -3.06729, -0.000181605
64.6242, 0.0691291, -0.000552118, -127.519, -1.5018, 1.5655, -3.06731, -0.000181625
64.6285, 0.0695425, -0.000125421, -127.485, -1.50182, 1.56551, -3.06733, -0.000181646
64.6328, 0.0693466, 0.000450483, -127.452, -1.50183, 1.56551, -3.06734, -0.000181667
64.6371, 0.0687378, 0.000554634, -127.419, -1.50185, 1.56551, -3.06736, -0.000181687
64.6413, 0.068357, 7.50201e-05, -127.385, -1.50186, 1.56551, -3.06738, -0.000181708
64.6456, 0.0685992, -0.000471494, -127.352, -1.50188, 1.56552, -3.06739, -0.000181729
64.6499, 0.0691881, -0.000496504, -127.318, -1.50189, 1.56552, -3.06741, -0.000181749
64.6542, 0.0694748, 2.66632e-05, -127.285, -1.5019, 1.56552, -3.06742, -0.00018177
64.6585, 0.0691358, 0.000535053, -127.251, -1.50192, 1.56552, -3.06744, -0.000181791
64.6627, 0.0685208, 0.000482126, -127.218, -1.50193, 1.56553, -3.06746, -0.000181812
64.667, 0.0682756, -7.49791e-05, -127.185, -1.50195, 1.56553, -3.06747, -0.000181832
64.6713, 0.0686483, -0.00053767, -127.151, -1.50196, 1.56553, -3.06749, -0.000181853
64.6756, 0.0692234, -0.000409274, -127.118, -1.50197, 1.56553, -3.06751, -0.000181874
64.6799, 0.0693685, 0.000172162, -127.085, -1.50199, 1.56554, -3.06752, -0.000181894
64.6841, 0.0689133, 0.000582828, -127.051, -1.502, 1.56554, -3.06754, -0.000181915
64.6884, 0.0683308, 0.000382572, -127.018, -1.50202, 1.56554, -3.06756, -0.000181936
64.6927, 0.0682302, -0.000213742, -126.985, -1.50203, 1.56554, -3.06757, -0.000181956
64.697, 0.0687039, -0.000567275, -126.951, -1.50204, 1.56555, -3.06759, -0.000181977
64.7013, 0.0692295, -0.000299688, -126.918, -1.50206, 1.56555, -3.06761, -0.000181998
64.7055, 0.0692295, 0.000302415, -126.885, -1.50207, 1.56555, -3.06762, -0.000182019
64.7098, 0.0686891, 0.000594947, -126.851, -1.50209, 1.56555, -3.06764, -0.000182039
64.7141, 0.0681712, 0.000265351, -126.818, -1.5021, 1.56556, -3.06766, -0.00018206
64.7184, 0.0682141, -0.000333912, -126.785, -1.50211, 1.56556, -3.06767, -0.000182081
64.7227, 0.0687567, -0.000562728, -126.752, -1.50213, 1.56556, -3.06769, -0.000182102
64.7269, 0.0692046, -0.000177022, -126.718, -1.50214, 1.56557, -3.06771, -0.000182122
64.7312, 0.0690649, 0.000411389, -126.685, -1.50216, 1.56557, -3.06772, -0.000182143
64.7355, 0.0684719, 0.000574909, -126.652, -1.50217, 1.56557, -3.06774, -0.000182164
64.7398, 0.0680429, 0.000139446, -126.619, -1.50218, 1.56557, -3.06776, -0.000182184
64.7441, 0.0682199, -0.000430757, -126.585, -1.5022, 1.56558, -3.06777, -0.000182205
64.7484, 0.0687992, -0.000528412, -126.552, -1.50221, 1.56558, -3.06779, -0.000182226
64.7526, 0.0691489, -4.97997e-05, -126.519, -1.50223, 1.56558, -3.06781, -0.000182247
64.7569, 0.0688822, 0.000495604, -126.486, -1.50224, 1.56558, -3.06782, -0.000182267
64.7612, 0.068268, 0.000527785, -126.453, -1.50225, 1.56559, -3.06784, -0.000182288
64.7655, 0.0679444, 1.27903e-05, -126.419, -1.50227, 1.56559, -3.06786, -0.000182309
64.7698, 0.0682401, -0.000501982, -126.386, -1.50228, 1.56559, -3.06787, -0.00018233
64.774, 0.0688258, -0.000469897, -126.353, -1.5023, 1.56559, -3.06789, -0.000182351
64.7783, 0.0690649, 7.47282e-05, -126.32, -1.50231, 1.5656, -3.06791, -0.000182371
64.7826, 0.0686889, 0.000553859, -126.287, -1.50233, 1.5656, -3.06792, -0.000182392
64.7869, 0.0680819, 0.000459469, -126.254, -1.50234, 1.5656, -3.06794, -0.000182413
64.7912, 0.0678725, -0.000108116, -126.221, -1.50235, 1.5656, -3.06796, -0.000182434
64.7954, 0.0682674, -0.000547373, -126.187, -1.50237, 1.56561, -3.06797, -0.000182454
64.7997, 0.0688333, -0.000393244, -126.154, -1.50238, 1.56561, -3.06799, -0.000182475
64.804, 0.0689563, 0.000190856, -126.121, -1.5024, 1.56561, -3.06801, -0.000182496
64.8083, 0.0684916, 0.000586815, -126.088, -1.50241, 1.56561, -3.06802, -0.000182517
64.8126, 0.0679161, 0.000376053, -126.055, -1.50242, 1.56562, -3.06804, -0.000182537
64.8168, 0.0678231, -0.000218378, -126.022, -1.50244, 1.56562, -3.06806, -0.000182558
64.8211, 0.0682958, -0.000568348, -125.989, -1.50245, 1.56562, -3.06807, -0.000182579
64.8254, 0.06882, -0.000304453, -125.956, -1.50247, 1.56562, -3.06809, -0.0001826
64.8297, 0.0688276, 0.000294498, -125.923, -1.50248, 1.56563, -3.06811, -0.000182621
64.834, 0.068296, 0.000596529, -125.89, -1.50249, 1.56563, -3.06812, -0.000182641
64.8382, 0.0677712, 0.00028334, -125.857, -1.50251, 1.56563, -3.06814, -0.000182662
64.8425, 0.0677914, -0.0003147, -125.824, -1.50252, 1.56563, -3.06816, -0.000182683
64.8468, 0.0683203, -0.000567492, -125.791, -1.50254, 1.56564, -3.06817, -0.000182704
64.8511, 0.068786, -0.000209049, -125.758, -1.50255, 1.56564, -3.06819, -0.000182725
64.8554, 0.0686836, 0.000383112, -125.725, -1.50256, 1.56564, -3.06821, -0.000182745
64.8598, 0.0680806, 0.000580559, -125.691, -1.50258, 1.56564, -3.06822, -0.000182767
64.8643, 0.0676323, 0.00013682, -125.656, -1.50259, 1.56565, -3.06824, -0.000182789
64.8687, 0.0678284, -0.000446729, -125.622, -1.50261, 1.56565, -3.06826, -0.00018281
64.8732, 0.0684307, -0.000511341, -125.588, -1.50262, 1.56565, -3.06827, -0.000182832
64.8776, 0.0687431, 1.5679e-05, -125.553, -1.50264, 1.56565, -3.06829, -0.000182854
64.8821, 0.068397, 0.000539802, -125.519, -1.50265, 1.56566, -3.06831, -0.000182876
64.8865, 0.0677662, 0.000470289, -125.485, -1.50267, 1.56566, -3.06833, -0.000182897
64.891, 0.067545, -0.000114309, -125.451, -1.50268, 1.56566, -3.06834, -0.000182919
64.8955, 0.0679659, -0.000555526, -125.416, -1.5027, 1.56567, -3.06836, -0.000182941
64.8999, 0.0685384, -0.000356847, -125.382, -1.50271, 1.56567, -3.06838, -0.000182962
64.9044, 0.0686021, 0.00025798, -125.348, -1.50272, 1.56567, -3.0684, -0.000182984
64.9088, 0.0680691, 0.000597512, -125.314, -1.50274, 1.56567, -3.06841, -0.000183006
64.9133, 0.0675222, 0.000280297, -125.28, -1.50275, 1.56568, -3.06843, -0.000183027
64.9177, 0.0675593, -0.000337085, -125.245, -1.50277, 1.56568, -3.06845, -0.000183049
64.9222, 0.0681222, -0.000561376, -125.211, -1.50278, 1.56568, -3.06846, -0.000183071
64.9266, 0.0685625, -0.000141045, -125.177, -1.5028, 1.56568, -3.06848, -0.000183092
64.9311, 0.0683701, 0.000452206, -125.143, -1.50281, 1.56569, -3.0685, -0.000183114
64.9356, 0.0677446, 0.000553247, -125.109, -1.50283, 1.56569, -3.06852, -0.000183136
64.94, 0.0673706, 4.90672e-05, -125.075, -1.50284, 1.56569, -3.06853, -0.000183158
64.9445, 0.0676506, -0.000495426, -125.041, -1.50286, 1.56569, -3.06855, -0.000183179
64.9489, 0.0682544, -0.000470707, -125.006, -1.50287, 1.5657, -3.06857, -0.000183201
64.9534, 0.0684901, 9.53362e-05, -124.972, -1.50289, 1.5657, -3.06859, -0.000183223
64.9578, 0.0680778, 0.000569474, -124.938, -1.5029, 1.5657, -3.0686, -0.000183244
64.9623, 0.0674624, 0.000421778, -124.904, -1.50291, 1.56571, -3.06862, -0.000183266
64.9667, 0.0673151, -0.000182483, -124.87, -1.50293, 1.56571, -3.06864, -0.000183288
64.9712, 0.067784, -0.000568361, -124.836, -1.50294, 1.56571, -3.06865, -0.00018331
64.9757, 0.0683291, -0.00030526, -124.802, -1.50296, 1.56571, -3.06867, -0.000183331
64.9801, 0.0683261, 0.000313044, -124.768, -1.50297, 1.56572, -3.06869, -0.000183353
64.9846, 0.0677622, 0.000596984, -124.734, -1.50299, 1.56572, -3.06871, -0.000183375
64.989, 0.0672499, 0.000230261, -124.7, -1.503, 1.56572, -3.06872, -0.000183397
64.9935, 0.0673435, -0.000378345, -124.666, -1.50302, 1.56572, -3.06874, -0.000183418
64.9979, 0.0679223, -0.000551118, -124.632, -1.50303, 1.56573, -3.06876, -0.00018344
65.0024, 0.0683258, -9.59721e-05, -124.598, -1.50305, 1.56573, -3.06878, -0.000183462
65.0068, 0.0680889, 0.000480575, -124.564, -1.50306, 1.56573, -3.06879, -0.000183484
65.0113, 0.0674591, 0.000537503, -124.53, -1.50308, 1.56573, -3.06881, -0.000183505
65.0157, 0.0671202, 1.17779e-05, -124.496, -1.50309, 1.56574, -3.06883, -0.000183527
65.0202, 0.0674322, -0.000512448, -124.462, -1.5031, 1.56574, -3.06884, -0.000183549
65.0247, 0.0680323, -0.000453224, -124.428, -1.50312, 1.56574, -3.06886, -0.000183571
65.0291, 0.0682384, 0.000123488, -124.394, -1.50313, 1.56575, -3.06888, -0.000183592
65.0336, 0.0678058, 0.000577883, -124.36, -1.50315, 1.56575, -3.0689, -0.000183614
65.038, 0.0671982, 0.000406331, -124.326, -1.50316, 1.56575, -3.06891, -0.000183636
65.0425, 0.0670727, -0.000200826, -124.292, -1.50318, 1.56575, -3.06893, -0.000183658
65.0469, 0.0675519, -0.000571035, -124.258, -1.50319, 1.56576, -3.06895, -0.00018368
65.0514, 0.068089, -0.000294632, -124.225, -1.50321, 1.56576, -3.06897, -0.000183701
65.0558, 0.0680736, 0.000322318, -124.191, -1.50322, 1.56576, -3.06898, -0.000183723
65.0603, 0.0675069, 0.000597471, -124.157, -1.50324, 1.56576, -3.069, -0.000183745
65.0648, 0.0669993, 0.000226875, -124.123, -1.50325, 1.56577, -3.06902, -0.000183767
65.0692, 0.0670954, -0.000379794, -124.089, -1.50327, 1.56577, -3.06903, -0.000183789
65.0737, 0.0676727, -0.000552584, -124.055, -1.50328, 1.56577, -3.06905, -0.00018381
65.0781, 0.0680778, -0.000100994, -124.021, -1.50329, 1.56577, -3.06907, -0.000183832
65.0826, 0.0678479, 0.000476576, -123.988, -1.50331, 1.56578, -3.06909, -0.000183854
65.087, 0.0672206, 0.000543297, -123.954, -1.50332, 1.56578, -3.0691, -0.000183876
65.0915, 0.0668713, 2.58736e-05, -123.92, -1.50334, 1.56578, -3.06912, -0.000183898
65.0959, 0.0671686, -0.000505525, -123.886, -1.50335, 1.56578, -3.06914, -0.000183919
65.1004, 0.0677688, -0.000465879, -123.852, -1.50337, 1.56579, -3.06915, -0.000183941
65.1048, 0.0679953, 0.000100935, -123.819, -1.50338, 1.56579, -3.06917, -0.000183963
65.1093, 0.0675832, 0.000571297, -123.785, -1.5034, 1.56579, -3.06919, -0.000183985
65.1138, 0.0669697, 0.000428199, -123.751, -1.50341, 1.5658, -3.06921, -0.000184007
65.1182, 0.066813, -0.000170852, -123.717, -1.50343, 1.5658, -3.06922, -0.000184028
65.1227, 0.0672689, -0.000567777, -123.684, -1.50344, 1.5658, -3.06924, -0.00018405
65.1271, 0.0678208, -0.000326978, -123.65, -1.50345, 1.5658, -3.06926, -0.000184072
65.1316, 0.0678471, 0.000287075, -123.616, -1.50347, 1.56581, -3.06928, -0.000184094
65.136, 0.0673032, 0.000600862, -123.583, -1.50348, 1.56581, -3.06929, -0.000184116
65.1405, 0.0667696, 0.0002706, -123.549, -1.5035, 1.56581, -3.06931, -0.000184138
65.1449, 0.0668148, -0.000341612, -123.515, -1.50351, 1.56581, -3.06933, -0.00018416
65.1494, 0.0673731, -0.000565295, -123.482, -1.50353, 1.56582, -3.06934, -0.000184181
65.1539, 0.0678174, -0.00015582, -123.448, -1.50354, 1.56582, -3.06936, -0.000184203
65.1583, 0.0676456, 0.000438607, -123.414, -1.50356, 1.56582, -3.06938, -0.000184225
65.1628, 0.0670301, 0.000567989, -123.381, -1.50357, 1.56582, -3.0694, -0.000184247
65.1672, 0.0666277, 9.11536e-05, -123.347, -1.50359, 1.56583, -3.06941, -0.000184269
65.1717, 0.0668619, -0.000470781, -123.313, -1.5036, 1.56583, -3.06943, -0.000184291
65.1761, 0.0674609, -0.000504287, -123.28, -1.50361, 1.56583, -3.06945, -0.000184313
65.1806, 0.0677549, 2.69557e-05, -123.246, -1.50363, 1.56584, -3.06946, -0.000184334
65.185, 0.0674076, 0.00054328, -123.213, -1.50364, 1.56584, -3.06948, -0.000184356
65.1895, 0.0667819, 0.000481834, -123.179, -1.50366, 1.56584, -3.0695, -0.000184378
65.1939, 0.0665439, -9.01573e-05, -123.145, -1.50367, 1.56584, -3.06952, -0.0001844
65.1984, 0.0669368, -0.00054952, -123.112, -1.50369, 1.56585, -3.06953, -0.000184422
65.2029, 0.0675167, -0.000396275, -123.078, -1.5037, 1.56585, -3.06955, -0.000184444
65.2073, 0.0676368, 0.000202564, -123.045, -1.50372, 1.56585, -3.06957, -0.000184466
65.2118, 0.0671509, 0.00059558, -123.011, -1.50373, 1.56585, -3.06959, -0.000184488
65.2162, 0.0665715, 0.000355695, -122.978, -1.50375, 1.56586, -3.0696, -0.000184509
65.2207, 0.0665124, -0.000256181, -122.944, -1.50376, 1.56586, -3.06962, -0.000184531
65.2251, 0.0670216, -0.000575461, -122.911, -1.50378, 1.56586, -3.06964, -0.000184553
65.2296, 0.0675304, -0.000255758, -122.877, -1.50379, 1.56586, -3.06965, -0.000184575
65.234, 0.0674711, 0.000355817, -122.844, -1.5038, 1.56587, -3.06967, -0.000184597
65.2385, 0.0668925, 0.000596025, -122.81, -1.50382, 1.56587, -3.06969, -0.000184619
65.243, 0.066406, 0.000204728, -122.777, -1.50383, 1.56587, -3.06971, -0.000184641
65.2474, 0.0665229, -0.000393921, -122.743, -1.50385, 1.56587, -3.06972, -0.000184663
65.2519, 0.0671005, -0.000551688, -122.71, -1.50386, 1.56588, -3.06974, -0.000184685
65.2563, 0.0674978, -9.80561e-05, -122.676, -1.50388, 1.56588, -3.06976, -0.000184707
65.2608, 0.0672695, 0.000476038, -122.643, -1.50389, 1.56588, -3.06977, -0.000184729
65.2652, 0.0666469, 0.000549908, -122.61, -1.50391, 1.56589, -3.06979, -0.00018475
65.2697, 0.0662873, 4.3979e-05, -122.576, -1.50392, 1.56589, -3.06981, -0.000184772
65.2741, 0.0665631, -0.000495062, -122.543, -1.50394, 1.56589, -3.06983, -0.000184794
65.2786, 0.0671607, -0.000485318, -122.509, -1.50395, 1.56589, -3.06984, -0.000184816
65.2831, 0.0674194, 6.24359e-05, -122.476, -1.50396, 1.5659, -3.06986, -0.000184838
65.2875, 0.0670447, 0.000557239, -122.443, -1.50398, 1.5659, -3.06988, -0.00018486
65.292, 0.0664251, 0.000465782, -122.409, -1.50399, 1.5659, -3.06989, -0.000184882
65.2964, 0.0662126, -0.000113115, -122.376, -1.50401, 1.5659, -3.06991, -0.000184904
65.3009, 0.0666202, -0.000555844, -122.343, -1.50402, 1.56591, -3.06993, -0.000184926
65.3053, 0.0671931, -0.000385962, -122.309, -1.50404, 1.56591, -3.06995, -0.000184948
65.3098, 0.0672994, 0.00021348, -122.276, -1.50405, 1.56591, -3.06996, -0.00018497
65.3142, 0.0668093, 0.000597736, -122.243, -1.50407, 1.56591, -3.06998, -0.000184992
65.3187, 0.0662342, 0.000353953, -122.209, -1.50408, 1.56592, -3.07, -0.000185014
65.3231, 0.0661763, -0.000255691, -122.176, -1.5041, 1.56592, -3.07002, -0.000185036
65.3276, 0.0666819, -0.00057647, -122.143, -1.50411, 1.56592, -3.07003, -0.000185058
65.3321, 0.0671925, -0.000264289, -122.11, -1.50412, 1.56593, -3.07005, -0.00018508
65.3365, 0.0671449, 0.000345699, -122.076, -1.50414, 1.56593, -3.07007, -0.000185102
65.341, 0.0665748, 0.000599404, -122.043, -1.50415, 1.56593, -3.07008, -0.000185124
65.3454, 0.0660777, 0.00022515, -122.01, -1.50417, 1.56593, -3.0701, -0.000185146
65.3499, 0.0661705, -0.000375916, -121.977, -1.50418, 1.56594, -3.07012, -0.000185167
65.3543, 0.0667379, -0.000560248, -121.943, -1.5042, 1.56594, -3.07014, -0.000185189
65.3588, 0.0671571, -0.000130822, -121.91, -1.50421, 1.56594, -3.07015, -0.000185211
65.3632, 0.0669643, 0.000452816, -121.877, -1.50423, 1.56594, -3.07017, -0.000185233
65.3677, 0.0663504, 0.000566739, -121.844, -1.50424, 1.56595, -3.07019, -0.000185255
65.3722, 0.0659559, 8.94717e-05, -121.811, -1.50426, 1.56595, -3.0702, -0.000185277
65.3766, 0.0661865, -0.000469033, -121.777, -1.50427, 1.56595, -3.07022, -0.000185299
65.3811, 0.0667802, -0.000512624, -121.744, -1.50428, 1.56595, -3.07024, -0.000185321
65.3855, 0.067088, 4.94689e-06, -121.711, -1.5043, 1.56596, -3.07026, -0.000185343
65.39, 0.0667663, 0.000531524, -121.678, -1.50431, 1.56596, -3.07027, -0.000185365
65.3944, 0.0661428, 0.000505904, -121.645, -1.50433, 1.56596, -3.07029, -0.000185387
65.3989, 0.0658663, -4.43397e-05, -121.612, -1.50434, 1.56596, -3.07031, -0.000185409
65.4033, 0.0662156, -0.000533089, -121.579, -1.50436, 1.56597, -3.07032, -0.000185431
65.4078, 0.0668032, -0.000440255, -121.545, -1.50437, 1.56597, -3.07034, -0.000185453
65.4122, 0.0669885, 0.000135127, -121.512, -1.50439, 1.56597, -3.07036, -0.000185475
65.4167, 0.0665592, 0.000581105, -121.479, -1.5044, 1.56598, -3.07038, -0.000185497
65.4212, 0.0659565, 0.000423846, -121.446, -1.50441, 1.56598, -3.07039, -0.000185519
65.4256, 0.0658051, -0.000169316, -121.413, -1.50443, 1.56598, -3.07041, -0.000185542
65.4301, 0.06625, -0.000568472, -121.38, -1.50444, 1.56598, -3.07043, -0.000185564
65.4345, 0.0668036, -0.000350197, -121.347, -1.50446, 1.56599, -3.07044, -0.000185586
65.439, 0.0668632, 0.00025371, -121.314, -1.50447, 1.56599, -3.07046, -0.000185608
65.4434, 0.0663505, 0.000602912, -121.281, -1.50449, 1.56599, -3.07048, -0.00018563
65.4479, 0.0657937, 0.000327571, -121.248, -1.5045, 1.56599, -3.0705, -0.000185652
65.4523, 0.065767, -0.000280414, -121.215, -1.50452, 1.566, -3.07051, -0.000185674
65.4568, 0.066283, -0.000577354, -121.182, -1.50453, 1.566, -3.07053, -0.000185696
65.4613, 0.0667802, -0.000249269, -121.149, -1.50455, 1.566, -3.07055, -0.000185718
65.4657, 0.0667175, 0.000356604, -121.116, -1.50456, 1.566, -3.07056, -0.00018574
65.4702, 0.0661461, 0.000599794, -121.083, -1.50457, 1.56601, -3.07058, -0.000185762
65.4746, 0.0656545, 0.000223596, -121.05, -1.50459, 1.56601, -3.0706, -0.000185784
65.4791, 0.0657464, -0.000374461, -121.017, -1.5046, 1.56601, -3.07062, -0.000185806
65.4835, 0.0663092, -0.00056312, -120.984, -1.50462, 1.56602, -3.07063, -0.000185828
65.488, 0.0667337, -0.000143595, -120.951, -1.50463, 1.56602, -3.07065, -0.00018585
65.4924, 0.0665572, 0.000441504, -120.918, -1.50465, 1.56602, -3.07067, -0.000185872
65.4969, 0.0659506, 0.000575542, -120.885, -1.50466, 1.56602, -3.07068, -0.000185894
65.5013, 0.0655379, 0.000117584, -120.852, -1.50468, 1.56603, -3.0707, -0.000185916
65.5058, 0.065738, -0.000449954, -120.82, -1.50469, 1.56603, -3.07072, -0.000185938
65.5103, 0.0663249, -0.000529848, -120.787, -1.50471, 1.56603, -3.07074, -0.000185961
65.5147, 0.0666658, -3.83284e-05, -120.754, -1.50472, 1.56603, -3.07075, -0.000185983
65.5192, 0.0663873, 0.000507639, -120.721, -1.50473, 1.56604, -3.07077, -0.000186005
65.5236, 0.0657671, 0.000534409, -120.688, -1.50475, 1.56604, -3.07079, -0.000186027
65.5281, 0.0654414, 1.41472e-05, -120.655, -1.50476, 1.56604, -3.0708, -0.000186049
65.5325, 0.0657367, -0.00050678, -120.622, -1.50478, 1.56604, -3.07082, -0.000186071
65.537, 0.0663277, -0.000481867, -120.59, -1.50479, 1.56605, -3.07084, -0.000186093
65.5414, 0.0665793, 6.24769e-05, -120.557, -1.50481, 1.56605, -3.07086, -0.000186115
65.5459, 0.0662127, 0.000555472, -120.524, -1.50482, 1.56605, -3.07087, -0.000186137
65.5504, 0.0655972, 0.000480713, -120.491, -1.50484, 1.56605, -3.07089, -0.000186159
65.5548, 0.0653621, -8.32191e-05, -120.458, -1.50485, 1.56606, -3.07091, -0.000186181
65.5593, 0.0657381, -0.000545897, -120.426, -1.50486, 1.56606, -3.07092, -0.000186204
65.5637, 0.0663164, -0.000423411, -120.393, -1.50488, 1.56606, -3.07094, -0.000186226
65.5684, 0.0664699, 0.000180343, -120.359, -1.50489, 1.56607, -3.07096, -0.000186249
65.573, 0.0659867, 0.000597119, -120.325, -1.50491, 1.56607, -3.07098, -0.000186272
65.5776, 0.0653916, 0.000359995, -120.291, -1.50492, 1.56607, -3.071, -0.000186295
65.5822, 0.0653342, -0.000265174, -120.257, -1.50494, 1.56607, -3.07101, -0.000186318
65.5869, 0.0658617, -0.000578411, -120.223, -1.50495, 1.56608, -3.07103, -0.000186341
65.5915, 0.0663668, -0.000229394, -120.189, -1.50497, 1.56608, -3.07105, -0.000186364
65.5961, 0.0662678, 0.000391304, -120.155, -1.50498, 1.56608, -3.07107, -0.000186387
65.6008, 0.0656588, 0.000589825, -120.121, -1.505, 1.56608, -3.07108, -0.00018641
65.6054, 0.0652035, 0.000144589, -120.087, -1.50501, 1.56609, -3.0711, -0.000186433
65.61, 0.0653933, -0.000446992, -120.053, -1.50503, 1.56609, -3.07112, -0.000186456
65.6147, 0.0659994, -0.000524659, -120.019, -1.50505, 1.56609, -3.07114, -0.000186479
65.6193, 0.0663287, -2.00644e-06, -119.985, -1.50506, 1.5661, -3.07116, -0.000186502
65.6239, 0.0659974, 0.000538028, -119.951, -1.50508, 1.5661, -3.07117, -0.000186525
65.6286, 0.0653582, 0.000493693, -119.917, -1.50509, 1.5661, -3.07119, -0.000186548
65.6332, 0.0651063, -8.5371e-05, -119.883, -1.50511, 1.5661, -3.07121, -0.000186571
65.6378, 0.0655052, -0.00055434, -119.849, -1.50512, 1.56611, -3.07123, -0.000186594
65.6425, 0.066094, -0.000391497, -119.815, -1.50514, 1.56611, -3.07124, -0.000186617
65.6471, 0.0662011, 0.000221795, -119.781, -1.50515, 1.56611, -3.07126, -0.00018664
65.6517, 0.065691, 0.000603695, -119.747, -1.50517, 1.56611, -3.07128, -0.000186663
65.6564, 0.0651138, 0.000330066, -119.714, -1.50518, 1.56612, -3.0713, -0.000186686
65.661, 0.0650938, -0.000294977, -119.68, -1.5052, 1.56612, -3.07132, -0.000186709
65.6656, 0.0656361, -0.000577629, -119.646, -1.50521, 1.56612, -3.07133, -0.000186732
65.6703, 0.0661223, -0.000204529, -119.612, -1.50523, 1.56613, -3.07135, -0.000186755
65.6749, 0.0659967, 0.000410401, -119.578, -1.50524, 1.56613, -3.07137, -0.000186778
65.6795, 0.0653821, 0.000585675, -119.544, -1.50526, 1.56613, -3.07139, -0.000186801
65.6842, 0.0649426, 0.000127382, -119.511, -1.50527, 1.56613, -3.07141, -0.000186825
65.6888, 0.0651481, -0.000456883, -119.477, -1.50529, 1.56614, -3.07142, -0.000186848
65.6934, 0.0657542, -0.000520647, -119.443, -1.5053, 1.56614, -3.07144, -0.000186871
65.6981, 0.0660739, 6.36443e-06, -119.409, -1.50532, 1.56614, -3.07146, -0.000186894
65.7027, 0.0657373, 0.000541406, -119.375, -1.50533, 1.56615, -3.07148, -0.000186917
65.7073, 0.0650999, 0.000493426, -119.342, -1.50535, 1.56615, -3.07149, -0.00018694
65.712, 0.0648491, -8.43252e-05, -119.308, -1.50536, 1.56615, -3.07151, -0.000186963
65.7166, 0.0652447, -0.000554016, -119.274, -1.50538, 1.56615, -3.07153, -0.000186986
65.7212, 0.0658336, -0.000397626, -119.24, -1.50539, 1.56616, -3.07155, -0.000187009
65.7258, 0.0659498, 0.000212146, -119.207, -1.50541, 1.56616, -3.07157, -0.000187032
65.7305, 0.065449, 0.000603198, -119.173, -1.50542, 1.56616, -3.07158, -0.000187055
65.7351, 0.0648664, 0.000344966, -119.139, -1.50544, 1.56616, -3.0716, -0.000187079
65.7397, 0.0648268, -0.000277992, -119.106, -1.50545, 1.56617, -3.07162, -0.000187102
65.7444, 0.065357, -0.000580126, -119.072, -1.50547, 1.56617, -3.07164, -0.000187125
65.749, 0.0658571, -0.000229348, -119.038, -1.50548, 1.56617, -3.07165, -0.000187148
65.7536, 0.0657609, 0.000388506, -119.005, -1.5055, 1.56618, -3.07167, -0.000187171
65.7583, 0.0651579, 0.000594591, -118.971, -1.50551, 1.56618, -3.07169, -0.000187194
65.7629, 0.0646938, 0.000162833, -118.937, -1.50553, 1.56618, -3.07171, -0.000187217
65.7675, 0.0648614, -0.000432649, -118.904, -1.50554, 1.56618, -3.07173, -0.00018724
65.7722, 0.06546, -0.000538628, -118.87, -1.50556, 1.56619, -3.07174, -0.000187264
65.7768, 0.0658167, -3.91504e-05, -118.837, -1.50557, 1.56619, -3.07176, -0.000187287
65.7814, 0.0655244, 0.000518207, -118.803, -1.50559, 1.56619, -3.07178, -0.00018731
65.7861, 0.0648869, 0.000523023, -118.769, -1.5056, 1.56619, -3.0718, -0.000187333
65.7907, 0.0645858, -2.97059e-05, -118.736, -1.50562, 1.5662, -3.07181, -0.000187356
65.7953, 0.0649339, -0.000534993, -118.702, -1.50563, 1.5662, -3.07183, -0.000187379
65.8, 0.0655338, -0.000440331, -118.669, -1.50565, 1.5662, -3.07185, -0.000187402
65.8046, 0.0657133, 0.000150534, -118.635, -1.50566, 1.56621, -3.07187, -0.000187426
65.8092, 0.06526, 0.000591915, -118.602, -1.50568, 1.56621, -3.07189, -0.000187449
65.8139, 0.0646529, 0.000401979, -118.568, -1.50569, 1.56621, -3.0719, -0.000187472
65.8185, 0.064538, -0.000211693, -118.535, -1.50571, 1.56621, -3.07192, -0.000187495
65.8231, 0.0650241, -0.000579551, -118.501, -1.50572, 1.56622, -3.07194, -0.000187518
65.8278, 0.0655645, -0.000300689, -118.468, -1.50574, 1.56622, -3.07196, -0.000187541
65.8324, 0.0655541, 0.00032073, -118.434, -1.50575, 1.56622, -3.07197, -0.000187564
65.837, 0.064988, 0.000607789, -118.401, -1.50577, 1.56622, -3.07199, -0.000187588
65.8417, 0.0644664, 0.000248192, -118.367, -1.50578, 1.56623, -3.07201, -0.000187611
65.8463, 0.0645404, -0.000366518, -118.334, -1.5058, 1.56623, -3.07203, -0.000187634
65.8509, 0.0651128, -0.000567787, -118.3, -1.50581, 1.56623, -3.07205, -0.000187657
65.8556, 0.0655451, -0.000137071, -118.267, -1.50583, 1.56624, -3.07206, -0.00018768
65.8602, 0.0653513, 0.000457444, -118.233, -1.50584, 1.56624, -3.07208, -0.000187704
65.8648, 0.0647259, 0.000570201, -118.2, -1.50586, 1.56624, -3.0721, -0.000187727
65.8694, 0.0643314, 7.90833e-05, -118.167, -1.50587, 1.56624, -3.07212, -0.00018775
65.8741, 0.0645794, -0.00048293, -118.133, -1.50589, 1.56625, -3.07213, -0.000187773
65.8787, 0.0651843, -0.000506542, -118.1, -1.5059, 1.56625, -3.07215, -0.000187796
65.8833, 0.0654743, 3.35653e-05, -118.066, -1.50592, 1.56625, -3.07217, -0.00018782
65.888, 0.0651192, 0.000552198, -118.033, -1.50593, 1.56625, -3.07219, -0.000187843
65.8926, 0.0644875, 0.000487998, -118, -1.50595, 1.56626, -3.07221, -0.000187866
65.8972, 0.0642464, -8.92833e-05, -117.966, -1.50596, 1.56626, -3.07222, -0.000187889
65.9019, 0.0646402, -0.000555166, -117.933, -1.50598, 1.56626, -3.07224, -0.000187912
65.9065, 0.0652268, -0.000406198, -117.9, -1.50599, 1.56627, -3.07226, -0.000187936
65.9111, 0.0653562, 0.000196397, -117.866, -1.50601, 1.56627, -3.07228, -0.000187959
65.9158, 0.0648727, 0.000601799, -117.833, -1.50602, 1.56627, -3.07229, -0.000187982
65.9204, 0.0642822, 0.00037264, -117.8, -1.50604, 1.56627, -3.07231, -0.000188005
65.925, 0.0642054, -0.000243593, -117.767, -1.50605, 1.56628, -3.07233, -0.000188029
65.9297, 0.0647087, -0.000582398, -117.733, -1.50607, 1.56628, -3.07235, -0.000188052
65.9343, 0.0652333, -0.000278867, -117.7, -1.50608, 1.56628, -3.07237, -0.000188075
65.9389, 0.0651981, 0.000339801, -117.667, -1.5061, 1.56628, -3.07238, -0.000188098
65.9436, 0.0646251, 0.000607542, -117.634, -1.50611, 1.56629, -3.0724, -0.000188122
65.9482, 0.0641149, 0.0002365, -117.6, -1.50613, 1.56629, -3.07242, -0.000188145
65.9528, 0.0641999, -0.000374026, -117.567, -1.50614, 1.56629, -3.07244, -0.000188168
65.9575, 0.0647723, -0.00056777, -117.534, -1.50616, 1.5663, -3.07245, -0.000188191
65.9621, 0.0652009, -0.000136831, -117.501, -1.50617, 1.5663, -3.07247, -0.000188215
65.9667, 0.0650095, 0.000455808, -117.468, -1.50619, 1.5663, -3.07249, -0.000188238
65.9714, 0.0643877, 0.000574125, -117.434, -1.5062, 1.5663, -3.07251, -0.000188261
65.976, 0.0639865, 9.14718e-05, -117.401, -1.50622, 1.56631, -3.07252, -0.000188284
65.9806, 0.0642198, -0.000474445, -117.368, -1.50623, 1.56631, -3.07254, -0.000188308
65.9853, 0.0648212, -0.000517239, -117.335, -1.50625, 1.56631, -3.07256, -0.000188331
65.9899, 0.0651304, 8.64751e-06, -117.302, -1.50626, 1.56632, -3.07258, -0.000188354
65.9945, 0.0648006, 0.000540046, -117.269, -1.50628, 1.56632, -3.0726, -0.000188377
65.9992, 0.0641688, 0.000508473, -117.236, -1.50629, 1.56632, -3.07261, -0.000188401
66.0038, 0.0638948, -5.2015e-05, -117.202, -1.50631, 1.56632, -3.07263, -0.000188424
66.0084, 0.0642551, -0.000542144, -117.169, -1.50632, 1.56633, -3.07265, -0.000188447
66.013, 0.0648486, -0.000438414, -117.136, -1.50634, 1.56633, -3.07267, -0.000188471
66.0177, 0.0650254, 0.000148122, -117.103, -1.50635, 1.56633, -3.07268, -0.000188494
66.0223, 0.0645812, 0.000591342, -117.07, -1.50637, 1.56633, -3.0727, -0.000188517
66.0269, 0.063974, 0.000418621, -117.037, -1.50638, 1.56634, -3.07272, -0.00018854
66.0316, 0.0638352, -0.000185595, -117.004, -1.5064, 1.56634, -3.07274, -0.000188564
66.0362, 0.0642965, -0.000577323, -116.971, -1.50641, 1.56634, -3.07276, -0.000188587
66.0408, 0.0648503, -0.000339525, -116.938, -1.50643, 1.56635, -3.07277, -0.00018861
66.0455, 0.0648913, 0.000274368, -116.905, -1.50644, 1.56635, -3.07279, -0.000188634
66.0501, 0.0643601, 0.000611098, -116.872, -1.50646, 1.56635, -3.07281, -0.000188657
66.0547, 0.0638059, 0.000312785, -116.839, -1.50647, 1.56635, -3.07283, -0.00018868
66.0594, 0.0638018, -0.000303207, -116.806, -1.50649, 1.56636, -3.07284, -0.000188704
66.064, 0.0643358, -0.000582412, -116.773, -1.5065, 1.56636, -3.07286, -0.000188727
66.0686, 0.0648249, -0.000228594, -116.74, -1.50652, 1.56636, -3.07288, -0.00018875
66.0733, 0.0647342, 0.000382477, -116.707, -1.50653, 1.56636, -3.0729, -0.000188774
66.0779, 0.0641443, 0.000602595, -116.674, -1.50655, 1.56637, -3.07291, -0.000188797
66.0825, 0.0636649, 0.000198646, -116.641, -1.50656, 1.56637, -3.07293, -0.00018882
66.0872, 0.063788, -0.000401059, -116.608, -1.50658, 1.56637, -3.07295, -0.000188844
66.0918, 0.064367, -0.000561367, -116.575, -1.50659, 1.56638, -3.07297, -0.000188867
66.0964, 0.0647731, -0.000112844, -116.542, -1.50661, 1.56638, -3.07299, -0.00018889
66.1011, 0.0645608, 0.000469715, -116.509, -1.50662, 1.56638, -3.073, -0.000188914
66.1057, 0.0639392, 0.000570297, -116.477, -1.50664, 1.56638, -3.07302, -0.000188937
66.1103, 0.0635495, 8.28742e-05, -116.444, -1.50665, 1.56639, -3.07304, -0.00018896
66.115, 0.0637874, -0.0004774, -116.411, -1.50667, 1.56639, -3.07306, -0.000188984
66.1196, 0.0643856, -0.000519007, -116.378, -1.50668, 1.56639, -3.07307, -0.000189007
66.1242, 0.0646969, 1.67508e-06, -116.345, -1.5067, 1.56639, -3.07309, -0.00018903
66.1289, 0.0643773, 0.000535225, -116.312, -1.50671, 1.5664, -3.07311, -0.000189054
66.1335, 0.0637483, 0.000519239, -116.279, -1.50673, 1.5664, -3.07313, -0.000189077
66.1381, 0.0634569, -2.91381e-05, -116.247, -1.50674, 1.5664, -3.07315, -0.000189101
66.1428, 0.063794, -0.00053217, -116.214, -1.50676, 1.56641, -3.07316, -0.000189124
66.1474, 0.0643887, -0.000460458, -116.181, -1.50677, 1.56641, -3.07318, -0.000189147
66.152, 0.0645996, 0.00011025, -116.148, -1.50679, 1.56641, -3.0732, -0.000189171
66.1566, 0.0641893, 0.000579648, -116.115, -1.5068, 1.56641, -3.07322, -0.000189194
66.1613, 0.0635738, 0.000454529, -116.083, -1.50682, 1.56642, -3.07323, -0.000189217
66.1661, 0.0633891, -0.000154929, -116.049, -1.50683, 1.56642, -3.07325, -0.000189242
66.1709, 0.0638455, -0.000575955, -116.015, -1.50685, 1.56642, -3.07327, -0.000189266
66.1757, 0.0644162, -0.000338938, -115.981, -1.50686, 1.56642, -3.07329, -0.00018929
66.1805, 0.0644476, 0.000291543, -115.947, -1.50688, 1.56643, -3.07331, -0.000189314
66.1852, 0.0638876, 0.000612685, -115.913, -1.50689, 1.56643, -3.07333, -0.000189339
66.19, 0.0633431, 0.000266935, -115.88, -1.50691, 1.56643, -3.07334, -0.000189363
66.1948, 0.0634029, -0.000360483, -115.846, -1.50693, 1.56644, -3.07336, -0.000189387
66.1996, 0.0639831, -0.000571322, -115.812, -1.50694, 1.56644, -3.07338, -0.000189411
66.2044, 0.0644209, -0.000131305, -115.778, -1.50696, 1.56644, -3.0734, -0.000189435
66.2092, 0.0642126, 0.000470186, -115.744, -1.50697, 1.56644, -3.07342, -0.00018946
66.214, 0.0635727, 0.000564868, -115.71, -1.50699, 1.56645, -3.07344, -0.000189484
66.2188, 0.0631947, 4.78568e-05, -115.677, -1.507, 1.56645, -3.07345, -0.000189508
66.2236, 0.0634808, -0.000506798, -115.643, -1.50702, 1.56645, -3.07347, -0.000189532
66.2284, 0.0640962, -0.000483867, -115.609, -1.50703, 1.56646, -3.07349, -0.000189557
66.2332, 0.0643413, 9.09567e-05, -115.575, -1.50705, 1.56646, -3.07351, -0.000189581
66.238, 0.0639276, 0.000580503, -115.542, -1.50707, 1.56646, -3.07353, -0.000189605
66.2428, 0.0632965, 0.00044268, -115.508, -1.50708, 1.56646, -3.07355, -0.000189629
66.2475, 0.0631294, -0.000169659, -115.474, -1.5071, 1.56647, -3.07356, -0.000189654
66.2523, 0.0635939, -0.000578872, -115.441, -1.50711, 1.56647, -3.07358, -0.000189678
66.2571, 0.0641589, -0.000332594, -115.407, -1.50713, 1.56647, -3.0736, -0.000189702
66.2619, 0.064183, 0.000296699, -115.373, -1.50714, 1.56648, -3.07362, -0.000189726
66.2667, 0.0636226, 0.000613757, -115.34, -1.50716, 1.56648, -3.07364, -0.000189751
66.2715, 0.0630797, 0.00026872, -115.306, -1.50717, 1.56648, -3.07365, -0.000189775
66.2763, 0.0631361, -0.000357383, -115.272, -1.50719, 1.56648, -3.07367, -0.000189799
66.2811, 0.0637124, -0.000573957, -115.239, -1.5072, 1.56649, -3.07369, -0.000189823
66.2859, 0.064156, -0.000142487, -115.205, -1.50722, 1.56649, -3.07371, -0.000189848
66.2907, 0.0639613, 0.000461392, -115.171, -1.50724, 1.56649, -3.07373, -0.000189872
66.2955, 0.0633259, 0.0005727, -115.138, -1.50725, 1.5665, -3.07375, -0.000189896
66.3003, 0.0629323, 6.91922e-05, -115.104, -1.50727, 1.5665, -3.07376, -0.000189921
66.3051, 0.0631962, -0.000495021, -115.071, -1.50728, 1.5665, -3.07378, -0.000189945
66.3099, 0.0638103, -0.000499658, -115.037, -1.5073, 1.5665, -3.0738, -0.000189969
66.3146, 0.0640826, 6.01019e-05, -115.003, -1.50731, 1.56651, -3.07382, -0.000189994
66.3194, 0.0636973, 0.000569277, -114.97, -1.50733, 1.56651, -3.07384, -0.000190018
66.3242, 0.0630607, 0.000469034, -114.936, -1.50734, 1.56651, -3.07386, -0.000190042
66.329, 0.0628543, -0.000130353, -114.903, -1.50736, 1.56652, -3.07387, -0.000190066
66.3338, 0.0632872, -0.000571444, -114.869, -1.50737, 1.56652, -3.07389, -0.000190091
66.3386, 0.0638678, -0.000370944, -114.836, -1.50739, 1.56652, -3.07391, -0.000190115
66.3434, 0.0639432, 0.000251225, -114.802, -1.50741, 1.56652, -3.07393, -0.000190139
66.3482, 0.0634141, 0.000613766, -114.769, -1.50742, 1.56653, -3.07395, -0.000190164
66.353, 0.0628429, 0.000320145, -114.735, -1.50744, 1.56653, -3.07397, -0.000190188
66.3578, 0.0628373, -0.000308211, -114.702, -1.50745, 1.56653, -3.07398, -0.000190212
66.3626, 0.0633863, -0.000584352, -114.668, -1.50747, 1.56654, -3.074, -0.000190237
66.3674, 0.0638729, -0.000206793, -114.635, -1.50748, 1.56654, -3.07402, -0.000190261
66.3722, 0.0637491, 0.000411905, -114.601, -1.5075, 1.56654, -3.07404, -0.000190285
66.3769, 0.0631334, 0.000596467, -114.568, -1.50751, 1.56654, -3.07406, -0.00019031
66.3817, 0.0626807, 0.000145818, -114.535, -1.50753, 1.56655, -3.07408, -0.000190334
66.3865, 0.0628676, -0.000448457, -114.501, -1.50754, 1.56655, -3.07409, -0.000190359
66.3913, 0.0634733, -0.000538796, -114.468, -1.50756, 1.56655, -3.07411, -0.000190383
66.3961, 0.0638212, -2.70783e-05, -114.434, -1.50758, 1.56656, -3.07413, -0.000190407
66.4009, 0.0635159, 0.000529441, -114.401, -1.50759, 1.56656, -3.07415, -0.000190432
66.4057, 0.0628732, 0.00052535, -114.368, -1.50761, 1.56656, -3.07417, -0.000190456
66.4105, 0.0625751, -3.46112e-05, -114.334, -1.50762, 1.56656, -3.07419, -0.00019048
66.4153, 0.0629287, -0.000541655, -114.301, -1.50764, 1.56657, -3.0742, -0.000190505
66.4201, 0.0635328, -0.000445103, -114.268, -1.50765, 1.56657, -3.07422, -0.000190529
66.4249, 0.0637147, 0.000149926, -114.234, -1.50767, 1.56657, -3.07424, -0.000190553
66.4297, 0.0632606, 0.000597591, -114.201, -1.50768, 1.56657, -3.07426, -0.000190578
66.4345, 0.0626464, 0.000412528, -114.168, -1.5077, 1.56658, -3.07428, -0.000190602
66.4393, 0.0625212, -0.000204355, -114.134, -1.50771, 1.56658, -3.07429, -0.000190627
66.444, 0.0630037, -0.000584587, -114.101, -1.50773, 1.56658, -3.07431, -0.000190651
66.4488, 0.0635544, -0.000316618, -114.068, -1.50775, 1.56659, -3.07433, -0.000190675
66.4536, 0.0635607, 0.000309242, -114.035, -1.50776, 1.56659, -3.07435, -0.0001907
66.4584, 0.0629994, 0.000615914, -114.001, -1.50778, 1.56659, -3.07437, -0.000190724
66.4632, 0.0624608, 0.000272063, -113.968, -1.50779, 1.56659, -3.07439, -0.000190749
66.468, 0.0625102, -0.000350464, -113.935, -1.50781, 1.5666, -3.0744, -0.000190773
66.4728, 0.0630772, -0.000579288, -113.902, -1.50782, 1.5666, -3.07442, -0.000190797
66.4776, 0.063533, -0.000167649, -113.868, -1.50784, 1.5666, -3.07444, -0.000190822
66.4824, 0.0633693, 0.000440079, -113.835, -1.50785, 1.56661, -3.07446, -0.000190846
66.4872, 0.0627463, 0.000588583, -113.802, -1.50787, 1.56661, -3.07448, -0.000190871
66.492, 0.062319, 0.000118086, -113.769, -1.50788, 1.56661, -3.0745, -0.000190895
66.4968, 0.0625308, -0.000464352, -113.736, -1.5079, 1.56661, -3.07451, -0.00019092
66.5016, 0.0631368, -0.00053171, -113.703, -1.50791, 1.56662, -3.07453, -0.000190944
66.5063, 0.0634682, -1.17909e-05, -113.669, -1.50793, 1.56662, -3.07455, -0.000190968
66.5111, 0.0631522, 0.000536022, -113.636, -1.50795, 1.56662, -3.07457, -0.000190993
66.5159, 0.0625122, 0.000522963, -113.603, -1.50796, 1.56663, -3.07459, -0.000191017
66.5207, 0.0622193, -3.66367e-05, -113.57, -1.50798, 1.56663, -3.07461, -0.000191042
66.5255, 0.0625712, -0.000541688, -113.537, -1.50799, 1.56663, -3.07462, -0.000191066
66.5303, 0.0631734, -0.000450275, -113.504, -1.50801, 1.56663, -3.07464, -0.000191091
66.5351, 0.0633634, 0.000139245, -113.471, -1.50802, 1.56664, -3.07466, -0.000191115
66.5399, 0.0629212, 0.000594692, -113.438, -1.50804, 1.56664, -3.07468, -0.00019114
66.5447, 0.0623044, 0.000428198, -113.405, -1.50805, 1.56664, -3.0747, -0.000191164
66.5495, 0.062157, -0.000181616, -113.372, -1.50807, 1.56665, -3.07471, -0.000191188
66.5543, 0.0626201, -0.000581868, -113.339, -1.50808, 1.56665, -3.07473, -0.000191213
66.5591, 0.0631814, -0.000344536, -113.305, -1.5081, 1.56665, -3.07475, -0.000191237
66.5639, 0.0632244, 0.000276305, -113.272, -1.50812, 1.56665, -3.07477, -0.000191262
66.5686, 0.0626869, 0.00061706, -113.239, -1.50813, 1.56666, -3.07479, -0.000191286
66.5734, 0.0621268, 0.000313968, -113.206, -1.50815, 1.56666, -3.07481, -0.000191311
66.5782, 0.0621255, -0.000309091, -113.173, -1.50816, 1.56666, -3.07482, -0.000191335
66.583, 0.0626677, -0.000587228, -113.14, -1.50818, 1.56667, -3.07484, -0.00019136
66.5878, 0.0631585, -0.000224056, -113.107, -1.50819, 1.56667, -3.07486, -0.000191384
66.5926, 0.0630584, 0.000393034, -113.075, -1.50821, 1.56667, -3.07488, -0.000191409
66.5974, 0.0624581, 0.000606604, -113.042, -1.50822, 1.56667, -3.0749, -0.000191433
66.6022, 0.0619804, 0.000189512, -113.009, -1.50824, 1.56668, -3.07492, -0.000191458
66.607, 0.0621172, -0.000414085, -112.976, -1.50825, 1.56668, -3.07493, -0.000191482
66.6118, 0.0627063, -0.000562166, -112.943, -1.50827, 1.56668, -3.07495, -0.000191507
66.6166, 0.0631049, -9.75814e-05, -112.91, -1.50828, 1.56669, -3.07497, -0.000191531
66.6214, 0.0628733, 0.000485774, -112.877, -1.5083, 1.56669, -3.07499, -0.000191556
66.6262, 0.0622414, 0.000568429, -112.844, -1.50832, 1.56669, -3.07501, -0.00019158
66.631, 0.0618637, 6.29494e-05, -112.811, -1.50833, 1.56669, -3.07502, -0.000191605
66.6357, 0.0621243, -0.000494178, -112.778, -1.50835, 1.5667, -3.07504, -0.000191629
66.6405, 0.0627303, -0.000512295, -112.745, -1.50836, 1.5667, -3.07506, -0.000191654
66.6453, 0.0630231, 2.74959e-05, -112.713, -1.50838, 1.5667, -3.07508, -0.000191678
66.6501, 0.0626764, 0.000553242, -112.68, -1.50839, 1.5667, -3.0751, -0.000191703
66.6549, 0.0620413, 0.000508476, -112.647, -1.50841, 1.56671, -3.07512, -0.000191728
66.6597, 0.0617736, -5.91194e-05, -112.614, -1.50842, 1.56671, -3.07513, -0.000191752
66.6645, 0.0621398, -0.000549106, -112.581, -1.50844, 1.56671, -3.07515, -0.000191777
66.6693, 0.0627363, -0.000443715, -112.549, -1.50845, 1.56672, -3.07517, -0.000191801
66.6741, 0.0629167, 0.000145403, -112.516, -1.50847, 1.56672, -3.07519, -0.000191826
66.6789, 0.0624745, 0.000596066, -112.483, -1.50848, 1.56672, -3.07521, -0.00019185
66.6837, 0.0618604, 0.000432854, -112.45, -1.5085, 1.56672, -3.07522, -0.000191875
66.6885, 0.0617059, -0.000171763, -112.417, -1.50852, 1.56673, -3.07524, -0.000191899
66.6933, 0.0621573, -0.000580265, -112.385, -1.50853, 1.56673, -3.07526, -0.000191924
66.698, 0.0627226, -0.000362425, -112.352, -1.50855, 1.56673, -3.07528, -0.000191949
66.7028, 0.0627903, 0.000252041, -112.319, -1.50856, 1.56674, -3.0753, -0.000191973
66.7076, 0.0622732, 0.000616287, -112.287, -1.50858, 1.56674, -3.07532, -0.000191998
66.7124, 0.0616994, 0.000347351, -112.254, -1.50859, 1.56674, -3.07533, -0.000192022
66.7172, 0.0616559, -0.000271687, -112.221, -1.50861, 1.56674, -3.07535, -0.000192047
66.722, 0.0621719, -0.000590217, -112.188, -1.50862, 1.56675, -3.07537, -0.000192071
66.7268, 0.0626891, -0.000273913, -112.156, -1.50864, 1.56675, -3.07539, -0.000192096
66.7316, 0.0626485, 0.000344881, -112.123, -1.50865, 1.56675, -3.07541, -0.000192121
66.7364, 0.0620769, 0.000616872, -112.09, -1.50867, 1.56676, -3.07543, -0.000192145
66.7412, 0.0615578, 0.000257091, -112.058, -1.50868, 1.56676, -3.07544, -0.00019217
66.746, 0.061619, -0.000357076, -112.025, -1.5087, 1.56676, -3.07546, -0.000192194
66.7508, 0.06218, -0.000582228, -111.993, -1.50872, 1.56676, -3.07548, -0.000192219
66.7556, 0.0626372, -0.000182896, -111.96, -1.50873, 1.56677, -3.0755, -0.000192244
66.7604, 0.0624961, 0.000422759, -111.927, -1.50875, 1.56677, -3.07552, -0.000192268
66.7651, 0.0618887, 0.000601288, -111.895, -1.50876, 1.56677, -3.07553, -0.000192293
66.7699, 0.0614339, 0.000166353, -111.862, -1.50878, 1.56678, -3.07555, -0.000192317
66.7747, 0.0615906, -0.000427354, -111.83, -1.50879, 1.56678, -3.07557, -0.000192342
66.7795, 0.0621789, -0.000559878, -111.797, -1.50881, 1.56678, -3.07559, -0.000192367
66.7843, 0.0625686, -9.3197e-05, -111.765, -1.50882, 1.56678, -3.07561, -0.000192391
66.7891, 0.0623373, 0.000485619, -111.732, -1.50884, 1.56679, -3.07563, -0.000192416
66.7939, 0.0617105, 0.000573152, -111.699, -1.50885, 1.56679, -3.07564, -0.000192441
66.7987, 0.0613254, 7.84976e-05, -111.667, -1.50887, 1.56679, -3.07566, -0.000192465
66.8035, 0.0615669, -0.000482917, -111.634, -1.50888, 1.5668, -3.07568, -0.00019249
66.8083, 0.0621673, -0.000526758, -111.602, -1.5089, 1.5668, -3.0757, -0.000192514
66.8131, 0.0624858, -7.72203e-06, -111.569, -1.50892, 1.5668, -3.07572, -0.000192539
66.8179, 0.0621755, 0.000534246, -111.537, -1.50893, 1.5668, -3.07573, -0.000192564
66.8227, 0.0615433, 0.000535975, -111.504, -1.50895, 1.56681, -3.07575, -0.000192588
66.8274, 0.0612299, -4.0076e-06, -111.472, -1.50896, 1.56681, -3.07577, -0.000192613
66.8322, 0.0615446, -0.000524873, -111.44, -1.50898, 1.56681, -3.07579, -0.000192638
66.837, 0.0621445, -0.000486251, -111.407, -1.50899, 1.56681, -3.07581, -0.000192662
66.8418, 0.0623915, 7.14814e-05, -111.375, -1.50901, 1.56682, -3.07583, -0.000192687
66.8466, 0.0620139, 0.000570006, -111.342, -1.50902, 1.56682, -3.07584, -0.000192712
66.8514, 0.0613873, 0.000492979, -111.31, -1.50904, 1.56682, -3.07586, -0.000192736
66.8562, 0.0611446, -7.95089e-05, -111.277, -1.50905, 1.56683, -3.07588, -0.000192761
66.861, 0.0615209, -0.000554791, -111.245, -1.50907, 1.56683, -3.0759, -0.000192786
66.8658, 0.0621107, -0.000441394, -111.213, -1.50908, 1.56683, -3.07592, -0.00019281
66.8708, 0.062282, 0.000167688, -111.179, -1.5091, 1.56683, -3.07593, -0.000192836
66.8757, 0.0618047, 0.000607117, -111.145, -1.50912, 1.56684, -3.07595, -0.000192862
66.8807, 0.0611897, 0.00039082, -111.112, -1.50913, 1.56684, -3.07597, -0.000192887
66.8857, 0.0610993, -0.000241697, -111.078, -1.50915, 1.56684, -3.07599, -0.000192913
66.8907, 0.0616156, -0.000591192, -111.045, -1.50916, 1.56685, -3.07601, -0.000192939
66.8957, 0.0621504, -0.00027177, -111.011, -1.50918, 1.56685, -3.07603, -0.000192964
66.9006, 0.0620957, 0.000363604, -110.978, -1.5092, 1.56685, -3.07605, -0.00019299
66.9056, 0.0614945, 0.000613736, -110.944, -1.50921, 1.56686, -3.07607, -0.000193016
66.9106, 0.0609925, 0.000202993, -110.91, -1.50923, 1.56686, -3.07609, -0.000193041
66.9156, 0.0611254, -0.000415581, -110.877, -1.50924, 1.56686, -3.0761, -0.000193067
66.9206, 0.0617289, -0.000560486, -110.843, -1.50926, 1.56686, -3.07612, -0.000193093
66.9255, 0.0621207, -7.24307e-05, -110.81, -1.50928, 1.56687, -3.07614, -0.000193119
66.9305, 0.0618524, 0.000511231, -110.776, -1.50929, 1.56687, -3.07616, -0.000193144
66.9355, 0.0612018, 0.00054857, -110.743, -1.50931, 1.56687, -3.07618, -0.00019317
66.9405, 0.0608667, -1.16727e-06, -110.709, -1.50932, 1.56688, -3.0762, -0.000193196
66.9455, 0.0611976, -0.000533755, -110.676, -1.50934, 1.56688, -3.07622, -0.000193221
66.9504, 0.0618133, -0.00046444, -110.643, -1.50936, 1.56688, -3.07624, -0.000193247
66.9554, 0.0620205, 0.000130403, -110.609, -1.50937, 1.56688, -3.07626, -0.000193273
66.9604, 0.0615748, 0.000598102, -110.576, -1.50939, 1.56689, -3.07627, -0.000193298
66.9654, 0.0609475, 0.000426052, -110.542, -1.5094, 1.56689, -3.07629, -0.000193324
66.9704, 0.0608085, -0.000196915, -110.509, -1.50942, 1.56689, -3.07631, -0.00019335
66.9753, 0.0612924, -0.000588425, -110.475, -1.50943, 1.5669, -3.07633, -0.000193376
66.9803, 0.0618518, -0.000320138, -110.442, -1.50945, 1.5669, -3.07635, -0.000193401
66.9853, 0.0618573, 0.000314154, -110.409, -1.50947, 1.5669, -3.07637, -0.000193427
66.9903, 0.0612859, 0.000620862, -110.375, -1.50948, 1.56691, -3.07639, -0.000193453
66.9953, 0.0607447, 0.000265058, -110.342, -1.5095, 1.56691, -3.07641, -0.000193479
67.0002, 0.0608073, -0.000364366, -110.309, -1.50951, 1.56691, -3.07643, -0.000193504
67.0052, 0.0613877, -0.000580306, -110.275, -1.50953, 1.56691, -3.07644, -0.00019353
67.0102, 0.0618351, -0.00014743, -110.242, -1.50955, 1.56692, -3.07646, -0.000193556
67.0152, 0.0616445, 0.000461991, -110.209, -1.50956, 1.56692, -3.07648, -0.000193581
67.0202, 0.0610066, 0.000583829, -110.175, -1.50958, 1.56692, -3.0765, -0.000193607
67.0251, 0.0605989, 8.56663e-05, -110.142, -1.50959, 1.56693, -3.07652, -0.000193633
67.0301, 0.0608478, -0.000489944, -110.109, -1.50961, 1.56693, -3.07654, -0.000193659
67.0351, 0.0614648, -0.000516784, -110.075, -1.50963, 1.56693, -3.07656, -0.000193685
67.0401, 0.0617616, 3.40353e-05, -110.042, -1.50964, 1.56693, -3.07658, -0.00019371
67.0451, 0.0613985, 0.000563654, -110.009, -1.50966, 1.56694, -3.0766, -0.000193736
67.05, 0.060753, 0.000496888, -109.976, -1.50967, 1.56694, -3.07661, -0.000193762
67.055, 0.0605086, -9.34628e-05, -109.942, -1.50969, 1.56694, -3.07663, -0.000193788
67.06, 0.060913, -0.000566649, -109.909, -1.50971, 1.56695, -3.07665, -0.000193813
67.065, 0.0615101, -0.000409659, -109.876, -1.50972, 1.56695, -3.07667, -0.000193839
67.0699, 0.0616355, 0.000207036, -109.843, -1.50974, 1.56695, -3.07669, -0.000193865
67.0749, 0.0611363, 0.00061524, -109.81, -1.50975, 1.56695, -3.07671, -0.000193891
67.0799, 0.0605362, 0.000373183, -109.777, -1.50977, 1.56696, -3.07673, -0.000193917
67.0849, 0.0604671, -0.000256886, -109.743, -1.50979, 1.56696, -3.07675, -0.000193942
67.0899, 0.0609864, -0.000593431, -109.71, -1.5098, 1.56696, -3.07676, -0.000193968
67.0948, 0.0615152, -0.000272888, -109.677, -1.50982, 1.56697, -3.07678, -0.000193994
67.0998, 0.0614652, 0.000358145, -109.644, -1.50983, 1.56697, -3.0768, -0.00019402
67.1048, 0.0608735, 0.000618253, -109.611, -1.50985, 1.56697, -3.07682, -0.000194046
67.1098, 0.0603617, 0.000226993, -109.578, -1.50986, 1.56698, -3.07684, -0.000194071
67.1148, 0.0604645, -0.000393336, -109.545, -1.50988, 1.56698, -3.07686, -0.000194097
67.1197, 0.0610536, -0.000574006, -109.512, -1.5099, 1.56698, -3.07688, -0.000194123
67.1247, 0.0614771, -0.000120636, -109.478, -1.50991, 1.56698, -3.0769, -0.000194149
67.1297, 0.0612619, 0.000478309, -109.445, -1.50993, 1.56699, -3.07692, -0.000194175
67.1347, 0.0606229, 0.000578258, -109.412, -1.50994, 1.56699, -3.07693, -0.000194201
67.1397, 0.0602304, 7.20023e-05, -109.379, -1.50996, 1.56699, -3.07695, -0.000194226
67.1446, 0.0604891, -0.000495952, -109.346, -1.50998, 1.567, -3.07697, -0.000194252
67.1496, 0.0611036, -0.000515418, -109.313, -1.50999, 1.567, -3.07699, -0.000194278
67.1546, 0.0613969, 3.4199e-05, -109.28, -1.51001, 1.567, -3.07701, -0.000194304
67.1596, 0.0610373, 0.000562778, -109.247, -1.51002, 1.567, -3.07703, -0.00019433
67.1646, 0.0603939, 0.000503415, -109.214, -1.51004, 1.56701, -3.07705, -0.000194356
67.1695, 0.0601394, -7.99195e-05, -109.181, -1.51006, 1.56701, -3.07707, -0.000194382
67.1745, 0.0605294, -0.00056196, -109.148, -1.51007, 1.56701, -3.07708, -0.000194407
67.1795, 0.0611287, -0.000426601, -109.115, -1.51009, 1.56702, -3.0771, -0.000194433
67.1845, 0.061279, 0.00018095, -109.082, -1.5101, 1.56702, -3.07712, -0.000194459
67.1895, 0.0608027, 0.000610582, -109.049, -1.51012, 1.56702, -3.07714, -0.000194485
67.1944, 0.0601924, 0.000403111, -109.016, -1.51013, 1.56703, -3.07716, -0.000194511
67.1994, 0.0600832, -0.000219424, -108.984, -1.51015, 1.56703, -3.07718, -0.000194537
67.2044, 0.0605746, -0.000591998, -108.951, -1.51017, 1.56703, -3.0772, -0.000194563
67.2094, 0.0611247, -0.000317107, -108.918, -1.51018, 1.56703, -3.07722, -0.000194589
67.2144, 0.0611298, 0.000311652, -108.885, -1.5102, 1.56704, -3.07724, -0.000194615
67.2193, 0.0605679, 0.000623749, -108.852, -1.51021, 1.56704, -3.07725, -0.00019464
67.2243, 0.060021, 0.000286818, -108.819, -1.51023, 1.56704, -3.07727, -0.000194666
67.2293, 0.0600547, -0.000339946, -108.786, -1.51025, 1.56705, -3.07729, -0.000194692
67.2343, 0.0606159, -0.000589259, -108.753, -1.51026, 1.56705, -3.07731, -0.000194718
67.2392, 0.0610903, -0.000196117, -108.721, -1.51028, 1.56705, -3.07733, -0.000194744
67.2442, 0.0609568, 0.000421116, -108.688, -1.51029, 1.56705, -3.07735, -0.00019477
67.2492, 0.0603407, 0.00060642, -108.655, -1.51031, 1.56706, -3.07737, -0.000194796
67.2542, 0.0598797, 0.000163247, -108.622, -1.51033, 1.56706, -3.07739, -0.000194822
67.2592, 0.0600463, -0.000437616, -108.589, -1.51034, 1.56706, -3.0774, -0.000194848
67.2641, 0.0606465, -0.00055862, -108.557, -1.51036, 1.56707, -3.07742, -0.000194874
67.2691, 0.0610268, -7.17372e-05, -108.524, -1.51037, 1.56707, -3.07744, -0.0001949
67.2741, 0.0607675, 0.00050671, -108.491, -1.51039, 1.56707, -3.07746, -0.000194926
67.2791, 0.0601268, 0.000564003, -108.458, -1.5104, 1.56707, -3.07748, -0.000194951
67.2841, 0.0597664, 3.98015e-05, -108.426, -1.51042, 1.56708, -3.0775, -0.000194977
67.289, 0.0600506, -0.00051094, -108.393, -1.51044, 1.56708, -3.07752, -0.000195003
67.294, 0.0606617, -0.000505833, -108.36, -1.51045, 1.56708, -3.07754, -0.000195029
67.299, 0.060937, 4.94024e-05, -108.328, -1.51047, 1.56709, -3.07755, -0.000195055
67.304, 0.060569, 0.000567963, -108.295, -1.51048, 1.56709, -3.07757, -0.000195081
67.309, 0.05993, 0.000502431, -108.262, -1.5105, 1.56709, -3.07759, -0.000195107
67.3139, 0.0596775, -7.77012e-05, -108.229, -1.51052, 1.5671, -3.07761, -0.000195133
67.3189, 0.0600609, -0.000560347, -108.197, -1.51053, 1.5671, -3.07763, -0.000195159
67.3239, 0.060659, -0.000436866, -108.164, -1.51055, 1.5671, -3.07765, -0.000195185
67.3289, 0.0608249, 0.000162311, -108.132, -1.51056, 1.5671, -3.07767, -0.000195211
67.3339, 0.0603675, 0.000606078, -108.099, -1.51058, 1.56711, -3.07769, -0.000195237
67.3388, 0.0597518, 0.000427579, -108.066, -1.5106, 1.56711, -3.0777, -0.000195263
67.3438, 0.0596087, -0.000185088, -108.034, -1.51061, 1.56711, -3.07772, -0.000195289
67.3488, 0.0600717, -0.000587688, -108.001, -1.51063, 1.56712, -3.07774, -0.000195315
67.3538, 0.0606374, -0.0003574, -107.968, -1.51064, 1.56712, -3.07776, -0.000195341
67.3588, 0.0606951, 0.000263607, -107.936, -1.51066, 1.56712, -3.07778, -0.000195367
67.3637, 0.060168, 0.000623433, -107.903, -1.51067, 1.56712, -3.0778, -0.000195393
67.3687, 0.0595926, 0.00034485, -107.871, -1.51069, 1.56713, -3.07782, -0.000195419
67.3737, 0.0595554, -0.000279734, -107.838, -1.51071, 1.56713, -3.07784, -0.000195445
67.3787, 0.0600786, -0.000595755, -107.806, -1.51072, 1.56713, -3.07786, -0.000195471
67.3837, 0.0605973, -0.000272494, -107.773, -1.51074, 1.56714, -3.07787, -0.000195497
67.3886, 0.0605521, 0.000351369, -107.741, -1.51075, 1.56714, -3.07789, -0.000195523
67.3936, 0.0599741, 0.000623129, -107.708, -1.51077, 1.56714, -3.07791, -0.000195549
67.3986, 0.0594512, 0.000258913, -107.676, -1.51079, 1.56714, -3.07793, -0.000195575
67.4036, 0.0595132, -0.000360356, -107.643, -1.5108, 1.56715, -3.07795, -0.000195601
67.4086, 0.0600784, -0.000587859, -107.611, -1.51082, 1.56715, -3.07797, -0.000195627
67.4135, 0.0605402, -0.000186394, -107.578, -1.51083, 1.56715, -3.07799, -0.000195653
67.4185, 0.0604003, 0.000424894, -107.546, -1.51085, 1.56716, -3.07801, -0.000195679
67.4235, 0.0597885, 0.0006086, -107.513, -1.51086, 1.56716, -3.07802, -0.000195705
67.4285, 0.0593261, 0.000173575, -107.481, -1.51088, 1.56716, -3.07804, -0.000195731
67.4334, 0.0594779, -0.00042677, -107.449, -1.5109, 1.56717, -3.07806, -0.000195757
67.4384, 0.0600692, -0.000567483, -107.416, -1.51091, 1.56717, -3.07808, -0.000195783
67.4434, 0.0604681, -0.000102466, -107.384, -1.51093, 1.56717, -3.0781, -0.00019581
67.4484, 0.0602435, 0.000484446, -107.351, -1.51094, 1.56717, -3.07812, -0.000195836
67.4534, 0.0596127, 0.000583314, -107.319, -1.51096, 1.56718, -3.07814, -0.000195862
67.4583, 0.0592147, 9.1765e-05, -107.287, -1.51098, 1.56718, -3.07816, -0.000195888
67.4633, 0.059446, -0.000479619, -107.254, -1.51099, 1.56718, -3.07817, -0.000195914
67.4683, 0.0600498, -0.000538026, -107.222, -1.51101, 1.56719, -3.07819, -0.00019594
67.4733, 0.0603834, -2.32115e-05, -107.19, -1.51102, 1.56719, -3.07821, -0.000195966
67.4783, 0.060085, 0.000530985, -107.157, -1.51104, 1.56719, -3.07823, -0.000195992
67.4832, 0.0594475, 0.000550557, -107.125, -1.51105, 1.56719, -3.07825, -0.000196018
67.4882, 0.0591147, 1.55798e-05, -107.093, -1.51107, 1.5672, -3.07827, -0.000196044
67.4932, 0.0594143, -0.000520124, -107.06, -1.51109, 1.5672, -3.07829, -0.00019607
67.4982, 0.0600198, -0.000502626, -107.028, -1.5111, 1.5672, -3.07831, -0.000196096
67.5032, 0.0602889, 4.96491e-05, -106.996, -1.51112, 1.56721, -3.07832, -0.000196123
67.5081, 0.0599274, 0.000565938, -106.964, -1.51113, 1.56721, -3.07834, -0.000196149
67.5131, 0.0592927, 0.000513292, -106.931, -1.51115, 1.56721, -3.07836, -0.000196175
67.5181, 0.0590234, -5.36111e-05, -106.899, -1.51117, 1.56721, -3.07838, -0.000196201
67.5231, 0.0593807, -0.000549863, -106.867, -1.51118, 1.56722, -3.0784, -0.000196227
67.5281, 0.0599796, -0.000464054, -106.835, -1.5112, 1.56722, -3.07842, -0.000196253
67.533, 0.0601869, 0.000115065, -106.802, -1.51121, 1.56722, -3.07844, -0.000196279
67.538, 0.059773, 0.000590987, -106.77, -1.51123, 1.56723, -3.07846, -0.000196305
67.543, 0.059148, 0.000474087, -106.738, -1.51124, 1.56723, -3.07847, -0.000196331
67.5482, 0.0589441, -0.0001413, -106.705, -1.51126, 1.56723, -3.07849, -0.000196359
67.5534, 0.0593942, -0.00058398, -106.671, -1.51128, 1.56724, -3.07851, -0.000196386
67.5586, 0.0599823, -0.000364745, -106.638, -1.51129, 1.56724, -3.07853, -0.000196413
67.5637, 0.0600404, 0.000273869, -106.604, -1.51131, 1.56724, -3.07855, -0.00019644
67.5689, 0.0594865, 0.000626575, -106.571, -1.51133, 1.56724, -3.07857, -0.000196468
67.5741, 0.0589139, 0.000304343, -106.537, -1.51134, 1.56725, -3.07859, -0.000196495
67.5793, 0.058936, -0.000337097, -106.504, -1.51136, 1.56725, -3.07861, -0.000196522
67.5845, 0.0595099, -0.000590582, -106.47, -1.51138, 1.56725, -3.07863, -0.000196549
67.5897, 0.059985, -0.000177088, -106.437, -1.51139, 1.56726, -3.07865, -0.000196577
67.5949, 0.0598202, 0.000447794, -106.404, -1.51141, 1.56726, -3.07867, -0.000196604
67.6, 0.0591791, 0.000596382, -106.37, -1.51143, 1.56726, -3.07869, -0.000196631
67.6052, 0.0587488, 0.000105538, -106.337, -1.51144, 1.56727, -3.07871, -0.000196658
67.6104, 0.0589841, -0.000484909, -106.303, -1.51146, 1.56727, -3.07873, -0.000196686
67.6156, 0.0596081, -0.000526319, -106.27, -1.51147, 1.56727, -3.07875, -0.000196713
67.6208, 0.0599174, 2.64711e-05, -106.237, -1.51149, 1.56728, -3.07877, -0.00019674
67.626, 0.0595548, 0.000566609, -106.203, -1.51151, 1.56728, -3.07879, -0.000196767
67.6312, 0.0589003, 0.000501792, -106.17, -1.51152, 1.56728, -3.07881, -0.000196795
67.6363, 0.0586532, -9.66035e-05, -106.137, -1.51154, 1.56728, -3.07882, -0.000196822
67.6415, 0.0590661, -0.000572822, -106.103, -1.51156, 1.56729, -3.07884, -0.000196849
67.6467, 0.0596685, -0.000405591, -106.07, -1.51157, 1.56729, -3.07886, -0.000196877
67.6519, 0.0597832, 0.000221764, -106.037, -1.51159, 1.56729, -3.07888, -0.000196904
67.6571, 0.0592671, 0.000622978, -106.004, -1.51161, 1.5673, -3.0789, -0.000196931
67.6623, 0.0586666, 0.000359701, -105.97, -1.51162, 1.5673, -3.07892, -0.000196958
67.6675, 0.0586197, -0.000280124, -105.937, -1.51164, 1.5673, -3.07894, -0.000196986
67.6726, 0.0591593, -0.000597817, -105.904, -1.51166, 1.56731, -3.07896, -0.000197013
67.6778, 0.0596785, -0.000246942, -105.871, -1.51167, 1.56731, -3.07898, -0.00019704
67.683, 0.0595932, 0.000389529, -105.837, -1.51169, 1.56731, -3.079, -0.000197068
67.6882, 0.0589788, 0.000617815, -105.804, -1.51171, 1.56731, -3.07902, -0.000197095
67.6934, 0.0584869, 0.000189504, -105.771, -1.51172, 1.56732, -3.07904, -0.000197122
67.6986, 0.058635, -0.000428783, -105.738, -1.51174, 1.56732, -3.07906, -0.00019715
67.7037, 0.0592437, -0.000564268, -105.705, -1.51175, 1.56732, -3.07908, -0.000197177
67.7089, 0.059633, -6.99031e-05, -105.671, -1.51177, 1.56733, -3.0791, -0.000197204
67.7141, 0.0593621, 0.00051672, -105.638, -1.51179, 1.56733, -3.07912, -0.000197232
67.7193, 0.0587078, 0.000558418, -105.605, -1.5118, 1.56733, -3.07914, -0.000197259
67.7245, 0.0583626, 1.0242e-05, -105.572, -1.51182, 1.56734, -3.07916, -0.000197286
67.7297, 0.0586831, -0.000532761, -105.539, -1.51184, 1.56734, -3.07918, -0.000197314
67.7349, 0.0593036, -0.000481831, -105.506, -1.51185, 1.56734, -3.07919, -0.000197341
67.74, 0.0595337, 0.000107506, -105.473, -1.51187, 1.56734, -3.07921, -0.000197368
67.7452, 0.0591066, 0.000596668, -105.44, -1.51189, 1.56735, -3.07923, -0.000197396
67.7504, 0.0584673, 0.000456234, -105.407, -1.5119, 1.56735, -3.07925, -0.000197423
67.7556, 0.0582897, -0.000161505, -105.374, -1.51192, 1.56735, -3.07927, -0.00019745
67.7608, 0.0587478, -0.000588367, -105.341, -1.51194, 1.56736, -3.07929, -0.000197478
67.766, 0.0593285, -0.000363195, -105.307, -1.51195, 1.56736, -3.07931, -0.000197505
67.7712, 0.0593868, 0.000270456, -105.274, -1.51197, 1.56736, -3.07933, -0.000197533
67.7763, 0.0588424, 0.000628408, -105.241, -1.51198, 1.56737, -3.07935, -0.00019756
67.7815, 0.0582651, 0.000324681, -105.208, -1.512, 1.56737, -3.07937, -0.000197587
67.7867, 0.0582598, -0.000312872, -105.175, -1.51202, 1.56737, -3.07939, -0.000197615
67.7919, 0.058814, -0.000597063, -105.142, -1.51203, 1.56738, -3.07941, -0.000197642
67.7971, 0.059313, -0.000222041, -105.11, -1.51205, 1.56738, -3.07943, -0.00019767
67.8023, 0.059202, 0.000408167, -105.077, -1.51207, 1.56738, -3.07945, -0.000197697
67.8075, 0.0585831, 0.000615494, -105.044, -1.51208, 1.56738, -3.07947, -0.000197724
67.8126, 0.0581044, 0.000177294, -105.011, -1.5121, 1.56739, -3.07949, -0.000197752
67.8178, 0.0582625, -0.000435205, -104.978, -1.51212, 1.56739, -3.07951, -0.000197779
67.823, 0.0588696, -0.000564141, -104.945, -1.51213, 1.56739, -3.07953, -0.000197807
67.8282, 0.0592563, -7.14116e-05, -104.912, -1.51215, 1.5674, -3.07955, -0.000197834
67.8334, 0.0589903, 0.000514082, -104.879, -1.51216, 1.5674, -3.07956, -0.000197862
67.8386, 0.0583395, 0.000564602, -104.846, -1.51218, 1.5674, -3.07958, -0.000197889
67.8438, 0.057984, 2.63385e-05, -104.813, -1.5122, 1.56741, -3.0796, -0.000197916
67.8489, 0.0582866, -0.000523952, -104.78, -1.51221, 1.56741, -3.07962, -0.000197944
67.8541, 0.0589056, -0.000497313, -104.748, -1.51223, 1.56741, -3.07964, -0.000197971
67.8593, 0.0591611, 7.74213e-05, -104.715, -1.51225, 1.56741, -3.07966, -0.000197999
67.8645, 0.0587627, 0.000585516, -104.682, -1.51226, 1.56742, -3.07968, -0.000198026
67.8697, 0.0581189, 0.000484152, -104.649, -1.51228, 1.56742, -3.0797, -0.000198054
67.8749, 0.0578998, -0.000118064, -104.616, -1.5123, 1.56742, -3.07972, -0.000198081
67.8801, 0.0583215, -0.000578128, -104.584, -1.51231, 1.56743, -3.07974, -0.000198109
67.8852, 0.0589163, -0.000405411, -104.551, -1.51233, 1.56743, -3.07976, -0.000198136
67.8904, 0.0590326, 0.000215592, -104.518, -1.51235, 1.56743, -3.07978, -0.000198163
67.8956, 0.0585292, 0.000622992, -104.485, -1.51236, 1.56744, -3.0798, -0.000198191
67.9008, 0.0579252, 0.00038312, -104.453, -1.51238, 1.56744, -3.07982, -0.000198218
67.906, 0.0578458, -0.000248356, -104.42, -1.51239, 1.56744, -3.07984, -0.000198246
67.9112, 0.0583578, -0.000599556, -104.387, -1.51241, 1.56745, -3.07986, -0.000198273
67.9164, 0.0588992, -0.000297321, -104.354, -1.51243, 1.56745, -3.07988, -0.000198301
67.9215, 0.0588773, 0.000336861, -104.322, -1.51244, 1.56745, -3.07989, -0.000198328
67.9267, 0.0582983, 0.000629422, -104.289, -1.51246, 1.56745, -3.07991, -0.000198356
67.9319, 0.0577597, 0.000270109, -104.256, -1.51248, 1.56746, -3.07993, -0.000198383
67.9371, 0.0578152, -0.00035959, -104.224, -1.51249, 1.56746, -3.07995, -0.000198411
67.9423, 0.0583883, -0.00059203, -104.191, -1.51251, 1.56746, -3.07997, -0.000198438
67.9475, 0.0588542, -0.000181206, -104.158, -1.51253, 1.56747, -3.07999, -0.000198466
67.9527, 0.0587023, 0.000437515, -104.126, -1.51254, 1.56747, -3.08001, -0.000198493
67.9578, 0.0580764, 0.000609283, -104.093, -1.51256, 1.56747, -3.08003, -0.000198521
67.963, 0.0576214, 0.000152717, -104.06, -1.51257, 1.56748, -3.08005, -0.000198548
67.9682, 0.0578008, -0.000449205, -104.028, -1.51259, 1.56748, -3.08007, -0.000198576
67.9734, 0.0584074, -0.000560522, -103.995, -1.51261, 1.56748, -3.08009, -0.000198604
67.9786, 0.0587832, -6.40044e-05, -103.963, -1.51262, 1.56748, -3.08011, -0.000198631
67.9838, 0.0585145, 0.00051605, -103.93, -1.51264, 1.56749, -3.08013, -0.000198659
67.989, 0.0578678, 0.000567868, -103.898, -1.51266, 1.56749, -3.08015, -0.000198686
67.9941, 0.0575078, 3.7165e-05, -103.865, -1.51267, 1.56749, -3.08017, -0.000198714
67.9993, 0.0577962, -0.000516647, -103.833, -1.51269, 1.5675, -3.08019, -0.000198741
68.0045, 0.0584118, -0.000510492, -103.8, -1.51271, 1.5675, -3.08021, -0.000198769
68.0097, 0.0586894, 4.88092e-05, -103.767, -1.51272, 1.5675, -3.08022, -0.000198796
68.0149, 0.0583201, 0.000572744, -103.735, -1.51274, 1.56751, -3.08024, -0.000198824
68.0201, 0.0576752, 0.000510673, -103.702, -1.51275, 1.56751, -3.08026, -0.000198852
68.0253, 0.0574151, -7.18325e-05, -103.67, -1.51277, 1.56751, -3.08028, -0.000198879
68.0304, 0.0577955, -0.000562911, -103.638, -1.51279, 1.56751, -3.0803, -0.000198907
68.0356, 0.0583996, -0.000447359, -103.605, -1.5128, 1.56752, -3.08032, -0.000198934
68.0408, 0.0585767, 0.000153273, -103.573, -1.51282, 1.56752, -3.08034, -0.000198962
68.046, 0.0581243, 0.000609195, -103.54, -1.51284, 1.56752, -3.08036, -0.000198989
68.0512, 0.0574995, 0.000442944, -103.508, -1.51285, 1.56753, -3.08038, -0.000199017
68.0564, 0.0573394, -0.00017104, -103.475, -1.51287, 1.56753, -3.0804, -0.000199045
68.0616, 0.057794, -0.000590082, -103.443, -1.51289, 1.56753, -3.08042, -0.000199072
68.0667, 0.0583706, -0.00037612, -103.411, -1.5129, 1.56754, -3.08044, -0.0001991
68.0719, 0.0584493, 0.00024684, -103.378, -1.51292, 1.56754, -3.08046, -0.000199127
68.0771, 0.0579312, 0.000627871, -103.346, -1.51293, 1.56754, -3.08048, -0.000199155
68.0823, 0.0573404, 0.000369373, -103.313, -1.51295, 1.56755, -3.0805, -0.000199183
68.0875, 0.0572763, -0.00025855, -103.281, -1.51297, 1.56755, -3.08052, -0.00019921
68.0927, 0.0577883, -0.000600919, -103.249, -1.51298, 1.56755, -3.08053, -0.000199238
68.0979, 0.0583255, -0.00030112, -103.216, -1.513, 1.56755, -3.08055, -0.000199266
68.103, 0.0583112, 0.000328189, -103.184, -1.51302, 1.56756, -3.08057, -0.000199293
68.1082, 0.0577438, 0.000631731, -103.152, -1.51303, 1.56756, -3.08059, -0.000199321
68.1134, 0.0571968, 0.000293928, -103.12, -1.51305, 1.56756, -3.08061, -0.000199348
68.1186, 0.057222, -0.00033357, -103.087, -1.51307, 1.56757, -3.08063, -0.000199376
68.1238, 0.0577759, -0.000598499, -103.055, -1.51308, 1.56757, -3.08065, -0.000199404
68.129, 0.0582658, -0.000225937, -103.023, -1.5131, 1.56757, -3.08067, -0.000199431
68.1342, 0.0581664, 0.000396993, -102.99, -1.51311, 1.56758, -3.08069, -0.000199459
68.1393, 0.0575641, 0.000623906, -102.958, -1.51313, 1.56758, -3.08071, -0.000199487
68.1445, 0.0570669, 0.000219794, -102.926, -1.51315, 1.56758, -3.08073, -0.000199514
68.1497, 0.0571729, -0.000396179, -102.894, -1.51316, 1.56758, -3.08075, -0.000199542
68.1549, 0.0577551, -0.000585949, -102.862, -1.51318, 1.56759, -3.08077, -0.00019957
68.1601, 0.0581936, -0.000153365, -102.829, -1.5132, 1.56759, -3.08079, -0.000199597
68.1653, 0.058018, 0.000453679, -102.797, -1.51321, 1.56759, -3.08081, -0.000199625
68.1705, 0.0573934, 0.000607468, -102.765, -1.51323, 1.5676, -3.08083, -0.000199653
68.1756, 0.0569485, 0.00014939, -102.733, -1.51325, 1.5676, -3.08084, -0.00019968
68.1808, 0.0571259, -0.000447093, -102.701, -1.51326, 1.5676, -3.08086, -0.000199708
68.186, 0.0577251, -0.000566247, -102.669, -1.51328, 1.56761, -3.08088, -0.000199736
68.1912, 0.058111, -8.54688e-05, -102.636, -1.51329, 1.56761, -3.0809, -0.000199763
68.1964, 0.057869, 0.000499197, -102.604, -1.51331, 1.56761, -3.08092, -0.000199791
68.2016, 0.0572321, 0.00058527, -102.572, -1.51333, 1.56761, -3.08094, -0.000199819
68.2068, 0.0568395, 8.44434e-05, -102.54, -1.51334, 1.56762, -3.08096, -0.000199847
68.2119, 0.0570784, -0.000487446, -102.508, -1.51336, 1.56762, -3.08098, -0.000199874
68.2171, 0.0576858, -0.000542099, -102.476, -1.51338, 1.56762, -3.081, -0.000199902
68.2223, 0.0580203, -2.36654e-05, -102.444, -1.51339, 1.56763, -3.08102, -0.00019993
68.2275, 0.0577216, 0.00053482, -102.412, -1.51341, 1.56763, -3.08104, -0.000199957
68.2327, 0.0570801, 0.000559851, -102.38, -1.51342, 1.56763, -3.08106, -0.000199985
68.2379, 0.0567376, 2.60929e-05, -102.348, -1.51344, 1.56764, -3.08108, -0.000200013
68.2431, 0.0570285, -0.000518608, -102.316, -1.51346, 1.56764, -3.0811, -0.000200041
68.2482, 0.0576374, -0.000515863, -102.284, -1.51347, 1.56764, -3.08112, -0.000200068
68.2534, 0.0579236, 3.11576e-05, -102.252, -1.51349, 1.56764, -3.08114, -0.000200096
68.2586, 0.0575775, 0.000561977, -102.22, -1.51351, 1.56765, -3.08115, -0.000200124
68.2638, 0.056937, 0.000533386, -102.188, -1.51352, 1.56765, -3.08117, -0.000200152
68.269, 0.0566408, -2.49961e-05, -102.156, -1.51354, 1.56765, -3.08119, -0.000200179
68.2742, 0.0569747, -0.000542034, -102.124, -1.51356, 1.56766, -3.08121, -0.000200207
68.2794, 0.0575805, -0.000489532, -102.092, -1.51357, 1.56766, -3.08123, -0.000200235
68.2845, 0.0578228, 7.85268e-05, -102.06, -1.51359, 1.56766, -3.08125, -0.000200263
68.2897, 0.057438, 0.000582119, -102.028, -1.5136, 1.56767, -3.08127, -0.00020029
68.2949, 0.0568023, 0.000507685, -101.996, -1.51362, 1.56767, -3.08129, -0.000200318
68.3001, 0.0565472, -6.85136e-05, -101.964, -1.51364, 1.56767, -3.08131, -0.000200346
68.3053, 0.0569157, -0.000559148, -101.932, -1.51365, 1.56768, -3.08133, -0.000200374
68.3105, 0.0575157, -0.000464733, -101.9, -1.51367, 1.56768, -3.08135, -0.000200402
68.3159, 0.0577144, 0.00014318, -101.867, -1.51369, 1.56768, -3.08137, -0.00020043
68.3212, 0.0572546, 0.000611935, -101.834, -1.5137, 1.56768, -3.08139, -0.000200459
68.3266, 0.0566187, 0.000431308, -101.801, -1.51372, 1.56769, -3.08141, -0.000200488
68.332, 0.0564803, -0.000201787, -101.768, -1.51374, 1.56769, -3.08143, -0.000200517
68.3374, 0.0569712, -0.000598666, -101.735, -1.51375, 1.56769, -3.08145, -0.000200546
68.3428, 0.0575391, -0.000328162, -101.702, -1.51377, 1.5677, -3.08147, -0.000200575
68.3482, 0.0575488, 0.000315537, -101.669, -1.51379, 1.5677, -3.08149, -0.000200604
68.3536, 0.0569717, 0.000633499, -101.636, -1.51381, 1.5677, -3.08151, -0.000200633
68.3589, 0.0564159, 0.000280988, -101.603, -1.51382, 1.56771, -3.08153, -0.000200661
68.3643, 0.0564655, -0.000359399, -101.57, -1.51384, 1.56771, -3.08155, -0.00020069
68.3697, 0.0570482, -0.000593587, -101.537, -1.51386, 1.56771, -3.08157, -0.000200719
68.3751, 0.0575143, -0.000168208, -101.504, -1.51387, 1.56772, -3.08159, -0.000200748
68.3805, 0.057341, 0.000455961, -101.471, -1.51389, 1.56772, -3.08161, -0.000200777
68.3859, 0.056698, 0.000603667, -101.438, -1.51391, 1.56772, -3.08163, -0.000200806
68.3913, 0.0562623, 0.000115528, -101.405, -1.51392, 1.56773, -3.08165, -0.000200835
68.3966, 0.0564862, -0.000480685, -101.372, -1.51394, 1.56773, -3.08167, -0.000200864
68.402, 0.0571094, -0.000541137, -101.339, -1.51396, 1.56773, -3.08169, -0.000200893
68.4074, 0.0574407, -9.12988e-07, -101.306, -1.51397, 1.56773, -3.08171, -0.000200922
68.4128, 0.0571049, 0.000556997, -101.274, -1.51399, 1.56774, -3.08173, -0.000200951
68.4182, 0.056446, 0.000531236, -101.241, -1.51401, 1.56774, -3.08175, -0.00020098
68.4236, 0.0561558, -5.00844e-05, -101.208, -1.51402, 1.56774, -3.08177, -0.000201009
68.429, 0.0565283, -0.000560771, -101.175, -1.51404, 1.56775, -3.08179, -0.000201037
68.4344, 0.0571441, -0.00045138, -101.142, -1.51406, 1.56775, -3.08181, -0.000201066
68.4397, 0.0573227, 0.00016008, -101.109, -1.51408, 1.56775, -3.08183, -0.000201095
68.4451, 0.0568542, 0.000616163, -101.076, -1.51409, 1.56776, -3.08185, -0.000201124
68.4505, 0.0562241, 0.000427099, -101.044, -1.51411, 1.56776, -3.08187, -0.000201153
68.4559, 0.0560908, -0.000203758, -101.011, -1.51413, 1.56776, -3.08189, -0.000201182
68.4613, 0.0565787, -0.000599335, -100.978, -1.51414, 1.56777, -3.08191, -0.000201211
68.4667, 0.0571463, -0.000335639, -100.945, -1.51416, 1.56777, -3.08193, -0.00020124
68.4721, 0.0571672, 0.000304359, -100.912, -1.51418, 1.56777, -3.08195, -0.000201269
68.4774, 0.0566012, 0.000635032, -100.88, -1.51419, 1.56778, -3.08197, -0.000201298
68.4828, 0.0560365, 0.000302655, -100.847, -1.51421, 1.56778, -3.08199, -0.000201327
68.4882, 0.0560589, -0.000336817, -100.814, -1.51423, 1.56778, -3.08201, -0.000201356
68.4936, 0.0566262, -0.000599559, -100.781, -1.51424, 1.56779, -3.08203, -0.000201385
68.499, 0.0571138, -0.00020508, -100.749, -1.51426, 1.56779, -3.08205, -0.000201414
68.5044, 0.0569831, 0.000424986, -100.716, -1.51428, 1.56779, -3.08207, -0.000201443
68.5098, 0.0563559, 0.000618106, -100.683, -1.5143, 1.56779, -3.08209, -0.000201472
68.5151, 0.0558835, 0.000168586, -100.651, -1.51431, 1.5678, -3.08211, -0.000201501
68.5205, 0.0560513, -0.000444011, -100.618, -1.51433, 1.5678, -3.08213, -0.00020153
68.5259, 0.0566622, -0.000566979, -100.585, -1.51435, 1.5678, -3.08215, -0.000201559
68.5313, 0.0570475, -6.97019e-05, -100.553, -1.51436, 1.56781, -3.08217, -0.000201588
68.5367, 0.0567794, 0.000518305, -100.52, -1.51438, 1.56781, -3.08219, -0.000201617
68.5421, 0.0561255, 0.000571686, -100.487, -1.5144, 1.56781, -3.08221, -0.000201646
68.5475, 0.055763, 3.40501e-05, -100.455, -1.51441, 1.56782, -3.08223, -0.000201675
68.5528, 0.0560589, -0.000523156, -100.422, -1.51443, 1.56782, -3.08225, -0.000201705
68.5582, 0.0566807, -0.000508411, -100.39, -1.51445, 1.56782, -3.08227, -0.000201734
68.5636, 0.0569506, 6.22828e-05, -100.357, -1.51446, 1.56783, -3.08229, -0.000201763
68.569, 0.0565647, 0.00058346, -100.325, -1.51448, 1.56783, -3.08231, -0.000201792
68.5744, 0.0559146, 0.00050287, -100.292, -1.5145, 1.56783, -3.08233, -0.000201821
68.5798, 0.0556709, -9.37473e-05, -100.259, -1.51451, 1.56784, -3.08235, -0.00020185
68.5852, 0.0560736, -0.000574569, -100.227, -1.51453, 1.56784, -3.08237, -0.000201879
68.5906, 0.0566783, -0.000431039, -100.194, -1.51455, 1.56784, -3.08239, -0.000201908
68.5959, 0.0568279, 0.000184706, -100.162, -1.51457, 1.56784, -3.08241, -0.000201937
68.6013, 0.0563466, 0.000621777, -100.129, -1.51458, 1.56785, -3.08243, -0.000201966
68.6067, 0.0557254, 0.000418761, -100.097, -1.5146, 1.56785, -3.08245, -0.000201995
68.6121, 0.0556021, -0.000209672, -100.065, -1.51462, 1.56785, -3.08247, -0.000202024
68.6175, 0.0560886, -0.000600417, -100.032, -1.51463, 1.56786, -3.08249, -0.000202053
68.6229, 0.056654, -0.000341736, -99.9996, -1.51465, 1.56786, -3.08251, -0.000202083
68.6283, 0.0566848, 0.000293437, -99.9672, -1.51467, 1.56786, -3.08253, -0.000202112
68.6336, 0.0561311, 0.000636105, -99.9347, -1.51468, 1.56787, -3.08255, -0.000202141
68.639, 0.0555583, 0.000325887, -99.9023, -1.5147, 1.56787, -3.08257, -0.00020217
68.6444, 0.055551, -0.000310549, -99.8699, -1.51472, 1.56787, -3.08259, -0.000202199
68.6498, 0.0560987, -0.00060408, -99.8375, -1.51473, 1.56788, -3.08261, -0.000202228
68.6552, 0.0566082, -0.000246599, -99.8052, -1.51475, 1.56788, -3.08263, -0.000202257
68.6606, 0.0565268, 0.000386193, -99.7728, -1.51477, 1.56788, -3.08265, -0.000202286
68.666, 0.0559227, 0.000630213, -99.7404, -1.51478, 1.56789, -3.08267, -0.000202316
68.6713, 0.055412, 0.000229851, -99.7081, -1.5148, 1.56789, -3.08269, -0.000202345
68.6767, 0.0555121, -0.000394911, -99.6758, -1.51482, 1.56789, -3.08271, -0.000202374
68.6821, 0.0561002, -0.000589591, -99.6434, -1.51484, 1.56789, -3.08273, -0.000202403
68.6875, 0.0565427, -0.000150695, -99.6111, -1.51485, 1.5679, -3.08275, -0.000202432
68.6929, 0.0563592, 0.000462237, -99.5788, -1.51487, 1.5679, -3.08277, -0.000202461
68.6983, 0.0557243, 0.000608284, -99.5465, -1.51489, 1.5679, -3.08279, -0.00020249
68.7037, 0.0552841, 0.000135158, -99.5143, -1.5149, 1.56791, -3.08281, -0.00020252
68.7091, 0.0554806, -0.000462662, -99.482, -1.51492, 1.56791, -3.08283, -0.000202549
68.7144, 0.0560906, -0.000561179, -99.4498, -1.51494, 1.56791, -3.08285, -0.000202578
68.7198, 0.0564601, -5.79642e-05, -99.4175, -1.51495, 1.56792, -3.08287, -0.000202607
68.7252, 0.0561865, 0.000522027, -99.3853, -1.51497, 1.56792, -3.08289, -0.000202636
68.7306, 0.0555378, 0.00057451, -99.3531, -1.51499, 1.56792, -3.08291, -0.000202665
68.736, 0.055172, 4.51944e-05, -99.3209, -1.515, 1.56793, -3.08293, -0.000202695
68.7414, 0.0554522, -0.00051473, -99.2887, -1.51502, 1.56793, -3.08295, -0.000202724
68.7468, 0.0560689, -0.000522934, -99.2565, -1.51504, 1.56793, -3.08297, -0.000202753
68.7521, 0.0563636, 2.87448e-05, -99.2243, -1.51505, 1.56794, -3.08299, -0.000202782
68.7575, 0.0560127, 0.000566879, -99.1921, -1.51507, 1.56794, -3.08301, -0.000202811
68.7629, 0.0553636, 0.000532823, -99.16, -1.51509, 1.56794, -3.08303, -0.000202841
68.7683, 0.0550724, -3.77015e-05, -99.1278, -1.5151, 1.56794, -3.08305, -0.00020287
68.7737, 0.0554234, -0.000552741, -99.0957, -1.51512, 1.56795, -3.08307, -0.000202899
68.7791, 0.056035, -0.000478586, -99.0636, -1.51514, 1.56795, -3.08309, -0.000202928
68.7845, 0.0562561, 0.000107568, -99.0315, -1.51516, 1.56795, -3.08311, -0.000202958
68.7898, 0.0558407, 0.000598654, -98.9994, -1.51517, 1.56796, -3.08313, -0.000202987
68.7952, 0.0552016, 0.000486718, -98.9673, -1.51519, 1.56796, -3.08315, -0.000203016
68.8006, 0.0549822, -0.000112099, -98.9352, -1.51521, 1.56796, -3.08317, -0.000203045
68.806, 0.0553916, -0.000578723, -98.9032, -1.51522, 1.56797, -3.08319, -0.000203075
68.8114, 0.0559892, -0.000431373, -98.8711, -1.51524, 1.56797, -3.08321, -0.000203104
68.8168, 0.0561408, 0.000177466, -98.8391, -1.51526, 1.56797, -3.08323, -0.000203133
68.8222, 0.0556729, 0.000619494, -98.8071, -1.51527, 1.56798, -3.08325, -0.000203162
68.8276, 0.055051, 0.000439167, -98.775, -1.51529, 1.56798, -3.08327, -0.000203192
68.8329, 0.0548986, -0.000177308, -98.743, -1.51531, 1.56798, -3.08329, -0.000203221
68.8383, 0.0553549, -0.000594884, -98.711, -1.51532, 1.56799, -3.08331, -0.00020325
68.8437, 0.0559327, -0.000383994, -98.6791, -1.51534, 1.56799, -3.08333, -0.000203279
68.8491, 0.0560204, 0.000238051, -98.6471, -1.51536, 1.56799, -3.08335, -0.000203309
68.8545, 0.0555109, 0.000631623, -98.6151, -1.51537, 1.568, -3.08337, -0.000203338
68.8599, 0.0549107, 0.000392598, -98.5832, -1.51539, 1.568, -3.08339, -0.000203367
68.8653, 0.0548188, -0.0002332, -98.5512, -1.51541, 1.568, -3.08341, -0.000203397
68.8706, 0.0553119, -0.000603425, -98.5193, -1.51542, 1.568, -3.08343, -0.000203426
68.876, 0.0558667, -0.000338618, -98.4874, -1.51544, 1.56801, -3.08345, -0.000203455
68.8814, 0.0558974, 0.000289414, -98.4555, -1.51546, 1.56801, -3.08347, -0.000203484
68.8868, 0.0553557, 0.000637191, -98.4236, -1.51547, 1.56801, -3.08349, -0.000203514
68.8922, 0.0547793, 0.000348926, -98.3917, -1.51549, 1.56802, -3.08351, -0.000203543
68.8976, 0.0547406, -0.000280042, -98.3598, -1.51551, 1.56802, -3.08353, -0.000203572
68.903, 0.0552618, -0.000606419, -98.328, -1.51553, 1.56802, -3.08355, -0.000203602
68.9083, 0.0557926, -0.000296918, -98.2961, -1.51554, 1.56803, -3.08357, -0.000203631
68.9137, 0.0557739, 0.000331962, -98.2643, -1.51556, 1.56803, -3.08359, -0.00020366
68.9191, 0.055208, 0.000638172, -98.2325, -1.51558, 1.56803, -3.08361, -0.00020369
68.9245, 0.0546553, 0.000309606, -98.2007, -1.51559, 1.56804, -3.08363, -0.000203719
68.9299, 0.0546622, -0.000318351, -98.1689, -1.51561, 1.56804, -3.08365, -0.000203748
68.9353, 0.0552041, -0.000605726, -98.1371, -1.51563, 1.56804, -3.08367, -0.000203778
68.9407, 0.0557117, -0.000260148, -98.1053, -1.51564, 1.56805, -3.08369, -0.000203807
68.946, 0.0556516, 0.000366287, -98.0735, -1.51566, 1.56805, -3.08371, -0.000203836
68.9514, 0.055068, 0.000636301, -98.0418, -1.51568, 1.56805, -3.08373, -0.000203866
68.9568, 0.0545376, 0.000275704, -98.01, -1.51569, 1.56805, -3.08375, -0.000203895
68.9622, 0.0545819, -0.000348762, -97.9783, -1.51571, 1.56806, -3.08377, -0.000203924
68.9678, 0.0551636, -0.000599586, -97.9453, -1.51573, 1.56806, -3.08379, -0.000203955
68.9734, 0.0556425, -0.000180934, -97.9123, -1.51574, 1.56806, -3.08381, -0.000203986
68.979, 0.0554792, 0.000451691, -97.8794, -1.51576, 1.56807, -3.08383, -0.000204016
68.9846, 0.0548325, 0.000610889, -97.8465, -1.51578, 1.56807, -3.08385, -0.000204047
68.9902, 0.0543859, 0.000124115, -97.8135, -1.5158, 1.56807, -3.08387, -0.000204077
68.9958, 0.054605, -0.000480042, -97.7806, -1.51581, 1.56808, -3.08389, -0.000204108
69.0014, 0.0552328, -0.000546354, -97.7477, -1.51583, 1.56808, -3.08391, -0.000204138
69.007, 0.0555699, -3.2874e-06, -97.7149, -1.51585, 1.56808, -3.08393, -0.000204169
69.0126, 0.0552324, 0.000560588, -97.682, -1.51587, 1.56809, -3.08395, -0.000204199
69.0182, 0.0545672, 0.000534908, -97.6491, -1.51588, 1.56809, -3.08397, -0.00020423
69.0238, 0.0542753, -5.21725e-05, -97.6163, -1.5159, 1.56809, -3.084, -0.00020426
69.0294, 0.0546531, -0.000565589, -97.5834, -1.51592, 1.5681, -3.08402, -0.000204291
69.035, 0.0552732, -0.000450656, -97.5506, -1.51594, 1.5681, -3.08404, -0.000204322
69.0406, 0.055447, 0.000168127, -97.5178, -1.51595, 1.5681, -3.08406, -0.000204352
69.0462, 0.0549685, 0.000622683, -97.485, -1.51597, 1.56811, -3.08408, -0.000204383
69.0518, 0.0543353, 0.000422882, -97.4522, -1.51599, 1.56811, -3.0841, -0.000204413
69.0574, 0.0542113, -0.000215499, -97.4194, -1.51601, 1.56811, -3.08412, -0.000204444
69.063, 0.0547109, -0.000604518, -97.3867, -1.51602, 1.56812, -3.08414, -0.000204475
69.0686, 0.0552772, -0.000325537, -97.3539, -1.51604, 1.56812, -3.08416, -0.000204505
69.0742, 0.055282, 0.000320869, -97.3212, -1.51606, 1.56812, -3.08418, -0.000204536
69.0798, 0.0547019, 0.000639435, -97.2884, -1.51608, 1.56813, -3.0842, -0.000204566
69.0854, 0.0541418, 0.000288051, -97.2557, -1.51609, 1.56813, -3.08422, -0.000204597
69.0909, 0.0541846, -0.000355486, -97.223, -1.51611, 1.56813, -3.08424, -0.000204628
69.0965, 0.0547652, -0.000600293, -97.1903, -1.51613, 1.56814, -3.08426, -0.000204658
69.1021, 0.0552419, -0.000184037, -97.1576, -1.51615, 1.56814, -3.08428, -0.000204689
69.1077, 0.055085, 0.000446644, -97.125, -1.51616, 1.56814, -3.08431, -0.00020472
69.1133, 0.0544444, 0.000615954, -97.0923, -1.51618, 1.56815, -3.08433, -0.00020475
69.1189, 0.0539877, 0.000142922, -97.0597, -1.5162, 1.56815, -3.08435, -0.000204781
69.1245, 0.0541847, -0.000465876, -97.027, -1.51622, 1.56815, -3.08437, -0.000204811
69.1301, 0.0548058, -0.000559317, -96.9944, -1.51623, 1.56816, -3.08439, -0.000204842
69.1357, 0.0551683, -3.78701e-05, -96.9618, -1.51625, 1.56816, -3.08441, -0.000204873
69.1413, 0.0548666, 0.000541125, -96.9292, -1.51627, 1.56816, -3.08443, -0.000204903
69.1469, 0.0542046, 0.000559601, -96.8966, -1.51628, 1.56816, -3.08445, -0.000204934
69.1525, 0.0538702, -1.779e-06, -96.864, -1.5163, 1.56817, -3.08447, -0.000204965
69.1581, 0.0542011, -0.000544128, -96.8315, -1.51632, 1.56817, -3.08449, -0.000204995
69.1637, 0.0548258, -0.000489592, -96.7989, -1.51634, 1.56817, -3.08451, -0.000205026
69.1693, 0.0550604, 0.000103369, -96.7664, -1.51635, 1.56818, -3.08453, -0.000205057
69.1749, 0.0546369, 0.000603384, -96.7339, -1.51637, 1.56818, -3.08455, -0.000205087
69.1805, 0.0539878, 0.000478731, -96.7013, -1.51639, 1.56818, -3.08457, -0.000205118
69.1861, 0.0537845, -0.000137678, -96.6688, -1.51641, 1.56819, -3.08459, -0.000205149
69.1917, 0.0542243, -0.000590734, -96.6363, -1.51642, 1.56819, -3.08461, -0.00020518
69.1973, 0.0548214, -0.000399574, -96.6039, -1.51644, 1.56819, -3.08464, -0.00020521
69.2029, 0.0549237, 0.000232564, -96.5714, -1.51646, 1.5682, -3.08466, -0.000205241
69.2085, 0.0544047, 0.000635127, -96.5389, -1.51648, 1.5682, -3.08468, -0.000205272
69.2141, 0.0537963, 0.000381689, -96.5065, -1.51649, 1.5682, -3.0847, -0.000205302
69.2197, 0.0537245, -0.000258911, -96.4741, -1.51651, 1.56821, -3.08472, -0.000205333
69.2253, 0.0542465, -0.00060841, -96.4416, -1.51653, 1.56821, -3.08474, -0.000205364
69.2309, 0.0547914, -0.000297318, -96.4092, -1.51655, 1.56821, -3.08476, -0.000205395
69.2365, 0.0547648, 0.00034507, -96.3768, -1.51656, 1.56822, -3.08478, -0.000205425
69.2421, 0.0541768, 0.000639884, -96.3445, -1.51658, 1.56822, -3.0848, -0.000205456
69.2477, 0.0536303, 0.000276092, -96.3121, -1.5166, 1.56822, -3.08482, -0.000205487
69.2533, 0.0536835, -0.000361994, -96.2797, -1.51662, 1.56823, -3.08484, -0.000205518
69.2589, 0.0542617, -0.000601305, -96.2474, -1.51663, 1.56823, -3.08486, -0.000205548
69.2645, 0.0547368, -0.000189897, -96.215, -1.51665, 1.56823, -3.08488, -0.000205579
69.2701, 0.0545902, 0.000438478, -96.1827, -1.51667, 1.56824, -3.0849, -0.00020561
69.2757, 0.0539583, 0.000622245, -96.1504, -1.51668, 1.56824, -3.08492, -0.000205641
69.2813, 0.053488, 0.000168393, -96.1181, -1.5167, 1.56824, -3.08494, -0.000205671
69.2869, 0.0536553, -0.000445493, -96.0858, -1.51672, 1.56825, -3.08497, -0.000205702
69.2925, 0.0542657, -0.000574295, -96.0535, -1.51674, 1.56825, -3.08499, -0.000205733
69.2981, 0.0546598, -8.30906e-05, -96.0213, -1.51675, 1.56825, -3.08501, -0.000205764
69.3037, 0.0544059, 0.000512226, -95.989, -1.51677, 1.56826, -3.08503, -0.000205795
69.3093, 0.0537525, 0.000587234, -95.9568, -1.51679, 1.56826, -3.08505, -0.000205825
69.3148, 0.0533665, 6.36744e-05, -95.9245, -1.51681, 1.56826, -3.08507, -0.000205856
69.3204, 0.053634, -0.000509609, -95.8923, -1.51682, 1.56827, -3.08509, -0.000205887
69.326, 0.0542562, -0.000532428, -95.8601, -1.51684, 1.56827, -3.08511, -0.000205918
69.3316, 0.0545638, 1.87177e-05, -95.8279, -1.51686, 1.56827, -3.08513, -0.000205949
69.3372, 0.0542172, 0.000567165, -95.7957, -1.51688, 1.56828, -3.08515, -0.000205979
69.3428, 0.053561, 0.000539816, -95.7635, -1.51689, 1.56828, -3.08517, -0.00020601
69.3484, 0.0532624, -3.4366e-05, -95.7314, -1.51691, 1.56828, -3.08519, -0.000206041
69.354, 0.0536148, -0.000555734, -95.6992, -1.51693, 1.56829, -3.08521, -0.000206072
69.3596, 0.0542321, -0.000480507, -95.6671, -1.51694, 1.56829, -3.08523, -0.000206103
69.3652, 0.0544524, 0.000112489, -95.635, -1.51696, 1.56829, -3.08525, -0.000206134
69.3708, 0.0540286, 0.000605126, -95.6028, -1.51698, 1.56829, -3.08527, -0.000206164
69.3764, 0.0533842, 0.00048457, -95.5707, -1.517, 1.5683, -3.0853, -0.000206195
69.382, 0.0531718, -0.000123308, -95.5386, -1.51701, 1.5683, -3.08532, -0.000206226
69.3876, 0.053594, -0.000586044, -95.5066, -1.51703, 1.5683, -3.08534, -0.000206257
69.3932, 0.0541936, -0.000422835, -95.4745, -1.51705, 1.56831, -3.08536, -0.000206288
69.3988, 0.0543296, 0.000196375, -95.4424, -1.51707, 1.56831, -3.08538, -0.000206319
69.4044, 0.0538432, 0.00062854, -95.4104, -1.51708, 1.56831, -3.0854, -0.00020635
69.41, 0.0532215, 0.000425486, -95.3784, -1.5171, 1.56832, -3.08542, -0.000206381
69.4156, 0.053091, -0.000201826, -95.3463, -1.51712, 1.56832, -3.08544, -0.000206411
69.4212, 0.0535687, -0.000603141, -95.3143, -1.51714, 1.56832, -3.08546, -0.000206442
69.4268, 0.0541416, -0.000363067, -95.2823, -1.51715, 1.56833, -3.08548, -0.000206473
69.4324, 0.0541987, 0.000269514, -95.2504, -1.51717, 1.56833, -3.0855, -0.000206504
69.438, 0.0536635, 0.000640113, -95.2184, -1.51719, 1.56833, -3.08552, -0.000206535
69.4436, 0.0530717, 0.000365876, -95.1864, -1.51721, 1.56834, -3.08554, -0.000206566
69.4492, 0.0530166, -0.000269465, -95.1545, -1.51722, 1.56834, -3.08556, -0.000206597
69.4548, 0.053537, -0.000609778, -95.1225, -1.51724, 1.56834, -3.08558, -0.000206628
69.4604, 0.0540776, -0.00030417, -95.0906, -1.51726, 1.56835, -3.0856, -0.000206659
69.466, 0.0540632, 0.000331805, -95.0587, -1.51727, 1.56835, -3.08562, -0.00020669
69.4716, 0.0534912, 0.000642589, -95.0268, -1.51729, 1.56835, -3.08564, -0.00020672
69.4772, 0.0529331, 0.000308368, -94.9949, -1.51731, 1.56836, -3.08567, -0.000206751
69.4828, 0.0529456, -0.000326421, -94.963, -1.51733, 1.56836, -3.08569, -0.000206782
69.4884, 0.0534975, -0.000608646, -94.9311, -1.51734, 1.56836, -3.08571, -0.000206813
69.494, 0.0540033, -0.000248447, -94.8993, -1.51736, 1.56837, -3.08573, -0.000206844
69.4996, 0.0539257, 0.000383689, -94.8674, -1.51738, 1.56837, -3.08575, -0.000206875
69.5052, 0.053327, 0.000638575, -94.8356, -1.5174, 1.56837, -3.08577, -0.000206906
69.5108, 0.052804, 0.000254957, -94.8038, -1.51741, 1.56838, -3.08579, -0.000206937
69.5164, 0.0528753, -0.000373331, -94.772, -1.51743, 1.56838, -3.08581, -0.000206968
69.5222, 0.0534746, -0.000597538, -94.7389, -1.51745, 1.56838, -3.08583, -0.000207
69.528, 0.0539351, -0.00014789, -94.7059, -1.51747, 1.56839, -3.08585, -0.000207032
69.5338, 0.053732, 0.000481906, -94.6729, -1.51748, 1.56839, -3.08587, -0.000207065
69.5396, 0.0530686, 0.000601263, -94.6399, -1.5175, 1.56839, -3.08589, -0.000207097
69.5454, 0.0526525, 7.97331e-05, -94.6069, -1.51752, 1.5684, -3.08592, -0.000207129
69.5513, 0.0529193, -0.000511207, -94.5739, -1.51754, 1.5684, -3.08594, -0.000207161
69.5571, 0.0535571, -0.000524847, -94.5409, -1.51756, 1.5684, -3.08596, -0.000207193
69.5629, 0.0538484, 5.33653e-05, -94.5079, -1.51757, 1.56841, -3.08598, -0.000207226
69.5687, 0.0534554, 0.000591118, -94.475, -1.51759, 1.56841, -3.086, -0.000207258
69.5745, 0.0527882, 0.000501092, -94.4421, -1.51761, 1.56841, -3.08602, -0.00020729
69.5803, 0.0525556, -0.000118038, -94.4092, -1.51763, 1.56842, -3.08604, -0.000207322
69.5862, 0.0529914, -0.000590542, -94.3762, -1.51765, 1.56842, -3.08607, -0.000207355
69.592, 0.0536005, -0.000401398, -94.3434, -1.51766, 1.56842, -3.08609, -0.000207387
69.5978, 0.0536996, 0.000242901, -94.3105, -1.51768, 1.56843, -3.08611, -0.000207419
69.6036, 0.0531616, 0.000640548, -94.2776, -1.5177, 1.56843, -3.08613, -0.000207451
69.6094, 0.0525527, 0.00035902, -94.2447, -1.51772, 1.56843, -3.08615, -0.000207484
69.6152, 0.0525156, -0.000295094, -94.2119, -1.51774, 1.56844, -3.08617, -0.000207516
69.6211, 0.0530708, -0.000610683, -94.1791, -1.51775, 1.56844, -3.08619, -0.000207548
69.6269, 0.0535953, -0.000245211, -94.1462, -1.51777, 1.56844, -3.08621, -0.00020758
69.6327, 0.0535004, 0.000404202, -94.1134, -1.51779, 1.56845, -3.08624, -0.000207613
69.6385, 0.05287, 0.000632951, -94.0806, -1.51781, 1.56845, -3.08626, -0.000207645
69.6443, 0.0523683, 0.000193346, -94.0479, -1.51783, 1.56845, -3.08628, -0.000207677
69.6501, 0.0525193, -0.000437925, -94.0151, -1.51784, 1.56846, -3.0863, -0.000207709
69.656, 0.0531396, -0.000577275, -93.9823, -1.51786, 1.56846, -3.08632, -0.000207742
69.6618, 0.0535384, -7.42496e-05, -93.9496, -1.51788, 1.56846, -3.08634, -0.000207774
69.6676, 0.0532651, 0.000526809, -93.9169, -1.5179, 1.56847, -3.08636, -0.000207806
69.6734, 0.0525961, 0.00057632, -93.8841, -1.51792, 1.56847, -3.08639, -0.000207839
69.6792, 0.0522348, 2.11846e-05, -93.8514, -1.51793, 1.56847, -3.08641, -0.000207871
69.685, 0.0525515, -0.000539051, -93.8187, -1.51795, 1.56848, -3.08643, -0.000207903
69.6909, 0.0531849, -0.000500114, -93.786, -1.51797, 1.56848, -3.08645, -0.000207936
69.6967, 0.0534326, 9.56306e-05, -93.7534, -1.51799, 1.56848, -3.08647, -0.000207968
69.7025, 0.0530087, 0.00060606, -93.7207, -1.51801, 1.56849, -3.08649, -0.000208
69.7083, 0.0523508, 0.000481728, -93.6881, -1.51802, 1.56849, -3.08651, -0.000208033
69.7141, 0.0521474, -0.000143169, -93.6554, -1.51804, 1.56849, -3.08653, -0.000208065
69.7199, 0.0525977, -0.000596398, -93.6228, -1.51806, 1.5685, -3.08656, -0.000208097
69.7258, 0.0531981, -0.000391062, -93.5902, -1.51808, 1.5685, -3.08658, -0.00020813
69.7316, 0.0532845, 0.0002519, -93.5576, -1.51809, 1.5685, -3.0866, -0.000208162
69.7374, 0.0527453, 0.000642185, -93.525, -1.51811, 1.56851, -3.08662, -0.000208194
69.7432, 0.0521399, 0.000361385, -93.4925, -1.51813, 1.56851, -3.08664, -0.000208227
69.749, 0.0520982, -0.000289071, -93.4599, -1.51815, 1.56851, -3.08666, -0.000208259
69.7548, 0.0526451, -0.000612189, -93.4273, -1.51817, 1.56852, -3.08668, -0.000208292
69.7606, 0.0531756, -0.000262294, -93.3948, -1.51818, 1.56852, -3.0867, -0.000208324
69.7665, 0.0531031, 0.000385841, -93.3623, -1.5182, 1.56852, -3.08673, -0.000208356
69.7723, 0.0524862, 0.000639073, -93.3298, -1.51822, 1.56853, -3.08675, -0.000208389
69.7781, 0.0519654, 0.000227106, -93.2973, -1.51824, 1.56853, -3.08677, -0.000208421
69.7839, 0.0520775, -0.000409706, -93.2648, -1.51826, 1.56853, -3.08679, -0.000208454
69.7897, 0.0526834, -0.000591649, -93.2323, -1.51827, 1.56854, -3.08681, -0.000208486
69.7955, 0.0531174, -0.000124997, -93.1999, -1.51829, 1.56854, -3.08683, -0.000208518
69.8014, 0.0528981, 0.000492463, -93.1674, -1.51831, 1.56854, -3.08685, -0.000208551
69.8072, 0.0522403, 0.000602969, -93.135, -1.51833, 1.56855, -3.08688, -0.000208583
69.813, 0.0518255, 8.92482e-05, -93.1025, -1.51835, 1.56855, -3.0869, -0.000208616
69.8188, 0.0520757, -0.000501785, -93.0701, -1.51836, 1.56855, -3.08692, -0.000208648
69.8246, 0.0527054, -0.000541744, -93.0377, -1.51838, 1.56856, -3.08694, -0.00020868
69.8304, 0.0530263, 1.14476e-05, -93.0053, -1.5184, 1.56856, -3.08696, -0.000208713
69.8363, 0.0526789, 0.000570027, -92.973, -1.51842, 1.56856, -3.08698, -0.000208745
69.8421, 0.0520132, 0.000541288, -92.9406, -1.51844, 1.56857, -3.087, -0.000208778
69.8479, 0.0517165, -4.38803e-05, -92.9083, -1.51845, 1.56857, -3.08702, -0.00020881
69.8537, 0.0520839, -0.00056495, -92.8759, -1.51847, 1.56857, -3.08705, -0.000208843
69.8595, 0.0527069, -0.000470098, -92.8436, -1.51849, 1.56858, -3.08707, -0.000208875
69.8653, 0.052907, 0.000139856, -92.8113, -1.51851, 1.56858, -3.08709, -0.000208908
69.8712, 0.0524538, 0.000619373, -92.779, -1.51852, 1.56858, -3.08711, -0.00020894
69.877, 0.051808, 0.000461652, -92.7467, -1.51854, 1.56859, -3.08713, -0.000208973
69.8828, 0.051633, -0.000166234, -92.7144, -1.51856, 1.56859, -3.08715, -0.000209005
69.8886, 0.0520943, -0.00060105, -92.6821, -1.51858, 1.56859, -3.08717, -0.000209038
69.8944, 0.0526859, -0.000384153, -92.6499, -1.5186, 1.5686, -3.08719, -0.00020907
69.9002, 0.052765, 0.0002553, -92.6176, -1.51861, 1.5686, -3.08722, -0.000209103
69.9061, 0.0522298, 0.000643177, -92.5854, -1.51863, 1.5686, -3.08724, -0.000209135
69.9119, 0.0516255, 0.000371183, -92.5532, -1.51865, 1.56861, -3.08726, -0.000209168
69.9177, 0.0515693, -0.000273952, -92.521, -1.51867, 1.56861, -3.08728, -0.0002092
69.9235, 0.0521012, -0.000613417, -92.4888, -1.51869, 1.56861, -3.0873, -0.000209233
69.9293, 0.0526428, -0.000290603, -92.4566, -1.5187, 1.56862, -3.08732, -0.000209265
69.9351, 0.0526064, 0.00035492, -92.4244, -1.51872, 1.56862, -3.08734, -0.000209298
69.941, 0.0520119, 0.000645259, -92.3923, -1.51874, 1.56862, -3.08736, -0.00020933
69.9468, 0.0514645, 0.000276064, -92.3602, -1.51876, 1.56863, -3.08739, -0.000209363
69.9526, 0.0515195, -0.000365097, -92.328, -1.51878, 1.56863, -3.08741, -0.000209395
69.9584, 0.0521, -0.000606206, -92.2959, -1.51879, 1.56863, -3.08743, -0.000209428
69.9642, 0.0525791, -0.000195064, -92.2638, -1.51881, 1.56864, -3.08745, -0.00020946
69.97, 0.0524367, 0.000437607, -92.2317, -1.51883, 1.56864, -3.08747, -0.000209493
69.9759, 0.0518036, 0.000629982, -92.1996, -1.51885, 1.56864, -3.08749, -0.000209526
69.9817, 0.0513231, 0.000181312, -92.1675, -1.51886, 1.56865, -3.08751, -0.000209558
69.9875, 0.0514783, -0.00043929, -92.1355, -1.51888, 1.56865, -3.08753, -0.000209591
69.9933, 0.0520881, -0.000583872, -92.1034, -1.5189, 1.56866, -3.08756, -0.000209623
69.9991, 0.0524974, -0.000101942, -92.0714, -1.51892, 1.56866, -3.08758, -0.000209656
70.0049, 0.0522609, 0.000503616, -92.0394, -1.51894, 1.56866, -3.0876, -0.000209688
70.0108, 0.051607, 0.00060179, -92.0074, -1.51895, 1.56867, -3.08762, -0.000209721
70.0166, 0.0511981, 9.07291e-05, -91.9754, -1.51897, 1.56867, -3.08764, -0.000209754
70.0224, 0.0514411, -0.000497321, -91.9434, -1.51899, 1.56867, -3.08766, -0.000209786
70.0282, 0.0520641, -0.000550771, -91.9114, -1.51901, 1.56868, -3.08768, -0.000209819
70.034, 0.0524009, -1.4454e-05, -91.8795, -1.51903, 1.56868, -3.0877, -0.000209851
70.0398, 0.0520833, 0.000554178, -91.8475, -1.51904, 1.56868, -3.08773, -0.000209884
70.0457, 0.0514229, 0.000564887, -91.8156, -1.51906, 1.56869, -3.08775, -0.000209917
70.0515, 0.0510865, 6.97562e-06, -91.7836, -1.51908, 1.56869, -3.08777, -0.000209949
70.0573, 0.0514041, -0.000540776, -91.7517, -1.5191, 1.56869, -3.08779, -0.000209982
70.0631, 0.0520276, -0.000510898, -91.7198, -1.51911, 1.5687, -3.08781, -0.000210015
70.0689, 0.0522929, 6.52574e-05, -91.6879, -1.51913, 1.5687, -3.08783, -0.000210047
70.0747, 0.0519072, 0.000591149, -91.6561, -1.51915, 1.5687, -3.08785, -0.00021008
70.0806, 0.0512513, 0.000523023, -91.6242, -1.51917, 1.56871, -3.08787, -0.000210112
70.0864, 0.0509849, -6.82799e-05, -91.5923, -1.51919, 1.56871, -3.08789, -0.000210145
70.0922, 0.0513643, -0.000571707, -91.5605, -1.5192, 1.56871, -3.08792, -0.000210178
70.098, 0.051979, -0.000467736, -91.5287, -1.51922, 1.56872, -3.08794, -0.00021021
70.1038, 0.0521765, 0.000135951, -91.4969, -1.51924, 1.56872, -3.08796, -0.000210243
70.1096, 0.0517351, 0.000616716, -91.465, -1.51926, 1.56872, -3.08798, -0.000210276
70.1155, 0.0510915, 0.000479397, -91.4333, -1.51928, 1.56873, -3.088, -0.000210308
70.1213, 0.0508902, -0.000134175, -91.4015, -1.51929, 1.56873, -3.08802, -0.000210341
70.1271, 0.0513195, -0.000592374, -91.3697, -1.51931, 1.56873, -3.08804, -0.000210374
70.1329, 0.0519193, -0.000424194, -91.3379, -1.51933, 1.56874, -3.08806, -0.000210407
70.1387, 0.0520547, 0.000197094, -91.3062, -1.51935, 1.56874, -3.08809, -0.000210439
70.1445, 0.0515688, 0.000633158, -91.2745, -1.51936, 1.56874, -3.08811, -0.000210472
70.1504, 0.0509424, 0.000436628, -91.2427, -1.51938, 1.56875, -3.08813, -0.000210505
70.1562, 0.0507997, -0.000190457, -91.211, -1.5194, 1.56875, -3.08815, -0.000210537
70.162, 0.0512684, -0.000605038, -91.1793, -1.51942, 1.56875, -3.08817, -0.00021057
70.1678, 0.0518497, -0.000382608, -91.1477, -1.51944, 1.56876, -3.08819, -0.000210603
70.1736, 0.0519301, 0.000248668, -91.116, -1.51945, 1.56876, -3.08821, -0.000210636
70.1794, 0.0514096, 0.000642682, -91.0843, -1.51947, 1.56876, -3.08823, -0.000210668
70.1853, 0.0508025, 0.000396784, -91.0527, -1.51949, 1.56877, -3.08826, -0.000210701
70.1911, 0.050711, -0.000237299, -91.021, -1.51951, 1.56877, -3.08828, -0.000210734
70.1969, 0.0512099, -0.000611819, -90.9894, -1.51952, 1.56877, -3.0883, -0.000210767
70.2027, 0.0517715, -0.00034479, -90.9578, -1.51954, 1.56878, -3.08832, -0.000210799
70.2085, 0.0518049, 0.000290995, -90.9262, -1.51956, 1.56878, -3.08834, -0.000210832
70.2143, 0.0512582, 0.000647299, -90.8946, -1.51958, 1.56878, -3.08836, -0.000210865
70.2202, 0.0506706, 0.000361437, -90.863, -1.5196, 1.56879, -3.08838, -0.000210898
70.226, 0.0506221, -0.000275132, -90.8315, -1.51961, 1.56879, -3.0884, -0.00021093
70.2318, 0.0511434, -0.000614603, -90.7999, -1.51963, 1.56879, -3.08842, -0.000210963
70.2376, 0.0516862, -0.000312094, -90.7684, -1.51965, 1.5688, -3.08845, -0.000210996
70.2434, 0.0516808, 0.000324581, -90.7368, -1.51967, 1.5688, -3.08847, -0.000211029
70.2492, 0.0511151, 0.000648755, -90.7053, -1.51969, 1.5688, -3.08849, -0.000211061
70.2551, 0.0505454, 0.000331742, -90.6738, -1.5197, 1.56881, -3.08851, -0.000211094
70.2609, 0.0505314, -0.000304509, -90.6423, -1.51972, 1.56881, -3.08853, -0.000211127
70.2667, 0.0510688, -0.000614984, -90.6108, -1.51974, 1.56881, -3.08855, -0.00021116
70.2725, 0.0515949, -0.000285494, -90.5794, -1.51976, 1.56882, -3.08857, -0.000211193
70.2783, 0.0515592, 0.000349999, -90.5479, -1.51977, 1.56882, -3.08859, -0.000211226
70.2841, 0.0509803, 0.000648487, -90.5165, -1.51979, 1.56882, -3.08861, -0.000211258
70.29, 0.0504257, 0.00030851, -90.485, -1.51981, 1.56883, -3.08864, -0.000211291
70.2958, 0.0504377, -0.000325997, -90.4536, -1.51983, 1.56883, -3.08866, -0.000211324
70.3016, 0.0509858, -0.000614236, -90.4222, -1.51985, 1.56883, -3.08868, -0.000211357
70.3074, 0.0514986, -0.000265658, -90.3908, -1.51986, 1.56884, -3.0887, -0.00021139
70.3132, 0.0514412, 0.000367789, -90.3594, -1.51988, 1.56884, -3.08872, -0.000211423
70.3192, 0.0508306, 0.00064564, -90.327, -1.5199, 1.56884, -3.08874, -0.000211457
70.3252, 0.050291, 0.000250496, -90.2945, -1.51992, 1.56885, -3.08876, -0.00021149
70.3313, 0.05038, -0.000394471, -90.2621, -1.51994, 1.56885, -3.08879, -0.000211524
70.3373, 0.0509823, -0.000599595, -90.2297, -1.51995, 1.56885, -3.08881, -0.000211558
70.3433, 0.0514344, -0.000146043, -90.1973, -1.51997, 1.56886, -3.08883, -0.000211592
70.3493, 0.0512341, 0.000481495, -90.1649, -1.51999, 1.56886, -3.08885, -0.000211626
70.3553, 0.050576, 0.000613353, -90.1325, -1.52001, 1.56886, -3.08887, -0.00021166
70.3613, 0.0501424, 0.000109294, -90.1002, -1.52003, 1.56887, -3.0889, -0.000211695
70.3674, 0.0503757, -0.000493119, -90.0678, -1.52005, 1.56887, -3.08892, -0.000211729
70.3734, 0.0510073, -0.00055232, -90.0355, -1.52006, 1.56887, -3.08894, -0.000211763
70.3794, 0.0513453, -5.69104e-06, -90.0032, -1.52008, 1.56888, -3.08896, -0.000211797
70.3854, 0.0510109, 0.000565006, -89.9708, -1.5201, 1.56888, -3.08898, -0.000211831
70.3914, 0.0503404, 0.000553223, -89.9385, -1.52012, 1.56888, -3.089, -0.000211865
70.3974, 0.0500267, -2.81032e-05, -89.9063, -1.52014, 1.56889, -3.08903, -0.000211899
70.4035, 0.050383, -0.000561527, -89.874, -1.52016, 1.56889, -3.08905, -0.000211933
70.4095, 0.0510114, -0.000481258, -89.8417, -1.52018, 1.5689, -3.08907, -0.000211967
70.4155, 0.051226, 0.000127177, -89.8095, -1.52019, 1.5689, -3.08909, -0.000212001
70.4215, 0.0507804, 0.000618854, -89.7772, -1.52021, 1.5689, -3.08911, -0.000212035
70.4275, 0.0501273, 0.000473339, -89.745, -1.52023, 1.56891, -3.08914, -0.000212069
70.4335, 0.0499384, -0.00015495, -89.7128, -1.52025, 1.56891, -3.08916, -0.000212103
70.4396, 0.0503937, -0.000601371, -89.6806, -1.52027, 1.56891, -3.08918, -0.000212137
70.4456, 0.0509922, -0.00039436, -89.6484, -1.52029, 1.56892, -3.0892, -0.000212171
70.4516, 0.0510825, 0.000247026, -89.6163, -1.5203, 1.56892, -3.08922, -0.000212205
70.4576, 0.0505503, 0.000645662, -89.5841, -1.52032, 1.56892, -3.08924, -0.000212239
70.4636, 0.0499379, 0.000381345, -89.5519, -1.52034, 1.56893, -3.08927, -0.000212274
70.4696, 0.0498714, -0.000266879, -89.5198, -1.52036, 1.56893, -3.08929, -0.000212308
70.4756, 0.0504011, -0.000616026, -89.4877, -1.52038, 1.56893, -3.08931, -0.000212342
70.4817, 0.0509498, -0.000298832, -89.4556, -1.5204, 1.56894, -3.08933, -0.000212376
70.4877, 0.0509209, 0.000350589, -89.4235, -1.52041, 1.56894, -3.08935, -0.00021241
70.4937, 0.0503261, 0.000649369, -89.3914, -1.52043, 1.56894, -3.08938, -0.000212444
70.4997, 0.0497712, 0.000283917, -89.3593, -1.52045, 1.56895, -3.0894, -0.000212478
70.5057, 0.0498195, -0.000361633, -89.3273, -1.52047, 1.56895, -3.08942, -0.000212512
70.5117, 0.0504006, -0.000609831, -89.2952, -1.52049, 1.56895, -3.08944, -0.000212547
70.5178, 0.0508857, -0.000200751, -89.2632, -1.52051, 1.56896, -3.08946, -0.000212581
70.5238, 0.0507473, 0.00043652, -89.2312, -1.52052, 1.56896, -3.08948, -0.000212615
70.5298, 0.0501116, 0.000634567, -89.1992, -1.52054, 1.56896, -3.08951, -0.000212649
70.5358, 0.049625, 0.000186489, -89.1672, -1.52056, 1.56897, -3.08953, -0.000212683
70.5418, 0.049777, -0.000438679, -89.1352, -1.52058, 1.56897, -3.08955, -0.000212717
70.5478, 0.0503891, -0.000587496, -89.1032, -1.5206, 1.56897, -3.08957, -0.000212752
70.5539, 0.0508026, -0.000104896, -89.0712, -1.52062, 1.56898, -3.08959, -0.000212786
70.5599, 0.050567, 0.000504988, -89.0393, -1.52063, 1.56898, -3.08962, -0.00021282
70.5659, 0.0499093, 0.000605974, -89.0074, -1.52065, 1.56899, -3.08964, -0.000212854
70.5719, 0.0494963, 9.31885e-05, -88.9754, -1.52067, 1.56899, -3.08966, -0.000212888
70.5779, 0.0497389, -0.000498777, -88.9435, -1.52069, 1.56899, -3.08968, -0.000212923
70.5839, 0.050365, -0.000553655, -88.9116, -1.52071, 1.569, -3.0897, -0.000212957
70.5899, 0.0507039, -1.47567e-05, -88.8797, -1.52073, 1.569, -3.08972, -0.000212991
70.596, 0.0503845, 0.000557244, -88.8479, -1.52074, 1.569, -3.08975, -0.000213025
70.602, 0.0497201, 0.000568066, -88.816, -1.52076, 1.56901, -3.08977, -0.000213059
70.608, 0.0493816, 6.90081e-06, -88.7842, -1.52078, 1.56901, -3.08979, -0.000213094
70.614, 0.0497011, -0.00054357, -88.7523, -1.5208, 1.56901, -3.08981, -0.000213128
70.62, 0.0503278, -0.00051257, -88.7205, -1.52082, 1.56902, -3.08983, -0.000213162
70.626, 0.050593, 6.73432e-05, -88.6887, -1.52084, 1.56902, -3.08986, -0.000213196
70.6321, 0.0502035, 0.000595233, -88.6569, -1.52085, 1.56902, -3.08988, -0.000213231
70.6381, 0.0495438, 0.000524845, -88.6251, -1.52087, 1.56903, -3.0899, -0.000213265
70.6441, 0.0492776, -7.05673e-05, -88.5933, -1.52089, 1.56903, -3.08992, -0.000213299
70.6501, 0.0496606, -0.000575225, -88.5616, -1.52091, 1.56903, -3.08994, -0.000213333
70.6561, 0.0502779, -0.000467953, -88.5298, -1.52093, 1.56904, -3.08996, -0.000213368
70.6621, 0.0504733, 0.000140063, -88.4981, -1.52095, 1.56904, -3.08999, -0.000213402
70.6682, 0.0500266, 0.000621269, -88.4664, -1.52096, 1.56904, -3.09001, -0.000213436
70.6742, 0.0493799, 0.000479718, -88.4347, -1.52098, 1.56905, -3.09003, -0.00021347
70.6802, 0.0491808, -0.000138287, -88.403, -1.521, 1.56905, -3.09005, -0.000213505
70.6862, 0.049615, -0.000596138, -88.3713, -1.52102, 1.56905, -3.09007, -0.000213539
70.6922, 0.0502165, -0.0004229, -88.3396, -1.52104, 1.56906, -3.09009, -0.000213573
70.6982, 0.0503479, 0.000202832, -88.3079, -1.52106, 1.56906, -3.09012, -0.000213608
70.7043, 0.0498558, 0.000637776, -88.2763, -1.52107, 1.56906, -3.09014, -0.000213642
70.7103, 0.0492271, 0.000435469, -88.2447, -1.52109, 1.56907, -3.09016, -0.000213676
70.7163, 0.0490883, -0.000195993, -88.213, -1.52111, 1.56907, -3.09018, -0.000213711
70.7223, 0.0495627, -0.000608714, -88.1814, -1.52113, 1.56908, -3.0902, -0.000213745
70.7283, 0.0501448, -0.000379889, -88.1498, -1.52115, 1.56908, -3.09023, -0.000213779
70.7343, 0.0502196, 0.000255638, -88.1182, -1.52117, 1.56908, -3.09025, -0.000213814
70.7403, 0.0496923, 0.000647097, -88.0867, -1.52118, 1.56909, -3.09027, -0.000213848
70.7464, 0.049084, 0.000394285, -88.0551, -1.5212, 1.56909, -3.09029, -0.000213882
70.7524, 0.0489978, -0.000243878, -88.0236, -1.52122, 1.56909, -3.09031, -0.000213917
70.7584, 0.0495027, -0.000615204, -87.992, -1.52124, 1.5691, -3.09033, -0.000213951
70.7644, 0.0500642, -0.000340832, -87.9605, -1.52126, 1.5691, -3.09036, -0.000213985
70.7704, 0.0500907, 0.000298835, -87.929, -1.52127, 1.5691, -3.09038, -0.00021402
70.7764, 0.049537, 0.00065137, -87.8975, -1.52129, 1.56911, -3.0904, -0.000214054
70.7825, 0.0489491, 0.000357822, -87.866, -1.52131, 1.56911, -3.09042, -0.000214089
70.7885, 0.0489069, -0.000282414, -87.8345, -1.52133, 1.56911, -3.09044, -0.000214123
70.7945, 0.0494344, -0.000617609, -87.8031, -1.52135, 1.56912, -3.09046, -0.000214157
70.8005, 0.0499762, -0.000307149, -87.7716, -1.52137, 1.56912, -3.09049, -0.000214192
70.8065, 0.0499631, 0.000332976, -87.7402, -1.52138, 1.56912, -3.09051, -0.000214226
70.8125, 0.0493903, 0.000652441, -87.7087, -1.5214, 1.56913, -3.09053, -0.000214261
70.8186, 0.048821, 0.000327285, -87.6773, -1.52142, 1.56913, -3.09055, -0.000214295
70.8246, 0.0488141, -0.000312203, -87.6459, -1.52144, 1.56913, -3.09057, -0.000214329
70.8306, 0.0493576, -0.000617614, -87.6145, -1.52146, 1.56914, -3.09059, -0.000214364
70.8366, 0.0498821, -0.000279854, -87.5831, -1.52148, 1.56914, -3.09062, -0.000214398
70.8426, 0.0498381, 0.00035868, -87.5518, -1.52149, 1.56914, -3.09064, -0.000214433
70.8486, 0.0492522, 0.000651828, -87.5204, -1.52151, 1.56915, -3.09066, -0.000214467
70.8546, 0.0486986, 0.000303517, -87.4891, -1.52153, 1.56915, -3.09068, -0.000214502
70.8607, 0.0487181, -0.000333856, -87.4578, -1.52155, 1.56915, -3.0907, -0.000214536
70.8667, 0.0492722, -0.00061656, -87.4264, -1.52157, 1.56916, -3.09073, -0.00021457
70.8727, 0.0497829, -0.000259638, -87.3951, -1.52159, 1.56916, -3.09075, -0.000214605
70.8787, 0.049717, 0.000376527, -87.3638, -1.5216, 1.56917, -3.09077, -0.000214639
70.8849, 0.0490989, 0.000648382, -87.3315, -1.52162, 1.56917, -3.09079, -0.000214675
70.8912, 0.0485613, 0.000243952, -87.2991, -1.52164, 1.56917, -3.09081, -0.000214711
70.8974, 0.0486596, -0.000403119, -87.2668, -1.52166, 1.56918, -3.09084, -0.000214746
70.9036, 0.0492679, -0.000600099, -87.2344, -1.52168, 1.56918, -3.09086, -0.000214782
70.9098, 0.0497151, -0.000136629, -87.2021, -1.5217, 1.56918, -3.09088, -0.000214818
70.9161, 0.0495031, 0.000491431, -87.1698, -1.52172, 1.56919, -3.0909, -0.000214854
70.9223, 0.0488386, 0.000613112, -87.1375, -1.52174, 1.56919, -3.09093, -0.000214889
70.9285, 0.0484112, 9.89054e-05, -87.1052, -1.52175, 1.56919, -3.09095, -0.000214925
70.9348, 0.0486564, -0.000502206, -87.0729, -1.52177, 1.5692, -3.09097, -0.000214961
70.941, 0.0492923, -0.000549372, -87.0407, -1.52179, 1.5692, -3.09099, -0.000214996
70.9472, 0.049621, 7.24864e-06, -87.0084, -1.52181, 1.5692, -3.09102, -0.000215032
70.9534, 0.0492728, 0.000574653, -86.9762, -1.52183, 1.56921, -3.09104, -0.000215068
70.9597, 0.0485985, 0.000549202, -86.944, -1.52185, 1.56921, -3.09106, -0.000215104
70.9659, 0.0482952, -4.15998e-05, -86.9118, -1.52187, 1.56922, -3.09108, -0.000215139
70.9721, 0.0486648, -0.000569641, -86.8796, -1.52189, 1.56922, -3.09111, -0.000215175
70.9783, 0.0492943, -0.000474331, -86.8474, -1.52191, 1.56922, -3.09113, -0.000215211
70.9846, 0.0494957, 0.000142746, -86.8153, -1.52192, 1.56923, -3.09115, -0.000215247
70.9908, 0.0490357, 0.000626919, -86.7831, -1.52194, 1.56923, -3.09117, -0.000215282
70.997, 0.0483822, 0.000465267, -86.751, -1.52196, 1.56923, -3.0912, -0.000215318
71.0032, 0.0482075, -0.00017055, -86.7188, -1.52198, 1.56924, -3.09122, -0.000215354
71.0095, 0.048676, -0.000607368, -86.6867, -1.522, 1.56924, -3.09124, -0.00021539
71.0157, 0.0492719, -0.000383412, -86.6546, -1.52202, 1.56924, -3.09126, -0.000215426
71.0219, 0.0493455, 0.000264159, -86.6225, -1.52204, 1.56925, -3.09128, -0.000215461
71.0281, 0.0487995, 0.000651165, -86.5905, -1.52206, 1.56925, -3.09131, -0.000215497
71.0344, 0.0481907, 0.000369385, -86.5584, -1.52208, 1.56925, -3.09133, -0.000215533
71.0406, 0.0481414, -0.000283496, -86.5263, -1.52209, 1.56926, -3.09135, -0.000215569
71.0468, 0.0486832, -0.000619102, -86.4943, -1.52211, 1.56926, -3.09137, -0.000215605
71.0531, 0.0492252, -0.000284201, -86.4623, -1.52213, 1.56927, -3.0914, -0.00021564
71.0593, 0.0491771, 0.000368214, -86.4303, -1.52215, 1.56927, -3.09142, -0.000215676
71.0655, 0.0485701, 0.00065169, -86.3983, -1.52217, 1.56927, -3.09144, -0.000215712
71.0717, 0.0480229, 0.000268549, -86.3663, -1.52219, 1.56928, -3.09146, -0.000215748
71.078, 0.0480904, -0.000378244, -86.3343, -1.52221, 1.56928, -3.09149, -0.000215784
71.0842, 0.0486815, -0.000609543, -86.3024, -1.52223, 1.56928, -3.09151, -0.00021582
71.0904, 0.049156, -0.00018303, -86.2704, -1.52224, 1.56929, -3.09153, -0.000215856
71.0966, 0.0489969, 0.000453687, -86.2385, -1.52226, 1.56929, -3.09155, -0.000215891
71.1029, 0.0483515, 0.000633432, -86.2066, -1.52228, 1.56929, -3.09158, -0.000215927
71.1091, 0.0478762, 0.000168388, -86.1747, -1.5223, 1.5693, -3.0916, -0.000215963
71.1153, 0.0480484, -0.000454421, -86.1428, -1.52232, 1.5693, -3.09162, -0.000215999
71.1215, 0.0486679, -0.00058373, -86.1109, -1.52234, 1.5693, -3.09164, -0.000216035
71.1278, 0.0490674, -8.48125e-05, -86.079, -1.52236, 1.56931, -3.09167, -0.000216071
71.134, 0.0488104, 0.000520938, -86.0472, -1.52238, 1.56931, -3.09169, -0.000216107
71.1402, 0.0481458, 0.000601412, -86.0153, -1.5224, 1.56932, -3.09171, -0.000216143
71.1465, 0.0477474, 7.31114e-05, -85.9835, -1.52241, 1.56932, -3.09173, -0.000216179
71.1527, 0.0480104, -0.000513003, -85.9517, -1.52243, 1.56932, -3.09176, -0.000216214
71.1589, 0.0486409, -0.000546566, -85.9199, -1.52245, 1.56933, -3.09178, -0.00021625
71.1651, 0.0489629, 6.92382e-06, -85.8881, -1.52247, 1.56933, -3.0918, -0.000216286
71.1714, 0.0486223, 0.000571444, -85.8563, -1.52249, 1.56933, -3.09182, -0.000216322
71.1776, 0.0479539, 0.000560341, -85.8245, -1.52251, 1.56934, -3.09184, -0.000216358
71.1838, 0.0476327, -1.43994e-05, -85.7928, -1.52253, 1.56934, -3.09187, -0.000216394
71.19, 0.0479722, -0.000555864, -85.761, -1.52255, 1.56934, -3.09189, -0.00021643
71.1963, 0.0486003, -0.000502515, -85.7293, -1.52256, 1.56935, -3.09191, -0.000216466
71.2025, 0.0488463, 8.98961e-05, -85.6976, -1.52258, 1.56935, -3.09193, -0.000216502
71.2087, 0.0484363, 0.000607379, -85.6659, -1.5226, 1.56935, -3.09196, -0.000216538
71.2149, 0.0477756, 0.00051439, -85.6342, -1.52262, 1.56936, -3.09198, -0.000216574
71.2212, 0.0475284, -9.24057e-05, -85.6025, -1.52264, 1.56936, -3.092, -0.00021661
71.2274, 0.0479305, -0.000585391, -85.5709, -1.52266, 1.56937, -3.09202, -0.000216646
71.2336, 0.0485465, -0.000455423, -85.5392, -1.52268, 1.56937, -3.09205, -0.000216682
71.2398, 0.0487211, 0.000162852, -85.5076, -1.5227, 1.56937, -3.09207, -0.000216718
71.2461, 0.0482551, 0.000631266, -85.476, -1.52272, 1.56938, -3.09209, -0.000216754
71.2523, 0.04761, 0.000467068, -85.4443, -1.52273, 1.56938, -3.09211, -0.00021679
71.2585, 0.0474312, -0.000160083, -85.4127, -1.52275, 1.56938, -3.09214, -0.000216826
71.2648, 0.047883, -0.000604171, -85.3812, -1.52277, 1.56939, -3.09216, -0.000216862
71.271, 0.0484808, -0.00040846, -85.3496, -1.52279, 1.56939, -3.09218, -0.000216898
71.2772, 0.0485905, 0.000225336, -85.318, -1.52281, 1.56939, -3.0922, -0.000216934
71.2834, 0.0480806, 0.0006457, -85.2865, -1.52283, 1.5694, -3.09222, -0.00021697
71.2897, 0.0474557, 0.000421207, -85.2549, -1.52285, 1.5694, -3.09225, -0.000217006
71.2959, 0.0473379, -0.000217284, -85.2234, -1.52287, 1.5694, -3.09227, -0.000217042
71.3021, 0.0478283, -0.000614762, -85.1919, -1.52288, 1.56941, -3.09229, -0.000217078
71.3083, 0.0484047, -0.000364132, -85.1604, -1.5229, 1.56941, -3.09231, -0.000217114
71.3146, 0.0484575, 0.000277454, -85.1289, -1.52292, 1.56942, -3.09234, -0.00021715
71.3208, 0.047914, 0.000653159, -85.0975, -1.52294, 1.56942, -3.09236, -0.000217186
71.327, 0.0473112, 0.000379005, -85.066, -1.52296, 1.56942, -3.09238, -0.000217222
71.3332, 0.047246, -0.00026432, -85.0346, -1.52298, 1.56943, -3.0924, -0.000217259
71.3395, 0.0477654, -0.00061953, -85.0031, -1.523, 1.56943, -3.09243, -0.000217295
71.3457, 0.0483197, -0.000324343, -84.9717, -1.52302, 1.56943, -3.09245, -0.000217331
71.3519, 0.0483244, 0.000319672, -84.9403, -1.52303, 1.56944, -3.09247, -0.000217367
71.3582, 0.0477561, 0.000655874, -84.9089, -1.52305, 1.56944, -3.09249, -0.000217403
71.3644, 0.0471749, 0.000342097, -84.8775, -1.52307, 1.56944, -3.09252, -0.000217439
71.3706, 0.0471533, -0.000301765, -84.8461, -1.52309, 1.56945, -3.09254, -0.000217475
71.3768, 0.0476937, -0.00062055, -84.8148, -1.52311, 1.56945, -3.09256, -0.000217511
71.3831, 0.0482274, -0.000290489, -84.7834, -1.52313, 1.56945, -3.09258, -0.000217547
71.3893, 0.0481931, 0.000352634, -84.7521, -1.52315, 1.56946, -3.0926, -0.000217584
71.3955, 0.0476072, 0.000655749, -84.7208, -1.52317, 1.56946, -3.09263, -0.00021762
71.4017, 0.0470453, 0.000311656, -84.6895, -1.52318, 1.56947, -3.09265, -0.000217656
71.408, 0.0470581, -0.000330299, -84.6582, -1.5232, 1.56947, -3.09267, -0.000217692
71.4142, 0.0476132, -0.000619545, -84.6269, -1.52322, 1.56947, -3.09269, -0.000217728
71.4204, 0.0481291, -0.000263543, -84.5956, -1.52324, 1.56948, -3.09272, -0.000217764
71.4266, 0.0480651, 0.000377026, -84.5644, -1.52326, 1.56948, -3.09274, -0.0002178
71.4329, 0.0474673, 0.00065432, -84.5331, -1.52328, 1.56948, -3.09276, -0.000217837
71.4391, 0.0469213, 0.000288485, -84.5019, -1.5233, 1.56949, -3.09278, -0.000217873
71.4453, 0.0469593, -0.000350585, -84.4707, -1.52332, 1.56949, -3.09281, -0.000217909
71.4518, 0.0475464, -0.000615194, -84.4384, -1.52333, 1.56949, -3.09283, -0.000217946
71.4582, 0.0480424, -0.000200582, -84.4061, -1.52335, 1.5695, -3.09285, -0.000217984
71.4647, 0.0478948, 0.000448181, -84.3738, -1.52337, 1.5695, -3.09287, -0.000218021
71.4711, 0.0472415, 0.000635777, -84.3416, -1.52339, 1.5695, -3.0929, -0.000218059
71.4775, 0.0467616, 0.000161691, -84.3093, -1.52341, 1.56951, -3.09292, -0.000218096
71.484, 0.0469477, -0.000466288, -84.2771, -1.52343, 1.56951, -3.09294, -0.000218134
71.4904, 0.0475797, -0.000576554, -84.2449, -1.52345, 1.56952, -3.09297, -0.000218171
71.4969, 0.0479611, -5.16714e-05, -84.2127, -1.52347, 1.56952, -3.09299, -0.000218209
71.5033, 0.0476642, 0.000547409, -84.1805, -1.52349, 1.56952, -3.09301, -0.000218246
71.5098, 0.0469857, 0.000581378, -84.1483, -1.52351, 1.56953, -3.09304, -0.000218284
71.5162, 0.0466287, 1.44514e-05, -84.1162, -1.52353, 1.56953, -3.09306, -0.000218321
71.5227, 0.0469527, -0.000548792, -84.084, -1.52355, 1.56953, -3.09308, -0.000218359
71.5291, 0.0475916, -0.000508575, -84.0519, -1.52357, 1.56954, -3.09311, -0.000218396
71.5355, 0.0478447, 9.18468e-05, -84.0198, -1.52359, 1.56954, -3.09313, -0.000218434
71.542, 0.0474225, 0.000613568, -83.9877, -1.52361, 1.56955, -3.09315, -0.000218471
71.5484, 0.0467536, 0.000502245, -83.9556, -1.52363, 1.56955, -3.09317, -0.000218509
71.5549, 0.046528, -0.000123411, -83.9235, -1.52364, 1.56955, -3.0932, -0.000218547
71.5613, 0.0469642, -0.000599059, -83.8914, -1.52366, 1.56956, -3.09322, -0.000218584
71.5678, 0.0475785, -0.000420409, -83.8594, -1.52368, 1.56956, -3.09324, -0.000218622
71.5742, 0.0476994, 0.000222719, -83.8273, -1.5237, 1.56956, -3.09327, -0.000218659
71.5806, 0.0471786, 0.000648904, -83.7953, -1.52372, 1.56957, -3.09329, -0.000218697
71.5871, 0.0465474, 0.000407307, -83.7633, -1.52374, 1.56957, -3.09331, -0.000218734
71.5935, 0.0464528, -0.000246051, -83.7313, -1.52376, 1.56957, -3.09334, -0.000218772
71.6, 0.046974, -0.000620378, -83.6993, -1.52378, 1.56958, -3.09336, -0.00021881
71.6064, 0.0475396, -0.000320571, -83.6673, -1.5238, 1.56958, -3.09338, -0.000218847
71.6129, 0.0475323, 0.000336449, -83.6354, -1.52382, 1.56959, -3.0934, -0.000218885
71.6193, 0.0469398, 0.00065751, -83.6034, -1.52384, 1.56959, -3.09343, -0.000218922
71.6258, 0.0463667, 0.000304522, -83.5715, -1.52386, 1.56959, -3.09345, -0.00021896
71.6322, 0.0463961, -0.00035023, -83.5396, -1.52388, 1.5696, -3.09347, -0.000218998
71.6386, 0.0469763, -0.000617428, -83.5076, -1.5239, 1.5696, -3.0935, -0.000219035
71.6451, 0.0474763, -0.00021636, -83.4758, -1.52392, 1.5696, -3.09352, -0.000219073
71.6515, 0.0473504, 0.000430941, -83.4439, -1.52393, 1.56961, -3.09354, -0.00021911
71.658, 0.046711, 0.000644464, -83.412, -1.52395, 1.56961, -3.09357, -0.000219148
71.6644, 0.0462092, 0.00020046, -83.3802, -1.52397, 1.56962, -3.09359, -0.000219186
71.6709, 0.046351, -0.000434876, -83.3483, -1.52399, 1.56962, -3.09361, -0.000219223
71.6773, 0.046967, -0.000595512, -83.3165, -1.52401, 1.56962, -3.09363, -0.000219261
71.6838, 0.0473913, -0.000113579, -83.2847, -1.52403, 1.56963, -3.09366, -0.000219299
71.6902, 0.0471599, 0.000506017, -83.2529, -1.52405, 1.56963, -3.09368, -0.000219336
71.6966, 0.0464951, 0.000615139, -83.2211, -1.52407, 1.56963, -3.0937, -0.000219374
71.7031, 0.0460718, 0.000100148, -83.1893, -1.52409, 1.56964, -3.09373, -0.000219412
71.7095, 0.0463119, -0.000500568, -83.1575, -1.52411, 1.56964, -3.09375, -0.00021945
71.716, 0.046944, -0.000559953, -83.1258, -1.52413, 1.56964, -3.09377, -0.000219487
71.7224, 0.0472884, -1.64946e-05, -83.0941, -1.52415, 1.56965, -3.0938, -0.000219525
71.7289, 0.0469663, 0.000562889, -83.0623, -1.52417, 1.56965, -3.09382, -0.000219563
71.7353, 0.0462935, 0.00057471, -83.0306, -1.52419, 1.56966, -3.09384, -0.0002196
71.7417, 0.0459505, 7.12493e-06, -82.9989, -1.52421, 1.56966, -3.09386, -0.000219638
71.7482, 0.0462738, -0.000549034, -82.9673, -1.52422, 1.56966, -3.09389, -0.000219676
71.7546, 0.0469066, -0.000515695, -82.9356, -1.52424, 1.56967, -3.09391, -0.000219714
71.7611, 0.0471714, 7.20413e-05, -82.9039, -1.52426, 1.56967, -3.09393, -0.000219751
71.7675, 0.0467736, 0.000603681, -82.8723, -1.52428, 1.56967, -3.09396, -0.000219789
71.774, 0.0461063, 0.000527831, -82.8407, -1.5243, 1.56968, -3.09398, -0.000219827
71.7804, 0.0458415, -7.63908e-05, -82.8091, -1.52432, 1.56968, -3.094, -0.000219865
71.7869, 0.046233, -0.000582686, -82.7774, -1.52434, 1.56969, -3.09403, -0.000219902
71.7933, 0.0468553, -0.000467063, -82.7459, -1.52436, 1.56969, -3.09405, -0.00021994
71.7997, 0.0470444, 0.00015038, -82.7143, -1.52438, 1.56969, -3.09407, -0.000219978
71.8062, 0.0465853, 0.000631007, -82.6827, -1.5244, 1.5697, -3.09409, -0.000220016
71.8126, 0.0459328, 0.000478469, -82.6512, -1.52442, 1.5697, -3.09412, -0.000220053
71.8191, 0.0457408, -0.000149256, -82.6196, -1.52444, 1.5697, -3.09414, -0.000220091
71.8255, 0.0461869, -0.000604259, -82.5881, -1.52446, 1.56971, -3.09416, -0.000220129
71.832, 0.046791, -0.000417654, -82.5566, -1.52448, 1.56971, -3.09419, -0.000220167
71.8384, 0.0469108, 0.000217817, -82.5251, -1.52449, 1.56971, -3.09421, -0.000220205
71.8449, 0.0464035, 0.000647647, -82.4936, -1.52451, 1.56972, -3.09423, -0.000220242
71.8513, 0.0457717, 0.000429853, -82.4622, -1.52453, 1.56972, -3.09426, -0.00022028
71.8577, 0.0456451, -0.000211141, -82.4307, -1.52455, 1.56973, -3.09428, -0.000220318
71.8642, 0.0461335, -0.000616521, -82.3992, -1.52457, 1.56973, -3.0943, -0.000220356
71.8706, 0.0467154, -0.000370335, -82.3678, -1.52459, 1.56973, -3.09432, -0.000220394
71.8771, 0.0467738, 0.000274338, -82.3364, -1.52461, 1.56974, -3.09435, -0.000220432
71.8835, 0.0462297, 0.000656308, -82.305, -1.52463, 1.56974, -3.09437, -0.00022047
71.89, 0.0456211, 0.000384502, -82.2736, -1.52465, 1.56974, -3.09439, -0.000220507
71.8964, 0.0455515, -0.000262285, -82.2422, -1.52467, 1.56975, -3.09442, -0.000220545
71.9028, 0.0460718, -0.000622077, -82.2109, -1.52469, 1.56975, -3.09444, -0.000220583
71.9093, 0.04663, -0.000327297, -82.1795, -1.52471, 1.56976, -3.09446, -0.000220621
71.9157, 0.0466362, 0.000320376, -82.1482, -1.52473, 1.56976, -3.09448, -0.000220659
71.9222, 0.0460647, 0.000659463, -82.1168, -1.52475, 1.56976, -3.09451, -0.000220697
71.9286, 0.0454796, 0.000344302, -82.0855, -1.52476, 1.56977, -3.09453, -0.000220735
71.9351, 0.0454576, -0.000303264, -82.0542, -1.52478, 1.56977, -3.09455, -0.000220773
71.9415, 0.0460011, -0.000623241, -82.0229, -1.5248, 1.56977, -3.09458, -0.000220811
71.948, 0.0465367, -0.000290146, -81.9917, -1.52482, 1.56978, -3.0946, -0.000220848
71.9544, 0.0465, 0.000356608, -81.9604, -1.52484, 1.56978, -3.09462, -0.000220886
71.9608, 0.0459091, 0.000659249, -81.9292, -1.52486, 1.56978, -3.09465, -0.000220924
71.9673, 0.0453453, 0.000310607, -81.8979, -1.52488, 1.56979, -3.09467, -0.000220962
71.9737, 0.0453614, -0.000334814, -81.8667, -1.5249, 1.56979, -3.09469, -0.000221
71.9802, 0.0459211, -0.000621962, -81.8355, -1.52492, 1.5698, -3.09471, -0.000221038
71.9866, 0.0464369, -0.000260014, -81.8043, -1.52494, 1.5698, -3.09474, -0.000221076
71.9931, 0.0463669, 0.00038379, -81.7731, -1.52496, 1.5698, -3.09476, -0.000221114
71.9995, 0.0457629, 0.000657417, -81.7419, -1.52498, 1.56981, -3.09478, -0.000221152
72.006, 0.045217, 0.000284349, -81.7108, -1.525, 1.56981, -3.09481, -0.00022119
72.0124, 0.0452617, -0.000357682, -81.6796, -1.52501, 1.56981, -3.09483, -0.000221228
72.0191, 0.0458544, -0.000616862, -81.6474, -1.52503, 1.56982, -3.09485, -0.000221267
72.0257, 0.0463478, -0.000194077, -81.6152, -1.52505, 1.56982, -3.09488, -0.000221307
72.0324, 0.0461912, 0.000456519, -81.5831, -1.52507, 1.56983, -3.0949, -0.000221346
72.0391, 0.0455317, 0.000637201, -81.5509, -1.52509, 1.56983, -3.09492, -0.000221385
72.0457, 0.045055, 0.000154757, -81.5187, -1.52511, 1.56983, -3.09495, -0.000221424
72.0524, 0.04525, -0.000473755, -81.4866, -1.52513, 1.56984, -3.09497, -0.000221464
72.0591, 0.0458863, -0.000575776, -81.4545, -1.52515, 1.56984, -3.09499, -0.000221503
72.0657, 0.046262, -4.26424e-05, -81.4224, -1.52517, 1.56984, -3.09502, -0.000221542
72.0724, 0.0459547, 0.000555567, -81.3903, -1.52519, 1.56985, -3.09504, -0.000221582
72.0791, 0.0452718, 0.000580155, -81.3582, -1.52521, 1.56985, -3.09507, -0.000221621
72.0857, 0.0449209, 5.34961e-06, -81.3261, -1.52523, 1.56986, -3.09509, -0.000221661
72.0924, 0.0452547, -0.000555574, -81.2941, -1.52525, 1.56986, -3.09511, -0.0002217
72.0991, 0.0458958, -0.000505054, -81.262, -1.52527, 1.56986, -3.09514, -0.000221739
72.1057, 0.0461404, 0.000102646, -81.23, -1.52529, 1.56987, -3.09516, -0.000221779
72.1124, 0.0457074, 0.00062061, -81.198, -1.52531, 1.56987, -3.09518, -0.000221818
72.1191, 0.0450366, 0.000498291, -81.166, -1.52533, 1.56988, -3.09521, -0.000221857
72.1257, 0.0448196, -0.000133853, -81.134, -1.52535, 1.56988, -3.09523, -0.000221897
72.1324, 0.0452654, -0.000604362, -81.102, -1.52537, 1.56988, -3.09525, -0.000221936
72.1391, 0.0458794, -0.000414251, -81.0701, -1.52539, 1.56989, -3.09528, -0.000221976
72.1457, 0.0459896, 0.000234431, -81.0381, -1.52541, 1.56989, -3.0953, -0.000222015
72.1524, 0.0454587, 0.00065419, -81.0062, -1.52543, 1.56989, -3.09533, -0.000222054
72.1591, 0.044828, 0.000400892, -80.9743, -1.52545, 1.5699, -3.09535, -0.000222094
72.1657, 0.0447439, -0.000256983, -80.9424, -1.52547, 1.5699, -3.09537, -0.000222133
72.1724, 0.0452738, -0.000623721, -80.9105, -1.52549, 1.56991, -3.0954, -0.000222173
72.1791, 0.0458365, -0.000312182, -80.8786, -1.52551, 1.56991, -3.09542, -0.000222212
72.1857, 0.0458172, 0.000348259, -80.8468, -1.52553, 1.56991, -3.09544, -0.000222252
72.1924, 0.0452157, 0.000660721, -80.8149, -1.52555, 1.56992, -3.09547, -0.000222291
72.1991, 0.0446456, 0.000296156, -80.7831, -1.52557, 1.56992, -3.09549, -0.000222331
72.2057, 0.0446865, -0.000360899, -80.7513, -1.52559, 1.56992, -3.09552, -0.00022237
72.2124, 0.0452738, -0.000618649, -80.7194, -1.52561, 1.56993, -3.09554, -0.00022241
72.2191, 0.0457687, -0.000206326, -80.6877, -1.52563, 1.56993, -3.09556, -0.000222449
72.2257, 0.0456301, 0.000442176, -80.6559, -1.52565, 1.56994, -3.09559, -0.000222489
72.2324, 0.0449834, 0.000645578, -80.6241, -1.52567, 1.56994, -3.09561, -0.000222528
72.2391, 0.0444868, 0.000190779, -80.5924, -1.52569, 1.56994, -3.09563, -0.000222568
72.2457, 0.0446403, -0.000444701, -80.5606, -1.52571, 1.56995, -3.09566, -0.000222607
72.2524, 0.0452616, -0.000594719, -80.5289, -1.52573, 1.56995, -3.09568, -0.000222647
72.2591, 0.045679, -0.00010256, -80.4972, -1.52575, 1.56995, -3.0957, -0.000222686
72.2657, 0.0454351, 0.000516199, -80.4655, -1.52577, 1.56996, -3.09573, -0.000222726
72.2724, 0.0447647, 0.000614381, -80.4338, -1.52579, 1.56996, -3.09575, -0.000222765
72.2791, 0.0443481, 8.98181e-05, -80.4021, -1.52581, 1.56997, -3.09577, -0.000222805
72.2857, 0.0445995, -0.000509177, -80.3705, -1.52583, 1.56997, -3.0958, -0.000222844
72.2924, 0.0452352, -0.000557466, -80.3388, -1.52585, 1.56997, -3.09582, -0.000222884
72.2991, 0.0455714, -5.14328e-06, -80.3072, -1.52587, 1.56998, -3.09585, -0.000222923
72.3057, 0.0452374, 0.00057175, -80.2756, -1.52589, 1.56998, -3.09587, -0.000222963
72.3124, 0.0445608, 0.000572477, -80.244, -1.52591, 1.56999, -3.09589, -0.000223003
72.3191, 0.0442255, -3.23222e-06, -80.2124, -1.52593, 1.56999, -3.09592, -0.000223042
72.3257, 0.0445591, -0.000556258, -80.1808, -1.52595, 1.56999, -3.09594, -0.000223082
72.3324, 0.0451939, -0.000511975, -80.1493, -1.52597, 1.57, -3.09596, -0.000223121
72.3391, 0.04545, 8.31415e-05, -80.1177, -1.52599, 1.57, -3.09599, -0.000223161
72.3457, 0.0450413, 0.000611145, -80.0862, -1.52601, 1.57, -3.09601, -0.000223201
72.3524, 0.0443718, 0.000524632, -80.0547, -1.52603, 1.57001, -3.09603, -0.00022324
72.3591, 0.0441147, -8.62372e-05, -80.0232, -1.52605, 1.57001, -3.09606, -0.00022328
72.3657, 0.0445155, -0.000588536, -79.9917, -1.52607, 1.57002, -3.09608, -0.00022332
72.3724, 0.0451384, -0.00046265, -79.9602, -1.52609, 1.57002, -3.09611, -0.000223359
72.3791, 0.0453188, 0.000160742, -79.9287, -1.52611, 1.57002, -3.09613, -0.000223399
72.3857, 0.0448502, 0.00063716, -79.8973, -1.52613, 1.57003, -3.09615, -0.000223438
72.3924, 0.0441965, 0.000474865, -79.8658, -1.52615, 1.57003, -3.09618, -0.000223478
72.3991, 0.0440119, -0.000158158, -79.8344, -1.52616, 1.57003, -3.0962, -0.000223518
72.4057, 0.0444659, -0.000608886, -79.803, -1.52618, 1.57004, -3.09622, -0.000223557
72.4124, 0.0450699, -0.000413119, -79.7716, -1.5262, 1.57004, -3.09625, -0.000223597
72.4191, 0.0451816, 0.000227062, -79.7402, -1.52622, 1.57005, -3.09627, -0.000223637
72.4257, 0.0446661, 0.000652697, -79.7089, -1.52624, 1.57005, -3.09629, -0.000223676
72.4324, 0.0440337, 0.000426414, -79.6775, -1.52626, 1.57005, -3.09632, -0.000223716
72.4391, 0.0439137, -0.000218769, -79.6461, -1.52628, 1.57006, -3.09634, -0.000223756
72.4457, 0.0444087, -0.000620176, -79.6148, -1.5263, 1.57006, -3.09636, -0.000223796
72.4524, 0.04499, -0.000366239, -79.5835, -1.52632, 1.57006, -3.09639, -0.000223835
72.4591, 0.0450414, 0.00028218, -79.5522, -1.52634, 1.57007, -3.09641, -0.000223875
72.4657, 0.0444905, 0.000660538, -79.5209, -1.52636, 1.57007, -3.09644, -0.000223915
72.4724, 0.0438815, 0.000381776, -79.4896, -1.52638, 1.57008, -3.09646, -0.000223955
72.4791, 0.0438171, -0.000268393, -79.4584, -1.5264, 1.57008, -3.09648, -0.000223994
72.4857, 0.0443425, -0.000625067, -79.4271, -1.52642, 1.57008, -3.09651, -0.000224034
72.4924, 0.0449004, -0.000324172, -79.3959, -1.52644, 1.57009, -3.09653, -0.000224074
72.4991, 0.0449011, 0.000326606, -79.3647, -1.52646, 1.57009, -3.09655, -0.000224114
72.5057, 0.0443243, 0.000663193, -79.3335, -1.52648, 1.5701, -3.09658, -0.000224153
72.5124, 0.0437382, 0.0003428, -79.3023, -1.5265, 1.5701, -3.0966, -0.000224193
72.5191, 0.0437197, -0.000307673, -79.2711, -1.52652, 1.5701, -3.09662, -0.000224233
72.5257, 0.0442671, -0.000625889, -79.2399, -1.52654, 1.57011, -3.09665, -0.000224273
72.5324, 0.044803, -0.000288482, -79.2088, -1.52656, 1.57011, -3.09667, -0.000224312
72.5391, 0.0447627, 0.000361065, -79.1776, -1.52658, 1.57011, -3.09669, -0.000224352
72.5457, 0.0441676, 0.000662797, -79.1465, -1.5266, 1.57012, -3.09672, -0.000224392
72.5524, 0.0436021, 0.000310797, -79.1154, -1.52662, 1.57012, -3.09674, -0.000224432
72.5591, 0.0436197, -0.000337375, -79.0843, -1.52664, 1.57013, -3.09676, -0.000224472
72.5657, 0.044182, -0.000624572, -79.0532, -1.52666, 1.57013, -3.09679, -0.000224511
72.5724, 0.0446991, -0.000260253, -79.0221, -1.52668, 1.57013, -3.09681, -0.000224551
72.5791, 0.0446279, 0.000386331, -78.991, -1.5267, 1.57014, -3.09684, -0.000224591
72.5857, 0.0440208, 0.000661067, -78.96, -1.52672, 1.57014, -3.09686, -0.000224631
72.5924, 0.0434719, 0.00028665, -78.929, -1.52674, 1.57014, -3.09688, -0.000224671
72.5991, 0.0435156, -0.000358248, -78.8979, -1.52676, 1.57015, -3.09691, -0.000224711
72.6057, 0.0440872, -0.000622616, -78.8669, -1.52678, 1.57015, -3.09693, -0.000224751
72.6124, 0.0445902, -0.000240196, -78.8359, -1.5268, 1.57016, -3.09695, -0.00022479
72.6191, 0.0444977, 0.000403099, -78.805, -1.52682, 1.57016, -3.09698, -0.00022483
72.626, 0.0438573, 0.000655727, -78.7728, -1.52684, 1.57016, -3.097, -0.000224872
72.6329, 0.0433267, 0.000222481, -78.7407, -1.52686, 1.57017, -3.09703, -0.000224913
72.6398, 0.0434547, -0.000429917, -78.7086, -1.52688, 1.57017, -3.09705, -0.000224955
72.6468, 0.0440812, -0.000599835, -78.6765, -1.5269, 1.57018, -3.09707, -0.000224996
72.6537, 0.0445107, -0.000105101, -78.6444, -1.52692, 1.57018, -3.0971, -0.000225037
72.6606, 0.0442602, 0.000522603, -78.6123, -1.52694, 1.57018, -3.09712, -0.000225079
72.6675, 0.0435772, 0.000609769, -78.5802, -1.52696, 1.57019, -3.09715, -0.00022512
72.6744, 0.0431722, 6.33995e-05, -78.5482, -1.52698, 1.57019, -3.09717, -0.000225162
72.6814, 0.043457, -0.000530692, -78.5161, -1.527, 1.5702, -3.0972, -0.000225203
72.6883, 0.0441042, -0.000536521, -78.4841, -1.52702, 1.5702, -3.09722, -0.000225245
72.6952, 0.0443994, 5.1672e-05, -78.4521, -1.52704, 1.5702, -3.09724, -0.000225286
72.7021, 0.0440055, 0.000604705, -78.4201, -1.52706, 1.57021, -3.09727, -0.000225328
72.7091, 0.0433219, 0.000531929, -78.3882, -1.52708, 1.57021, -3.09729, -0.000225369
72.716, 0.0430567, -8.8459e-05, -78.3562, -1.5271, 1.57021, -3.09732, -0.000225411
72.7229, 0.0434705, -0.000594354, -78.3242, -1.52712, 1.57022, -3.09734, -0.000225452
72.7298, 0.0441001, -0.000446701, -78.2923, -1.52714, 1.57022, -3.09737, -0.000225494
72.7367, 0.044253, 0.000196723, -78.2604, -1.52716, 1.57023, -3.09739, -0.000225535
72.7437, 0.0437451, 0.000650813, -78.2285, -1.52718, 1.57023, -3.09742, -0.000225577
72.7506, 0.0430954, 0.000432867, -78.1966, -1.52721, 1.57023, -3.09744, -0.000225618
72.7575, 0.0429726, -0.000224964, -78.1647, -1.52723, 1.57024, -3.09746, -0.00022566
72.7644, 0.043485, -0.00062382, -78.1329, -1.52725, 1.57024, -3.09749, -0.000225701
72.7713, 0.0440667, -0.000340718, -78.101, -1.52727, 1.57025, -3.09751, -0.000225743
72.7783, 0.0440793, 0.000323623, -78.0692, -1.52729, 1.57025, -3.09754, -0.000225784
72.7852, 0.0434883, 0.00066505, -78.0374, -1.52731, 1.57025, -3.09756, -0.000225826
72.7921, 0.0428982, 0.000322377, -78.0056, -1.52733, 1.57026, -3.09759, -0.000225868
72.799, 0.0429118, -0.000341301, -77.9738, -1.52735, 1.57026, -3.09761, -0.000225909
72.8059, 0.0434925, -0.000624124, -77.942, -1.52737, 1.57027, -3.09763, -0.000225951
72.8129, 0.044005, -0.00022765, -77.9102, -1.52739, 1.57027, -3.09766, -0.000225992
72.8198, 0.0438867, 0.000429053, -77.8785, -1.52741, 1.57027, -3.09768, -0.000226034
72.8267, 0.0432415, 0.000653093, -77.8467, -1.52743, 1.57028, -3.09771, -0.000226075
72.8336, 0.0427283, 0.000208702, -77.815, -1.52745, 1.57028, -3.09773, -0.000226117
72.8406, 0.0428661, -0.000435502, -77.7833, -1.52747, 1.57029, -3.09776, -0.000226159
72.8475, 0.0434878, -0.000601351, -77.7516, -1.52749, 1.57029, -3.09778, -0.0002262
72.8544, 0.0439177, -0.000114825, -77.7199, -1.52751, 1.57029, -3.0978, -0.000226242
72.8613, 0.0436828, 0.000512236, -77.6883, -1.52753, 1.5703, -3.09783, -0.000226284
72.8682, 0.0430089, 0.000621227, -77.6566, -1.52755, 1.5703, -3.09785, -0.000226325
72.8752, 0.0425821, 9.8224e-05, -77.625, -1.52757, 1.57031, -3.09788, -0.000226367
72.8821, 0.0428284, -0.000507817, -77.5934, -1.52759, 1.57031, -3.0979, -0.000226409
72.889, 0.0434677, -0.000561806, -77.5618, -1.52761, 1.57031, -3.09793, -0.00022645
72.8959, 0.043809, -7.68173e-06, -77.5302, -1.52763, 1.57032, -3.09795, -0.000226492
72.9028, 0.0434742, 0.000574282, -77.4986, -1.52765, 1.57032, -3.09797, -0.000226534
72.9098, 0.0427925, 0.000575631, -77.467, -1.52767, 1.57032, -3.098, -0.000226575
72.9167, 0.0424552, -4.53955e-06, -77.4355, -1.52769, 1.57033, -3.09802, -0.000226617
72.9236, 0.0427928, -0.000560055, -77.404, -1.52772, 1.57033, -3.09805, -0.000226659
72.9305, 0.0434313, -0.000511429, -77.3724, -1.52774, 1.57034, -3.09807, -0.0002267
72.9374, 0.0436836, 9.01354e-05, -77.3409, -1.52776, 1.57034, -3.0981, -0.000226742
72.9444, 0.0432661, 0.000617552, -77.3094, -1.52778, 1.57034, -3.09812, -0.000226784
72.9513, 0.0425926, 0.000521918, -77.278, -1.5278, 1.57035, -3.09815, -0.000226826
72.9582, 0.0423428, -9.67513e-05, -77.2465, -1.52782, 1.57035, -3.09817, -0.000226867
72.9651, 0.0427547, -0.000594991, -77.215, -1.52784, 1.57036, -3.09819, -0.000226909
72.9721, 0.0433789, -0.000455441, -77.1836, -1.52786, 1.57036, -3.09822, -0.000226951
72.979, 0.0435462, 0.000176523, -77.1522, -1.52788, 1.57036, -3.09824, -0.000226993
72.9859, 0.0430624, 0.000645108, -77.1208, -1.5279, 1.57037, -3.09827, -0.000227034
72.9928, 0.0424084, 0.000464879, -77.0894, -1.52792, 1.57037, -3.09829, -0.000227076
72.9997, 0.0422404, -0.000176962, -77.058, -1.52794, 1.57038, -3.09832, -0.000227118
73.0067, 0.0427108, -0.000615865, -77.0266, -1.52796, 1.57038, -3.09834, -0.00022716
73.0136, 0.0433116, -0.000398182, -76.9953, -1.52798, 1.57038, -3.09836, -0.000227201
73.0205, 0.0434009, 0.000250603, -76.9639, -1.528, 1.57039, -3.09839, -0.000227243
73.0274, 0.042866, 0.000660275, -76.9326, -1.52802, 1.57039, -3.09841, -0.000227285
73.0343, 0.0422382, 0.000408393, -76.9013, -1.52804, 1.5704, -3.09844, -0.000227327
73.0413, 0.042144, -0.000244781, -76.87, -1.52806, 1.5704, -3.09846, -0.000227369
73.0482, 0.0426589, -0.000626006, -76.8387, -1.52808, 1.5704, -3.09848, -0.000227411
73.0551, 0.0432314, -0.000343077, -76.8074, -1.5281, 1.57041, -3.09851, -0.000227452
73.062, 0.0432517, 0.00031239, -76.7762, -1.52812, 1.57041, -3.09853, -0.000227494
73.0689, 0.0426784, 0.000666321, -76.7449, -1.52814, 1.57042, -3.09856, -0.000227536
73.0759, 0.0420801, 0.000355453, -76.7137, -1.52816, 1.57042, -3.09858, -0.000227578
73.0828, 0.04205, -0.000300551, -76.6825, -1.52818, 1.57042, -3.09861, -0.00022762
73.0897, 0.0425976, -0.000628568, -76.6513, -1.5282, 1.57043, -3.09863, -0.000227662
73.0966, 0.0431404, -0.000292711, -76.6201, -1.52822, 1.57043, -3.09865, -0.000227704
73.1036, 0.0431017, 0.000362482, -76.5889, -1.52824, 1.57043, -3.09868, -0.000227745
73.1105, 0.0425008, 0.000666242, -76.5578, -1.52826, 1.57044, -3.0987, -0.000227787
73.1174, 0.0419319, 0.000308263, -76.5266, -1.52828, 1.57044, -3.09873, -0.000227829
73.1243, 0.0419556, -0.000345061, -76.4955, -1.5283, 1.57045, -3.09875, -0.000227871
73.1312, 0.0425264, -0.000626361, -76.4644, -1.52833, 1.57045, -3.09878, -0.000227913
73.1382, 0.0430406, -0.000248944, -76.4333, -1.52835, 1.57045, -3.0988, -0.000227955
73.1451, 0.0429534, 0.000401801, -76.4022, -1.52837, 1.57046, -3.09882, -0.000227997
73.152, 0.0423334, 0.000662639, -76.3711, -1.52839, 1.57046, -3.09885, -0.000228039
73.1589, 0.0417917, 0.000268373, -76.3401, -1.52841, 1.57047, -3.09887, -0.000228081
73.1658, 0.0418586, -0.000379308, -76.309, -1.52843, 1.57047, -3.0989, -0.000228123
73.173, 0.0424674, -0.000617895, -76.2769, -1.52845, 1.57047, -3.09892, -0.000228166
73.1802, 0.0429479, -0.000168649, -76.2449, -1.52847, 1.57048, -3.09895, -0.00022821
73.1873, 0.0427592, 0.000483236, -76.2128, -1.52849, 1.57048, -3.09897, -0.000228253
73.1945, 0.0420827, 0.000634906, -76.1807, -1.52851, 1.57049, -3.099, -0.000228296
73.2016, 0.0416248, 0.000123419, -76.1487, -1.52853, 1.57049, -3.09902, -0.00022834
73.2088, 0.0418556, -0.000500147, -76.1167, -1.52855, 1.57049, -3.09905, -0.000228383
73.2159, 0.0425038, -0.000565054, -76.0847, -1.52857, 1.5705, -3.09907, -0.000228427
73.2231, 0.0428498, -2.01348e-06, -76.0527, -1.52859, 1.5705, -3.0991, -0.00022847
73.2303, 0.0424999, 0.000583828, -76.0207, -1.52862, 1.57051, -3.09912, -0.000228514
73.2374, 0.0418075, 0.000563827, -75.9888, -1.52864, 1.57051, -3.09915, -0.000228557
73.2446, 0.0414929, -4.00519e-05, -75.9568, -1.52866, 1.57051, -3.09917, -0.0002286
73.2517, 0.0418704, -0.000580305, -75.9249, -1.52868, 1.57052, -3.0992, -0.000228644
73.2589, 0.0425127, -0.000478585, -75.893, -1.5287, 1.57052, -3.09922, -0.000228687
73.266, 0.0427102, 0.000155749, -75.8611, -1.52872, 1.57053, -3.09925, -0.000228731
73.2732, 0.0422296, 0.000644165, -75.8292, -1.52874, 1.57053, -3.09927, -0.000228774
73.2804, 0.0415625, 0.000465085, -75.7973, -1.52876, 1.57054, -3.0993, -0.000228818
73.2875, 0.0413988, -0.000189772, -75.7654, -1.52878, 1.57054, -3.09932, -0.000228861
73.2947, 0.0418902, -0.000621561, -75.7336, -1.5288, 1.57054, -3.09935, -0.000228905
73.3018, 0.0424902, -0.000370296, -75.7018, -1.52883, 1.57055, -3.09937, -0.000228948
73.309, 0.0425374, 0.000295866, -75.67, -1.52885, 1.57055, -3.0994, -0.000228992
73.3162, 0.0419598, 0.000667703, -75.6382, -1.52887, 1.57056, -3.09942, -0.000229036
73.3233, 0.0413498, 0.000350098, -75.6064, -1.52889, 1.57056, -3.09945, -0.000229079
73.3305, 0.0413333, -0.000318893, -75.5746, -1.52891, 1.57056, -3.09947, -0.000229123
73.3376, 0.0419051, -0.000628699, -75.5428, -1.52893, 1.57057, -3.0995, -0.000229166
73.3448, 0.0424358, -0.000250955, -75.5111, -1.52895, 1.57057, -3.09952, -0.00022921
73.3519, 0.0423407, 0.000413311, -75.4794, -1.52897, 1.57058, -3.09955, -0.000229253
73.3591, 0.0416989, 0.000660217, -75.4477, -1.52899, 1.57058, -3.09957, -0.000229297
73.3663, 0.041168, 0.000228788, -75.416, -1.52901, 1.57058, -3.0996, -0.00022934
73.3734, 0.0412873, -0.00042407, -75.3843, -1.52903, 1.57059, -3.09962, -0.000229384
73.3806, 0.0419081, -0.000608178, -75.3526, -1.52906, 1.57059, -3.09965, -0.000229428
73.3877, 0.0423521, -0.000129508, -75.321, -1.52908, 1.5706, -3.09967, -0.000229471
73.3949, 0.042129, 0.000506246, -75.2893, -1.5291, 1.5706, -3.0997, -0.000229515
73.402, 0.0414525, 0.000628579, -75.2577, -1.52912, 1.5706, -3.09972, -0.000229559
73.4092, 0.0410137, 0.00010905, -75.2261, -1.52914, 1.57061, -3.09975, -0.000229602
73.4164, 0.0412525, -0.000504783, -75.1945, -1.52916, 1.57061, -3.09977, -0.000229646
73.4235, 0.0418949, -0.000567045, -75.1629, -1.52918, 1.57062, -3.0998, -0.000229689
73.4307, 0.0422434, -1.27611e-05, -75.1314, -1.5292, 1.57062, -3.09982, -0.000229733
73.4378, 0.0419101, 0.00057528, -75.0998, -1.52922, 1.57062, -3.09985, -0.000229777
73.445, 0.0412236, 0.000579813, -75.0683, -1.52924, 1.57063, -3.09987, -0.00022982
73.4522, 0.0408822, -3.39505e-06, -75.0367, -1.52926, 1.57063, -3.0999, -0.000229864
73.4593, 0.0412217, -0.000562579, -75.0052, -1.52929, 1.57064, -3.09992, -0.000229908
73.4665, 0.0418639, -0.000512138, -74.9737, -1.52931, 1.57064, -3.09995, -0.000229952
73.4736, 0.0421147, 9.46083e-05, -74.9423, -1.52933, 1.57064, -3.09997, -0.000229995
73.4808, 0.0416903, 0.000622712, -74.9108, -1.52935, 1.57065, -3.1, -0.000230039
73.4879, 0.041013, 0.000520444, -74.8794, -1.52937, 1.57065, -3.10002, -0.000230083
73.4951, 0.0407683, -0.000104852, -74.8479, -1.52939, 1.57066, -3.10005, -0.000230126
73.5023, 0.0411893, -0.000600335, -74.8165, -1.52941, 1.57066, -3.10007, -0.00023017
73.5094, 0.0418148, -0.000449574, -74.7851, -1.52943, 1.57066, -3.1001, -0.000230214
73.5166, 0.0419712, 0.000189811, -74.7537, -1.52945, 1.57067, -3.10012, -0.000230258
73.5237, 0.0414744, 0.000651843, -74.7223, -1.52947, 1.57067, -3.10015, -0.000230301
73.5309, 0.04082, 0.000456115, -74.691, -1.52949, 1.57068, -3.10017, -0.000230345
73.538, 0.0406666, -0.000193349, -74.6596, -1.52952, 1.57068, -3.1002, -0.000230389
73.5452, 0.0411513, -0.000621638, -74.6283, -1.52954, 1.57069, -3.10022, -0.000230433
73.5524, 0.041749, -0.000384486, -74.597, -1.52956, 1.57069, -3.10025, -0.000230476
73.5595, 0.0418181, 0.000271595, -74.5657, -1.52958, 1.57069, -3.10027, -0.00023052
73.5667, 0.0412658, 0.000666419, -74.5344, -1.5296, 1.5707, -3.1003, -0.000230564
73.5738, 0.040643, 0.00039143, -74.5031, -1.52962, 1.5707, -3.10032, -0.000230608
73.581, 0.0405725, -0.000268255, -74.4718, -1.52964, 1.57071, -3.10035, -0.000230652
73.5882, 0.0411051, -0.00063029, -74.4406, -1.52966, 1.57071, -3.10037, -0.000230696
73.5953, 0.0416685, -0.000320945, -74.4094, -1.52968, 1.57071, -3.1004, -0.000230739
73.6025, 0.0416596, 0.000339857, -74.3781, -1.5297, 1.57072, -3.10042, -0.000230783
73.6096, 0.0410666, 0.000670214, -74.3469, -1.52972, 1.57072, -3.10045, -0.000230827
73.6168, 0.0404797, 0.000329943, -74.3158, -1.52974, 1.57073, -3.10047, -0.000230871
73.6239, 0.0404819, -0.000329898, -74.2846, -1.52977, 1.57073, -3.1005, -0.000230915
73.6311, 0.0410489, -0.000629965, -74.2534, -1.52979, 1.57073, -3.10052, -0.000230959
73.6383, 0.0415757, -0.000262014, -74.2223, -1.52981, 1.57074, -3.10054, -0.000231002
73.6454, 0.0414997, 0.000395266, -74.1911, -1.52983, 1.57074, -3.10057, -0.000231046
73.6526, 0.0408779, 0.000666748, -74.16, -1.52985, 1.57075, -3.10059, -0.00023109
73.6597, 0.0403276, 0.000274257, -74.1289, -1.52987, 1.57075, -3.10062, -0.000231134
73.6669, 0.0403913, -0.00037921, -74.0978, -1.52989, 1.57075, -3.10064, -0.000231178
73.674, 0.040982, -0.000623986, -74.0668, -1.52991, 1.57076, -3.10067, -0.000231222
73.6812, 0.0414732, -0.000209877, -74.0357, -1.52993, 1.57076, -3.10069, -0.000231266
73.6884, 0.0413412, 0.000438941, -74.0047, -1.52995, 1.57077, -3.10072, -0.00023131
73.6955, 0.0407003, 0.000659114, -73.9736, -1.52997, 1.57077, -3.10074, -0.000231354
73.7027, 0.0401842, 0.00022618, -73.9426, -1.52999, 1.57077, -3.10077, -0.000231398
73.7098, 0.0402982, -0.000417431, -73.9116, -1.53002, 1.57078, -3.10079, -0.000231442
73.717, 0.0409043, -0.000615197, -73.8806, -1.53004, 1.57078, -3.10082, -0.000231486
73.7242, 0.0413632, -0.000166005, -73.8496, -1.53006, 1.57079, -3.10084, -0.00023153
73.7313, 0.0411866, 0.000472185, -73.8187, -1.53008, 1.57079, -3.10087, -0.000231574
73.7385, 0.0405335, 0.000649895, -73.7877, -1.5301, 1.57079, -3.10089, -0.000231618
73.7456, 0.0400473, 0.000186891, -73.7568, -4.67171, -1.57079, -3.10092, -0.000231662
73.7528, 0.0402006, -0.000445873, -73.7259, -4.67173, -1.57079, -3.10094, -0.000231706
73.7599, 0.040816, -0.000605912, -73.695, -4.67175, -1.57079, -3.10097, -0.00023175
73.7671, 0.0412478, -0.000131329, -73.6641, -4.67177, -1.57078, -3.10099, -0.000231794
73.7743, 0.0410375, 0.000496274, -73.6332, -4.6718, -1.57078, -3.10102, -0.000231838
73.7814, 0.0403775, 0.000641134, -73.6024, -4.67182, -1.57077, -3.10104, -0.000231882
73.7886, 0.0399152, 0.000157108, -73.5715, -4.67184, -1.57077, -3.10107, -0.000231926
73.7957, 0.0400968, -0.000465742, -73.5407, -4.67186, -1.57077, -3.10109, -0.00023197
73.8029, 0.0407172, -0.000597907, -73.5099, -4.67188, -1.57076, -3.10112, -0.000232014
73.81, 0.0411286, -0.000106393, -73.4791, -4.6719, -1.57076, -3.10114, -0.000232058
73.8172, 0.0408951, 0.000512315, -73.4483, -4.67192, -1.57075, -3.10117, -0.000232102
73.8244, 0.0402318, 0.000634344, -73.4175, -4.67194, -1.57075, -3.10119, -0.000232146
73.8315, 0.0397863, 0.000137235, -73.3867, -4.67196, -1.57075, -3.10122, -0.00023219
73.8387, 0.0399861, -0.000478018, -73.356, -4.67198, -1.57074, -3.10124, -0.000232234
73.8458, 0.0406085, -0.000592436, -73.3253, -4.672, -1.57074, -3.10127, -0.000232278
73.853, 0.0410068, -9.14834e-05, -73.2945, -4.67202, -1.57073, -3.10129, -0.000232322
73.8602, 0.0407603, 0.000521141, -73.2638, -4.67204, -1.57073, -3.10132, -0.000232366
73.8673, 0.0400961, 0.000630528, -73.2332, -4.67207, -1.57073, -3.10134, -0.00023241
73.8745, 0.0396598, 0.000127466, -73.2025, -4.67209, -1.57072, -3.10136, -0.000232455
73.8816, 0.0398677, -0.000483371, -73.1718, -4.67211, -1.57072, -3.10139, -0.000232499
73.8888, 0.0404901, -0.000590258, -73.1412, -4.67213, -1.57071, -3.10141, -0.000232543
73.8959, 0.0408832, -8.67246e-05, -73.1105, -4.67215, -1.57071, -3.10144, -0.000232587
73.9031, 0.0406334, 0.000523247, -73.0799, -4.67217, -1.57071, -3.10146, -0.000232631
73.9103, 0.0399702, 0.000630207, -73.0493, -4.67219, -1.5707, -3.10149, -0.000232675
73.9174, 0.0395352, 0.000127869, -73.0187, -4.67221, -1.5707, -3.10151, -0.000232719
73.9246, 0.0397415, -0.000482114, -72.9881, -4.67223, -1.57069, -3.10154, -0.000232764
73.9317, 0.0403621, -0.000591658, -72.9576, -4.67225, -1.57069, -3.10156, -0.000232808
73.9389, 0.0407579, -9.21349e-05, -72.927, -4.67227, -1.57069, -3.10159, -0.000232852
73.946, 0.0405145, 0.00051876, -72.8965, -4.67229, -1.57068, -3.10161, -0.000232896
73.9532, 0.039854, 0.000633433, -72.866, -4.67231, -1.57068, -3.10164, -0.00023294
73.9604, 0.0394125, 0.000138417, -72.8355, -4.67234, -1.57067, -3.10166, -0.000232985
73.9675, 0.0396075, -0.000474188, -72.805, -4.67236, -1.57067, -3.10169, -0.000233029
73.9747, 0.0402244, -0.000596461, -72.7745, -4.67238, -1.57066, -3.10171, -0.000233073
73.9818, 0.0406306, -0.000107645, -72.744, -4.6724, -1.57066, -3.10174, -0.000233117
73.989, 0.0404034, 0.000507435, -72.7136, -4.67242, -1.57066, -3.10176, -0.000233162
73.9961, 0.0397478, 0.000639801, -72.6832, -4.67244, -1.57065, -3.10179, -0.000233206
74.0033, 0.0392921, 0.000158994, -72.6527, -4.67246, -1.57065, -3.10181, -0.00023325
74.0105, 0.0394661, -0.000459166, -72.6223, -4.67248, -1.57064, -3.10184, -0.000233294
74.0176, 0.0400769, -0.000604028, -72.5919, -4.6725, -1.57064, -3.10186, -0.000233339
74.0248, 0.0405008, -0.00013308, -72.5615, -4.67252, -1.57064, -3.10189, -0.000233383
74.0319, 0.0402995, 0.000488674, -72.5312, -4.67254, -1.57063, -3.10191, -0.000233427
74.0391, 0.0396516, 0.000648436, -72.5008, -4.67256, -1.57063, -3.10193, -0.000233471
74.0463, 0.0391751, 0.000189351, -72.4705, -4.67258, -1.57062, -3.10196, -0.000233516
74.0534, 0.0393182, -0.000436293, -72.4402, -4.6726, -1.57062, -3.10198, -0.00023356
74.0606, 0.0399193, -0.000613245, -72.4099, -4.67263, -1.57062, -3.10201, -0.000233604
74.0677, 0.0403671, -0.000168101, -72.3796, -4.67265, -1.57061, -3.10203, -0.000233649
74.0749, 0.0402019, 0.000461577, -72.3493, -4.67267, -1.57061, -3.10206, -0.000233693
74.0823, 0.039541, 0.000652383, -72.3179, -4.67269, -1.5706, -3.10208, -0.000233739
74.0897, 0.0390471, 0.000181408, -72.2865, -4.67271, -1.5706, -3.10211, -0.000233785
74.0971, 0.0392141, -0.000458272, -72.2552, -4.67273, -1.5706, -3.10214, -0.000233831
74.1046, 0.0398444, -0.000598157, -72.2239, -4.67275, -1.57059, -3.10216, -0.000233877
74.112, 0.0402572, -9.26649e-05, -72.1925, -4.67277, -1.57059, -3.10219, -0.000233923
74.1194, 0.0399997, 0.000530305, -72.1612, -4.6728, -1.57058, -3.10221, -0.000233969
74.1268, 0.0393185, 0.000621305, -72.1299, -4.67282, -1.57058, -3.10224, -0.000234015
74.1343, 0.0389012, 8.60559e-05, -72.0987, -4.67284, -1.57057, -3.10226, -0.000234061
74.1417, 0.0391595, -0.000517818, -72.0674, -4.67286, -1.57057, -3.10229, -0.000234107
74.1491, 0.0398019, -0.000562287, -72.0362, -4.67288, -1.57057, -3.10231, -0.000234153
74.1565, 0.0401382, -1.65776e-06, -72.0049, -4.6729, -1.57056, -3.10234, -0.000234199
74.1639, 0.0397974, 0.000581436, -71.9737, -4.67292, -1.57056, -3.10237, -0.000234245
74.1714, 0.0391113, 0.000582057, -71.9425, -4.67295, -1.57055, -3.10239, -0.000234291
74.1788, 0.0387694, 1.12458e-07, -71.9113, -4.67297, -1.57055, -3.10242, -0.000234337
74.1862, 0.0391032, -0.000561063, -71.8802, -4.67299, -1.57055, -3.10244, -0.000234383
74.1936, 0.0397444, -0.000520668, -71.849, -4.67301, -1.57054, -3.10247, -0.000234429
74.201, 0.0400076, 7.89642e-05, -71.8179, -4.67303, -1.57054, -3.10249, -0.000234475
74.2085, 0.0395988, 0.000617674, -71.7867, -4.67305, -1.57053, -3.10252, -0.000234522
74.2159, 0.0389188, 0.000539275, -71.7556, -4.67307, -1.57053, -3.10255, -0.000234568
74.2233, 0.0386473, -7.47565e-05, -71.7245, -4.6731, -1.57052, -3.10257, -0.000234614
74.2307, 0.0390417, -0.000590882, -71.6935, -4.67312, -1.57052, -3.1026, -0.00023466
74.2381, 0.0396731, -0.000477513, -71.6624, -4.67314, -1.57052, -3.10262, -0.000234706
74.2456, 0.0398693, 0.00014807, -71.6313, -4.67316, -1.57051, -3.10265, -0.000234752
74.253, 0.0394069, 0.000641972, -71.6003, -4.67318, -1.57051, -3.10267, -0.000234798
74.2604, 0.0387397, 0.000496741, -71.5693, -4.6732, -1.5705, -3.1027, -0.000234845
74.2678, 0.0385311, -0.000137873, -71.5383, -4.67322, -1.5705, -3.10272, -0.000234891
74.2752, 0.0389727, -0.000610232, -71.5073, -4.67325, -1.5705, -3.10275, -0.000234937
74.2827, 0.0395892, -0.000436184, -71.4763, -4.67327, -1.57049, -3.10278, -0.000234983
74.2901, 0.0397269, 0.000205356, -71.4453, -4.67329, -1.57049, -3.1028, -0.000235029
74.2975, 0.0392234, 0.000657225, -71.4144, -4.67331, -1.57048, -3.10283, -0.000235075
74.3049, 0.0385725, 0.00045741, -71.3835, -4.67333, -1.57048, -3.10285, -0.000235122
74.3123, 0.0384177, -0.000189237, -71.3525, -4.67335, -1.57047, -3.10288, -0.000235168
74.3198, 0.0388947, -0.000621891, -71.3216, -4.67337, -1.57047, -3.1029, -0.000235214
74.3272, 0.0394945, -0.000399246, -71.2907, -4.6734, -1.57047, -3.10293, -0.00023526
74.3346, 0.0395834, 0.000251056, -71.2599, -4.67342, -1.57046, -3.10295, -0.000235307
74.342, 0.0390497, 0.000666052, -71.229, -4.67344, -1.57046, -3.10298, -0.000235353
74.3494, 0.0384154, 0.000423489, -71.1982, -4.67346, -1.57045, -3.10301, -0.000235399
74.3569, 0.0383042, -0.000229249, -71.1673, -4.67348, -1.57045, -3.10303, -0.000235445
74.3643, 0.0388069, -0.000628286, -71.1365, -4.6735, -1.57045, -3.10306, -0.000235492
74.3717, 0.0393906, -0.000368578, -71.1057, -4.67352, -1.57044, -3.10308, -0.000235538
74.3791, 0.0394412, 0.000285681, -71.0749, -4.67354, -1.57044, -3.10311, -0.000235584
74.3866, 0.0388862, 0.000670664, -71.0442, -4.67357, -1.57043, -3.10313, -0.00023563
74.394, 0.038267, 0.000396553, -71.0134, -4.67359, -1.57043, -3.10316, -0.000235677
74.4014, 0.0381888, -0.000258484, -70.9827, -4.67361, -1.57042, -3.10318, -0.000235723
74.4088, 0.0387087, -0.000631394, -70.9519, -4.67363, -1.57042, -3.10321, -0.000235769
74.4162, 0.0392789, -0.000345483, -70.9212, -4.67365, -1.57042, -3.10324, -0.000235816
74.4237, 0.0393019, 0.000309826, -70.8905, -4.67367, -1.57041, -3.10326, -0.000235862
74.4311, 0.0387335, 0.000672793, -70.8598, -4.67369, -1.57041, -3.10329, -0.000235908
74.4385, 0.0381259, 0.000377663, -70.8292, -4.67372, -1.5704, -3.10331, -0.000235955
74.4459, 0.03807, -0.000277518, -70.7985, -4.67374, -1.5704, -3.10334, -0.000236001
74.4533, 0.0386, -0.000632694, -70.7679, -4.67376, -1.5704, -3.10336, -0.000236047
74.4608, 0.0391607, -0.000330805, -70.7373, -4.67378, -1.57039, -3.10339, -0.000236094
74.4682, 0.0391668, 0.00032402, -70.7066, -4.6738, -1.57039, -3.10341, -0.00023614
74.4756, 0.0385914, 0.000673656, -70.6761, -4.67382, -1.57038, -3.10344, -0.000236187
74.483, 0.0379912, 0.000367468, -70.6455, -4.67384, -1.57038, -3.10347, -0.000236233
74.4904, 0.0379467, -0.000286807, -70.6149, -4.67387, -1.57037, -3.10349, -0.000236279
74.4979, 0.0384807, -0.000633138, -70.5844, -4.67389, -1.57037, -3.10352, -0.000236326
74.5053, 0.0390365, -0.000325016, -70.5538, -4.67391, -1.57037, -3.10354, -0.000236372
74.5127, 0.0390366, 0.000328622, -70.5233, -4.67393, -1.57036, -3.10357, -0.000236419
74.5201, 0.0384602, 0.000673944, -70.4928, -4.67395, -1.57036, -3.10359, -0.000236465
74.5275, 0.0378623, 0.000366281, -70.4623, -4.67397, -1.57035, -3.10362, -0.000236512
74.535, 0.0378185, -0.000286602, -70.4318, -4.67399, -1.57035, -3.10364, -0.000236558
74.5424, 0.0383507, -0.000633154, -70.4013, -4.67401, -1.57035, -3.10367, -0.000236604
74.5498, 0.0389067, -0.00032828, -70.3709, -4.67404, -1.57034, -3.10369, -0.000236651
74.5572, 0.0389115, 0.00032377, -70.3405, -4.67406, -1.57034, -3.10372, -0.000236697
74.5646, 0.0383397, 0.000673819, -70.31, -4.67408, -1.57033, -3.10375, -0.000236744
74.5721, 0.0377393, 0.00037412, -70.2796, -4.6741, -1.57033, -3.10377, -0.00023679
74.5795, 0.0376856, -0.000276921, -70.2492, -4.67412, -1.57032, -3.1038, -0.000236837
74.5869, 0.0382102, -0.000632643, -70.2189, -4.67414, -1.57032, -3.10382, -0.000236883
74.5943, 0.0387711, -0.000340474, -70.1885, -4.67416, -1.57032, -3.10385, -0.00023693
74.6017, 0.0387912, 0.00030936, -70.1582, -4.67418, -1.57031, -3.10387, -0.000236976
74.6092, 0.03823, 0.000672924, -70.1278, -4.67421, -1.57031, -3.1039, -0.000237023
74.6166, 0.0376224, 0.000390722, -70.0975, -4.67423, -1.5703, -3.10392, -0.00023707
74.624, 0.0375482, -0.000257546, -70.0672, -4.67425, -1.5703, -3.10395, -0.000237116
74.6314, 0.0380592, -0.000630988, -70.0369, -4.67427, -1.5703, -3.10397, -0.000237163
74.6389, 0.0386292, -0.000361184, -70.0066, -4.67429, -1.57029, -3.104, -0.000237209
74.6463, 0.0386749, 0.000285071, -69.9764, -4.67431, -1.57029, -3.10403, -0.000237256
74.6537, 0.0381308, 0.000670382, -69.9461, -4.67433, -1.57028, -3.10405, -0.000237302
74.6611, 0.0375125, 0.000415508, -69.9159, -4.67435, -1.57028, -3.10408, -0.000237349
74.6685, 0.0374075, -0.000228066, -69.8857, -4.67438, -1.57027, -3.1041, -0.000237396
74.676, 0.0378978, -0.000627059, -69.8555, -4.6744, -1.57027, -3.10413, -0.000237442
74.6834, 0.0384801, -0.000389653, -69.8253, -4.67442, -1.57027, -3.10415, -0.000237489
74.6908, 0.0385616, 0.000250424, -69.7951, -4.67444, -1.57026, -3.10418, -0.000237535
74.6982, 0.0380421, 0.000664815, -69.7649, -4.67446, -1.57026, -3.1042, -0.000237582
74.7056, 0.0374106, 0.000447526, -69.7348, -4.67448, -1.57025, -3.10423, -0.000237629
74.7131, 0.0372649, -0.000187959, -69.7047, -4.6745, -1.57025, -3.10425, -0.000237675
74.7205, 0.0377264, -0.000619232, -69.6745, -4.67453, -1.57025, -3.10428, -0.000237722
74.7279, 0.0383223, -0.000424714, -69.6444, -4.67455, -1.57024, -3.10431, -0.000237769
74.7353, 0.0384494, 0.000204884, -69.6143, -4.67457, -1.57024, -3.10433, -0.000237815
74.7427, 0.0379633, 0.000654365, -69.5843, -4.67459, -1.57023, -3.10436, -0.000237862
74.7502, 0.0373182, 0.00048537, -69.5542, -4.67461, -1.57023, -3.10438, -0.000237909
74.7579, 0.0371286, -0.000162901, -69.523, -4.67463, -1.57022, -3.10441, -0.000237957
74.7656, 0.0375963, -0.000619128, -69.4917, -4.67465, -1.57022, -3.10443, -0.000238006
74.7733, 0.0382087, -0.000406601, -69.4605, -4.67468, -1.57022, -3.10446, -0.000238054
74.781, 0.038303, 0.000252074, -69.4293, -4.6747, -1.57021, -3.10449, -0.000238103
74.7887, 0.0377582, 0.000669093, -69.3981, -4.67472, -1.57021, -3.10451, -0.000238152
74.7965, 0.0371201, 0.000409854, -69.3669, -4.67474, -1.5702, -3.10454, -0.0002382
74.8042, 0.0370305, -0.000254886, -69.3358, -4.67476, -1.5702, -3.10457, -0.000238249
74.8119, 0.0375592, -0.000632707, -69.3046, -4.67479, -1.57019, -3.10459, -0.000238297
74.8196, 0.0381327, -0.000330873, -69.2735, -4.67481, -1.57019, -3.10462, -0.000238346
74.8273, 0.038132, 0.000336256, -69.2424, -4.67483, -1.57019, -3.10465, -0.000238395
74.8351, 0.0375354, 0.000675517, -69.2113, -4.67485, -1.57018, -3.10467, -0.000238443
74.8428, 0.0369397, 0.0003352, -69.1802, -4.67487, -1.57018, -3.1047, -0.000238492
74.8505, 0.0369396, -0.000331183, -69.1492, -4.6749, -1.57017, -3.10472, -0.000238541
74.8582, 0.0375119, -0.000632957, -69.1181, -4.67492, -1.57017, -3.10475, -0.000238589
74.8659, 0.0380406, -0.000258094, -69.0871, -4.67494, -1.57016, -3.10478, -0.000238638
74.8736, 0.0379563, 0.000405037, -69.0561, -4.67496, -1.57016, -3.1048, -0.000238687
74.8814, 0.0373238, 0.000670855, -69.0251, -4.67499, -1.57015, -3.10483, -0.000238735
74.8891, 0.0367741, 0.000265271, -68.9941, -4.67501, -1.57015, -3.10486, -0.000238784
74.8968, 0.0368514, -0.000392585, -68.9631, -4.67503, -1.57015, -3.10488, -0.000238833
74.9045, 0.0374528, -0.000624262, -68.9322, -4.67505, -1.57014, -3.10491, -0.000238882
74.9122, 0.0379355, -0.000191524, -68.9012, -4.67507, -1.57014, -3.10494, -0.00023893
74.92, 0.0377802, 0.000459591, -68.8703, -4.6751, -1.57013, -3.10496, -0.000238979
74.9277, 0.0371245, 0.000659264, -68.8394, -4.67512, -1.57013, -3.10499, -0.000239028
74.9354, 0.0366201, 0.000202769, -68.8085, -4.67514, -1.57012, -3.10501, -0.000239077
74.9431, 0.0367621, -0.000440542, -68.7776, -4.67516, -1.57012, -3.10504, -0.000239125
74.9508, 0.0373816, -0.000610507, -68.7467, -4.67518, -1.57012, -3.10507, -0.000239174
74.9585, 0.0378205, -0.000133363, -68.7159, -4.67521, -1.57011, -3.10509, -0.000239223
74.9663, 0.0376069, 0.000501554, -68.6851, -4.67523, -1.57011, -3.10512, -0.000239272
74.974, 0.0369375, 0.000644326, -68.6542, -4.67525, -1.5701, -3.10515, -0.000239321
74.9817, 0.0364748, 0.000149453, -68.6234, -4.67527, -1.5701, -3.10517, -0.000239369
74.9894, 0.0366687, -0.000476798, -68.5926, -4.67529, -1.57009, -3.1052, -0.000239418
74.9971, 0.0372983, -0.000594955, -68.5619, -4.67532, -1.57009, -3.10523, -0.000239467
75.0048, 0.0376984, -8.49869e-05, -68.5311, -4.67534, -1.57009, -3.10525, -0.000239516
75.0126, 0.037439, 0.00053271, -68.5004, -4.67536, -1.57008, -3.10528, -0.000239565
75.0203, 0.0367626, 0.000628972, -68.4696, -4.67538, -1.57008, -3.1053, -0.000239614
75.028, 0.0363354, 0.000106372, -68.4389, -4.6754, -1.57007, -3.10533, -0.000239663
75.0357, 0.0365693, -0.000503113, -68.4082, -4.67543, -1.57007, -3.10536, -0.000239711
75.0434, 0.0372035, -0.000580204, -68.3776, -4.67545, -1.57006, -3.10538, -0.00023976
75.0512, 0.0375717, -4.7172e-05, -68.3469, -4.67547, -1.57006, -3.10541, -0.000239809
75.0589, 0.0372782, 0.000554744, -68.3162, -4.67549, -1.57006, -3.10544, -0.000239858
75.0666, 0.036599, 0.000615478, -68.2856, -4.67551, -1.57005, -3.10546, -0.000239907
75.0743, 0.0361999, 7.40801e-05, -68.255, -4.67554, -1.57005, -3.10549, -0.000239956
75.082, 0.0364622, -0.000521058, -68.2244, -4.67556, -1.57004, -3.10552, -0.000240005
75.0897, 0.0370979, -0.000568214, -68.1938, -4.67558, -1.57004, -3.10554, -0.000240054
75.0975, 0.0374422, -2.02984e-05, -68.1632, -4.6756, -1.57003, -3.10557, -0.000240103
75.1052, 0.0371258, 0.000569075, -68.1326, -4.67562, -1.57003, -3.10559, -0.000240152
75.1129, 0.0364462, 0.000605493, -68.1021, -4.67565, -1.57002, -3.10562, -0.000240201
75.1206, 0.0360665, 5.28242e-05, -68.0716, -4.67567, -1.57002, -3.10565, -0.00024025
75.1283, 0.0363466, -0.000531874, -68.0411, -4.67569, -1.57002, -3.10567, -0.000240299
75.136, 0.0369819, -0.000560339, -68.0106, -4.67571, -1.57001, -3.1057, -0.000240348
75.1438, 0.0373113, -4.51363e-06, -67.9801, -4.67573, -1.57001, -3.10573, -0.000240397
75.1515, 0.0369824, 0.00057675, -67.9496, -4.67576, -1.57, -3.10575, -0.000240446
75.1592, 0.0363037, 0.000600092, -67.9191, -4.67578, -1.57, -3.10578, -0.000240495
75.1669, 0.0359342, 4.26818e-05, -67.8887, -4.6758, -1.56999, -3.1058, -0.000240544
75.1746, 0.0362218, -0.000536394, -67.8583, -4.67582, -1.56999, -3.10583, -0.000240593
75.1824, 0.036856, -0.000557381, -67.8279, -4.67584, -1.56999, -3.10586, -0.000240642
75.1901, 0.03718, 1.51162e-07, -67.7975, -4.67586, -1.56998, -3.10588, -0.000240691
75.1978, 0.0368484, 0.000578372, -67.7671, -4.67589, -1.56998, -3.10591, -0.00024074
75.2055, 0.0361712, 0.000599813, -67.7367, -4.67591, -1.56997, -3.10594, -0.000240789
75.2132, 0.0358025, 4.3655e-05, -67.7064, -4.67593, -1.56997, -3.10596, -0.000240838
75.2209, 0.0360878, -0.000534988, -67.6761, -4.67595, -1.56996, -3.10599, -0.000240887
75.2287, 0.0367203, -0.000559623, -67.6457, -4.67597, -1.56996, -3.10601, -0.000240936
75.2364, 0.0370482, -6.2881e-06, -67.6154, -4.676, -1.56996, -3.10604, -0.000240985
75.2441, 0.0367239, 0.000574077, -67.5851, -4.67602, -1.56995, -3.10607, -0.000241034
75.2518, 0.0360486, 0.000604685, -67.5549, -4.67604, -1.56995, -3.10609, -0.000241084
75.2595, 0.0356714, 5.5715e-05, -67.5246, -4.67606, -1.56994, -3.10612, -0.000241133
75.2672, 0.0359445, -0.000527553, -67.4944, -4.67608, -1.56994, -3.10615, -0.000241182
75.275, 0.0365749, -0.000566842, -67.4641, -4.67611, -1.56993, -3.10617, -0.000241231
75.2827, 0.0369159, -2.37886e-05, -67.4339, -4.67613, -1.56993, -3.1062, -0.00024128
75.2904, 0.0366087, 0.000563524, -67.4037, -4.67615, -1.56993, -3.10622, -0.000241329
75.2981, 0.0359361, 0.000614236, -67.3735, -4.67617, -1.56992, -3.10625, -0.000241378
75.3058, 0.0355415, 7.87982e-05, -67.3434, -4.67619, -1.56992, -3.10628, -0.000241428
75.3136, 0.0357925, -0.000513519, -67.3132, -4.67622, -1.56991, -3.1063, -0.000241477
75.3213, 0.0364193, -0.000578312, -67.2831, -4.67624, -1.56991, -3.10633, -0.000241526
75.329, 0.036782, -5.22535e-05, -67.2529, -4.67626, -1.5699, -3.10636, -0.000241575
75.3367, 0.0365022, 0.000545925, -67.2228, -4.67628, -1.5699, -3.10638, -0.000241624
75.3444, 0.0358342, 0.000627477, -67.1927, -4.6763, -1.5699, -3.10641, -0.000241674
75.3521, 0.0354139, 0.000112756, -67.1627, -4.67632, -1.56989, -3.10643, -0.000241723
75.3599, 0.0356324, -0.000491892, -67.1326, -4.67635, -1.56989, -3.10646, -0.000241772
75.3676, 0.0362531, -0.000592777, -67.1025, -4.67637, -1.56988, -3.10649, -0.000241821
75.3753, 0.0366452, -9.14579e-05, -67.0725, -4.67639, -1.56988, -3.10651, -0.000241871
75.383, 0.0364033, 0.000520096, -67.0425, -4.67641, -1.56987, -3.10654, -0.00024192
75.3907, 0.0357434, 0.000642875, -67.0125, -4.67643, -1.56987, -3.10657, -0.000241969
75.3984, 0.0352904, 0.000157257, -66.9825, -4.67646, -1.56986, -3.10659, -0.000242018
75.4062, 0.0354655, -0.00046132, -66.9525, -4.67648, -1.56986, -3.10662, -0.000242068
75.4139, 0.0360756, -0.000608414, -66.9225, -4.6765, -1.56986, -3.10664, -0.000242117
75.4216, 0.0365035, -0.000140931, -66.8926, -4.67652, -1.56985, -3.10667, -0.000242166
75.4293, 0.0363106, 0.000484546, -66.8627, -4.67654, -1.56985, -3.1067, -0.000242216
75.437, 0.0356643, 0.000658315, -66.8327, -4.67657, -1.56984, -3.10672, -0.000242265
75.4448, 0.0351731, 0.000211653, -66.8028, -4.67659, -1.56984, -3.10675, -0.000242314
75.4525, 0.0352935, -0.000420208, -66.773, -4.67661, -1.56983, -3.10677, -0.000242364
75.4605, 0.0359124, -0.000616912, -66.7419, -4.67663, -1.56983, -3.1068, -0.000242415
75.4685, 0.036369, -0.000147565, -66.7108, -4.67665, -1.56983, -3.10683, -0.000242466
75.4766, 0.0361636, 0.000497717, -66.6798, -4.67668, -1.56982, -3.10686, -0.000242518
75.4846, 0.0354872, 0.000646404, -66.6487, -4.6767, -1.56982, -3.10688, -0.000242569
75.4926, 0.0350208, 0.000144206, -66.6177, -4.67672, -1.56981, -3.10691, -0.000242621
75.5006, 0.0352257, -0.000485824, -66.5867, -4.67675, -1.56981, -3.10694, -0.000242672
75.5087, 0.0358647, -0.000588739, -66.5557, -4.67677, -1.5698, -3.10696, -0.000242723
75.5167, 0.0362502, -5.81896e-05, -66.5248, -4.67679, -1.5698, -3.10699, -0.000242775
75.5247, 0.0359589, 0.000554704, -66.4938, -4.67681, -1.56979, -3.10702, -0.000242826
75.5328, 0.0352699, 0.000614475, -66.4629, -4.67684, -1.56979, -3.10705, -0.000242878
75.5408, 0.0348739, 5.97777e-05, -66.432, -4.67686, -1.56979, -3.10707, -0.000242929
75.5488, 0.0351568, -0.000534669, -66.4011, -4.67688, -1.56978, -3.1071, -0.000242981
75.5568, 0.035802, -0.000554107, -66.3702, -4.6769, -1.56978, -3.10713, -0.000243032
75.5649, 0.036119, 2.09702e-05, -66.3393, -4.67693, -1.56977, -3.10716, -0.000243083
75.5729, 0.0357575, 0.000596289, -66.3085, -4.67695, -1.56977, -3.10718, -0.000243135
75.5809, 0.0350676, 0.00057843, -66.2776, -4.67697, -1.56976, -3.10721, -0.000243186
75.589, 0.0347373, -1.35896e-05, -66.2468, -4.677, -1.56976, -3.10724, -0.000243238
75.597, 0.035083, -0.000569553, -66.216, -4.67702, -1.56975, -3.10726, -0.000243289
75.605, 0.035725, -0.000517477, -66.1852, -4.67704, -1.56975, -3.10729, -0.000243341
75.6131, 0.0359797, 8.84887e-05, -66.1544, -4.67706, -1.56974, -3.10732, -0.000243392
75.6211, 0.0355626, 0.000625379, -66.1237, -4.67709, -1.56974, -3.10735, -0.000243444
75.6291, 0.0348792, 0.000542279, -66.0929, -4.67711, -1.56974, -3.10737, -0.000243496
75.6371, 0.0346073, -7.49561e-05, -66.0622, -4.67713, -1.56973, -3.1074, -0.000243547
75.6452, 0.0350017, -0.000593392, -66.0315, -4.67715, -1.56973, -3.10743, -0.000243599
75.6532, 0.0356349, -0.000482414, -66.0008, -4.67718, -1.56972, -3.10745, -0.00024365
75.6612, 0.0358358, 0.000143827, -65.9701, -4.6772, -1.56972, -3.10748, -0.000243702
75.6693, 0.0353763, 0.000644824, -65.9394, -4.67722, -1.56971, -3.10751, -0.000243753
75.6773, 0.0347032, 0.000509154, -65.9088, -4.67724, -1.56971, -3.10754, -0.000243805
75.6853, 0.0344804, -0.000124103, -65.8781, -4.67727, -1.5697, -3.10756, -0.000243857
75.6933, 0.0349113, -0.00060891, -65.8475, -4.67729, -1.5697, -3.10759, -0.000243908
75.7014, 0.0355334, -0.000451635, -65.8169, -4.67731, -1.5697, -3.10762, -0.00024396
75.7094, 0.0356904, 0.000187013, -65.7863, -4.67734, -1.56969, -3.10764, -0.000244012
75.7174, 0.0352, 0.000657176, -65.7558, -4.67736, -1.56969, -3.10767, -0.000244063
75.7255, 0.0345382, 0.000481387, -65.7252, -4.67738, -1.56968, -3.1077, -0.000244115
75.7335, 0.0343539, -0.000161238, -65.6947, -4.6774, -1.56968, -3.10773, -0.000244167
75.7415, 0.0348106, -0.000618448, -65.6641, -4.67743, -1.56967, -3.10775, -0.000244218
75.7495, 0.0354219, -0.000427113, -65.6336, -4.67745, -1.56967, -3.10778, -0.00024427
75.7576, 0.0355458, 0.00021837, -65.6031, -4.67747, -1.56966, -3.10781, -0.000244322
75.7656, 0.0350346, 0.000664536, -65.5727, -4.67749, -1.56966, -3.10783, -0.000244373
75.7736, 0.0343828, 0.000460619, -65.5422, -4.67752, -1.56966, -3.10786, -0.000244425
75.7817, 0.034226, -0.000186749, -65.5118, -4.67754, -1.56965, -3.10789, -0.000244477
75.7897, 0.0346991, -0.000623847, -65.4813, -4.67756, -1.56965, -3.10792, -0.000244528
75.7977, 0.0353016, -0.000410191, -65.4509, -4.67758, -1.56964, -3.10794, -0.00024458
75.8058, 0.0354037, 0.00023831, -65.4205, -4.67761, -1.56964, -3.10797, -0.000244632
75.8138, 0.0348803, 0.000668468, -65.3901, -4.67763, -1.56963, -3.108, -0.000244684
75.8218, 0.0342358, 0.000447919, -65.3598, -4.67765, -1.56963, -3.10802, -0.000244735
75.8298, 0.0340952, -0.00020103, -65.3294, -4.67767, -1.56962, -3.10805, -0.000244787
75.8379, 0.0345764, -0.000626385, -65.2991, -4.6777, -1.56962, -3.10808, -0.000244839
75.8459, 0.0351734, -0.000401685, -65.2688, -4.67772, -1.56961, -3.1081, -0.000244891
75.8539, 0.0352651, 0.000247175, -65.2385, -4.67774, -1.56961, -3.10813, -0.000244943
75.862, 0.0347375, 0.000669959, -65.2082, -4.67776, -1.56961, -3.10816, -0.000244994
75.87, 0.0340967, 0.000443875, -65.1779, -4.67779, -1.5696, -3.10819, -0.000245046
75.878, 0.0339607, -0.000204353, -65.1476, -4.67781, -1.5696, -3.10821, -0.000245098
75.886, 0.0344424, -0.00062675, -65.1174, -4.67783, -1.56959, -3.10824, -0.00024515
75.8941, 0.0350378, -0.000401968, -65.0872, -4.67786, -1.56959, -3.10827, -0.000245202
75.9021, 0.0351305, 0.000245154, -65.0569, -4.67788, -1.56958, -3.10829, -0.000245254
75.9101, 0.0346062, 0.000669395, -65.0268, -4.6779, -1.56958, -3.10832, -0.000245306
75.9182, 0.033965, 0.000448652, -64.9966, -4.67792, -1.56957, -3.10835, -0.000245357
75.9262, 0.0338225, -0.000196808, -64.9664, -4.67795, -1.56957, -3.10838, -0.000245409
75.9342, 0.0342972, -0.000625031, -64.9363, -4.67797, -1.56957, -3.1084, -0.000245461
75.9422, 0.0348948, -0.000411007, -64.9061, -4.67799, -1.56956, -3.10843, -0.000245513
75.9503, 0.0349998, 0.000232234, -64.876, -4.67801, -1.56956, -3.10846, -0.000245565
75.9583, 0.0344863, 0.000666569, -64.8459, -4.67804, -1.56955, -3.10848, -0.000245617
75.9663, 0.0338412, 0.000462019, -64.8158, -4.67806, -1.56955, -3.10851, -0.000245669
75.9744, 0.0336808, -0.000178287, -64.7857, -4.67808, -1.56954, -3.10854, -0.000245721
75.9824, 0.0341409, -0.000620722, -64.7557, -4.6781, -1.56954, -3.10856, -0.000245773
75.9904, 0.0347439, -0.000428367, -64.7256, -4.67813, -1.56953, -3.10859, -0.000245825
75.9984, 0.0348722, 0.000208218, -64.6956, -4.67815, -1.56953, -3.10862, -0.000245877
76.0065, 0.0343775, 0.000660682, -64.6656, -4.67817, -1.56953, -3.10865, -0.000245929
76.0145, 0.0337258, 0.000483331, -64.6356, -4.67819, -1.56952, -3.10867, -0.000245981
76.0225, 0.0335368, -0.000148519, -64.6056, -4.67822, -1.56952, -3.1087, -0.000246033
76.0306, 0.0339738, -0.000612739, -64.5757, -4.67824, -1.56951, -3.10873, -0.000246085
76.0386, 0.0345843, -0.000453177, -64.5457, -4.67826, -1.56951, -3.10875, -0.000246137
76.0469, 0.0347394, 0.000197441, -64.5147, -4.67828, -1.5695, -3.10878, -0.000246191
76.0552, 0.0342288, 0.000663717, -64.4836, -4.67831, -1.5695, -3.10881, -0.000246245
76.0636, 0.0335637, 0.000457346, -64.4526, -4.67833, -1.56949, -3.10884, -0.000246299
76.0719, 0.033416, -0.000204949, -64.4216, -4.67835, -1.56949, -3.10887, -0.000246353
76.0802, 0.0339152, -0.000630033, -64.3906, -4.67838, -1.56948, -3.10889, -0.000246407
76.0886, 0.0345147, -0.000373958, -64.3597, -4.6784, -1.56948, -3.10892, -0.000246461
76.0969, 0.034564, 0.000295228, -64.3287, -4.67842, -1.56947, -3.10895, -0.000246515
76.1052, 0.033988, 0.000679069, -64.2978, -4.67845, -1.56947, -3.10898, -0.000246569
76.1135, 0.0333633, 0.000377826, -64.2669, -4.67847, -1.56947, -3.10901, -0.000246623
76.1219, 0.0333162, -0.000294095, -64.236, -4.67849, -1.56946, -3.10903, -0.000246677
76.1302, 0.0338707, -0.000637239, -64.2051, -4.67852, -1.56946, -3.10906, -0.000246731
76.1385, 0.0344257, -0.000295249, -64.1742, -4.67854, -1.56945, -3.10909, -0.000246785
76.1469, 0.0343805, 0.000375985, -64.1434, -4.67856, -1.56945, -3.10912, -0.000246839
76.1552, 0.0337584, 0.000679602, -64.1125, -4.67859, -1.56944, -3.10915, -0.000246893
76.1635, 0.0331809, 0.000301213, -64.0817, -4.67861, -1.56944, -3.10917, -0.000246948
76.1718, 0.0332219, -0.000366496, -64.0509, -4.67863, -1.56943, -3.1092, -0.000247002
76.1802, 0.0338143, -0.000632159, -64.0201, -4.67866, -1.56943, -3.10923, -0.000247056
76.1885, 0.0343207, -0.000221476, -63.9894, -4.67868, -1.56942, -3.10926, -0.00024711
76.1968, 0.034194, 0.000440545, -63.9586, -4.6787, -1.56942, -3.10929, -0.000247164
76.2051, 0.0335416, 0.000670267, -63.9279, -4.67873, -1.56941, -3.10931, -0.000247218
76.2135, 0.0330128, 0.000231225, -63.8972, -4.67875, -1.56941, -3.10934, -0.000247272
76.2218, 0.0331285, -0.000423446, -63.8665, -4.67877, -1.56941, -3.10937, -0.000247327
76.2301, 0.0337448, -0.000619483, -63.8358, -4.6788, -1.5694, -3.1094, -0.000247381
76.2385, 0.0342033, -0.000155705, -63.8051, -4.67882, -1.5694, -3.10942, -0.000247435
76.2468, 0.034009, 0.000490536, -63.7745, -4.67884, -1.56939, -3.10945, -0.000247489
76.2551, 0.0333382, 0.000655443, -63.7438, -4.67887, -1.56939, -3.10948, -0.000247543
76.2634, 0.0328557, 0.000170342, -63.7132, -4.67889, -1.56938, -3.10951, -0.000247598
76.2718, 0.0330321, -0.000466794, -63.6826, -4.67891, -1.56938, -3.10954, -0.000247652
76.2801, 0.0336622, -0.000603243, -63.652, -4.67894, -1.56937, -3.10956, -0.000247706
76.2884, 0.0340769, -9.99005e-05, -63.6214, -4.67896, -1.56937, -3.10959, -0.00024776
76.2967, 0.0338286, 0.000527933, -63.5909, -4.67898, -1.56936, -3.10962, -0.000247815
76.3051, 0.033148, 0.000638787, -63.5603, -4.67901, -1.56936, -3.10965, -0.000247869
76.3134, 0.0327064, 0.000120081, -63.5298, -4.67903, -1.56935, -3.10968, -0.000247923
76.3217, 0.0329301, -0.000498556, -63.4993, -4.67905, -1.56935, -3.1097, -0.000247978
76.3301, 0.0335669, -0.000586709, -63.4688, -4.67908, -1.56935, -3.10973, -0.000248032
76.3384, 0.0339443, -5.52025e-05, -63.4383, -4.6791, -1.56934, -3.10976, -0.000248086
76.3467, 0.0336552, 0.000554722, -63.4079, -4.67912, -1.56934, -3.10979, -0.000248141
76.355, 0.0329704, 0.000623187, -63.3774, -4.67915, -1.56933, -3.10982, -0.000248195
76.3634, 0.032562, 8.12716e-05, -63.347, -4.67917, -1.56933, -3.10984, -0.000248249
76.3717, 0.0328205, -0.000520629, -63.3166, -4.67919, -1.56932, -3.10987, -0.000248304
76.38, 0.0334595, -0.000572395, -63.2862, -4.67922, -1.56932, -3.1099, -0.000248358
76.3884, 0.0338081, -2.21912e-05, -63.2558, -4.67924, -1.56931, -3.10993, -0.000248412
76.3967, 0.0334903, 0.000572659, -63.2255, -4.67926, -1.56931, -3.10995, -0.000248467
76.405, 0.0328047, 0.00061079, -63.1951, -4.67929, -1.5693, -3.10998, -0.000248521
76.4133, 0.0324206, 5.42993e-05, -63.1648, -4.67931, -1.5693, -3.11001, -0.000248576
76.4217, 0.0327019, -0.000534591, -63.1345, -4.67933, -1.56929, -3.11004, -0.00024863
76.43, 0.0333409, -0.000562093, -63.1042, -4.67936, -1.56929, -3.11007, -0.000248684
76.4383, 0.03367, -1.1049e-06, -63.0739, -4.67938, -1.56928, -3.11009, -0.000248739
76.4466, 0.033335, 0.000583114, -63.0436, -4.6794, -1.56928, -3.11012, -0.000248793
76.455, 0.0326502, 0.00060305, -63.0134, -4.67943, -1.56928, -3.11015, -0.000248848
76.4633, 0.0322806, 3.92969e-05, -62.9832, -4.67945, -1.56927, -3.11018, -0.000248902
76.4716, 0.0325737, -0.000541575, -62.953, -4.67947, -1.56927, -3.11021, -0.000248957
76.48, 0.0332114, -0.000556936, -62.9228, -4.67949, -1.56926, -3.11023, -0.000249011
76.4883, 0.0335312, 7.99525e-06, -62.8926, -4.67952, -1.56926, -3.11026, -0.000249066
76.4966, 0.0331899, 0.000586966, -62.8624, -4.67954, -1.56925, -3.11029, -0.00024912
76.5049, 0.0325065, 0.000600791, -62.8322, -4.67956, -1.56925, -3.11032, -0.000249175
76.5133, 0.0321413, 3.62803e-05, -62.8021, -4.67959, -1.56924, -3.11034, -0.000249229
76.5216, 0.0324354, -0.000542196, -62.772, -4.67961, -1.56924, -3.11037, -0.000249284
76.5299, 0.0330716, -0.000557447, -62.7419, -4.67963, -1.56923, -3.1104, -0.000249338
76.5382, 0.0333921, 5.11985e-06, -62.7118, -4.67966, -1.56923, -3.11043, -0.000249393
76.5466, 0.033055, 0.000584558, -62.6817, -4.67968, -1.56922, -3.11046, -0.000249448
76.5549, 0.0323734, 0.000604241, -62.6517, -4.6797, -1.56922, -3.11048, -0.000249502
76.5632, 0.0320023, 4.52236e-05, -62.6216, -4.67973, -1.56922, -3.11051, -0.000249557
76.5716, 0.032287, -0.000536522, -62.5916, -4.67975, -1.56921, -3.11054, -0.000249611
76.5799, 0.0329212, -0.000563565, -62.5616, -4.67977, -1.56921, -3.11057, -0.000249666
76.5882, 0.0332527, -9.69402e-06, -62.5316, -4.6798, -1.5692, -3.11059, -0.000249721
76.5965, 0.0329304, 0.000575683, -62.5016, -4.67982, -1.5692, -3.11062, -0.000249775
76.6049, 0.0322511, 0.000613055, -62.4717, -4.67984, -1.56919, -3.11065, -0.00024983
76.6132, 0.0318643, 6.6075e-05, -62.4417, -4.67987, -1.56919, -3.11068, -0.000249885
76.6215, 0.032129, -0.000524073, -62.4118, -4.67989, -1.56918, -3.11071, -0.000249939
76.6299, 0.0327602, -0.000574657, -62.3819, -4.67991, -1.56918, -3.11073, -0.000249994
76.6382, 0.0331121, -3.6369e-05, -62.352, -4.67993, -1.56917, -3.11076, -0.000250049
76.6465, 0.0328153, 0.000559596, -62.3221, -4.67996, -1.56917, -3.11079, -0.000250103
76.6548, 0.0321401, 0.000626302, -62.2922, -4.67998, -1.56916, -3.11082, -0.000250158
76.6632, 0.0317284, 9.87135e-05, -62.2624, -4.68, -1.56916, -3.11084, -0.000250213
76.6715, 0.0319619, -0.000503857, -62.2325, -4.68003, -1.56916, -3.11087, -0.000250268
76.6798, 0.0325879, -0.000589487, -62.2027, -4.68005, -1.56915, -3.1109, -0.000250322
76.6881, 0.0329688, -7.47155e-05, -62.1729, -4.68007, -1.56915, -3.11093, -0.000250377
76.6965, 0.0327089, 0.000535077, -62.1431, -4.6801, -1.56914, -3.11096, -0.000250432
76.7048, 0.0320408, 0.000642433, -62.1134, -4.68012, -1.56914, -3.11098, -0.000250487
76.7131, 0.0315962, 0.000142849, -62.0836, -4.68014, -1.56913, -3.11101, -0.000250541
76.7215, 0.0317871, -0.000474443, -62.0539, -4.68017, -1.56913, -3.11104, -0.000250596
76.7298, 0.0324036, -0.000606183, -62.0242, -4.68019, -1.56912, -3.11107, -0.000250651
76.7381, 0.0328209, -0.000124305, -61.9944, -4.68021, -1.56912, -3.11109, -0.000250706
76.7464, 0.0326097, 0.000500514, -61.9648, -4.68024, -1.56911, -3.11112, -0.000250761
76.7548, 0.0319539, 0.000659243, -61.9351, -4.68026, -1.56911, -3.11115, -0.000250815
76.7631, 0.0314701, 0.00019787, -61.9054, -4.68028, -1.5691, -3.11118, -0.00025087
76.7714, 0.0316063, -0.000434081, -61.8758, -4.6803, -1.5691, -3.11121, -0.000250925
76.78, 0.0322291, -0.000616571, -61.8451, -4.68033, -1.56909, -3.11123, -0.000250982
76.7887, 0.0326774, -0.0001388, -61.8145, -4.68035, -1.56909, -3.11126, -0.000251039
76.7973, 0.0324639, 0.000505311, -61.7839, -4.68038, -1.56909, -3.11129, -0.000251095
76.8059, 0.0317849, 0.00065126, -61.7532, -4.6804, -1.56908, -3.11132, -0.000251152
76.8145, 0.031316, 0.000149205, -61.7227, -4.68042, -1.56908, -3.11135, -0.000251209
76.8231, 0.0315151, -0.000483254, -61.6921, -4.68045, -1.56907, -3.11138, -0.000251266
76.8317, 0.0321522, -0.000595411, -61.6615, -4.68047, -1.56907, -3.11141, -0.000251323
76.8404, 0.0325474, -7.25652e-05, -61.631, -4.6805, -1.56906, -3.11143, -0.00025138
76.849, 0.0322708, 0.000547755, -61.6005, -4.68052, -1.56906, -3.11146, -0.000251436
76.8576, 0.0315824, 0.0006291, -61.57, -4.68054, -1.56905, -3.11149, -0.000251493
76.8662, 0.0311637, 8.86991e-05, -61.5395, -4.68057, -1.56905, -3.11152, -0.00025155
76.8748, 0.0314188, -0.000519385, -61.509, -4.68059, -1.56904, -3.11155, -0.000251607
76.8834, 0.0320615, -0.000572951, -61.4785, -4.68062, -1.56904, -3.11158, -0.000251664
76.8921, 0.0324101, -1.78489e-05, -61.4481, -4.68064, -1.56903, -3.11161, -0.000251721
76.9007, 0.0320846, 0.000578363, -61.4177, -4.68066, -1.56903, -3.11163, -0.000251778
76.9093, 0.0313934, 0.000607318, -61.3873, -4.68069, -1.56902, -3.11166, -0.000251835
76.9179, 0.0310173, 4.01356e-05, -61.3569, -4.68071, -1.56902, -3.11169, -0.000251892
76.9265, 0.0313148, -0.000544845, -61.3265, -4.68073, -1.56901, -3.11172, -0.000251949
76.9351, 0.031958, -0.000552333, -61.2962, -4.68076, -1.56901, -3.11175, -0.000252006
76.9438, 0.0322685, 2.46503e-05, -61.2658, -4.68078, -1.569, -3.11178, -0.000252062
76.9524, 0.031907, 0.000599394, -61.2355, -4.68081, -1.569, -3.11181, -0.000252119
76.961, 0.031217, 0.000588639, -61.2052, -4.68083, -1.56899, -3.11184, -0.000252176
76.9696, 0.0308743, 3.95014e-06, -61.1749, -4.68085, -1.56899, -3.11186, -0.000252233
76.9782, 0.0312015, -0.000561727, -61.1446, -4.68088, -1.56899, -3.11189, -0.00025229
76.9868, 0.0318426, -0.000535883, -61.1144, -4.6809, -1.56898, -3.11192, -0.000252348
76.9955, 0.032125, 5.46947e-05, -61.0841, -4.68092, -1.56898, -3.11195, -0.000252405
77.0041, 0.0317396, 0.000612733, -61.0539, -4.68095, -1.56897, -3.11198, -0.000252462
77.0127, 0.0310522, 0.000575007, -61.0237, -4.68097, -1.56897, -3.11201, -0.000252519
77.0213, 0.0307324, -1.97613e-05, -60.9935, -4.681, -1.56896, -3.11204, -0.000252576
77.0299, 0.0310779, -0.000571674, -60.9633, -4.68102, -1.56896, -3.11206, -0.000252633
77.0385, 0.0317163, -0.000525186, -60.9332, -4.68104, -1.56895, -3.11209, -0.00025269
77.0472, 0.0319813, 7.22817e-05, -60.903, -4.68107, -1.56895, -3.11212, -0.000252747
77.0558, 0.031583, 0.000619755, -60.8729, -4.68109, -1.56894, -3.11215, -0.000252804
77.0644, 0.0308983, 0.000567669, -60.8428, -4.68112, -1.56894, -3.11218, -0.000252861
77.073, 0.0305903, -3.1049e-05, -60.8127, -4.68114, -1.56893, -3.11221, -0.000252918
77.0816, 0.0309435, -0.000575776, -60.7826, -4.68116, -1.56893, -3.11224, -0.000252976
77.0902, 0.0315797, -0.000521165, -60.7526, -4.68119, -1.56892, -3.11226, -0.000253033
77.0989, 0.0318383, 7.74829e-05, -60.7226, -4.68121, -1.56892, -3.11229, -0.00025309
77.1075, 0.0314376, 0.000621252, -60.6925, -4.68123, -1.56891, -3.11232, -0.000253147
77.1161, 0.0307547, 0.000567239, -60.6625, -4.68126, -1.56891, -3.11235, -0.000253204
77.1247, 0.0304475, -2.99831e-05, -60.6325, -4.68128, -1.5689, -3.11238, -0.000253261
77.1333, 0.0307981, -0.000574515, -60.6026, -4.68131, -1.5689, -3.11241, -0.000253319
77.1419, 0.031433, -0.00052414, -60.5726, -4.68133, -1.56889, -3.11243, -0.000253376
77.1506, 0.0316965, 7.03518e-05, -60.5427, -4.68135, -1.56889, -3.11246, -0.000253433
77.1592, 0.0313035, 0.000617393, -60.5127, -4.68138, -1.56888, -3.11249, -0.00025349
77.1678, 0.0306215, 0.000573748, -60.4828, -4.6814, -1.56888, -3.11252, -0.000253548
77.1764, 0.030304, -1.65934e-05, -60.4529, -4.68142, -1.56888, -3.11255, -0.000253605
77.185, 0.0306417, -0.000567751, -60.423, -4.68145, -1.56887, -3.11258, -0.000253662
77.1936, 0.031276, -0.000533852, -60.3932, -4.68147, -1.56887, -3.11261, -0.000253719
77.2023, 0.0315553, 5.08963e-05, -60.3633, -4.6815, -1.56886, -3.11263, -0.000253777
77.2109, 0.0311804, 0.000607731, -60.3335, -4.68152, -1.56886, -3.11266, -0.000253834
77.2195, 0.030499, 0.000586647, -60.3037, -4.68154, -1.56885, -3.11269, -0.000253891
77.2281, 0.0301605, 9.1246e-06, -60.2739, -4.68157, -1.56885, -3.11272, -0.000253949
77.2367, 0.0304749, -0.000554735, -60.2441, -4.68159, -1.56884, -3.11275, -0.000254006
77.2453, 0.0311083, -0.000549457, -60.2144, -4.68161, -1.56884, -3.11278, -0.000254063
77.254, 0.0314137, 1.91166e-05, -60.1846, -4.68164, -1.56883, -3.11281, -0.000254121
77.2626, 0.0310677, 0.000591226, -60.1549, -4.68166, -1.56883, -3.11283, -0.000254178
77.2712, 0.0303877, 0.000604787, -60.1252, -4.68168, -1.56882, -3.11286, -0.000254236
77.2798, 0.0300184, 4.71404e-05, -60.0955, -4.68171, -1.56882, -3.11289, -0.000254293
77.2884, 0.0302983, -0.000534152, -60.0658, -4.68173, -1.56881, -3.11292, -0.00025435
77.297, 0.0309292, -0.000569485, -60.0361, -4.68176, -1.56881, -3.11295, -0.000254408
77.3057, 0.0312698, -2.48934e-05, -60.0065, -4.68178, -1.5688, -3.11298, -0.000254465
77.3143, 0.0309643, 0.000566311, -59.9769, -4.6818, -1.5688, -3.113, -0.000254523
77.3229, 0.0302887, 0.000626362, -59.9472, -4.68183, -1.56879, -3.11303, -0.00025458
77.3315, 0.0298799, 9.72562e-05, -59.9176, -4.68185, -1.56879, -3.11306, -0.000254638
77.3401, 0.0301134, -0.000504208, -59.8881, -4.68187, -1.56878, -3.11309, -0.000254695
77.3487, 0.0307376, -0.000591781, -59.8585, -4.6819, -1.56878, -3.11312, -0.000254753
77.3574, 0.0311214, -8.07839e-05, -59.8289, -4.68192, -1.56878, -3.11315, -0.00025481
77.366, 0.0308686, 0.000530997, -59.7994, -4.68195, -1.56877, -3.11318, -0.000254868
77.3746, 0.0302027, 0.000648848, -59.7699, -4.68197, -1.56877, -3.1132, -0.000254925
77.3832, 0.0297478, 0.000158915, -59.7404, -4.68199, -1.56876, -3.11323, -0.000254983
77.3918, 0.029922, -0.000462766, -59.7109, -4.68202, -1.56876, -3.11326, -0.00025504
77.4004, 0.0305328, -0.000613438, -59.6814, -4.68204, -1.56875, -3.11329, -0.000255098
77.4091, 0.0309653, -0.00014773, -59.652, -4.68206, -1.56875, -3.11332, -0.000255155
77.4177, 0.0307783, 0.000483049, -59.6225, -4.68209, -1.56874, -3.11335, -0.000255213
77.4266, 0.0301059, 0.000663106, -59.5921, -4.68211, -1.56874, -3.11338, -0.000255272
77.4355, 0.0296099, 0.00018415, -59.5616, -4.68214, -1.56873, -3.1134, -0.000255332
77.4444, 0.0297749, -0.000460427, -59.5312, -4.68216, -1.56873, -3.11343, -0.000255392
77.4534, 0.0304056, -0.000608055, -59.5007, -4.68219, -1.56872, -3.11346, -0.000255451
77.4623, 0.0308288, -0.000107726, -59.4703, -4.68221, -1.56872, -3.11349, -0.000255511
77.4712, 0.0305855, 0.000526642, -59.4399, -4.68223, -1.56871, -3.11352, -0.000255571
77.4801, 0.0299007, 0.000644833, -59.4096, -4.68226, -1.56871, -3.11355, -0.000255631
77.4891, 0.029451, 0.00012644, -59.3792, -4.68228, -1.5687, -3.11358, -0.00025569
77.498, 0.0296711, -0.000497562, -59.3489, -4.68231, -1.5687, -3.11361, -0.00025575
77.5069, 0.0303102, -0.00058937, -59.3186, -4.68233, -1.56869, -3.11364, -0.00025581
77.5158, 0.0306905, -5.58526e-05, -59.2883, -4.68236, -1.56869, -3.11367, -0.000255869
77.5248, 0.0303993, 0.000558089, -59.258, -4.68238, -1.56868, -3.1137, -0.000255929
77.5337, 0.0297093, 0.000626723, -59.2277, -4.68241, -1.56868, -3.11373, -0.000255989
77.5426, 0.0292986, 8.0805e-05, -59.1975, -4.68243, -1.56867, -3.11376, -0.000256049
77.5515, 0.0295597, -0.000523654, -59.1672, -4.68245, -1.56867, -3.11379, -0.000256109
77.5605, 0.0302017, -0.000572305, -59.137, -4.68248, -1.56866, -3.11382, -0.000256168
77.5694, 0.0305475, -1.63843e-05, -59.1068, -4.6825, -1.56866, -3.11385, -0.000256228
77.5783, 0.030222, 0.000579521, -59.0766, -4.68253, -1.56865, -3.11387, -0.000256288
77.5872, 0.0295309, 0.000611477, -59.0465, -4.68255, -1.56865, -3.1139, -0.000256348
77.5962, 0.0291498, 4.77881e-05, -59.0163, -4.68258, -1.56864, -3.11393, -0.000256408
77.6051, 0.029439, -0.000540659, -58.9862, -4.6826, -1.56864, -3.11396, -0.000256468
77.614, 0.0300808, -0.000559146, -58.9561, -4.68263, -1.56863, -3.11399, -0.000256528
77.6229, 0.0304022, 1.03414e-05, -58.926, -4.68265, -1.56863, -3.11402, -0.000256587
77.6319, 0.0300547, 0.000592676, -58.8959, -4.68267, -1.56862, -3.11405, -0.000256647
77.6408, 0.0293647, 0.000600985, -58.8659, -4.6827, -1.56862, -3.11408, -0.000256707
77.6497, 0.0290027, 2.75771e-05, -58.8358, -4.68272, -1.56861, -3.11411, -0.000256767
77.6586, 0.029308, -0.000550062, -58.8058, -4.68275, -1.56861, -3.11414, -0.000256827
77.6676, 0.0299484, -0.000551403, -58.7758, -4.68277, -1.5686, -3.11417, -0.000256887
77.6765, 0.0302561, 2.42387e-05, -58.7458, -4.6828, -1.5686, -3.1142, -0.000256947
77.6854, 0.0298983, 0.000598761, -58.7158, -4.68282, -1.56859, -3.11423, -0.000257007
77.6943, 0.0292099, 0.000596396, -58.6858, -4.68285, -1.56859, -3.11426, -0.000257067
77.7033, 0.0288562, 2.01935e-05, -58.6559, -4.68287, -1.56858, -3.11429, -0.000257127
77.7122, 0.0291662, -0.000552774, -58.626, -4.68289, -1.56858, -3.11431, -0.000257187
77.7211, 0.0298049, -0.000549879, -58.5961, -4.68292, -1.56857, -3.11434, -0.000257247
77.73, 0.0301099, 2.53218e-05, -58.5662, -4.68294, -1.56857, -3.11437, -0.000257307
77.739, 0.029753, 0.000598376, -58.5363, -4.68297, -1.56856, -3.1144, -0.000257367
77.7479, 0.0290664, 0.000598178, -58.5064, -4.68299, -1.56856, -3.11443, -0.000257427
77.7568, 0.0287099, 2.5607e-05, -58.4766, -4.68302, -1.56855, -3.11446, -0.000257487
77.7657, 0.0290134, -0.000549078, -58.4468, -4.68304, -1.56855, -3.11449, -0.000257547
77.7747, 0.0296505, -0.000554717, -58.417, -4.68306, -1.56854, -3.11452, -0.000257608
77.7836, 0.0299638, 1.36267e-05, -58.3872, -4.68309, -1.56854, -3.11455, -0.000257668
77.7925, 0.0296189, 0.000591486, -58.3574, -4.68311, -1.56853, -3.11458, -0.000257728
77.8014, 0.0289342, 0.000606152, -58.3277, -4.68314, -1.56853, -3.11461, -0.000257788
77.8104, 0.028564, 4.37774e-05, -58.2979, -4.68316, -1.56852, -3.11464, -0.000257848
77.8193, 0.02885, -0.000538621, -58.2682, -4.68319, -1.56852, -3.11467, -0.000257908
77.8282, 0.0294848, -0.000565414, -58.2385, -4.68321, -1.56851, -3.1147, -0.000257968
77.8371, 0.0298171, -1.07951e-05, -58.2088, -4.68323, -1.56851, -3.11472, -0.000258029
77.8461, 0.0294955, 0.000577427, -58.1791, -4.68326, -1.5685, -3.11475, -0.000258089
77.855, 0.0288137, 0.000619486, -58.1495, -4.68328, -1.5685, -3.11478, -0.000258149
77.8639, 0.0284196, 7.46254e-05, -58.1198, -4.68331, -1.5685, -3.11481, -0.000258209
77.8728, 0.0286766, -0.000520445, -58.0902, -4.68333, -1.56849, -3.11484, -0.000258269
77.8818, 0.0293074, -0.000580803, -58.0606, -4.68336, -1.56849, -3.11487, -0.00025833
77.8907, 0.0296683, -4.78116e-05, -58.031, -4.68338, -1.56848, -3.1149, -0.00025839
77.8996, 0.0293818, 0.000554962, -58.0014, -4.6834, -1.56848, -3.11493, -0.00025845
77.9085, 0.0287055, 0.000636669, -57.9719, -4.68343, -1.56847, -3.11496, -0.00025851
77.9175, 0.0282784, 0.000117933, -57.9423, -4.68345, -1.56847, -3.11499, -0.000258571
77.9264, 0.0284942, -0.000493052, -57.9128, -4.68348, -1.56846, -3.11502, -0.000258631
77.9353, 0.0291175, -0.000599012, -57.8833, -4.6835, -1.56846, -3.11505, -0.000258691
77.9442, 0.0295154, -9.70782e-05, -57.8538, -4.68353, -1.56845, -3.11508, -0.000258752
77.9532, 0.0292764, 0.000522367, -57.8244, -4.68355, -1.56845, -3.1151, -0.000258812
77.9621, 0.0286105, 0.000655453, -57.7949, -4.68357, -1.56844, -3.11513, -0.000258872
77.971, 0.0281429, 0.00017318, -57.7655, -4.6836, -1.56844, -3.11516, -0.000258933
77.9799, 0.0283048, -0.000454531, -57.736, -4.68362, -1.56843, -3.11519, -0.000258993
77.9889, 0.0289144, -0.000617406, -57.7066, -4.68365, -1.56843, -3.11522, -0.000259053
77.9978, 0.0293557, -0.00015784, -57.6773, -4.68367, -1.56842, -3.11525, -0.000259114
78.0067, 0.0291772, 0.000477588, -57.6479, -4.6837, -1.56842, -3.11528, -0.000259174
78.016, 0.0285039, 0.000667111, -57.6175, -4.68372, -1.56841, -3.11531, -0.000259237
78.0252, 0.0279999, 0.0001914, -57.587, -4.68375, -1.56841, -3.11534, -0.000259299
78.0345, 0.0281595, -0.000457498, -57.5566, -4.68377, -1.5684, -3.11537, -0.000259362
78.0437, 0.0287914, -0.000609906, -57.5263, -4.6838, -1.5684, -3.1154, -0.000259425
78.053, 0.0292177, -0.000109306, -57.4959, -4.68382, -1.56839, -3.11543, -0.000259487
78.0622, 0.0289739, 0.000528067, -57.4656, -4.68385, -1.56839, -3.11546, -0.00025955
78.0715, 0.0282857, 0.00064637, -57.4353, -4.68387, -1.56838, -3.11549, -0.000259613
78.0807, 0.0278351, 0.000124636, -57.405, -4.6839, -1.56838, -3.11552, -0.000259675
78.09, 0.0280587, -0.000500673, -57.3747, -4.68392, -1.56837, -3.11555, -0.000259738
78.0992, 0.0287006, -0.00058799, -57.3444, -4.68395, -1.56837, -3.11558, -0.000259801
78.1085, 0.0290767, -4.84571e-05, -57.3141, -4.68397, -1.56836, -3.11561, -0.000259864
78.1177, 0.0287766, 0.000564808, -57.2839, -4.684, -1.56836, -3.11564, -0.000259926
78.127, 0.0280824, 0.000624452, -57.2537, -4.68402, -1.56835, -3.11567, -0.000259989
78.1362, 0.0276782, 7.01887e-05, -57.2235, -4.68405, -1.56835, -3.1157, -0.000260052
78.1455, 0.0279508, -0.000531404, -57.1933, -4.68407, -1.56834, -3.11573, -0.000260115
78.1547, 0.0285957, -0.000566689, -57.1632, -4.6841, -1.56833, -3.11576, -0.000260178
78.164, 0.0289298, -3.7631e-07, -57.133, -4.68412, -1.56833, -3.11579, -0.00026024
78.1732, 0.0285878, 0.000590346, -57.1029, -4.68415, -1.56832, -3.11582, -0.000260303
78.1825, 0.0278929, 0.000604701, -57.0728, -4.68417, -1.56832, -3.11585, -0.000260366
78.1917, 0.0275259, 2.87994e-05, -57.0427, -4.6842, -1.56831, -3.11588, -0.000260429
78.201, 0.0278336, -0.000552084, -57.0126, -4.68422, -1.56831, -3.11591, -0.000260492
78.2102, 0.0284777, -0.00054888, -56.9826, -4.68425, -1.5683, -3.11594, -0.000260555
78.2195, 0.0287799, 3.44786e-05, -56.9525, -4.68427, -1.5683, -3.11597, -0.000260618
78.2287, 0.0284093, 0.000606874, -56.9225, -4.6843, -1.56829, -3.116, -0.000260681
78.238, 0.0277162, 0.000589548, -56.8925, -4.68432, -1.56829, -3.11603, -0.000260743
78.2472, 0.0273758, 7.16768e-07, -56.8625, -4.68435, -1.56828, -3.11606, -0.000260806
78.2565, 0.0277059, -0.000564663, -56.8325, -4.68437, -1.56828, -3.1161, -0.000260869
78.2657, 0.0283476, -0.000536565, -56.8026, -4.6844, -1.56827, -3.11613, -0.000260932
78.275, 0.028629, 5.60056e-05, -56.7727, -4.68442, -1.56827, -3.11616, -0.000260995
78.2842, 0.0282421, 0.00061606, -56.7427, -4.68445, -1.56826, -3.11619, -0.000261058
78.2935, 0.0275515, 0.00058059, -56.7128, -4.68447, -1.56826, -3.11622, -0.000261121
78.3027, 0.0272261, -1.40515e-05, -56.683, -4.6845, -1.56825, -3.11625, -0.000261184
78.312, 0.0275668, -0.000570497, -56.6531, -4.68452, -1.56825, -3.11628, -0.000261247
78.3212, 0.0282062, -0.000530961, -56.6233, -4.68455, -1.56824, -3.11631, -0.00026131
78.3305, 0.0284785, 6.42483e-05, -56.5934, -4.68457, -1.56824, -3.11634, -0.000261373
78.3397, 0.0280866, 0.00061893, -56.5636, -4.6846, -1.56823, -3.11637, -0.000261436
78.349, 0.0273981, 0.000578684, -56.5338, -4.68462, -1.56823, -3.1164, -0.000261499
78.3582, 0.0270759, -1.55679e-05, -56.504, -4.68465, -1.56822, -3.11643, -0.000261563
78.3675, 0.0274161, -0.000570271, -56.4743, -4.68467, -1.56822, -3.11646, -0.000261626
78.3768, 0.0280539, -0.000532578, -56.4445, -4.6847, -1.56821, -3.11649, -0.000261689
78.386, 0.0283289, 5.9266e-05, -56.4148, -4.68472, -1.56821, -3.11652, -0.000261752
78.3953, 0.0279432, 0.000615821, -56.3851, -4.68475, -1.5682, -3.11655, -0.000261815
78.4045, 0.027256, 0.000583999, -56.3554, -4.68477, -1.5682, -3.11658, -0.000261878
78.4138, 0.0269253, -3.87609e-06, -56.3258, -4.6848, -1.56819, -3.11661, -0.000261941
78.423, 0.0272538, -0.00056397, -56.2961, -4.68482, -1.56819, -3.11664, -0.000262005
78.4323, 0.0278905, -0.000541251, -56.2665, -4.68485, -1.56818, -3.11667, -0.000262068
78.4415, 0.0281798, 4.10844e-05, -56.2368, -4.68487, -1.56818, -3.1167, -0.000262131
78.4508, 0.0278114, 0.000606368, -56.2072, -4.6849, -1.56817, -3.11673, -0.000262194
78.46, 0.0271253, 0.000596038, -56.1777, -4.68492, -1.56817, -3.11676, -0.000262257
78.4693, 0.0267747, 2.10082e-05, -56.1481, -4.68495, -1.56816, -3.11679, -0.000262321
78.4785, 0.0270803, -0.000550888, -56.1185, -4.68497, -1.56816, -3.11682, -0.000262384
78.4878, 0.0277156, -0.000556144, -56.089, -4.685, -1.56815, -3.11685, -0.000262447
78.497, 0.0280302, 9.72639e-06, -56.0595, -4.68502, -1.56815, -3.11688, -0.00026251
78.5063, 0.0276907, 0.000589534, -56.03, -4.68505, -1.56814, -3.11691, -0.000262574
78.5155, 0.0270068, 0.000613616, -56.0005, -4.68507, -1.56814, -3.11694, -0.000262637
78.5248, 0.0266258, 5.90287e-05, -55.9711, -4.6851, -1.56813, -3.11697, -0.0002627
78.534, 0.0268965, -0.000529673, -55.9416, -4.68512, -1.56813, -3.117, -0.000262764
78.5433, 0.0275284, -0.000575708, -55.9122, -4.68515, -1.56812, -3.11703, -0.000262827
78.5525, 0.0278782, -3.46818e-05, -55.8828, -4.68517, -1.56812, -3.11706, -0.00026289
78.5618, 0.0275799, 0.000563679, -55.8534, -4.6852, -1.56811, -3.11709, -0.000262954
78.571, 0.0269013, 0.000634804, -55.824, -4.68522, -1.56811, -3.11712, -0.000263017
78.5803, 0.0264808, 0.000109943, -55.7946, -4.68525, -1.5681, -3.11715, -0.00026308
78.5895, 0.0267038, -0.000498428, -55.7653, -4.68527, -1.5681, -3.11718, -0.000263144
78.5988, 0.027328, -0.000597618, -55.736, -4.6853, -1.56809, -3.11721, -0.000263207
78.608, 0.0277213, -9.17284e-05, -55.7067, -4.68532, -1.56809, -3.11724, -0.000263271
78.6173, 0.0274773, 0.000526685, -55.6774, -4.68535, -1.56808, -3.11727, -0.000263334
78.6265, 0.0268098, 0.000656862, -55.6481, -4.68537, -1.56808, -3.1173, -0.000263397
78.6358, 0.0263426, 0.000173108, -55.6188, -4.6854, -1.56807, -3.11733, -0.000263461
78.645, 0.0265044, -0.000454863, -55.5896, -4.68542, -1.56807, -3.11736, -0.000263524
78.6543, 0.0271135, -0.000618704, -55.5604, -4.68545, -1.56806, -3.11739, -0.000263588
78.6635, 0.027556, -0.000160466, -55.5312, -4.68547, -1.56805, -3.11742, -0.000263651
78.6728, 0.0273803, 0.000476153, -55.502, -4.6855, -1.56805, -3.11745, -0.000263715
78.6824, 0.0267059, 0.000670331, -55.4717, -4.68552, -1.56804, -3.11748, -0.000263781
78.692, 0.0261971, 0.000196477, -55.4414, -4.68555, -1.56804, -3.11751, -0.000263847
78.7016, 0.0263524, -0.000455162, -55.4111, -4.68557, -1.56803, -3.11754, -0.000263913
78.7112, 0.0269842, -0.00061197, -55.3809, -4.6856, -1.56803, -3.11757, -0.000263979
78.7208, 0.027414, -0.000112895, -55.3506, -4.68563, -1.56802, -3.1176, -0.000264045
78.7304, 0.0271728, 0.000527326, -55.3204, -4.68565, -1.56802, -3.11763, -0.000264111
78.7401, 0.0264831, 0.000649882, -55.2902, -4.68568, -1.56801, -3.11767, -0.000264177
78.7497, 0.0260276, 0.000129452, -55.2601, -4.6857, -1.56801, -3.1177, -0.000264243
78.7593, 0.0262473, -0.000498818, -55.2299, -4.68573, -1.568, -3.11773, -0.000264309
78.7689, 0.0268895, -0.00059035, -55.1998, -4.68576, -1.568, -3.11776, -0.000264375
78.7785, 0.0272692, -5.19948e-05, -55.1696, -4.68578, -1.56799, -3.11779, -0.000264442
78.7881, 0.0269715, 0.000564371, -55.1395, -4.68581, -1.56799, -3.11782, -0.000264508
78.7977, 0.0262754, 0.00062831, -55.1095, -4.68583, -1.56798, -3.11785, -0.000264574
78.8073, 0.0258662, 7.51842e-05, -55.0794, -4.68586, -1.56798, -3.11788, -0.00026464
78.8169, 0.0261349, -0.000529683, -55.0493, -4.68588, -1.56797, -3.11791, -0.000264706
78.8265, 0.0267803, -0.000569462, -55.0193, -4.68591, -1.56797, -3.11794, -0.000264772
78.8362, 0.0271184, -4.31764e-06, -54.9893, -4.68594, -1.56796, -3.11798, -0.000264839
78.8458, 0.0267792, 0.000589903, -54.9593, -4.68596, -1.56795, -3.11801, -0.000264905
78.8554, 0.0260821, 0.000609072, -54.9293, -4.68599, -1.56795, -3.11804, -0.000264971
78.865, 0.0257095, 3.44399e-05, -54.8994, -4.68601, -1.56794, -3.11807, -0.000265037
78.8746, 0.0260128, -0.000550219, -54.8694, -4.68604, -1.56794, -3.1181, -0.000265104
78.8842, 0.0266577, -0.000552265, -54.8395, -4.68606, -1.56793, -3.11813, -0.00026517
78.8938, 0.0269646, 2.96617e-05, -54.8096, -4.68609, -1.56793, -3.11816, -0.000265236
78.9034, 0.0265974, 0.000606167, -54.7797, -4.68612, -1.56792, -3.11819, -0.000265302
78.913, 0.0259021, 0.00059465, -54.7499, -4.68614, -1.56792, -3.11822, -0.000265369
78.9227, 0.025555, 7.47766e-06, -54.72, -4.68617, -1.56791, -3.11826, -0.000265435
78.9323, 0.0258798, -0.000562402, -54.6902, -4.68619, -1.56791, -3.11829, -0.000265501
78.9419, 0.0265225, -0.000540788, -54.6604, -4.68622, -1.5679, -3.11832, -0.000265568
78.9515, 0.0268098, 4.98349e-05, -54.6306, -4.68625, -1.5679, -3.11835, -0.000265634
78.9611, 0.0264274, 0.000614833, -54.6008, -4.68627, -1.56789, -3.11838, -0.000265701
78.9707, 0.0257345, 0.000586644, -54.5711, -4.6863, -1.56789, -3.11841, -0.000265767
78.9803, 0.025401, -5.68915e-06, -54.5413, -4.68632, -1.56788, -3.11844, -0.000265833
78.9899, 0.0257351, -0.000567567, -54.5116, -4.68635, -1.56788, -3.11847, -0.0002659
78.9995, 0.0263755, -0.000536225, -54.4819, -4.68637, -1.56787, -3.1185, -0.000265966
79.0091, 0.0266554, 5.62398e-05, -54.4522, -4.6864, -1.56787, -3.11853, -0.000266033
79.0188, 0.0262696, 0.000616881, -54.4226, -4.68643, -1.56786, -3.11856, -0.000266099
79.0284, 0.0255786, 0.000585862, -54.3929, -4.68645, -1.56785, -3.1186, -0.000266166
79.038, 0.0252466, -5.11721e-06, -54.3633, -4.68648, -1.56785, -3.11863, -0.000266232
79.0476, 0.0255783, -0.000566329, -54.3337, -4.6865, -1.56784, -3.11866, -0.000266299
79.0572, 0.0262171, -0.000539011, -54.3041, -4.68653, -1.56784, -3.11869, -0.000266365
79.0668, 0.0265017, 4.89307e-05, -54.2745, -4.68655, -1.56783, -3.11872, -0.000266432
79.0764, 0.0261241, 0.000612553, -54.2449, -4.68658, -1.56783, -3.11875, -0.000266498
79.086, 0.0254346, 0.000592373, -54.2154, -4.6866, -1.56782, -3.11878, -0.000266565
79.0956, 0.0250919, 9.152e-06, -54.1859, -4.68663, -1.56782, -3.11881, -0.000266631
79.1052, 0.0254097, -0.000558556, -54.1564, -4.68666, -1.56781, -3.11884, -0.000266698
79.1149, 0.0260471, -0.000548856, -54.1269, -4.68668, -1.56781, -3.11887, -0.000266764
79.1245, 0.0263482, 2.79372e-05, -54.0974, -4.68671, -1.5678, -3.11891, -0.000266831
79.1341, 0.0259905, 0.000601349, -54.068, -4.68673, -1.5678, -3.11894, -0.000266898
79.1437, 0.0253026, 0.000605528, -54.0385, -4.68676, -1.56779, -3.11897, -0.000266964
79.1533, 0.0249378, 3.70889e-05, -54.0091, -4.68678, -1.56779, -3.119, -0.000267031
79.1629, 0.0252297, -0.000543386, -53.9797, -4.68681, -1.56778, -3.11903, -0.000267098
79.1725, 0.025865, -0.000564741, -53.9503, -4.68684, -1.56778, -3.11906, -0.000267164
79.1821, 0.0261937, -6.68895e-06, -53.921, -4.68686, -1.56777, -3.11909, -0.000267231
79.1917, 0.0258682, 0.00058206, -53.8916, -4.68689, -1.56777, -3.11912, -0.000267298
79.2013, 0.0251835, 0.000623925, -53.8623, -4.68691, -1.56776, -3.11915, -0.000267364
79.211, 0.0247859, 7.85865e-05, -53.833, -4.68694, -1.56775, -3.11918, -0.000267431
79.2206, 0.0250393, -0.000519289, -53.8037, -4.68696, -1.56775, -3.11921, -0.000267498
79.2302, 0.0256699, -0.000584866, -53.7744, -4.68699, -1.56774, -3.11925, -0.000267565
79.2398, 0.026036, -5.4742e-05, -53.7452, -4.68702, -1.56774, -3.11928, -0.000267632
79.2494, 0.0257557, 0.000552861, -53.7159, -4.68704, -1.56773, -3.11931, -0.000267698
79.259, 0.0250781, 0.000645347, -53.6867, -4.68707, -1.56773, -3.11934, -0.000267765
79.2686, 0.0246389, 0.000133287, -53.6575, -4.68709, -1.56772, -3.11937, -0.000267832
79.2782, 0.0248404, -0.000484183, -53.6283, -4.68712, -1.56772, -3.1194, -0.000267899
79.2878, 0.0254609, -0.00060658, -53.5991, -4.68714, -1.56771, -3.11943, -0.000267966
79.2974, 0.0258723, -0.00011565, -53.57, -4.68717, -1.56771, -3.11946, -0.000268032
79.3071, 0.0256509, 0.000511464, -53.5409, -4.68719, -1.5677, -3.11949, -0.000268099
79.3167, 0.0249873, 0.000666693, -53.5117, -4.68722, -1.5677, -3.11952, -0.000268166
79.3263, 0.0244999, 0.000200332, -53.4827, -4.68725, -1.56769, -3.11955, -0.000268233
79.3359, 0.0246353, -0.000435629, -53.4536, -4.68727, -1.56769, -3.11958, -0.0002683
79.3458, 0.0252598, -0.000620644, -53.4235, -4.6873, -1.56768, -3.11962, -0.000268369
79.3558, 0.025711, -0.000141717, -53.3934, -4.68732, -1.56768, -3.11965, -0.000268439
79.3657, 0.0254985, 0.000508283, -53.3634, -4.68735, -1.56767, -3.11968, -0.000268508
79.3757, 0.0248139, 0.000662032, -53.3333, -4.68738, -1.56766, -3.11971, -0.000268577
79.3856, 0.0243327, 0.000162528, -53.3033, -4.6874, -1.56766, -3.11974, -0.000268647
79.3956, 0.0245204, -0.000477779, -53.2733, -4.68743, -1.56765, -3.11978, -0.000268716
79.4055, 0.025157, -0.000603541, -53.2434, -4.68746, -1.56765, -3.11981, -0.000268785
79.4155, 0.0255642, -8.68512e-05, -53.2134, -4.68748, -1.56764, -3.11984, -0.000268855
79.4254, 0.0252995, 0.00054389, -53.1835, -4.68751, -1.56764, -3.11987, -0.000268924
79.4354, 0.0246068, 0.00064515, -53.1535, -4.68754, -1.56763, -3.1199, -0.000268994
79.4453, 0.0241656, 0.000114425, -53.1236, -4.68756, -1.56763, -3.11994, -0.000269063
79.4553, 0.0243978, -0.000507201, -53.0938, -4.68759, -1.56762, -3.11997, -0.000269132
79.4652, 0.0250396, -0.000587444, -53.0639, -4.68761, -1.56762, -3.12, -0.000269202
79.4752, 0.0254115, -4.54628e-05, -53.0341, -4.68764, -1.56761, -3.12003, -0.000269271
79.4851, 0.0251098, 0.000567918, -53.0042, -4.68767, -1.5676, -3.12006, -0.000269341
79.4951, 0.0244143, 0.000630753, -52.9744, -4.68769, -1.5676, -3.12009, -0.00026941
79.505, 0.0240032, 8.01164e-05, -52.9446, -4.68772, -1.56759, -3.12013, -0.00026948
79.515, 0.0242654, -0.000526082, -52.9149, -4.68775, -1.56759, -3.12016, -0.000269549
79.5249, 0.0249083, -0.00057506, -52.8851, -4.68777, -1.56758, -3.12019, -0.000269619
79.5349, 0.0252556, -1.80686e-05, -52.8554, -4.6878, -1.56758, -3.12022, -0.000269689
79.5448, 0.0249309, 0.000582306, -52.8257, -4.68783, -1.56757, -3.12025, -0.000269758
79.5548, 0.0242355, 0.000621061, -52.796, -4.68785, -1.56757, -3.12029, -0.000269828
79.5647, 0.0238434, 5.99175e-05, -52.7663, -4.68788, -1.56756, -3.12032, -0.000269897
79.5747, 0.024122, -0.000536068, -52.7367, -4.68791, -1.56756, -3.12035, -0.000269967
79.5846, 0.024764, -0.000568145, -52.707, -4.68793, -1.56755, -3.12038, -0.000270037
79.5946, 0.0250983, -4.84082e-06, -52.6774, -4.68796, -1.56755, -3.12041, -0.000270106
79.6045, 0.0247636, 0.000588374, -52.6478, -4.68798, -1.56754, -3.12044, -0.000270176
79.6145, 0.0240697, 0.000617383, -52.6182, -4.68801, -1.56753, -3.12048, -0.000270246
79.6244, 0.0236848, 5.39048e-05, -52.5886, -4.68804, -1.56753, -3.12051, -0.000270315
79.6344, 0.0239669, -0.000538128, -52.5591, -4.68806, -1.56752, -3.12054, -0.000270385
79.6443, 0.0246072, -0.000567579, -52.5296, -4.68809, -1.56752, -3.12057, -0.000270455
79.6543, 0.0249403, -5.79565e-06, -52.5001, -4.68812, -1.56751, -3.1206, -0.000270524
79.6642, 0.0246085, 0.000586723, -52.4706, -4.68814, -1.56751, -3.12064, -0.000270594
79.6742, 0.0239167, 0.000620185, -52.4411, -4.68817, -1.5675, -3.12067, -0.000270664
79.6841, 0.0235271, 6.20566e-05, -52.4117, -4.68819, -1.5675, -3.1207, -0.000270734
79.6941, 0.0238001, -0.000532485, -52.3822, -4.68822, -1.56749, -3.12073, -0.000270804
79.704, 0.0244378, -0.00057342, -52.3528, -4.68825, -1.56749, -3.12076, -0.000270873
79.714, 0.0247816, -2.08838e-05, -52.3234, -4.68827, -1.56748, -3.12079, -0.000270943
79.7239, 0.0244653, 0.000577198, -52.294, -4.6883, -1.56747, -3.12083, -0.000271013
79.7339, 0.0237766, 0.000629119, -52.2647, -4.68833, -1.56747, -3.12086, -0.000271083
79.7438, 0.0233707, 8.42948e-05, -52.2353, -4.68835, -1.56746, -3.12089, -0.000271153
79.7538, 0.0236219, -0.000518613, -52.206, -4.68838, -1.56746, -3.12092, -0.000271223
79.7637, 0.0242557, -0.000584916, -52.1767, -4.68841, -1.56745, -3.12095, -0.000271293
79.7737, 0.0246212, -4.9985e-05, -52.1474, -4.68843, -1.56745, -3.12098, -0.000271362
79.7836, 0.0243333, 0.000558914, -52.1181, -4.68846, -1.56744, -3.12102, -0.000271432
79.7936, 0.0236499, 0.000643024, -52.0889, -4.68848, -1.56744, -3.12105, -0.000271502
79.8035, 0.0232171, 0.000120432, -52.0596, -4.68851, -1.56743, -3.12108, -0.000271572
79.8135, 0.0234334, -0.000495288, -52.0304, -4.68854, -1.56743, -3.12111, -0.000271642
79.8234, 0.0240602, -0.000600481, -52.0012, -4.68856, -1.56742, -3.12114, -0.000271712
79.8334, 0.0244574, -9.28077e-05, -51.9721, -4.68859, -1.56741, -3.12117, -0.000271782
79.8433, 0.0242112, 0.000530332, -51.9429, -4.68862, -1.56741, -3.12121, -0.000271852
79.8533, 0.0235373, 0.000659875, -51.9138, -4.68864, -1.5674, -3.12124, -0.000271922
79.8632, 0.0230685, 0.000170025, -51.8846, -4.68867, -1.5674, -3.12127, -0.000271992
79.8732, 0.0232361, -0.000460691, -51.8555, -4.68869, -1.56739, -3.1213, -0.000272062
79.8831, 0.0238504, -0.000617641, -51.8264, -4.68872, -1.56739, -3.12133, -0.000272132
79.8931, 0.0242875, -0.0001487, -51.7974, -4.68875, -1.56738, -3.12136, -0.000272203
79.903, 0.0240971, 0.000489406, -51.7683, -4.68877, -1.56738, -3.1214, -0.000272273
79.913, 0.0234395, 0.000676733, -51.7393, -4.6888, -1.56737, -3.12143, -0.000272343
79.9229, 0.0229279, 0.000232145, -51.7103, -4.68883, -1.56737, -3.12146, -0.000272413
79.9329, 0.0230326, -0.000412605, -51.6813, -4.68885, -1.56736, -3.12149, -0.000272483
79.9432, 0.0236535, -0.00062736, -51.6511, -4.68888, -1.56735, -3.12152, -0.000272556
79.9536, 0.0241246, -0.000161088, -51.6209, -4.68891, -1.56735, -3.12156, -0.000272629
79.964, 0.0239268, 0.000499507, -51.5907, -4.68893, -1.56734, -3.12159, -0.000272703
79.9743, 0.0232384, 0.000666601, -51.5606, -4.68896, -1.56734, -3.12162, -0.000272776
79.9847, 0.0227474, 0.000167103, -51.5304, -4.68899, -1.56733, -3.12166, -0.000272849
79.9951, 0.0229351, -0.000479306, -51.5003, -4.68902, -1.56733, -3.12169, -0.000272922
80.0055, 0.0235776, -0.00060174, -51.4702, -4.68904, -1.56732, -3.12172, -0.000272995
80.0158, 0.0239801, -7.39682e-05, -51.4402, -4.68907, -1.56732, -3.12175, -0.000273069
80.0262, 0.0236979, 0.000556742, -51.4101, -4.6891, -1.56731, -3.12179, -0.000273142
80.0366, 0.0229955, 0.000637946, -51.3801, -4.68912, -1.5673, -3.12182, -0.000273215
80.0469, 0.022571, 8.64722e-05, -51.3501, -4.68915, -1.5673, -3.12185, -0.000273288
80.0573, 0.022834, -0.000527681, -51.3201, -4.68918, -1.56729, -3.12189, -0.000273362
80.0677, 0.0234843, -0.00057124, -51.2901, -4.68921, -1.56729, -3.12192, -0.000273435
80.0781, 0.0238236, -7.67453e-08, -51.2602, -4.68923, -1.56728, -3.12195, -0.000273508
80.0884, 0.0234752, 0.000597402, -51.2302, -4.68926, -1.56728, -3.12199, -0.000273582
80.0988, 0.02277, 0.000607137, -51.2003, -4.68929, -1.56727, -3.12202, -0.000273655
80.1092, 0.0224045, 1.99147e-05, -51.1704, -4.68932, -1.56726, -3.12205, -0.000273729
80.1195, 0.0227251, -0.000561253, -51.1406, -4.68934, -1.56726, -3.12208, -0.000273802
80.1299, 0.0233746, -0.000540985, -51.1107, -4.68937, -1.56725, -3.12212, -0.000273875
80.1403, 0.02366, 5.9196e-05, -51.0809, -4.6894, -1.56725, -3.12215, -0.000273949
80.1507, 0.0232621, 0.000624985, -51.0511, -4.68942, -1.56724, -3.12218, -0.000274022
80.161, 0.0225604, 0.000578654, -51.0213, -4.68945, -1.56724, -3.12222, -0.000274096
80.1714, 0.0222434, -3.17141e-05, -50.9915, -4.68948, -1.56723, -3.12225, -0.000274169
80.1818, 0.0226057, -0.000583377, -50.9617, -4.68951, -1.56722, -3.12228, -0.000274243
80.1921, 0.0232501, -0.000514833, -50.932, -4.68953, -1.56722, -3.12231, -0.000274316
80.2025, 0.0234931, 0.000103407, -50.9023, -4.68956, -1.56721, -3.12235, -0.00027439
80.2129, 0.0230609, 0.000642617, -50.8726, -4.68959, -1.56721, -3.12238, -0.000274463
80.2233, 0.0223652, 0.000555763, -50.8429, -4.68961, -1.5672, -3.12241, -0.000274537
80.2336, 0.0220841, -6.82734e-05, -50.8132, -4.68964, -1.5672, -3.12245, -0.00027461
80.244, 0.0224741, -0.000596883, -50.7836, -4.68967, -1.56719, -3.12248, -0.000274684
80.2544, 0.0231123, -0.000495492, -50.754, -4.6897, -1.56719, -3.12251, -0.000274758
80.2647, 0.0233261, 0.000132622, -50.7244, -4.68972, -1.56718, -3.12254, -0.000274831
80.2751, 0.0228728, 0.000652774, -50.6948, -4.68975, -1.56717, -3.12258, -0.000274905
80.2855, 0.0221829, 0.000540656, -50.6652, -4.68978, -1.56717, -3.12261, -0.000274979
80.2959, 0.0219243, -8.99489e-05, -50.6357, -4.68981, -1.56716, -3.12264, -0.000275052
80.3062, 0.0223293, -0.000603851, -50.6061, -4.68983, -1.56716, -3.12268, -0.000275126
80.3166, 0.0229625, -0.000484679, -50.5766, -4.68986, -1.56715, -3.12271, -0.0002752
80.327, 0.0231607, 0.000147077, -50.5472, -4.68989, -1.56715, -3.12274, -0.000275273
80.3373, 0.0226985, 0.000657116, -50.5177, -4.68991, -1.56714, -3.12277, -0.000275347
80.3477, 0.0220125, 0.000534607, -50.4882, -4.68994, -1.56713, -3.12281, -0.000275421
80.3584, 0.0217664, -0.000120312, -50.4578, -4.68997, -1.56713, -3.12284, -0.000275497
80.3692, 0.0222143, -0.000619786, -50.4274, -4.69, -1.56712, -3.12287, -0.000275573
80.3799, 0.0228505, -0.000434145, -50.397, -4.69003, -1.56712, -3.12291, -0.00027565
80.3906, 0.0229707, 0.000239011, -50.3667, -4.69005, -1.56711, -3.12294, -0.000275726
80.4013, 0.0224188, 0.000686506, -50.3363, -4.69008, -1.56711, -3.12298, -0.000275802
80.4121, 0.0217495, 0.000435476, -50.306, -4.69011, -1.5671, -3.12301, -0.000275879
80.4228, 0.0216403, -0.000248011, -50.2757, -4.69014, -1.56709, -3.12304, -0.000275955
80.4335, 0.0221761, -0.000642251, -50.2454, -4.69017, -1.56709, -3.12308, -0.000276031
80.4442, 0.0227618, -0.000332111, -50.2151, -4.69019, -1.56708, -3.12311, -0.000276108
80.4549, 0.0227513, 0.000354987, -50.1849, -4.69022, -1.56708, -3.12315, -0.000276184
80.4657, 0.0221269, 0.00069599, -50.1547, -4.69025, -1.56707, -3.12318, -0.000276261
80.4764, 0.021516, 0.000333147, -50.1245, -4.69028, -1.56706, -3.12321, -0.000276337
80.4871, 0.0215301, -0.000351858, -50.0943, -4.69031, -1.56706, -3.12325, -0.000276414
80.4978, 0.0221244, -0.000640571, -50.0641, -4.69033, -1.56705, -3.12328, -0.00027649
80.5086, 0.0226464, -0.000231206, -50.034, -4.69036, -1.56705, -3.12331, -0.000276567
80.5193, 0.0225211, 0.000447166, -50.0039, -4.69039, -1.56704, -3.12335, -0.000276643
80.53, 0.0218509, 0.000685457, -49.9738, -4.69042, -1.56704, -3.12338, -0.00027672
80.5407, 0.0213068, 0.000235574, -49.9437, -4.69045, -1.56703, -3.12342, -0.000276796
80.5515, 0.0214268, -0.000432556, -49.9136, -4.69047, -1.56702, -3.12345, -0.000276873
80.5622, 0.0220558, -0.000622869, -49.8836, -4.6905, -1.56702, -3.12348, -0.000276949
80.5729, 0.0225098, -0.000138022, -49.8536, -4.69053, -1.56701, -3.12352, -0.000277026
80.5836, 0.0222882, 0.000517297, -49.8236, -4.69056, -1.56701, -3.12355, -0.000277103
80.5943, 0.0215929, 0.00066268, -49.7936, -4.69059, -1.567, -3.12358, -0.000277179
80.6051, 0.0211165, 0.000148083, -49.7636, -4.69061, -1.56699, -3.12362, -0.000277256
80.6158, 0.0213231, -0.000492633, -49.7337, -4.69064, -1.56699, -3.12365, -0.000277333
80.6265, 0.0219691, -0.000596426, -49.7038, -4.69067, -1.56698, -3.12369, -0.000277409
80.6372, 0.0223576, -5.67399e-05, -49.6739, -4.6907, -1.56698, -3.12372, -0.000277486
80.648, 0.0220589, 0.000568447, -49.644, -4.69072, -1.56697, -3.12375, -0.000277563
80.6587, 0.0213532, 0.000634349, -49.6141, -4.69075, -1.56697, -3.12379, -0.00027764
80.6694, 0.0209392, 7.38475e-05, -49.5843, -4.69078, -1.56696, -3.12382, -0.000277716
80.6801, 0.0212138, -0.00053548, -49.5545, -4.69081, -1.56695, -3.12385, -0.000277793
80.6908, 0.021865, -0.000567281, -49.5247, -4.69084, -1.56695, -3.12389, -0.00027787
80.7016, 0.0221952, 1.03264e-05, -49.4949, -4.69086, -1.56694, -3.12392, -0.000277947
80.7123, 0.0218375, 0.000604149, -49.4651, -4.69089, -1.56694, -3.12396, -0.000278023
80.723, 0.0211307, 0.000605831, -49.4354, -4.69092, -1.56693, -3.12399, -0.0002781
80.7337, 0.02077, 1.44668e-05, -49.4057, -4.69095, -1.56692, -3.12402, -0.000278177
80.7445, 0.0210952, -0.000564622, -49.376, -4.69098, -1.56692, -3.12406, -0.000278254
80.7552, 0.0217448, -0.000540129, -49.3463, -4.691, -1.56691, -3.12409, -0.000278331
80.7659, 0.0220273, 6.21529e-05, -49.3166, -4.69103, -1.56691, -3.12412, -0.000278408
80.7766, 0.0216271, 0.000627794, -49.287, -4.69106, -1.5669, -3.12416, -0.000278485
80.7874, 0.0209239, 0.000581165, -49.2574, -4.69109, -1.5669, -3.12419, -0.000278562
80.7981, 0.0206049, -2.94808e-05, -49.2278, -4.69112, -1.56689, -3.12423, -0.000278639
80.8088, 0.0209651, -0.00058322, -49.1982, -4.69114, -1.56688, -3.12426, -0.000278716
80.8195, 0.02161, -0.000518384, -49.1686, -4.69117, -1.56688, -3.12429, -0.000278793
80.8302, 0.0218574, 9.84904e-05, -49.1391, -4.6912, -1.56687, -3.12433, -0.00027887
80.841, 0.0214293, 0.00064224, -49.1096, -4.69123, -1.56687, -3.12436, -0.000278947
80.8517, 0.0207313, 0.000563179, -49.0801, -4.69125, -1.56686, -3.12439, -0.000279024
80.8624, 0.0204407, -5.79717e-05, -49.0506, -4.69128, -1.56685, -3.12443, -0.000279101
80.8731, 0.020822, -0.000593765, -49.0211, -4.69131, -1.56685, -3.12446, -0.000279178
80.8839, 0.021462, -0.000504326, -48.9917, -4.69134, -1.56684, -3.12449, -0.000279255
80.8946, 0.021688, 0.000119453, -48.9623, -4.69137, -1.56684, -3.12453, -0.000279332
80.9053, 0.0212454, 0.000649564, -48.9329, -4.69139, -1.56683, -3.12456, -0.000279409
80.916, 0.0205517, 0.000553641, -48.9035, -4.69142, -1.56683, -3.1246, -0.000279486
80.9268, 0.0202755, -7.11869e-05, -48.8741, -4.69145, -1.56682, -3.12463, -0.000279564
80.9375, 0.0206651, -0.000597894, -48.8448, -4.69148, -1.56681, -3.12466, -0.000279641
80.9482, 0.0213018, -0.000499249, -48.8155, -4.6915, -1.56681, -3.1247, -0.000279718
80.9589, 0.0215206, 0.000125232, -48.7862, -4.69153, -1.5668, -3.12473, -0.000279795
80.9696, 0.0210757, 0.000650945, -48.7569, -4.69156, -1.5668, -3.12476, -0.000279872
80.9804, 0.0203844, 0.000553399, -48.7276, -4.69159, -1.56679, -3.1248, -0.00027995
80.9915, 0.0201112, -9.29632e-05, -48.6974, -4.69162, -1.56678, -3.12483, -0.00028003
81.0025, 0.0205375, -0.00061267, -48.6672, -4.69165, -1.56678, -3.12487, -0.000280109
81.0136, 0.0211812, -0.000456557, -48.637, -4.69167, -1.56677, -3.1249, -0.000280189
81.0247, 0.0213323, 0.000209652, -48.6068, -4.6917, -1.56677, -3.12494, -0.000280269
81.0358, 0.0208017, 0.000682684, -48.5766, -4.69173, -1.56676, -3.12497, -0.000280349
81.0469, 0.0201191, 0.000464504, -48.5465, -4.69176, -1.56675, -3.12501, -0.000280429
81.058, 0.0199728, -0.000214357, -48.5164, -4.69179, -1.56675, -3.12504, -0.000280509
81.0691, 0.0204857, -0.000639731, -48.4863, -4.69182, -1.56674, -3.12507, -0.000280589
81.0802, 0.0210882, -0.000365353, -48.4562, -4.69185, -1.56674, -3.12511, -0.000280669
81.0912, 0.0211184, 0.000320092, -48.4261, -4.69188, -1.56673, -3.12514, -0.000280749
81.1023, 0.0205153, 0.000698028, -48.3961, -4.6919, -1.56672, -3.12518, -0.00028083
81.1134, 0.0198809, 0.000373428, -48.3661, -4.69193, -1.56672, -3.12521, -0.00028091
81.1245, 0.0198483, -0.000313466, -48.3361, -4.69196, -1.56671, -3.12525, -0.00028099
81.1356, 0.0204208, -0.00064502, -48.3061, -4.69199, -1.56671, -3.12528, -0.00028107
81.1467, 0.0209707, -0.000275952, -48.2762, -4.69202, -1.5667, -3.12532, -0.00028115
81.1578, 0.0208953, 0.000408343, -48.2463, -4.69205, -1.56669, -3.12535, -0.00028123
81.1689, 0.0202442, 0.000695433, -48.2164, -4.69208, -1.56669, -3.12539, -0.00028131
81.18, 0.019665, 0.000287496, -48.1865, -4.6921, -1.56668, -3.12542, -0.000281391
81.191, 0.0197294, -0.000390992, -48.1566, -4.69213, -1.56668, -3.12546, -0.000281471
81.2021, 0.0203398, -0.000636054, -48.1268, -4.69216, -1.56667, -3.12549, -0.000281551
81.2132, 0.0208338, -0.000194433, -48.0969, -4.69219, -1.56666, -3.12553, -0.000281631
81.2243, 0.0206706, 0.000476001, -48.0671, -4.69222, -1.56666, -3.12556, -0.000281712
81.2354, 0.0199903, 0.000682043, -48.0374, -4.69225, -1.56665, -3.12559, -0.000281792
81.2465, 0.0194664, 0.000211641, -48.0076, -4.69228, -1.56665, -3.12563, -0.000281872
81.2576, 0.0196094, -0.000449179, -47.9778, -4.6923, -1.56664, -3.12566, -0.000281953
81.2687, 0.0202416, -0.000619475, -47.9481, -4.69233, -1.56663, -3.1257, -0.000282033
81.2798, 0.0206825, -0.000124705, -47.9184, -4.69236, -1.56663, -3.12573, -0.000282113
81.2908, 0.0204499, 0.000525732, -47.8887, -4.69239, -1.56662, -3.12577, -0.000282194
81.3019, 0.0197541, 0.000663916, -47.8591, -4.69242, -1.56662, -3.1258, -0.000282274
81.313, 0.01928, 0.000148879, -47.8294, -4.69245, -1.56661, -3.12584, -0.000282354
81.3241, 0.0194837, -0.000490922, -47.7998, -4.69248, -1.5666, -3.12587, -0.000282435
81.3352, 0.0201265, -0.000600714, -47.7702, -4.6925, -1.5666, -3.12591, -0.000282515
81.3463, 0.0205217, -6.90262e-05, -47.7407, -4.69253, -1.56659, -3.12594, -0.000282596
81.3574, 0.0202372, 0.000560501, -47.7111, -4.69256, -1.56659, -3.12597, -0.000282676
81.3685, 0.0195348, 0.000645837, -47.6816, -4.69259, -1.56658, -3.12601, -0.000282757
81.3795, 0.0191015, 0.000100843, -47.652, -4.69262, -1.56657, -3.12604, -0.000282837
81.3906, 0.0193487, -0.000519119, -47.6225, -4.69265, -1.56657, -3.12608, -0.000282918
81.4017, 0.0199952, -0.000583908, -47.5931, -4.69268, -1.56656, -3.12611, -0.000282999
81.4128, 0.0203553, -2.85292e-05, -47.5636, -4.6927, -1.56656, -3.12615, -0.000283079
81.4239, 0.0200353, 0.000583028, -47.5342, -4.69273, -1.56655, -3.12618, -0.00028316
81.435, 0.0193314, 0.000631308, -47.5048, -4.69276, -1.56654, -3.12622, -0.00028324
81.4461, 0.0189274, 6.82765e-05, -47.4754, -4.69279, -1.56654, -3.12625, -0.000283321
81.4572, 0.0192024, -0.000536227, -47.446, -4.69282, -1.56653, -3.12629, -0.000283402
81.4683, 0.019849, -0.000571949, -47.4166, -4.69285, -1.56653, -3.12632, -0.000283482
81.4793, 0.020186, -3.66873e-06, -47.3873, -4.69288, -1.56652, -3.12635, -0.000283563
81.4904, 0.0198458, 0.000595436, -47.358, -4.6929, -1.56651, -3.12639, -0.000283644
81.5015, 0.0191429, 0.000622638, -47.3287, -4.69293, -1.56651, -3.12642, -0.000283724
81.5126, 0.0187555, 5.14304e-05, -47.2994, -4.69296, -1.5665, -3.12646, -0.000283805
81.5237, 0.0190435, -0.000543981, -47.2702, -4.69299, -1.5665, -3.12649, -0.000283886
81.5348, 0.0196885, -0.000566588, -47.241, -4.69302, -1.56649, -3.12653, -0.000283967
81.5459, 0.0200157, 5.44228e-06, -47.2117, -4.69305, -1.56648, -3.12656, -0.000284048
81.557, 0.0196697, 0.00059904, -47.1826, -4.69307, -1.56648, -3.1266, -0.000284128
81.5681, 0.0189688, 0.000621048, -47.1534, -4.6931, -1.56647, -3.12663, -0.000284209
81.5791, 0.0185846, 5.03322e-05, -47.1242, -4.69313, -1.56647, -3.12666, -0.00028429
81.5902, 0.0188715, -0.000543253, -47.0951, -4.69316, -1.56646, -3.1267, -0.000284371
81.6013, 0.0195143, -0.000568537, -47.066, -4.69319, -1.56645, -3.12673, -0.000284452
81.6124, 0.019845, -1.1743e-06, -47.0369, -4.69322, -1.56645, -3.12677, -0.000284533
81.6235, 0.019507, 0.000594251, -47.0078, -4.69325, -1.56644, -3.1268, -0.000284614
81.6346, 0.0188087, 0.000626751, -46.9788, -4.69327, -1.56644, -3.12684, -0.000284695
81.6457, 0.0184146, 6.49291e-05, -46.9497, -4.6933, -1.56643, -3.12687, -0.000284776
81.6568, 0.0186865, -0.00053399, -46.9207, -4.69333, -1.56642, -3.12691, -0.000284857
81.6678, 0.0193263, -0.000577517, -46.8917, -4.69336, -1.56642, -3.12694, -0.000284938
81.6789, 0.0196733, -2.34375e-05, -46.8628, -4.69339, -1.56641, -3.12697, -0.000285019
81.69, 0.0193574, 0.000580557, -46.8338, -4.69342, -1.56641, -3.12701, -0.0002851
81.7011, 0.0186631, 0.000638976, -46.8049, -4.69344, -1.5664, -3.12704, -0.000285181
81.7122, 0.0182465, 9.50986e-05, -46.776, -4.69347, -1.5664, -3.12708, -0.000285262
81.7233, 0.0184892, -0.000515231, -46.7471, -4.6935, -1.56639, -3.12711, -0.000285343
81.7344, 0.0191239, -0.000592258, -46.7182, -4.69353, -1.56638, -3.12715, -0.000285424
81.7455, 0.0194992, -6.11542e-05, -46.6894, -4.69356, -1.56638, -3.12718, -0.000285505
81.7566, 0.0192199, 0.000556574, -46.6605, -4.69359, -1.56637, -3.12721, -0.000285586
81.7676, 0.0185326, 0.000655945, -46.6317, -4.69361, -1.56637, -3.12725, -0.000285667
81.7787, 0.0180824, 0.000140532, -46.6029, -4.69364, -1.56636, -3.12728, -0.000285749
81.7898, 0.0182811, -0.000485206, -46.5742, -4.69367, -1.56635, -3.12732, -0.00028583
81.8009, 0.0189062, -0.000610453, -46.5454, -4.6937, -1.56635, -3.12735, -0.000285911
81.812, 0.0193201, -0.000113842, -46.5167, -4.69373, -1.56634, -3.12739, -0.000285992
81.8231, 0.0190925, 0.000520188, -46.488, -4.69376, -1.56634, -3.12742, -0.000286074
81.8342, 0.0184182, 0.000674798, -46.4593, -4.69378, -1.56633, -3.12745, -0.000286155
81.8453, 0.0179254, 0.0002005, -46.4306, -4.69381, -1.56632, -3.12749, -0.000286236
81.8563, 0.0180645, -0.000441512, -46.402, -4.69384, -1.56632, -3.12752, -0.000286317
81.8674, 0.0186724, -0.000628677, -46.3733, -4.69387, -1.56631, -3.12756, -0.000286399
81.8785, 0.0191323, -0.000180435, -46.3447, -4.6939, -1.56631, -3.12759, -0.00028648
81.8896, 0.0189724, 0.000468785, -46.3161, -4.69393, -1.5663, -3.12763, -0.000286561
81.9012, 0.0182909, 0.000686018, -46.2864, -4.69396, -1.56629, -3.12766, -0.000286646
81.9127, 0.0177582, 0.0002187, -46.2566, -4.69398, -1.56629, -3.1277, -0.000286731
81.9243, 0.0178964, -0.000446945, -46.2269, -4.69401, -1.56628, -3.12773, -0.000286816
81.9358, 0.0185308, -0.000620262, -46.1972, -4.69404, -1.56627, -3.12777, -0.000286901
81.9474, 0.0189729, -0.000122404, -46.1675, -4.69407, -1.56627, -3.1278, -0.000286986
81.9589, 0.0187351, 0.000530538, -46.1379, -4.6941, -1.56626, -3.12784, -0.00028707
81.9705, 0.0180337, 0.000663535, -46.1082, -4.69413, -1.56626, -3.12788, -0.000287155
81.982, 0.017563, 0.000140055, -46.0786, -4.69416, -1.56625, -3.12791, -0.00028724
81.9936, 0.0177777, -0.00049918, -46.049, -4.69419, -1.56624, -3.12795, -0.000287325
82.0051, 0.0184254, -0.000595642, -46.0194, -4.69422, -1.56624, -3.12798, -0.00028741
82.0167, 0.0188088, -5.08737e-05, -45.9899, -4.69425, -1.56623, -3.12802, -0.000287495
82.0282, 0.0185043, 0.000574459, -45.9603, -4.69428, -1.56622, -3.12805, -0.00028758
82.0398, 0.017795, 0.000638469, -45.9308, -4.69431, -1.56622, -3.12809, -0.000287665
82.0513, 0.0173786, 7.63674e-05, -45.9013, -4.69434, -1.56621, -3.12813, -0.00028775
82.0629, 0.0176509, -0.000535378, -45.8719, -4.69437, -1.56621, -3.12816, -0.000287835
82.0744, 0.0183023, -0.000571035, -45.8424, -4.6944, -1.5662, -3.1282, -0.00028792
82.086, 0.0186368, 4.99293e-06, -45.813, -4.69443, -1.56619, -3.12823, -0.000288006
82.0976, 0.0182837, 0.000604082, -45.7836, -4.69446, -1.56619, -3.12827, -0.000288091
82.1091, 0.0175738, 0.000615647, -45.7542, -4.69448, -1.56618, -3.1283, -0.000288176
82.1207, 0.0172004, 2.87875e-05, -45.7248, -4.69451, -1.56617, -3.12834, -0.000288261
82.1322, 0.0175129, -0.000558901, -45.6955, -4.69454, -1.56617, -3.12837, -0.000288346
82.1438, 0.018163, -0.00055055, -45.6662, -4.69457, -1.56616, -3.12841, -0.000288431
82.1553, 0.018461, 4.45054e-05, -45.6369, -4.6946, -1.56616, -3.12845, -0.000288517
82.1669, 0.0180757, 0.00062249, -45.6076, -4.69463, -1.56615, -3.12848, -0.000288602
82.1784, 0.0173684, 0.000598492, -45.5784, -4.69466, -1.56614, -3.12852, -0.000288687
82.19, 0.0170248, -2.33004e-06, -45.5491, -4.69469, -1.56614, -3.12855, -0.000288772
82.2015, 0.0173618, -0.000572469, -45.5199, -4.69472, -1.56613, -3.12859, -0.000288858
82.2131, 0.0180088, -0.000536964, -45.4907, -4.69475, -1.56613, -3.12862, -0.000288943
82.2246, 0.0182842, 6.75373e-05, -45.4615, -4.69478, -1.56612, -3.12866, -0.000289028
82.2362, 0.0178818, 0.000631978, -45.4324, -4.69481, -1.56611, -3.12869, -0.000289114
82.2477, 0.0171777, 0.000589172, -45.4032, -4.69484, -1.56611, -3.12873, -0.000289199
82.2593, 0.0168496, -1.6998e-05, -45.3741, -4.69487, -1.5661, -3.12877, -0.000289284
82.2708, 0.0171966, -0.000577908, -45.345, -4.6949, -1.56609, -3.1288, -0.00028937
82.2824, 0.0178408, -0.000531871, -45.316, -4.69492, -1.56609, -3.12884, -0.000289455
82.2939, 0.0181081, 7.41707e-05, -45.2869, -4.69495, -1.56608, -3.12887, -0.000289541
82.3055, 0.0177027, 0.000633873, -45.2579, -4.69498, -1.56608, -3.12891, -0.000289626
82.317, 0.017001, 0.000588744, -45.2289, -4.69501, -1.56607, -3.12894, -0.000289712
82.3286, 0.0166737, -1.53162e-05, -45.1999, -4.69504, -1.56606, -3.12898, -0.000289797
82.3401, 0.017017, -0.000576025, -45.1709, -4.69507, -1.56606, -3.12901, -0.000289883
82.3517, 0.0176594, -0.000535812, -45.142, -4.6951, -1.56605, -3.12905, -0.000289968
82.3633, 0.0179332, 6.44905e-05, -45.1131, -4.69513, -1.56604, -3.12909, -0.000290054
82.3748, 0.0175384, 0.000628451, -45.0842, -4.69516, -1.56604, -3.12912, -0.000290139
82.3864, 0.0168381, 0.000597241, -45.0553, -4.69519, -1.56603, -3.12916, -0.000290225
82.3979, 0.0164972, 2.6595e-06, -45.0264, -4.69522, -1.56603, -3.12919, -0.000290311
82.4095, 0.0168232, -0.000566568, -44.9976, -4.69525, -1.56602, -3.12923, -0.000290396
82.421, 0.0174643, -0.000548322, -44.9688, -4.69528, -1.56601, -3.12926, -0.000290482
82.4326, 0.0177589, 3.85268e-05, -44.94, -4.69531, -1.56601, -3.1293, -0.000290568
82.4441, 0.0173884, 0.000614942, -44.9112, -4.69533, -1.566, -3.12933, -0.000290653
82.4557, 0.0166897, 0.000613699, -44.8824, -4.69536, -1.56599, -3.12937, -0.000290739
82.4672, 0.0163213, 3.69036e-05, -44.8537, -4.69539, -1.56599, -3.1294, -0.000290825
82.4788, 0.0166158, -0.00054826, -44.825, -4.69542, -1.56598, -3.12944, -0.000290911
82.4903, 0.0172547, -0.000567919, -44.7963, -4.69545, -1.56598, -3.12948, -0.000290996
82.5019, 0.0175831, -3.66023e-06, -44.7676, -4.69548, -1.56597, -3.12951, -0.000291082
82.5134, 0.0172516, 0.000591588, -44.739, -4.69551, -1.56596, -3.12955, -0.000291168
82.525, 0.0165566, 0.000636095, -44.7103, -4.69554, -1.56596, -3.12958, -0.000291254
82.5365, 0.0161487, 8.72646e-05, -44.6817, -4.69557, -1.56595, -3.12962, -0.00029134
82.5481, 0.0163966, -0.000518905, -44.6531, -4.6956, -1.56594, -3.12965, -0.000291426
82.5596, 0.0170295, -0.000592017, -44.6245, -4.69563, -1.56594, -3.12969, -0.000291512
82.5712, 0.0174029, -6.17547e-05, -44.596, -4.69566, -1.56593, -3.12972, -0.000291598
82.5827, 0.0171261, 0.000555802, -44.5675, -4.69568, -1.56593, -3.12976, -0.000291683
82.5943, 0.0164403, 0.00066125, -44.5389, -4.69571, -1.56592, -3.12979, -0.000291769
82.6058, 0.0159828, 0.000153173, -44.5105, -4.69574, -1.56591, -3.12983, -0.000291855
82.6174, 0.0161678, -0.000475586, -44.482, -4.69577, -1.56591, -3.12986, -0.000291941
82.6289, 0.0167873, -0.000616812, -44.4535, -4.6958, -1.5659, -3.1299, -0.000292027
82.6405, 0.0172142, -0.000134829, -44.4251, -4.69583, -1.5659, -3.12993, -0.000292113
82.6521, 0.0170088, 0.000504424, -44.3967, -4.69586, -1.56589, -3.12997, -0.0002922
82.6636, 0.0163419, 0.000684714, -44.3683, -4.69589, -1.56588, -3.13001, -0.000292286
82.6752, 0.0158282, 0.000233225, -44.3399, -4.69592, -1.56588, -3.13004, -0.000292372
82.6867, 0.0159332, -0.000415007, -44.3116, -4.69595, -1.56587, -3.13008, -0.000292458
82.6988, 0.0165557, -0.000631476, -44.282, -4.69598, -1.56586, -3.13011, -0.000292548
82.7108, 0.0170292, -0.000163973, -44.2525, -4.69601, -1.56586, -3.13015, -0.000292638
82.7229, 0.0168325, 0.000502569, -44.223, -4.69604, -1.56585, -3.13019, -0.000292728
82.7349, 0.0161386, 0.000678752, -44.1935, -4.69607, -1.56584, -3.13022, -0.000292818
82.747, 0.0156334, 0.000183394, -44.164, -4.6961, -1.56584, -3.13026, -0.000292908
82.759, 0.0158064, -0.000471585, -44.1346, -4.69613, -1.56583, -3.1303, -0.000292998
82.7711, 0.0164471, -0.000611223, -44.1051, -4.69616, -1.56583, -3.13033, -0.000293088
82.7831, 0.0168645, -9.26113e-05, -44.0757, -4.69619, -1.56582, -3.13037, -0.000293178
82.7952, 0.0165987, 0.000550328, -44.0463, -4.69622, -1.56581, -3.13041, -0.000293268
82.8073, 0.0158925, 0.000657515, -44.017, -4.69625, -1.56581, -3.13044, -0.000293358
82.8193, 0.0154395, 0.00011989, -43.9876, -4.69628, -1.5658, -3.13048, -0.000293448
82.8314, 0.0156721, -0.000511078, -43.9583, -4.69631, -1.56579, -3.13052, -0.000293538
82.8434, 0.0163204, -0.000589961, -43.929, -4.69634, -1.56579, -3.13055, -0.000293628
82.8555, 0.0166907, -3.70091e-05, -43.8998, -4.69637, -1.56578, -3.13059, -0.000293718
82.8675, 0.0163747, 0.000582711, -43.8705, -4.6964, -1.56577, -3.13063, -0.000293808
82.8796, 0.0156646, 0.000637639, -43.8413, -4.69643, -1.56577, -3.13066, -0.000293899
82.8916, 0.0152529, 7.27448e-05, -43.8121, -4.69646, -1.56576, -3.1307, -0.000293989
82.9037, 0.0155269, -0.000536797, -43.7829, -4.69649, -1.56575, -3.13074, -0.000294079
82.9157, 0.0161766, -0.000572054, -43.7537, -4.69652, -1.56575, -3.13077, -0.000294169
82.9278, 0.0165119, 1.86269e-06, -43.7246, -4.69655, -1.56574, -3.13081, -0.00029426
82.9399, 0.0161632, 0.000602762, -43.6954, -4.69658, -1.56573, -3.13085, -0.00029435
82.9519, 0.0154535, 0.000622752, -43.6663, -4.69661, -1.56573, -3.13088, -0.00029444
82.964, 0.01507, 4.25391e-05, -43.6373, -4.69664, -1.56572, -3.13092, -0.000294531
82.976, 0.0153687, -0.000551424, -43.6082, -4.69667, -1.56572, -3.13096, -0.000294621
82.9881, 0.0160169, -0.000560432, -43.5792, -4.6967, -1.56571, -3.13099, -0.000294712
83.0001, 0.0163313, 2.36973e-05, -43.5502, -4.69673, -1.5657, -3.13103, -0.000294802
83.0122, 0.0159658, 0.000612731, -43.5212, -4.69676, -1.5657, -3.13107, -0.000294892
83.0242, 0.0152582, 0.000615126, -43.4922, -4.69679, -1.56569, -3.1311, -0.000294983
83.0363, 0.0148885, 2.9399e-05, -43.4633, -4.69682, -1.56568, -3.13114, -0.000295073
83.0483, 0.0151964, -0.000556724, -43.4343, -4.69685, -1.56568, -3.13118, -0.000295164
83.0604, 0.0158424, -0.000556739, -43.4054, -4.69688, -1.56567, -3.13121, -0.000295254
83.0725, 0.0161503, 2.84768e-05, -43.3765, -4.69691, -1.56566, -3.13125, -0.000295345
83.0845, 0.0157831, 0.000613864, -43.3477, -4.69695, -1.56566, -3.13129, -0.000295436
83.0966, 0.0150779, 0.000615805, -43.3188, -4.69698, -1.56565, -3.13132, -0.000295526
83.1086, 0.0147074, 3.32872e-05, -43.29, -4.69701, -1.56564, -3.13136, -0.000295617
83.1207, 0.0150096, -0.000553405, -43.2612, -4.69704, -1.56564, -3.1314, -0.000295707
83.1327, 0.0156533, -0.000561443, -43.2324, -4.69707, -1.56563, -3.13143, -0.000295798
83.1448, 0.0159694, 1.62617e-05, -43.2037, -4.6971, -1.56562, -3.13147, -0.000295889
83.1568, 0.0156153, 0.000606318, -43.175, -4.69713, -1.56562, -3.13151, -0.000295979
83.1689, 0.0149127, 0.000624695, -43.1462, -4.69716, -1.56561, -3.13154, -0.00029607
83.181, 0.014527, 5.41314e-05, -43.1176, -4.69719, -1.56561, -3.13158, -0.000296161
83.193, 0.0148087, -0.000541075, -43.0889, -4.69722, -1.5656, -3.13162, -0.000296252
83.2051, 0.0154494, -0.000573888, -43.0602, -4.69725, -1.56559, -3.13165, -0.000296342
83.2171, 0.0157877, -1.28552e-05, -43.0316, -4.69728, -1.56559, -3.13169, -0.000296433
83.2292, 0.0154617, 0.000589164, -43.003, -4.69731, -1.56558, -3.13173, -0.000296524
83.2412, 0.0147632, 0.00064057, -42.9744, -4.69734, -1.56557, -3.13176, -0.000296615
83.2533, 0.0143487, 9.17894e-05, -42.9459, -4.69737, -1.56557, -3.1318, -0.000296706
83.2653, 0.0145947, -0.000518291, -42.9173, -4.6974, -1.56556, -3.13184, -0.000296797
83.2774, 0.0152297, -0.000592268, -42.8888, -4.69743, -1.56555, -3.13187, -0.000296888
83.2894, 0.0156029, -5.8634e-05, -42.8603, -4.69746, -1.56555, -3.13191, -0.000296979
83.3015, 0.0153208, 0.000560483, -42.8318, -4.69749, -1.56554, -3.13195, -0.00029707
83.3136, 0.0146303, 0.000661021, -42.8034, -4.69752, -1.56553, -3.13198, -0.000297161
83.3256, 0.0141755, 0.000145857, -42.7749, -4.69755, -1.56553, -3.13202, -0.000297252
83.3377, 0.0143694, -0.000482705, -42.7465, -4.69758, -1.56552, -3.13206, -0.000297343
83.3497, 0.0149933, -0.000613544, -42.7181, -4.69761, -1.56552, -3.13209, -0.000297434
83.3618, 0.0154117, -0.000120421, -42.6898, -4.69764, -1.56551, -3.13213, -0.000297525
83.3738, 0.0151901, 0.000517562, -42.6614, -4.69767, -1.5655, -3.13216, -0.000297616
83.3859, 0.0145151, 0.000682355, -42.6331, -4.6977, -1.5655, -3.1322, -0.000297707
83.3979, 0.0140113, 0.000215327, -42.6048, -4.69773, -1.56549, -3.13224, -0.000297798
83.41, 0.0141361, -0.000431323, -42.5765, -4.69776, -1.56548, -3.13227, -0.000297889
83.4225, 0.014762, -0.000627947, -42.5472, -4.69779, -1.56548, -3.13231, -0.000297984
83.4349, 0.0152223, -0.000149946, -42.518, -4.69782, -1.56547, -3.13235, -0.000298078
83.4474, 0.0150134, 0.000511613, -42.4888, -4.69785, -1.56546, -3.13239, -0.000298172
83.4599, 0.0143185, 0.000679098, -42.4596, -4.69788, -1.56546, -3.13243, -0.000298267
83.4724, 0.0138172, 0.000182026, -42.4304, -4.69791, -1.56545, -3.13246, -0.000298361
83.4849, 0.0139896, -0.000470873, -42.4013, -4.69794, -1.56544, -3.1325, -0.000298456
83.4973, 0.014627, -0.000613345, -42.3721, -4.69797, -1.56544, -3.13254, -0.00029855
83.5098, 0.0150478, -0.000101028, -42.343, -4.69801, -1.56543, -3.13258, -0.000298645
83.5223, 0.0147925, 0.000543772, -42.3139, -4.69804, -1.56542, -3.13261, -0.00029874
83.5348, 0.0140902, 0.000665585, -42.2849, -4.69807, -1.56542, -3.13265, -0.000298834
83.5473, 0.0136229, 0.000141611, -42.2558, -4.6981, -1.56541, -3.13269, -0.000298929
83.5597, 0.0138325, -0.000495957, -42.2268, -4.69813, -1.5654, -3.13273, -0.000299023
83.5722, 0.0144744, -0.000601419, -42.1978, -4.69816, -1.5654, -3.13276, -0.000299118
83.5847, 0.0148675, -6.89612e-05, -42.1689, -4.69819, -1.56539, -3.1328, -0.000299213
83.5972, 0.0145839, 0.000562679, -42.1399, -4.69822, -1.56538, -3.13284, -0.000299307
83.6097, 0.0138795, 0.000656245, -42.111, -4.69825, -1.56538, -3.13288, -0.000299402
83.6221, 0.0134335, 0.000118344, -42.0821, -4.69828, -1.56537, -3.13291, -0.000299497
83.6346, 0.0136629, -0.000508796, -42.0532, -4.69832, -1.56536, -3.13295, -0.000299592
83.6471, 0.0143052, -0.000594809, -42.0244, -4.69835, -1.56536, -3.13299, -0.000299687
83.6596, 0.0146839, -5.42163e-05, -41.9955, -4.69838, -1.56535, -3.13303, -0.000299781
83.6721, 0.0143889, 0.000570114, -41.9667, -4.69841, -1.56534, -3.13307, -0.000299876
83.6845, 0.0136856, 0.000653022, -41.9379, -4.69844, -1.56534, -3.1331, -0.000299971
83.697, 0.013247, 0.000112486, -41.9091, -4.69847, -1.56533, -3.13314, -0.000300066
83.7095, 0.0134798, -0.000510681, -41.8804, -4.6985, -1.56532, -3.13318, -0.000300161
83.722, 0.0141199, -0.000594789, -41.8517, -4.69853, -1.56532, -3.13322, -0.000300256
83.7345, 0.0144983, -5.69015e-05, -41.823, -4.69856, -1.56531, -3.13325, -0.000300351
83.7469, 0.0142081, 0.000566849, -41.7943, -4.69859, -1.5653, -3.13329, -0.000300446
83.7594, 0.0135081, 0.000656539, -41.7656, -4.69862, -1.5653, -3.13333, -0.000300541
83.7719, 0.013063, 0.00012403, -41.737, -4.69866, -1.56529, -3.13337, -0.000300636
83.7844, 0.0132829, -0.000501847, -41.7084, -4.69869, -1.56528, -3.1334, -0.000300731
83.7969, 0.0139186, -0.000601342, -41.6798, -4.69872, -1.56528, -3.13344, -0.000300826
83.8093, 0.0143102, -7.69156e-05, -41.6512, -4.69875, -1.56527, -3.13348, -0.000300921
83.8218, 0.0140411, 0.00055258, -41.6227, -4.69878, -1.56526, -3.13352, -0.000301016
83.8343, 0.0133473, 0.00066615, -41.5941, -4.69881, -1.56526, -3.13355, -0.000301111
83.8468, 0.0128825, 0.000152775, -41.5656, -4.69884, -1.56525, -3.13359, -0.000301207
83.8593, 0.0130732, -0.000481468, -41.5371, -4.69887, -1.56524, -3.13363, -0.000301302
83.8717, 0.0137008, -0.000613187, -41.5087, -4.6989, -1.56524, -3.13367, -0.000301397
83.8842, 0.0141184, -0.000113924, -41.4802, -4.69893, -1.56523, -3.1337, -0.000301492
83.8967, 0.0138868, 0.000525983, -41.4518, -4.69896, -1.56522, -3.13374, -0.000301587
83.9092, 0.0132037, 0.000679926, -41.4234, -4.69899, -1.56522, -3.13378, -0.000301683
83.9217, 0.0127075, 0.000198204, -41.3951, -4.69903, -1.56521, -3.13382, -0.000301778
83.9341, 0.0128523, -0.000447763, -41.3667, -4.69906, -1.5652, -3.13385, -0.000301873
83.9466, 0.0134659, -0.000627735, -41.3384, -4.69909, -1.5652, -3.13389, -0.000301969
83.9591, 0.0139198, -0.000167165, -41.3101, -4.69912, -1.56519, -3.13393, -0.000302064
83.9716, 0.0137428, 0.000484882, -41.2818, -4.69915, -1.56518, -3.13397, -0.000302159
83.9845, 0.0130537, 0.000689566, -41.2525, -4.69918, -1.56518, -3.134, -0.000302258
83.9974, 0.0125248, 0.000213829, -41.2233, -4.69921, -1.56517, -3.13404, -0.000302357
84.0103, 0.0126679, -0.000451209, -41.1942, -4.69924, -1.56516, -3.13408, -0.000302456
84.0232, 0.013302, -0.000621112, -41.165, -4.69928, -1.56516, -3.13412, -0.000302554
84.0361, 0.0137422, -0.000122107, -41.1359, -4.69931, -1.56515, -3.13416, -0.000302653
84.049, 0.0135045, 0.000532741, -41.1068, -4.69934, -1.56514, -3.1342, -0.000302752
84.0619, 0.012801, 0.000672153, -41.0777, -4.69937, -1.56513, -3.13424, -0.000302851
84.0748, 0.0123199, 0.000154299, -41.0486, -4.6994, -1.56513, -3.13427, -0.00030295
84.0877, 0.0125201, -0.000490445, -41.0196, -4.69943, -1.56512, -3.13431, -0.000303048
84.1006, 0.0131637, -0.000603711, -40.9905, -4.69947, -1.56511, -3.13435, -0.000303147
84.1135, 0.0135615, -7.08712e-05, -40.9615, -4.6995, -1.56511, -3.13439, -0.000303246
84.1264, 0.0132765, 0.000564521, -40.9326, -4.69953, -1.5651, -3.13443, -0.000303345
84.1393, 0.0125674, 0.000656208, -40.9036, -4.69956, -1.56509, -3.13447, -0.000303444
84.1523, 0.0121227, 0.000111974, -40.8747, -4.69959, -1.56509, -3.13451, -0.000303543
84.1652, 0.0123609, -0.000515141, -40.8458, -4.69962, -1.56508, -3.13454, -0.000303642
84.1781, 0.0130075, -0.000589751, -40.8169, -4.69966, -1.56507, -3.13458, -0.000303741
84.191, 0.0133755, -3.72629e-05, -40.788, -4.69969, -1.56507, -3.13462, -0.00030384
84.2039, 0.0130616, 0.00058311, -40.7592, -4.69972, -1.56506, -3.13466, -0.000303939
84.2168, 0.0123517, 0.000645284, -40.7304, -4.69975, -1.56505, -3.1347, -0.000304039
84.2297, 0.0119298, 8.753e-05, -40.7016, -4.69978, -1.56505, -3.13474, -0.000304138
84.2426, 0.0121883, -0.000527764, -40.6728, -4.69982, -1.56504, -3.13478, -0.000304237
84.2555, 0.0128343, -0.000582017, -40.6441, -4.69985, -1.56503, -3.13481, -0.000304336
84.2684, 0.0131869, -2.16695e-05, -40.6154, -4.69988, -1.56502, -3.13485, -0.000304435
84.2813, 0.0128614, 0.000590487, -40.5867, -4.69991, -1.56502, -3.13489, -0.000304535
84.2942, 0.012153, 0.000641431, -40.558, -4.69994, -1.56501, -3.13493, -0.000304634
84.3071, 0.0117392, 8.11574e-05, -40.5293, -4.69997, -1.565, -3.13497, -0.000304733
84.32, 0.0120011, -0.000529753, -40.5007, -4.70001, -1.565, -3.13501, -0.000304832
84.3329, 0.0126448, -0.000581854, -40.4721, -4.70004, -1.56499, -3.13505, -0.000304932
84.3458, 0.012997, -2.41519e-05, -40.4435, -4.70007, -1.56498, -3.13508, -0.000305031
84.3587, 0.0126762, 0.000587514, -40.415, -4.7001, -1.56498, -3.13512, -0.000305131
84.3716, 0.0119709, 0.000645317, -40.3864, -4.70013, -1.56497, -3.13516, -0.00030523
84.3845, 0.0115503, 9.28297e-05, -40.3579, -4.70016, -1.56496, -3.1352, -0.000305329
84.3975, 0.0117993, -0.00052138, -40.3294, -4.70019, -1.56496, -3.13524, -0.000305429
84.4104, 0.0124392, -0.000589266, -40.3009, -4.70023, -1.56495, -3.13528, -0.000305528
84.4233, 0.0128055, -4.46146e-05, -40.2725, -4.70026, -1.56494, -3.13532, -0.000305628
84.4362, 0.0125059, 0.000573873, -40.244, -4.70029, -1.56494, -3.13535, -0.000305727
84.4491, 0.0118057, 0.000656284, -40.2156, -4.70032, -1.56493, -3.13539, -0.000305827
84.462, 0.011364, 0.000122376, -40.1873, -4.70035, -1.56492, -3.13543, -0.000305927
84.4749, 0.0115837, -0.000501748, -40.1589, -4.70038, -1.56492, -3.13547, -0.000306026
84.4878, 0.0122169, -0.000602932, -40.1306, -4.70042, -1.56491, -3.13551, -0.000306126
84.5007, 0.0126109, -8.27818e-05, -40.1023, -4.70045, -1.5649, -3.13555, -0.000306225
84.5136, 0.0123491, 0.000548118, -40.074, -4.70048, -1.56489, -3.13558, -0.000306325
84.5265, 0.011658, 0.000672338, -40.0457, -4.70051, -1.56489, -3.13562, -0.000306425
84.5394, 0.0111828, 0.000169363, -40.0174, -4.70054, -1.56488, -3.13566, -0.000306525
84.5523, 0.011356, -0.000468905, -39.9892, -4.70057, -1.56487, -3.1357, -0.000306624
84.5652, 0.0119771, -0.000620163, -39.961, -4.7006, -1.56487, -3.13574, -0.000306724
84.5781, 0.0124101, -0.000137986, -39.9328, -4.70064, -1.56486, -3.13578, -0.000306824
84.591, 0.0122037, 0.00050785, -39.9047, -4.70067, -1.56485, -3.13581, -0.000306924
84.6039, 0.0115289, 0.000690072, -39.8765, -4.7007, -1.56485, -3.13585, -0.000307024
84.6168, 0.0110101, 0.000232792, -39.8484, -4.70073, -1.56484, -3.13589, -0.000307123
84.6297, 0.0111191, -0.000420087, -39.8203, -4.70076, -1.56483, -3.13593, -0.000307223
84.6431, 0.0117433, -0.000631559, -39.7912, -4.7008, -1.56483, -3.13597, -0.000307327
84.6565, 0.0122132, -0.000159058, -39.7621, -4.70083, -1.56482, -3.13601, -0.000307431
84.6699, 0.0120105, 0.000508959, -39.733, -4.70086, -1.56481, -3.13605, -0.000307534
84.6833, 0.0113116, 0.000684101, -39.704, -4.70089, -1.5648, -3.13609, -0.000307638
84.6967, 0.0108027, 0.000187039, -39.675, -4.70093, -1.5648, -3.13613, -0.000307742
84.7101, 0.0109727, -0.000470458, -39.646, -4.70096, -1.56479, -3.13617, -0.000307846
84.7235, 0.0116126, -0.000613549, -39.617, -4.70099, -1.56478, -3.13621, -0.00030795
84.7369, 0.0120326, -9.64666e-05, -39.588, -4.70102, -1.56478, -3.13625, -0.000308054
84.7503, 0.01177, 0.00055061, -39.5591, -4.70106, -1.56477, -3.13629, -0.000308157
84.7636, 0.0110609, 0.000666252, -39.5302, -4.70109, -1.56476, -3.13633, -0.000308261
84.777, 0.0105965, 0.000133349, -39.5013, -4.70112, -1.56475, -3.13637, -0.000308365
84.7904, 0.0108165, -0.000503882, -39.4725, -4.70115, -1.56475, -3.13641, -0.000308469
84.8038, 0.0114626, -0.000596669, -39.4436, -4.70119, -1.56474, -3.13645, -0.000308573
84.8172, 0.0118444, -5.15961e-05, -39.4148, -4.70122, -1.56473, -3.13649, -0.000308677
84.8306, 0.0115415, 0.000576971, -39.386, -4.70125, -1.56473, -3.13653, -0.000308781
84.844, 0.0108293, 0.000651687, -39.3573, -4.70128, -1.56472, -3.13656, -0.000308885
84.8574, 0.0103965, 9.78569e-05, -39.3285, -4.70132, -1.56471, -3.1366, -0.00030899
84.8708, 0.0106473, -0.000523478, -39.2998, -4.70135, -1.5647, -3.13664, -0.000309094
84.8842, 0.0112945, -0.000584803, -39.2711, -4.70138, -1.5647, -3.13668, -0.000309198
84.8975, 0.011652, -2.5209e-05, -39.2424, -4.70141, -1.56469, -3.13672, -0.000309302
84.9109, 0.0113275, 0.000590725, -39.2138, -4.70145, -1.56468, -3.13676, -0.000309406
84.9243, 0.0106158, 0.000643461, -39.1852, -4.70148, -1.56468, -3.1368, -0.00030951
84.9377, 0.0101998, 8.10014e-05, -39.1566, -4.70151, -1.56467, -3.13684, -0.000309615
84.9511, 0.0104636, -0.000531415, -39.128, -4.70154, -1.56466, -3.13688, -0.000309719
84.9645, 0.0111093, -0.000580214, -39.0994, -4.70158, -1.56466, -3.13692, -0.000309823
84.9779, 0.0114578, -1.75219e-05, -39.0709, -4.70161, -1.56465, -3.13696, -0.000309928
84.9913, 0.0111289, 0.00059347, -39.0424, -4.70164, -1.56464, -3.137, -0.000310032
85.0047, 0.0104197, 0.000643082, -39.0139, -4.70167, -1.56463, -3.13704, -0.000310136
85.018, 0.010005, 8.28542e-05, -38.9855, -4.70171, -1.56463, -3.13708, -0.000310241
85.0314, 0.0102648, -0.000528676, -38.957, -4.70174, -1.56462, -3.13712, -0.000310345
85.0448, 0.0109074, -0.000583684, -38.9286, -4.70177, -1.56461, -3.13716, -0.00031045
85.0582, 0.0112623, -2.85122e-05, -38.9002, -4.7018, -1.56461, -3.1372, -0.000310554
85.0716, 0.010946, 0.000585557, -38.8718, -4.70184, -1.5646, -3.13724, -0.000310659
85.085, 0.0102407, 0.000650621, -38.8435, -4.70187, -1.56459, -3.13728, -0.000310763
85.0984, 0.00981217, 0.00010332, -38.8152, -4.7019, -1.56458, -3.13732, -0.000310868
85.1118, 0.010051, -0.000514984, -38.7869, -4.70193, -1.56458, -3.13736, -0.000310973
85.1252, 0.0106887, -0.000594579, -38.7586, -4.70197, -1.56457, -3.1374, -0.000311077
85.1386, 0.0110647, -5.80084e-05, -38.7304, -4.702, -1.56456, -3.13744, -0.000311182
85.1519, 0.0107781, 0.000566088, -38.7021, -4.70203, -1.56456, -3.13747, -0.000311286
85.1653, 0.0100795, 0.000664738, -38.6739, -4.70206, -1.56455, -3.13751, -0.000311391
85.1787, 0.00962302, 0.000142121, -38.6458, -4.7021, -1.56454, -3.13755, -0.000311496
85.1921, 0.00982362, -0.000488845, -38.6176, -4.70213, -1.56453, -3.13759, -0.000311601
85.2055, 0.0104523, -0.000610839, -38.5895, -4.70216, -1.56453, -3.13763, -0.000311705
85.2189, 0.0108626, -0.000105568, -38.5614, -4.70219, -1.56452, -3.13767, -0.00031181
85.2323, 0.0106232, 0.000533025, -38.5333, -4.70222, -1.56451, -3.13771, -0.000311915
85.2457, 0.00993686, 0.000682633, -38.5052, -4.70226, -1.56451, -3.13775, -0.00031202
85.2591, 0.00944067, 0.000198571, -38.4772, -4.70229, -1.5645, -3.13779, -0.000312125
85.2724, 0.00958496, -0.000447742, -38.4491, -4.70232, -1.56449, -3.13783, -0.00031223
85.2858, 0.0101973, -0.000628901, -38.4211, -4.70235, -1.56449, -3.13787, -0.000312335
85.2992, 0.0106521, -0.000170158, -38.3932, -4.70239, -1.56448, -3.13791, -0.00031244
85.3126, 0.0104784, 0.000483459, -38.3652, -4.70242, -1.56447, -3.13795, -0.000312545
85.3265, 0.00978711, 0.000694716, -38.3362, -4.70245, -1.56446, -3.13799, -0.000312654
85.3404, 0.00925063, 0.000221721, -38.3073, -4.70249, -1.56446, -3.13803, -0.000312763
85.3543, 0.00938686, -0.000447094, -38.2784, -4.70252, -1.56445, -3.13807, -0.000312872
85.3682, 0.0100201, -0.000623362, -38.2495, -4.70255, -1.56444, -3.13811, -0.000312981
85.3821, 0.0104645, -0.000126832, -38.2206, -4.70259, -1.56443, -3.13815, -0.00031309
85.3959, 0.0102303, 0.000531968, -38.1918, -4.70262, -1.56443, -3.13819, -0.000313199
85.4098, 0.00952418, 0.000677842, -38.163, -4.70265, -1.56442, -3.13823, -0.000313308
85.4237, 0.00903526, 0.00016245, -38.1342, -4.70269, -1.56441, -3.13827, -0.000313417
85.4376, 0.00922849, -0.000486479, -38.1054, -4.70272, -1.5644, -3.13831, -0.000313526
85.4515, 0.00987143, -0.000606604, -38.0766, -4.70275, -1.5644, -3.13836, -0.000313635
85.4654, 0.0102742, -7.643e-05, -38.0479, -4.70279, -1.56439, -3.1384, -0.000313745
85.4793, 0.00999333, 0.000563483, -38.0192, -4.70282, -1.56438, -3.13844, -0.000313854
85.4932, 0.00928153, 0.000662746, -37.9905, -4.70285, -1.56438, -3.13848, -0.000313963
85.5071, 0.00882789, 0.000121592, -37.9619, -4.70289, -1.56437, -3.13852, -0.000314073
85.5209, 0.00905781, -0.000510486, -37.9333, -4.70292, -1.56436, -3.13856, -0.000314182
85.5348, 0.00970365, -0.000593693, -37.9047, -4.70295, -1.56435, -3.1386, -0.000314291
85.5487, 0.0100783, -4.48849e-05, -37.8761, -4.70299, -1.56435, -3.13864, -0.000314401
85.5626, 0.0097705, 0.000581015, -37.8475, -4.70302, -1.56434, -3.13868, -0.00031451
85.5765, 0.00905799, 0.000653121, -37.819, -4.70305, -1.56433, -3.13872, -0.00031462
85.5904, 0.008625, 9.98513e-05, -37.7905, -4.70309, -1.56432, -3.13876, -0.000314729
85.6043, 0.00887268, -0.000521634, -37.762, -4.70312, -1.56432, -3.1388, -0.000314839
85.6182, 0.00951781, -0.000587451, -37.7336, -4.70315, -1.56431, -3.13884, -0.000314948
85.6321, 0.00987968, -3.25919e-05, -37.7051, -4.70319, -1.5643, -3.13888, -0.000315058
85.6459, 0.00956325, 0.000586514, -37.6767, -4.70322, -1.56429, -3.13893, -0.000315167
85.6598, 0.0088527, 0.00065096, -37.6483, -4.70325, -1.56429, -3.13897, -0.000315277
85.6737, 0.0084247, 9.74134e-05, -37.62, -4.70329, -1.56428, -3.13901, -0.000315387
85.6876, 0.0086722, -0.000521253, -37.5917, -4.70332, -1.56427, -3.13905, -0.000315496
85.7015, 0.00931449, -0.000589077, -37.5633, -4.70335, -1.56427, -3.13909, -0.000315606
85.7154, 0.00967933, -3.95927e-05, -37.5351, -4.70339, -1.56426, -3.13913, -0.000315716
85.7293, 0.00937199, 0.000580655, -37.5068, -4.70342, -1.56425, -3.13917, -0.000315825
85.7432, 0.00866536, 0.000656687, -37.4785, -4.70345, -1.56424, -3.13921, -0.000315935
85.7571, 0.00822677, 0.000114215, -37.4503, -4.70349, -1.56424, -3.13925, -0.000316045
85.7709, 0.00845646, -0.000509351, -37.4221, -4.70352, -1.56423, -3.13929, -0.000316155
85.7848, 0.00909366, -0.00059823, -37.394, -4.70355, -1.56422, -3.13933, -0.000316265
85.7987, 0.00947666, -6.57289e-05, -37.3658, -4.70359, -1.56421, -3.13937, -0.000316375
85.8126, 0.00919611, 0.000562787, -37.3377, -4.70362, -1.56421, -3.13941, -0.000316485
85.8265, 0.00849636, 0.000669203, -37.3096, -4.70365, -1.5642, -3.13945, -0.000316595
85.8404, 0.00803261, 0.000149982, -37.2815, -4.70369, -1.56419, -3.13949, -0.000316705
85.8543, 0.00822658, -0.000484642, -37.2535, -4.70372, -1.56418, -3.13953, -0.000316815
85.8682, 0.00885466, -0.000613046, -37.2255, -4.70375, -1.56418, -3.13957, -0.000316925
85.882, 0.00926947, -0.000110561, -37.1975, -4.70379, -1.56417, -3.13962, -0.000317035
85.8959, 0.00903393, 0.000531033, -37.1695, -4.70382, -1.56416, -3.13966, -0.000317145
85.9098, 0.00834654, 0.000685858, -37.1415, -4.70385, -1.56416, -3.1397, -0.000317255
85.9237, 0.00784519, 0.000204033, -37.1136, -4.70388, -1.56415, -3.13974, -0.000317365
85.9376, 0.00798485, -0.000444722, -37.0857, -4.70392, -1.56414, -3.13978, -0.000317475
85.9515, 0.00859654, -0.000630063, -37.0578, -4.70395, -1.56413, -3.13982, -0.000317586
85.9654, 0.00905405, -0.000173063, -37.03, -4.70398, -1.56413, -3.13986, -0.000317696
85.9793, 0.00888247, 0.000482548, -37.0021, -4.70402, -1.56412, -3.1399, -0.000317806
85.9937, 0.00818984, 0.000697191, -36.9733, -4.70405, -1.56411, -3.13994, -0.000317921
86.0081, 0.00764962, 0.000225145, -36.9444, -4.70409, -1.5641, -3.13998, -0.000318035
86.0225, 0.00778314, -0.000445612, -36.9156, -4.70412, -1.5641, -3.14002, -0.00031815
86.0369, 0.00841637, -0.000624046, -36.8869, -4.70415, -1.56409, -3.14007, -0.000318264
86.0513, 0.008862, -0.000127545, -36.8581, -4.70419, -1.56408, -3.14011, -0.000318379
86.0657, 0.00862756, 0.000532917, -36.8294, -4.70422, -1.56407, -3.14015, -0.000318493
86.0801, 0.00791945, 0.000679884, -36.8007, -4.70426, -1.56407, -3.14019, -0.000318608
86.0945, 0.00742838, 0.000163815, -36.772, -4.70429, -1.56406, -3.14023, -0.000318723
86.1089, 0.00762097, -0.000486449, -36.7433, -4.70433, -1.56405, -3.14028, -0.000318837
86.1234, 0.00826436, -0.000606748, -36.7147, -4.70436, -1.56404, -3.14032, -0.000318952
86.1378, 0.00866681, -7.53647e-05, -36.6861, -4.70439, -1.56404, -3.14036, -0.000319067
86.1522, 0.00838413, 0.000565555, -36.6575, -4.70443, -1.56403, -3.1404, -0.000319181
86.1666, 0.00767009, 0.000664244, -36.629, -4.70446, -1.56402, -3.14044, -0.000319296
86.181, 0.00721557, 0.000121503, -36.6005, -4.7045, -1.56401, -3.14049, -0.000319411
86.1954, 0.00744617, -0.000511279, -36.572, -4.70453, -1.564, -3.14053, -0.000319526
86.2098, 0.00809252, -0.00059333, -36.5435, -4.70457, -1.564, -3.14057, -0.000319641
86.2242, 0.00846587, -4.26807e-05, -36.515, -4.7046, -1.56399, -3.14061, -0.000319756
86.2386, 0.00815526, 0.000583677, -36.4866, -4.70463, -1.56398, -3.14065, -0.000319871
86.253, 0.00744053, 0.000654223, -36.4582, -4.70467, -1.56397, -3.14069, -0.000319986
86.2674, 0.00700744, 9.89675e-05, -36.4298, -4.7047, -1.56397, -3.14074, -0.000320101
86.2819, 0.00725643, -0.000522795, -36.4015, -4.70474, -1.56396, -3.14078, -0.000320216
86.2963, 0.007902, -0.000586815, -36.3732, -4.70477, -1.56395, -3.14082, -0.000320331
86.3107, 0.00826207, -2.9916e-05, -36.3449, -4.70481, -1.56394, -3.14086, -0.000320446
86.3251, 0.00794253, 0.000589369, -36.3166, -4.70484, -1.56394, -3.1409, -0.000320561
86.3395, 0.00722984, 0.000651954, -36.2883, -4.70487, -1.56393, -3.14095, -0.000320676
86.3539, 0.00680197, 9.64042e-05, -36.2601, -4.70491, -1.56392, -3.14099, -0.000320792
86.3683, 0.00705079, -0.000522421, -36.2319, -4.70494, -1.56391, -3.14103, -0.000320907
86.3827, 0.00769344, -0.000588482, -36.2037, -4.70498, -1.56391, -3.14107, -0.000321022
86.3971, 0.00805654, -3.71131e-05, -36.1756, -4.70501, -1.5639, -3.14111, -0.000321137
86.4115, 0.00774637, 0.000583356, -36.1474, -4.70504, -1.56389, -3.14115, -0.000321253
86.4259, 0.00703772, 0.000657891, -36.1193, -4.70508, -1.56388, -3.1412, -0.000321368
86.4404, 0.00659889, 0.000113745, -36.0913, -4.70511, -1.56388, -3.14124, -0.000321483
86.4548, 0.00682935, -0.000510171, -36.0632, -4.70515, -1.56387, -3.14128, -0.000321599
86.4692, 0.00746678, -0.000597973, -36.0352, -4.70518, -1.56386, -3.14132, -0.000321714
86.4836, 0.00784867, -6.41041e-05, -36.0072, -4.70522, -1.56385, -3.14136, -0.00032183
86.498, 0.00756614, 0.000564946, -35.9792, -4.70525, -1.56385, -3.1414, -0.000321945
86.5124, 0.00686456, 0.000670866, -35.9512, -4.70528, -1.56384, -3.14145, -0.000322061
86.5268, 0.00639972, 0.0001507, -35.9233, -4.70532, -1.56383, -3.14149, -0.000322176
86.5412, 0.0065933, -0.000484671, -35.8954, -4.70535, -1.56382, -3.14153, -0.000322292
86.5556, 0.00722134, -0.000613301, -35.8675, -4.70539, -1.56382, -3.14157, -0.000322408
86.57, 0.0076361, -0.000110422, -35.8396, 1.57777, -1.56381, 3.14157, -0.000322523
86.5844, 0.00740006, 0.000532136, -35.8118, 1.57773, -1.5638, 3.14153, -0.000322639
86.5988, 0.00671125, 0.000688051, -35.784, 1.5777, -1.56379, 3.14149, -0.000322755
86.6133, 0.00620761, 0.00020654, -35.7562, 1.57766, -1.56379, 3.14145, -0.000322871
86.6277, 0.00634508, -0.000443361, -35.7284, 1.57763, -1.56378, 3.14141, -0.000322986
86.6421, 0.0069561, -0.000630774, -35.7007, 1.5776, -1.56377, 3.14137, -0.000323102
86.6565, 0.00741486, -0.000174966, -35.673, 1.57756, -1.56376, 3.14132, -0.000323218
86.6709, 0.00724493, 0.0004819, -35.6453, 1.57753, -1.56375, 3.14128, -0.000323334
86.6859, 0.00655108, 0.000699688, -35.6166, 1.57749, -1.56375, 3.14124, -0.000323454
86.7008, 0.00600718, 0.000228761, -35.5879, 1.57746, -1.56374, 3.1412, -0.000323575
86.7158, 0.00613765, -0.000443807, -35.5592, 1.57742, -1.56373, 3.14115, -0.000323695
86.7307, 0.00677053, -0.000624844, -35.5306, 1.57739, -1.56372, 3.14111, -0.000323816
86.7457, 0.0072177, -0.000129029, -35.5019, 1.57735, -1.56372, 3.14107, -0.000323936
86.7607, 0.00698403, 0.000533184, -35.4734, 1.57732, -1.56371, 3.14102, -0.000324057
86.7756, 0.00627429, 0.000682376, -35.4448, 1.57728, -1.5637, 3.14098, -0.000324177
86.7906, 0.00578009, 0.000166733, -35.4162, 1.57725, -1.56369, 3.14094, -0.000324298
86.8055, 0.00597037, -0.000485224, -35.3877, 1.57721, -1.56368, 3.14089, -0.000324418
86.8205, 0.00661362, -0.000607538, -35.3592, 1.57718, -1.56368, 3.14085, -0.000324539
86.8355, 0.00701728, -7.64625e-05, -35.3308, 1.57714, -1.56367, 3.14081, -0.00032466
86.8504, 0.00673501, 0.000566132, -35.3023, 1.5771, -1.56366, 3.14077, -0.00032478
86.8654, 0.00601927, 0.000666802, -35.2739, 1.57707, -1.56365, 3.14072, -0.000324901
86.8804, 0.00556171, 0.000124385, -35.2455, 1.57703, -1.56364, 3.14068, -0.000325022
86.8953, 0.00579001, -0.000510099, -35.2172, 1.577, -1.56364, 3.14064, -0.000325143
86.9103, 0.00643623, -0.000594273, -35.1888, 1.57696, -1.56363, 3.14059, -0.000325264
86.9252, 0.00681096, -4.40737e-05, -35.1605, 1.57693, -1.56362, 3.14055, -0.000325385
86.9402, 0.00650108, 0.000584081, -35.1322, 1.57689, -1.56361, 3.14051, -0.000325505
86.9552, 0.00578474, 0.000657068, -35.104, 1.57686, -1.56361, 3.14046, -0.000325626
86.9701, 0.00534816, 0.000102504, -35.0757, 1.57682, -1.5636, 3.14042, -0.000325747
86.9851, 0.0055942, -0.000521211, -35.0475, 1.57679, -1.56359, 3.14038, -0.000325868
87, 0.00623951, -0.000588159, -35.0193, 1.57675, -1.56358, 3.14034, -0.000325989
87.015, 0.00660169, -3.22972e-05, -34.9912, 1.57672, -1.56357, 3.14029, -0.000326111
87.03, 0.00628386, 0.000589159, -34.9631, 1.57668, -1.56357, 3.14025, -0.000326232
87.0449, 0.00556975, 0.000655332, -34.935, 1.57665, -1.56356, 3.14021, -0.000326353
87.0599, 0.0051374, 0.000101285, -34.9069, 1.57661, -1.56355, 3.14016, -0.000326474
87.0749, 0.00538197, -0.000519975, -34.8788, 1.57658, -1.56354, 3.14012, -0.000326595
87.0898, 0.0060241, -0.000590445, -34.8508, 1.57654, -1.56354, 3.14008, -0.000326716
87.1048, 0.00639055, -4.11658e-05, -34.8228, 1.57651, -1.56353, 3.14004, -0.000326838
87.1197, 0.00608373, 0.000582034, -34.7948, 1.57647, -1.56352, 3.13999, -0.000326959
87.1347, 0.00537403, 0.000661962, -34.7668, 1.57644, -1.56351, 3.13995, -0.00032708
87.1497, 0.00492929, 0.000120642, -34.7389, 1.5764, -1.5635, 3.13991, -0.000327202
87.1646, 0.00515352, -0.0005063, -34.711, 1.57637, -1.5635, 3.13986, -0.000327323
87.1796, 0.00578989, -0.000600626, -34.6831, 1.57633, -1.56349, 3.13982, -0.000327445
87.1945, 0.00617675, -7.04789e-05, -34.6553, 1.5763, -1.56348, 3.13978, -0.000327566
87.2095, 0.00589991, 0.000561867, -34.6275, 1.57626, -1.56347, 3.13974, -0.000327688
87.2245, 0.00519805, 0.000675584, -34.5997, 1.57623, -1.56346, 3.13969, -0.000327809
87.2394, 0.00472557, 0.00016023, -34.5719, 1.57619, -1.56346, 3.13965, -0.000327931
87.2544, 0.00491021, -0.000478633, -34.5441, 1.57616, -1.56345, 3.13961, -0.000328052
87.2694, 0.00553614, -0.000616451, -34.5164, 1.57612, -1.56344, 3.13956, -0.000328174
87.2843, 0.00595765, -0.000119686, -34.4887, 1.57609, -1.56343, 3.13952, -0.000328296
87.2993, 0.0057304, 0.000526445, -34.461, 1.57605, -1.56343, 3.13948, -0.000328417
87.3142, 0.00504276, 0.000693042, -34.4334, 1.57602, -1.56342, 3.13944, -0.000328539
87.3292, 0.00452973, 0.000219194, -34.4057, 1.57598, -1.56341, 3.13939, -0.000328661
87.3442, 0.00465478, -0.000434183, -34.3781, 1.57595, -1.5634, 3.13935, -0.000328783
87.3591, 0.00526177, -0.000633831, -34.3506, 1.57591, -1.56339, 3.13931, -0.000328905
87.3741, 0.00572891, -0.000187498, -34.323, 1.57588, -1.56339, 3.13927, -0.000329027
87.389, 0.00557162, 0.000472514, -34.2955, 1.57584, -1.56338, 3.13922, -0.000329148
87.4046, 0.0048781, 0.000704111, -34.2668, 1.57581, -1.56337, 3.13918, -0.000329276
87.4202, 0.00432334, 0.000239317, -34.2382, 1.57577, -1.56336, 3.13913, -0.000329403
87.4358, 0.00444493, -0.000438298, -34.2095, 1.57574, -1.56335, 3.13909, -0.00032953
87.4514, 0.005078, -0.000626344, -34.181, 1.5757, -1.56335, 3.13904, -0.000329657
87.4671, 0.00552917, -0.000131222, -34.1524, 1.57566, -1.56334, 3.139, -0.000329785
87.4827, 0.00529531, 0.000534425, -34.1238, 1.57563, -1.56333, 3.13896, -0.000329912
87.4983, 0.00458146, 0.000683851, -34.0953, 1.57559, -1.56332, 3.13891, -0.000330039
87.5139, 0.0040862, 0.000164204, -34.0668, 1.57555, -1.56331, 3.13887, -0.000330167
87.5295, 0.00428098, -0.000488961, -34.0384, 1.57552, -1.5633, 3.13882, -0.000330294
87.5451, 0.00492729, -0.000604857, -34.0099, 1.57548, -1.5633, 3.13878, -0.000330422
87.5607, 0.00532463, -6.56996e-05, -33.9815, 1.57544, -1.56329, 3.13873, -0.000330549
87.5763, 0.0050297, 0.000575474, -33.9532, 1.57541, -1.56328, 3.13869, -0.000330677
87.5919, 0.00430819, 0.000663275, -33.9248, 1.57537, -1.56327, 3.13864, -0.000330804
87.6075, 0.00386012, 0.0001092, -33.8965, 1.57534, -1.56326, 3.1386, -0.000330932
87.6231, 0.00410456, -0.000521001, -33.8682, 1.5753, -1.56326, 3.13856, -0.00033106
87.6387, 0.00475466, -0.000586085, -33.8399, 1.57526, -1.56325, 3.13851, -0.000331187
87.6543, 0.00511255, -2.10145e-05, -33.8117, 1.57523, -1.56324, 3.13847, -0.000331315
87.6699, 0.00477911, 0.00059993, -33.7834, 1.57519, -1.56323, 3.13842, -0.000331443
87.6855, 0.00405668, 0.000647868, -33.7552, 1.57515, -1.56322, 3.13838, -0.000331571
87.7011, 0.00363989, 7.54591e-05, -33.7271, 1.57512, -1.56322, 3.13833, -0.000331698
87.7167, 0.0039124, -0.000538185, -33.6989, 1.57508, -1.56321, 3.13829, -0.000331826
87.7323, 0.00456171, -0.000574386, -33.6708, 1.57505, -1.5632, 3.13825, -0.000331954
87.7479, 0.00489717, 2.18943e-06, -33.6427, 1.57501, -1.56319, 3.1382, -0.000332082
87.7635, 0.00454592, 0.000610919, -33.6147, 1.57497, -1.56318, 3.13816, -0.00033221
87.7791, 0.00382551, 0.000640922, -33.5866, 1.57494, -1.56317, 3.13811, -0.000332338
87.7947, 0.00342226, 6.32869e-05, -33.5586, 1.5749, -1.56317, 3.13807, -0.000332466
87.8103, 0.00370285, -0.000542902, -33.5307, 1.57487, -1.56316, 3.13802, -0.000332594
87.8259, 0.00434958, -0.000572044, -33.5027, 1.57483, -1.56315, 3.13798, -0.000332722
87.8415, 0.00468069, 3.81675e-06, -33.4748, 1.57479, -1.56314, 3.13794, -0.000332851
87.8571, 0.00433111, 0.000610029, -33.4469, 1.57476, -1.56313, 3.13789, -0.000332979
87.8727, 0.00361391, 0.000643757, -33.419, 1.57472, -1.56313, 3.13785, -0.000333107
87.8883, 0.00320608, 7.26566e-05, -33.3911, 1.57469, -1.56312, 3.1378, -0.000333235
87.9039, 0.00347555, -0.000535902, -33.3633, 1.57465, -1.56311, 3.13776, -0.000333364
87.9195, 0.00411858, -0.000579446, -33.3355, 1.57461, -1.5631, 3.13771, -0.000333492
87.9351, 0.00446327, -1.60313e-05, -33.3077, 1.57458, -1.56309, 3.13767, -0.00033362
87.9507, 0.00413449, 0.000597161, -33.28, 1.57454, -1.56309, 3.13763, -0.000333749
87.9663, 0.00342203, 0.000655845, -33.2523, 1.57451, -1.56308, 3.13758, -0.000333877
87.9819, 0.00299218, 0.000103399, -33.2246, 1.57447, -1.56307, 3.13754, -0.000334006
87.9975, 0.00323127, -0.000516248, -33.1969, 1.57443, -1.56306, 3.13749, -0.000334134
88.0131, 0.00386815, -0.00059515, -33.1693, 1.5744, -1.56305, 3.13745, -0.000334263
88.0287, 0.00424304, -5.70839e-05, -33.1417, 1.57436, -1.56304, 3.13741, -0.000334391
88.0443, 0.00395467, 0.000570574, -33.1141, 1.57433, -1.56304, 3.13736, -0.00033452
88.0599, 0.00325081, 0.000674815, -33.0865, 1.57429, -1.56303, 3.13732, -0.000334649
88.0755, 0.00278343, 0.000155069, -33.059, 1.57425, -1.56302, 3.13727, -0.000334777
88.0911, 0.00297204, -0.000481455, -33.0315, 1.57422, -1.56301, 3.13723, -0.000334906
88.1067, 0.00359707, -0.000615824, -33.004, 1.57418, -1.563, 3.13719, -0.000335035
88.1223, 0.0040162, -0.000118614, -32.9765, 1.57415, -1.563, 3.13714, -0.000335164
88.1379, 0.00378887, 0.000527128, -32.9491, 1.57411, -1.56299, 3.1371, -0.000335292
88.1535, 0.00310158, 0.000696336, -32.9217, 1.57407, -1.56298, 3.13705, -0.000335421
88.1691, 0.00258454, 0.000226512, -32.8943, 1.57404, -1.56297, 3.13701, -0.00033555
88.1847, 0.00270153, -0.000427846, -32.8669, 1.574, -1.56296, 3.13697, -0.000335679
88.2008, 0.00332657, -0.000630927, -32.8387, 1.57396, -1.56295, 3.13692, -0.000335813
88.217, 0.0037897, -0.000152598, -32.8104, 1.57393, -1.56295, 3.13687, -0.000335946
88.2331, 0.00358022, 0.000517194, -32.7822, 1.57389, -1.56294, 3.13683, -0.00033608
88.2493, 0.0028753, 0.000694962, -32.754, 1.57385, -1.56293, 3.13678, -0.000336213
88.2654, 0.00235597, 0.00020068, -32.7258, 1.57382, -1.56292, 3.13674, -0.000336347
88.2815, 0.00251219, -0.000461742, -32.6977, 1.57378, -1.56291, 3.13669, -0.00033648
88.2977, 0.00314639, -0.000619495, -32.6696, 1.57374, -1.5629, 3.13665, -0.000336614
88.3138, 0.00357726, -0.000113673, -32.6415, 1.57371, -1.5629, 3.1366, -0.000336748
88.33, 0.00333168, 0.000542541, -32.6134, 1.57367, -1.56289, 3.13656, -0.000336882
88.3461, 0.00262171, 0.000685833, -32.5854, 1.57363, -1.56288, 3.13651, -0.000337015
88.3622, 0.00212715, 0.000172694, -32.5574, 1.57359, -1.56287, 3.13646, -0.000337149
88.3784, 0.00230843, -0.000478683, -32.5294, 1.57356, -1.56286, 3.13642, -0.000337283
88.3945, 0.00294465, -0.000612932, -32.5015, 1.57352, -1.56285, 3.13637, -0.000337417
88.4107, 0.00335893, -9.62707e-05, -32.4735, 1.57348, -1.56285, 3.13633, -0.000337551
88.4268, 0.0030993, 0.000552045, -32.4456, 1.57345, -1.56284, 3.13628, -0.000337685
88.4429, 0.00238997, 0.000682831, -32.4178, 1.57341, -1.56283, 3.13624, -0.000337819
88.4591, 0.00190381, 0.000166444, -32.3899, 1.57337, -1.56282, 3.13619, -0.000337953
88.4752, 0.00208859, -0.000480519, -32.3621, 1.57334, -1.56281, 3.13615, -0.000338087
88.4914, 0.00272205, -0.000613218, -32.3343, 1.5733, -1.5628, 3.1361, -0.000338221
88.5075, 0.00313642, -0.000100673, -32.3066, 1.57326, -1.5628, 3.13606, -0.000338356
88.5236, 0.00288392, 0.000546788, -32.2788, 1.57322, -1.56279, 3.13601, -0.00033849
88.5398, 0.00217967, 0.000686879, -32.2511, 1.57319, -1.56278, 3.13597, -0.000338624
88.5559, 0.0016853, 0.000181951, -32.2235, 1.57315, -1.56277, 3.13592, -0.000338758
88.5721, 0.00185259, -0.000467535, -32.1958, 1.57311, -1.56276, 3.13588, -0.000338893
88.5882, 0.00247868, -0.000620239, -32.1682, 1.57308, -1.56275, 3.13583, -0.000339027
88.6043, 0.00290931, -0.000126669, -32.1406, 1.57304, -1.56274, 3.13578, -0.000339161
88.6205, 0.00268492, 0.000526258, -32.113, 1.573, -1.56274, 3.13574, -0.000339296
88.6366, 0.00199105, 0.000696833, -32.0855, 1.57297, -1.56273, 3.13569, -0.00033943
88.6528, 0.00147308, 0.000218758, -32.0579, 1.57293, -1.56272, 3.13565, -0.000339565
88.6689, 0.0016018, -0.00043845, -32.0305, 1.57289, -1.56271, 3.1356, -0.0003397
88.6851, 0.00221403, -0.000631817, -32.003, 1.57286, -1.5627, 3.13556, -0.000339834
88.7012, 0.00267514, -0.0001735, -31.9756, 1.57282, -1.56269, 3.13551, -0.000339969
88.7173, 0.00250012, 0.000488464, -31.9481, 1.57278, -1.56269, 3.13547, -0.000340103
88.7335, 0.00182478, 0.000709472, -31.9208, 1.57275, -1.56268, 3.13542, -0.000340238
88.7496, 0.00127059, 0.000275705, -31.8934, 1.57271, -1.56267, 3.13538, -0.000340373
88.7658, 0.00133925, -0.000390658, -31.8661, 1.57267, -1.56266, 3.13533, -0.000340508
88.7826, 0.00195726, -0.000638832, -31.8375, 1.57263, -1.56265, 3.13529, -0.000340649
88.7995, 0.00244914, -0.000179932, -31.809, 1.5726, -1.56264, 3.13524, -0.00034079
88.8164, 0.00226029, 0.000504491, -31.7805, 1.57256, -1.56263, 3.13519, -0.000340931
88.8332, 0.00154925, 0.000699059, -31.7521, 1.57252, -1.56263, 3.13514, -0.000341072
88.8501, 0.00101857, 0.000201875, -31.7237, 1.57248, -1.56262, 3.1351, -0.000341213
88.867, 0.00118048, -0.000467961, -31.6953, 1.57244, -1.56261, 3.13505, -0.000341354
88.8839, 0.00182535, -0.000613764, -31.6669, 1.5724, -1.5626, 3.135, -0.000341495
88.9007, 0.00224312, -8.52595e-05, -31.6385, 1.57236, -1.56259, 3.13496, -0.000341636
88.9176, 0.00196164, 0.000568588, -31.6102, 1.57233, -1.56258, 3.13491, -0.000341778
88.9345, 0.00123385, 0.000671157, -31.582, 1.57229, -1.56257, 3.13486, -0.000341919
88.9513, 0.000772735, 0.000117664, -31.5537, 1.57225, -1.56256, 3.13481, -0.00034206
88.9682, 0.0010137, -0.000519803, -31.5255, 1.57221, -1.56256, 3.13477, -0.000342202
88.9851, 0.00166781, -0.000584811, -31.4973, 1.57217, -1.56255, 3.13472, -0.000342343
89.0019, 0.00202256, -1.1697e-05, -31.4691, 1.57213, -1.56254, 3.13467, -0.000342485
89.0188, 0.00167526, 0.000610169, -31.441, 1.5721, -1.56253, 3.13463, -0.000342626
89.0357, 0.000943943, 0.000643639, -31.4129, 1.57206, -1.56252, 3.13458, -0.000342768
89.0526, 0.000538229, 5.57162e-05, -31.3848, 1.57202, -1.56251, 3.13453, -0.000342909
89.0694, 0.000832669, -0.000551949, -31.3567, 1.57198, -1.5625, 3.13449, -0.000343051
89.0863, 0.00148665, -0.000559796, -31.3287, 1.57194, -1.56249, 3.13444, -0.000343193
89.1032, 0.00179488, 3.8944e-05, -31.3007, 1.57191, -1.56249, 3.13439, -0.000343334
89.12, 0.00140601, 0.000634617, -31.2727, 1.57187, -1.56248, 3.13434, -0.000343476
89.1369, 0.000677236, 0.000622931, -31.2448, 1.57183, -1.56247, 3.1343, -0.000343618
89.1538, 0.00030872, 1.70069e-05, -31.2169, 1.57179, -1.56246, 3.13425, -0.00034376
89.1707, 0.00063374, -0.00056917, -31.189, 1.57175, -1.56245, 3.1342, -0.000343902
89.1875, 0.00128417, -0.000543821, -31.1612, 1.57171, -1.56244, 3.13416, -0.000344044
89.2044, 0.00156525, 6.62505e-05, -31.1333, 1.57168, -1.56243, 3.13411, -0.000344186
89.2213, 0.00115649, 0.000645925, -31.1055, 1.57164, -1.56242, 3.13406, -0.000344328
89.2381, 0.00043168, 0.000612902, -31.0778, 1.5716, -1.56242, 3.13402, -0.00034447
89.255, 8.02341e-05, 1.60754e-06, -31.05, 1.57156, -1.56241, 3.13397, -0.000344612
89.2719, 0.000415132, -0.000574561, -31.0223, 1.57152, -1.5624, 3.13392, -0.000344754
89.2887, 0.00106199, -0.000539606, -30.9946, 1.57149, -1.56239, 3.13388, -0.000344896
89.3056, 0.00133644, 7.03229e-05, -30.9669, 1.57145, -1.56238, 3.13383, -0.000345039
89.3225, 0.000927792, 0.000646214, -30.9393, 1.57141, -1.56237, 3.13378, -0.000345181
89.3394, 0.00020616, 0.000615189, -30.9117, 1.57137, -1.56236, 3.13373, -0.000345323
89.3562, -0.000148808, 9.36437e-06, -30.8841, 1.57133, -1.56235, 3.13369, -0.000345466
89.3731, 0.000176384, -0.000569226, -30.8566, 1.5713, -1.56235, 3.13364, -0.000345608
89.39, 0.000820652, -0.000547759, -30.8291, 1.57126, -1.56234, 3.13359, -0.00034575
89.4068, 0.00110886, 5.13009e-05, -30.8016, 1.57122, -1.56233, 3.13355, -0.000345893
89.4237, 0.000719798, 0.000635554, -30.7741, 1.57118, -1.56232, 3.1335, -0.000346035
89.4406, 7.65236e-07, 0.000629402, -30.7467, 1.57114, -1.56231, 3.13345, -0.000346178
89.4575, -0.000377637, 4.01689e-05, -30.7193, 1.5711, -1.5623, 3.13341, -0.000346321
89.4743, -8.18344e-05, -0.000552212, -30.6919, 1.57107, -1.56229, 3.13336, -0.000346463
89.4912, 0.000559459, -0.000566892, -30.6645, 1.57103, -1.56228, 3.13331, -0.000346606
89.5081, 0.000880569, 9.29429e-06, -30.6372, 1.57099, -1.56228, 3.13327, -0.000346749
89.5249, 0.000531244, 0.000612004, -30.6099, 1.57095, -1.56227, 3.13322, -0.000346891
89.5418, -0.00018329, 0.000653131, -30.5826, 1.57092, -1.56226, 3.13317, -0.000347034
89.5587, -0.000603177, 9.38295e-05, -30.5554, 1.57088, -1.56225, 3.13313, -0.000347177
89.5755, -0.000357586, -0.00052065, -30.5282, 1.57084, -1.56224, 3.13308, -0.00034732
89.5924, 0.000276771, -0.00059353, -30.501, 1.5708, -1.56223, 3.13303, -0.000347463
89.6093, 0.000647365, -5.52959e-05, -30.4738, 1.57076, -1.56222, 3.13299, -0.000347606
89.6262, 0.000359403, 0.000571857, -30.4467, 1.57073, -1.56222, 3.13294, -0.000347749
89.643, -0.000344085, 0.00068178, -30.4196, 1.57069, -1.56221, 3.13289, -0.000347892
89.6599, -0.000820126, 0.000169563, -30.3925, 1.57065, -1.5622, 3.13285, -0.000348035
89.6768, -0.000647214, -0.00047012, -30.3654, 1.57061, -1.56219, 3.1328, -0.000348178
89.6936, -2.94147e-05, -0.000621895, -30.3384, 1.57057, -1.56218, 3.13275, -0.000348322
89.7105, 0.000402901, -0.000141088, -30.3114, 1.57054, -1.56217, 3.13271, -0.000348465
89.7274, 0.000199521, 0.00051015, -30.2845, 1.5705, -1.56216, 3.13266, -0.000348608
89.7448, -0.00050424, 0.000702962, -30.2566, 1.57046, -1.56215, 3.13261, -0.000348756
89.7623, -0.00103801, 0.0002198, -30.2288, 1.57042, -1.56214, 3.13257, -0.000348905
89.7797, -0.000900913, -0.000448286, -30.201, 1.57038, -1.56214, 3.13252, -0.000349053
89.7972, -0.000272605, -0.00062505, -30.1732, 1.57034, -1.56213, 3.13247, -0.000349201
89.8146, 0.000171871, -0.000133008, -30.1455, 1.5703, -1.56212, 3.13242, -0.00034935
89.832, -5.45984e-05, 0.000530346, -30.1178, 1.57026, -1.56211, 3.13237, -0.000349498
89.8495, -0.00076193, 0.000696984, -30.0901, 1.57022, -1.5621, 3.13232, -0.000349646
89.8669, -0.00127756, 0.000200554, -30.0624, 1.57019, -1.56209, 3.13228, -0.000349795
89.8844, -0.00112379, -0.000459491, -30.0348, 1.57015, -1.56208, 3.13223, -0.000349943
89.9018, -0.000495142, -0.000621746, -30.0072, 1.57011, -1.56207, 3.13218, -0.000350092
89.9192, -6.01703e-05, -0.000125036, -29.9796, 1.57007, -1.56206, 3.13213, -0.000350241
89.9367, -0.000291546, 0.000533448, -29.9521, 1.57003, -1.56205, 3.13208, -0.000350389
89.9541, -0.000996114, 0.000697215, -29.9246, 1.56999, -1.56205, 3.13204, -0.000350538
89.9716, -0.00151071, 0.000204444, -29.8971, 1.56995, -1.56204, 3.13199, -0.000350687
89.989, -0.00136336, -0.000454024, -29.8697, 1.56991, -1.56203, 3.13194, -0.000350836
90.0065, -0.000740231, -0.00062494, -29.8422, 1.56987, -1.56202, 3.13189, -0.000350984
90.0239, -0.000297684, -0.000140163, -29.8148, 1.56984, -1.56201, 3.13184, -0.000351133
90.0413, -0.000511112, 0.000519858, -29.7875, 1.5698, -1.562, 3.1318, -0.000351282
90.0588, -0.00120693, 0.000703638, -29.7601, 1.56976, -1.56199, 3.13175, -0.000351431
90.0762, -0.00173711, 0.000231236, -29.7328, 1.56972, -1.56198, 3.1317, -0.00035158
90.0937, -0.00161896, -0.000431411, -29.7055, 1.56968, -1.56197, 3.13165, -0.000351729
90.1111, -0.00100805, -0.00063342, -29.6783, 1.56964, -1.56196, 3.13161, -0.000351879
90.1285, -0.000542202, -0.000177817, -29.6511, 1.5696, -1.56196, 3.13156, -0.000352028
90.146, -0.000714861, 0.000488263, -29.6239, 1.56956, -1.56195, 3.13151, -0.000352177
90.1634, -0.00139394, 0.000713841, -29.5967, 1.56952, -1.56194, 3.13146, -0.000352326
90.1809, -0.00195408, 0.000279958, -29.5696, 1.56949, -1.56193, 3.13141, -0.000352476
90.1983, -0.00188808, -0.000389569, -29.5424, 1.56945, -1.56192, 3.13137, -0.000352625
90.2165, -0.00127046, -0.000638901, -29.5142, 1.56941, -1.56191, 3.13132, -0.000352781
90.2347, -0.00077884, -0.000179127, -29.486, 1.56937, -1.5619, 3.13127, -0.000352937
90.2529, -0.000969572, 0.000507278, -29.4578, 1.56932, -1.56189, 3.13122, -0.000353093
90.2711, -0.00168425, 0.000703051, -29.4296, 1.56928, -1.56188, 3.13117, -0.000353249
90.2893, -0.00221888, 0.000205199, -29.4015, 1.56924, -1.56187, 3.13112, -0.000353405
90.3075, -0.00205957, -0.000466646, -29.3734, 1.5692, -1.56186, 3.13107, -0.000353561
90.3257, -0.00141533, -0.000614124, -29.3453, 1.56916, -1.56185, 3.13102, -0.000353717
90.3439, -0.000997259, -8.54106e-05, -29.3172, 1.56912, -1.56184, 3.13097, -0.000353873
90.3621, -0.0012795, 0.000570681, -29.2892, 1.56908, -1.56184, 3.13092, -0.000354029
90.3803, -0.00201059, 0.000675844, -29.2612, 1.56904, -1.56183, 3.13087, -0.000354186
90.3985, -0.00247693, 0.000122817, -29.2333, 1.569, -1.56182, 3.13082, -0.000354342
90.4167, -0.00224041, -0.000517367, -29.2054, 1.56896, -1.56181, 3.13077, -0.000354499
90.4349, -0.00158723, -0.000586309, -29.1775, 1.56892, -1.5618, 3.13072, -0.000354655
90.4531, -0.0012301, -1.44824e-05, -29.1496, 1.56888, -1.56179, 3.13067, -0.000354812
90.4713, -0.00157558, 0.000610856, -29.1218, 1.56884, -1.56178, 3.13062, -0.000354968
90.4895, -0.00231002, 0.00065003, -29.094, 1.5688, -1.56177, 3.13057, -0.000355125
90.5077, -0.00272384, 6.43637e-05, -29.0662, 1.56876, -1.56176, 3.13052, -0.000355281
90.5259, -0.00243704, -0.0005478, -29.0385, 1.56872, -1.56175, 3.13047, -0.000355438
90.5441, -0.00178398, -0.000563516, -29.0107, 1.56868, -1.56174, 3.13042, -0.000355595
90.5623, -0.00146969, 3.18814e-05, -28.9831, 1.56864, -1.56173, 3.13037, -0.000355752
90.5805, -0.00185292, 0.000633355, -28.9554, 1.5686, -1.56172, 3.13032, -0.000355908
90.5987, -0.00258496, 0.00063211, -28.9278, 1.56856, -1.56171, 3.13027, -0.000356065
90.6169, -0.002966, 3.07703e-05, -28.9002, 1.56852, -1.5617, 3.13022, -0.000356222
90.6351, -0.00265305, -0.000562735, -28.8726, 1.56848, -1.5617, 3.13017, -0.000356379
90.6533, -0.00200327, -0.000550774, -28.8451, 1.56844, -1.56169, 3.13012, -0.000356536
90.6715, -0.00171099, 5.3303e-05, -28.8176, 1.5684, -1.56168, 3.13007, -0.000356693
90.6897, -0.00210901, 0.000642033, -28.7901, 1.56836, -1.56167, 3.13002, -0.000356851
90.7079, -0.00283734, 0.000625737, -28.7627, 1.56832, -1.56166, 3.12997, -0.000357008
90.7261, -0.00320709, 2.20926e-05, -28.7353, 1.56828, -1.56165, 3.12993, -0.000357165
90.7443, -0.00289004, -0.000564973, -28.7079, 1.56824, -1.56164, 3.12988, -0.000357322
90.7624, -0.00224369, -0.000550453, -28.6805, 1.5682, -1.56163, 3.12983, -0.00035748
90.7806, -0.00195167, 4.98796e-05, -28.6532, 1.56816, -1.56162, 3.12978, -0.000357637
90.7988, -0.00234302, 0.000638564, -28.6259, 1.56812, -1.56161, 3.12973, -0.000357795
90.817, -0.003068, 0.000632067, -28.5986, 1.56808, -1.5616, 3.12968, -0.000357952
90.8352, -0.00344808, 3.8186e-05, -28.5714, 1.56804, -1.56159, 3.12963, -0.00035811
90.8534, -0.00314815, -0.00055503, -28.5442, 1.568, -1.56158, 3.12958, -0.000358267
90.8716, -0.00250506, -0.000562535, -28.517, 1.56796, -1.56157, 3.12953, -0.000358425
90.8898, -0.00219213, 2.17593e-05, -28.4899, 1.56792, -1.56156, 3.12948, -0.000358582
90.908, -0.0025555, 0.000622308, -28.4627, 1.56788, -1.56156, 3.12943, -0.00035874
90.9262, -0.00327643, 0.000649921, -28.4356, 1.56784, -1.56155, 3.12938, -0.000358898
90.9444, -0.00368725, 7.88818e-05, -28.4086, 1.5678, -1.56154, 3.12933, -0.000359056
90.9626, -0.00342613, -0.000531139, -28.3815, 1.56776, -1.56153, 3.12928, -0.000359214
90.9808, -0.00278849, -0.000584667, -28.3545, 1.56772, -1.56152, 3.12923, -0.000359372
90.999, -0.00243538, -3.07925e-05, -28.3276, 1.56768, -1.56151, 3.12918, -0.00035953
91.0172, -0.00274846, 0.000590433, -28.3006, 1.56764, -1.5615, 3.12914, -0.000359688
91.0354, -0.00346104, 0.000675734, -28.2737, 1.5676, -1.56149, 3.12909, -0.000359846
91.0536, -0.00392029, 0.000143684, -28.2468, 1.56756, -1.56148, 3.12904, -0.000360004
91.0718, -0.00372109, -0.000489505, -28.22, 1.56752, -1.56147, 3.12899, -0.000360162
91.09, -0.00309591, -0.00061201, -28.1931, 1.56748, -1.56146, 3.12894, -0.00036032
91.1082, -0.002687, -0.00010686, -28.1663, 1.56744, -1.56145, 3.12889, -0.000360478
91.1264, -0.00292584, 0.000538322, -28.1396, 1.5674, -1.56144, 3.12884, -0.000360637
91.1446, -0.0036198, 0.000703328, -28.1128, 1.56736, -1.56143, 3.12879, -0.000360795
91.1628, -0.00414045, 0.000231017, -28.0861, 1.56732, -1.56142, 3.12874, -0.000360954
91.181, -0.00402785, -0.000424884, -28.0594, 1.56728, -1.56142, 3.12869, -0.000361112
91.1999, -0.00340501, -0.000631575, -28.0318, 1.56724, -1.56141, 3.12864, -0.000361276
91.2188, -0.00294113, -0.000154251, -28.0042, 1.56719, -1.5614, 3.12859, -0.000361441
91.2376, -0.00315013, 0.000519637, -27.9766, 1.56715, -1.56139, 3.12854, -0.000361605
91.2565, -0.00386007, 0.000704882, -27.949, 1.56711, -1.56138, 3.12849, -0.00036177
91.2754, -0.00439154, 0.000214727, -27.9215, 1.56707, -1.56137, 3.12844, -0.000361935
91.2943, -0.00424862, -0.000452948, -27.894, 1.56703, -1.56136, 3.12839, -0.000362099
91.3131, -0.00361902, -0.00062287, -27.8665, 1.56699, -1.56135, 3.12834, -0.000362264
91.332, -0.00318069, -0.000124722, -27.8391, 1.56695, -1.56134, 3.12828, -0.000362429
91.3509, -0.00341618, 0.000538291, -27.8117, 1.56691, -1.56133, 3.12823, -0.000362594
91.3698, -0.00412863, 0.000699279, -27.7843, 1.56686, -1.56132, 3.12818, -0.000362759
91.3886, -0.00464335, 0.000197876, -27.757, 1.56682, -1.56131, 3.12813, -0.000362923
91.4075, -0.00448646, -0.000462095, -27.7297, 1.56678, -1.5613, 3.12808, -0.000363088
91.4264, -0.00385758, -0.000620317, -27.7024, 1.56674, -1.56129, 3.12803, -0.000363254
91.4453, -0.00342661, -0.00012, -27.6751, 1.5667, -1.56128, 3.12798, -0.000363419
91.4641, -0.0036635, 0.000538862, -27.6479, 1.56666, -1.56127, 3.12793, -0.000363584
91.483, -0.00437202, 0.000700645, -27.6207, 1.56662, -1.56126, 3.12788, -0.000363749
91.5019, -0.0048885, 0.000205915, -27.5936, 1.56658, -1.56125, 3.12783, -0.000363914
91.5208, -0.00474231, -0.000453488, -27.5664, 1.56654, -1.56124, 3.12778, -0.00036408
91.5396, -0.00412028, -0.00062485, -27.5393, 1.56649, -1.56123, 3.12773, -0.000364245
91.5585, -0.00367834, -0.000140068, -27.5123, 1.56645, -1.56122, 3.12767, -0.00036441
91.5774, -0.00389219, 0.000521502, -27.4852, 1.56641, -1.56121, 3.12762, -0.000364576
91.5963, -0.0045903, 0.000708531, -27.4582, 1.56637, -1.5612, 3.12757, -0.000364741
91.6151, -0.00512619, 0.000238463, -27.4312, 1.56633, -1.56119, 3.12752, -0.000364907
91.634, -0.00501511, -0.000426275, -27.4043, 1.56629, -1.56118, 3.12747, -0.000365073
91.6529, -0.00440743, -0.000634649, -27.3774, 1.56625, -1.56117, 3.12742, -0.000365238
91.6718, -0.00393805, -0.000184143, -27.3505, 1.56621, -1.56116, 3.12737, -0.000365404
91.6906, -0.00410435, 0.000484407, -27.3236, 1.56617, -1.56115, 3.12732, -0.00036557
91.7102, -0.00480959, 0.000715151, -27.2958, 1.56612, -1.56114, 3.12727, -0.000365742
91.7298, -0.00537306, 0.000245958, -27.2681, 1.56608, -1.56113, 3.12721, -0.000365913
91.7493, -0.00525623, -0.000436227, -27.2404, 1.56604, -1.56112, 3.12716, -0.000366085
91.7689, -0.00462509, -0.000626605, -27.2127, 1.566, -1.56111, 3.12711, -0.000366257
91.7884, -0.00417496, -0.000130118, -27.185, 1.56595, -1.5611, 3.12706, -0.000366429
91.808, -0.00441201, 0.000540976, -27.1574, 1.56591, -1.56109, 3.12701, -0.000366601
91.8275, -0.00513479, 0.000697296, -27.1297, 1.56587, -1.56108, 3.12695, -0.000366774
91.8471, -0.00564489, 0.000179886, -27.1022, 1.56583, -1.56107, 3.1269, -0.000366946
91.8666, -0.00546437, -0.00048038, -27.0746, 1.56578, -1.56106, 3.12685, -0.000367118
91.8862, -0.00482241, -0.000608997, -27.0471, 1.56574, -1.56105, 3.1268, -0.00036729
91.9058, -0.0044175, -7.61131e-05, -27.0197, 1.5657, -1.56104, 3.12674, -0.000367463
91.9253, -0.00470403, 0.000574658, -26.9922, 1.56566, -1.56103, 3.12669, -0.000367635
91.9449, -0.00543239, 0.00068229, -26.9648, 1.56561, -1.56102, 3.12664, -0.000367808
91.9644, -0.00590621, 0.000139012, -26.9374, 1.56557, -1.56101, 3.12659, -0.00036798
91.984, -0.00568955, -0.000504004, -26.9101, 1.56553, -1.561, 3.12653, -0.000368153
92.0035, -0.0050455, -0.000597196, -26.8828, 1.56549, -1.56099, 3.12648, -0.000368325
92.0231, -0.00466683, -4.79152e-05, -26.8555, 1.56545, -1.56098, 3.12643, -0.000368498
92.0426, -0.00497635, 0.000589735, -26.8282, 1.5654, -1.56097, 3.12638, -0.000368671
92.0622, -0.00570403, 0.000675251, -26.801, 1.56536, -1.56096, 3.12633, -0.000368844
92.0818, -0.0061618, 0.000124261, -26.7738, 1.56532, -1.56095, 3.12627, -0.000369017
92.1013, -0.00593454, -0.000510425, -26.7466, 1.56528, -1.56094, 3.12622, -0.00036919
92.1209, -0.00529298, -0.000594755, -26.7195, 1.56523, -1.56093, 3.12617, -0.000369363
92.1404, -0.00491966, -4.59596e-05, -26.6924, 1.56519, -1.56092, 3.12612, -0.000369536
92.16, -0.00522733, 0.000588442, -26.6653, 1.56515, -1.56091, 3.12606, -0.000369709
92.1795, -0.00595067, 0.000678233, -26.6383, 1.56511, -1.5609, 3.12601, -0.000369882
92.1991, -0.00641341, 0.000135741, -26.6113, 1.56507, -1.56089, 3.12596, -0.000370055
92.2186, -0.0062, -0.00050071, -26.5843, 1.56502, -1.56088, 3.12591, -0.000370228
92.2382, -0.00556443, -0.000602285, -26.5574, 1.56498, -1.56087, 3.12586, -0.000370402
92.2578, -0.00517578, -7.01103e-05, -26.5305, 1.56494, -1.56086, 3.1258, -0.000370575
92.2773, -0.00545729, 0.000570655, -26.5036, 1.5649, -1.56085, 3.12575, -0.000370749
92.2969, -0.00617217, 0.000690433, -26.4767, 1.56486, -1.56084, 3.1257, -0.000370922
92.3164, -0.00665977, 0.000173084, -26.4499, 1.56481, -1.56083, 3.12565, -0.000371096
92.336, -0.00648464, -0.000473567, -26.4231, 1.56477, -1.56082, 3.1256, -0.000371269
92.3555, -0.00586049, -0.000617566, -26.3964, 1.56473, -1.56081, 3.12554, -0.000371443
92.3751, -0.0054379, -0.000119713, -26.3697, 1.56469, -1.56081, 3.12549, -0.000371617
92.3946, -0.00566849, 0.000533978, -26.343, 1.56465, -1.5608, 3.12544, -0.00037179
92.4142, -0.00636749, 0.000708197, -26.3163, 1.5646, -1.56079, 3.12539, -0.000371964
92.4338, -0.00689673, 0.000235223, -26.2897, 1.56456, -1.56078, 3.12534, -0.000372138
92.4533, -0.00678508, -0.000425614, -26.2631, 1.56452, -1.56077, 3.12528, -0.000372312
92.4729, -0.00618246, -0.000635478, -26.2365, 1.56448, -1.56076, 3.12523, -0.000372486
92.4924, -0.00571156, -0.000193092, -26.2099, 1.56444, -1.56075, 3.12518, -0.00037266
92.512, -0.0058656, 0.000474221, -26.1834, 1.56439, -1.56074, 3.12513, -0.000372834
92.5324, -0.00656922, 0.000719914, -26.1557, 1.56435, -1.56072, 3.12507, -0.000373016
92.5529, -0.00714469, 0.000259385, -26.1281, 1.56431, -1.56071, 3.12502, -0.000373199
92.5733, -0.00704047, -0.000427601, -26.1005, 1.56426, -1.5607, 3.12497, -0.000373381
92.5938, -0.00641153, -0.000628751, -26.0729, 1.56422, -1.56069, 3.12491, -0.000373563
92.6142, -0.00595475, -0.000137225, -26.0453, 1.56417, -1.56068, 3.12486, -0.000373746
92.6347, -0.00618626, 0.000538052, -26.0178, 1.56413, -1.56067, 3.1248, -0.000373928
92.6551, -0.00691099, 0.000701094, -25.9903, 1.56409, -1.56066, 3.12475, -0.000374111
92.6756, -0.00742759, 0.000185561, -25.9628, 1.56404, -1.56065, 3.1247, -0.000374293
92.696, -0.00725136, -0.000477862, -25.9354, 1.564, -1.56064, 3.12464, -0.000374476
92.7165, -0.00660922, -0.000609346, -25.908, 1.56396, -1.56063, 3.12459, -0.000374658
92.7369, -0.00620335, -7.57633e-05, -25.8806, 1.56391, -1.56062, 3.12453, -0.000374841
92.7574, -0.0064918, 0.000576911, -25.8533, 1.56387, -1.56061, 3.12448, -0.000375024
92.7778, -0.0072236, 0.000683821, -25.826, 1.56383, -1.5606, 3.12443, -0.000375207
92.7983, -0.00769827, 0.000137686, -25.7988, 1.56378, -1.56059, 3.12437, -0.00037539
92.8187, -0.00747921, -0.000505874, -25.7715, 1.56374, -1.56058, 3.12432, -0.000375573
92.8392, -0.00683407, -0.000595035, -25.7443, 1.56369, -1.56057, 3.12426, -0.000375756
92.8596, -0.00645985, -4.10417e-05, -25.7172, 1.56365, -1.56056, 3.12421, -0.000375939
92.8801, -0.00677726, 0.00059582, -25.69, 1.56361, -1.56055, 3.12416, -0.000376122
92.9005, -0.00750893, 0.000674305, -25.6629, 1.56356, -1.56054, 3.1241, -0.000376306
92.921, -0.0079625, 0.000116976, -25.6359, 1.56352, -1.56053, 3.12405, -0.000376489
92.9414, -0.0077275, -0.000515695, -25.6088, 1.56348, -1.56052, 3.12399, -0.000376672
92.9619, -0.0070844, -0.000590296, -25.5818, 1.56343, -1.56051, 3.12394, -0.000376856
92.9823, -0.00672008, -3.36663e-05, -25.5549, 1.56339, -1.5605, 3.12389, -0.000377039
93.0028, -0.00704043, 0.000597696, -25.5279, 1.56335, -1.56049, 3.12383, -0.000377223
93.0232, -0.00776824, 0.000675377, -25.501, 1.5633, -1.56048, 3.12378, -0.000377406
93.0437, -0.00822282, 0.000123639, -25.4741, 1.56326, -1.56047, 3.12372, -0.00037759
93.0641, -0.00799732, -0.000508995, -25.4473, 1.56322, -1.56045, 3.12367, -0.000377774
93.0846, -0.00735952, -0.000596386, -25.4205, 1.56317, -1.56044, 3.12362, -0.000377958
93.105, -0.00698314, -5.35741e-05, -25.3937, 1.56313, -1.56043, 3.12356, -0.000378141
93.1254, -0.00728126, 0.000582908, -25.367, 1.56309, -1.56042, 3.12351, -0.000378325
93.1459, -0.00800162, 0.000686759, -25.3403, 1.56304, -1.56041, 3.12346, -0.000378509
93.1663, -0.00847851, 0.000157387, -25.3136, 1.563, -1.5604, 3.1234, -0.000378693
93.1868, -0.00828772, -0.000484848, -25.2869, 1.56296, -1.56039, 3.12335, -0.000378877
93.2072, -0.00765994, -0.000611506, -25.2603, 1.56291, -1.56038, 3.12329, -0.000379062
93.2277, -0.00725138, -0.000100219, -25.2337, 1.56287, -1.56037, 3.12324, -0.000379246
93.2481, -0.00750176, 0.000549294, -25.2072, 1.56283, -1.56036, 3.12319, -0.00037943
93.2686, -0.00820804, 0.000705122, -25.1806, 1.56278, -1.56035, 3.12313, -0.000379615
93.289, -0.00872563, 0.000217303, -25.1541, 1.56274, -1.56034, 3.12308, -0.000379799
93.3095, -0.00859554, -0.000439962, -25.1277, 1.5627, -1.56033, 3.12303, -0.000379983
93.3299, -0.00798702, -0.000630756, -25.1013, 1.56265, -1.56032, 3.12297, -0.000380168
93.3504, -0.00753023, -0.000172123, -25.0749, 1.56261, -1.56031, 3.12292, -0.000380353
93.3708, -0.00770636, 0.000492602, -25.0485, 1.56257, -1.5603, 3.12287, -0.000380537
93.3921, -0.00841505, 0.0007189, -25.0211, 1.56252, -1.56029, 3.12281, -0.000380729
93.4133, -0.00897949, 0.000248889, -24.9938, 1.56248, -1.56028, 3.12275, -0.000380921
93.4346, -0.00886658, -0.000433033, -24.9665, 1.56243, -1.56027, 3.1227, -0.000381113
93.4558, -0.00823972, -0.000627492, -24.9393, 1.56239, -1.56026, 3.12264, -0.000381306
93.4771, -0.00778719, -0.000136812, -24.912, 1.56234, -1.56025, 3.12259, -0.000381498
93.4983, -0.00801623, 0.000536459, -24.8848, 1.5623, -1.56023, 3.12253, -0.00038169
93.5196, -0.00873743, 0.000706042, -24.8577, 1.56225, -1.56022, 3.12248, -0.000381882
93.5408, -0.00926189, 0.000200844, -24.8305, 1.56221, -1.56021, 3.12242, -0.000382075
93.5621, -0.00910342, -0.000464785, -24.8035, 1.56216, -1.5602, 3.12236, -0.000382267
93.5833, -0.00846957, -0.000616362, -24.7764, 1.56212, -1.56019, 3.12231, -0.00038246
93.6046, -0.0080474, -0.000101981, -24.7494, 1.56207, -1.56018, 3.12225, -0.000382653
93.6258, -0.0083073, 0.000557866, -24.7224, 1.56203, -1.56017, 3.1222, -0.000382845
93.6471, -0.00903094, 0.000698619, -24.6954, 1.56198, -1.56016, 3.12214, -0.000383038
93.6683, -0.00953506, 0.000180236, -24.6685, 1.56194, -1.56015, 3.12209, -0.000383231
93.6896, -0.00935959, -0.000475805, -24.6416, 1.56189, -1.56014, 3.12203, -0.000383424
93.7108, -0.00872658, -0.000612648, -24.6147, 1.56185, -1.56013, 3.12198, -0.000383617
93.7321, -0.00831399, -9.49372e-05, -24.5879, 1.5618, -1.56012, 3.12192, -0.00038381
93.7533, -0.00857698, 0.000559675, -24.5611, 1.56176, -1.56011, 3.12187, -0.000384003
93.7746, -0.00929662, 0.000699714, -24.5344, 1.56172, -1.5601, 3.12181, -0.000384196
93.7958, -0.00980161, 0.00018752, -24.5076, 1.56167, -1.56008, 3.12176, -0.000384389
93.8171, -0.00963637, -0.000467721, -24.4809, 1.56163, -1.56007, 3.1217, -0.000384583
93.8383, -0.00901014, -0.000617699, -24.4543, 1.56158, -1.56006, 3.12164, -0.000384776
93.8596, -0.00858608, -0.000115686, -24.4277, 1.56154, -1.56005, 3.12159, -0.000384969
93.8808, -0.00882523, 0.000542229, -24.4011, 1.56149, -1.56004, 3.12153, -0.000385163
93.9021, -0.00953457, 0.000708983, -24.3745, 1.56145, -1.56003, 3.12148, -0.000385356
93.9233, -0.0100607, 0.000222302, -24.348, 1.5614, -1.56002, 3.12142, -0.00038555
93.9446, -0.00993262, -0.000439601, -24.3215, 1.56136, -1.56001, 3.12137, -0.000385744
93.9658, -0.00932062, -0.000629492, -24.295, 1.56131, -1.56, 3.12131, -0.000385937
93.9871, -0.00886618, -0.000163397, -24.2686, 1.56127, -1.55999, 3.12126, -0.000386131
94.0083, -0.00905443, 0.000503386, -24.2422, 1.56123, -1.55998, 3.1212, -0.000386325
94.0296, -0.00974404, 0.00072272, -24.2158, 1.56118, -1.55997, 3.12115, -0.000386519
94.0508, -0.0103083, 0.000283191, -24.1895, 1.56114, -1.55996, 3.12109, -0.000386713
94.0721, -0.0102446, -0.000388222, -24.1632, 1.56109, -1.55994, 3.12104, -0.000386907
94.0943, -0.00962997, -0.000637887, -24.1358, 1.56105, -1.55993, 3.12098, -0.00038711
94.1165, -0.00914114, -0.000177559, -24.1084, 1.561, -1.55992, 3.12092, -0.000387313
94.1386, -0.00933434, 0.000512212, -24.081, 1.56095, -1.55991, 3.12086, -0.000387516
94.1608, -0.0100554, 0.000714989, -24.0537, 1.56091, -1.5599, 3.12081, -0.000387719
94.183, -0.010604, 0.000222061, -24.0264, 1.56086, -1.55989, 3.12075, -0.000387922
94.2052, -0.0104615, -0.000455234, -23.9992, 1.56081, -1.55988, 3.12069, -0.000388125
94.2274, -0.00982437, -0.000617777, -23.972, 1.56077, -1.55987, 3.12063, -0.000388328
94.2496, -0.00939735, -9.9572e-05, -23.9448, 1.56072, -1.55986, 3.12058, -0.000388531
94.2718, -0.00966602, 0.000565314, -23.9176, 1.56068, -1.55984, 3.12052, -0.000388734
94.2939, -0.0104005, 0.000694949, -23.8905, 1.56063, -1.55983, 3.12046, -0.000388938
94.3161, -0.0108955, 0.000158161, -23.8635, 1.56058, -1.55982, 3.12041, -0.000389141
94.3383, -0.0106934, -0.000495249, -23.8364, 1.56054, -1.55981, 3.12035, -0.000389345
94.3605, -0.010049, -0.000599246, -23.8094, 1.56049, -1.5598, 3.12029, -0.000389548
94.3827, -0.0096656, -4.95144e-05, -23.7825, 1.56044, -1.55979, 3.12023, -0.000389752
94.4049, -0.00997827, 0.000594482, -23.7555, 1.5604, -1.55978, 3.12018, -0.000389956
94.4271, -0.0107153, 0.000680465, -23.7286, 1.56035, -1.55977, 3.12012, -0.000390159
94.4492, -0.0111774, 0.00012307, -23.7018, 1.56031, -1.55975, 3.12006, -0.000390363
94.4714, -0.0109459, -0.000513899, -23.6749, 1.56026, -1.55974, 3.12, -0.000390567
94.4936, -0.0103018, -0.00058922, -23.6481, 1.56021, -1.55973, 3.11995, -0.000390771
94.5158, -0.00993945, -2.87169e-05, -23.6214, 1.56017, -1.55972, 3.11989, -0.000390975
94.538, -0.0102673, 0.000604236, -23.5947, 1.56012, -1.55971, 3.11983, -0.00039118
94.5602, -0.0110016, 0.000676467, -23.568, 1.56008, -1.5597, 3.11978, -0.000391384
94.5824, -0.0114544, 0.000117422, -23.5413, 1.56003, -1.55969, 3.11972, -0.000391588
94.6046, -0.0112213, -0.000514376, -23.5147, 1.55998, -1.55968, 3.11966, -0.000391792
94.6267, -0.0105814, -0.000590732, -23.4881, 1.55994, -1.55967, 3.1196, -0.000391997
94.6489, -0.0102162, -3.73687e-05, -23.4615, 1.55989, -1.55965, 3.11955, -0.000392201
94.6711, -0.0105319, 0.000596312, -23.435, 1.55985, -1.55964, 3.11949, -0.000392406
94.6933, -0.0112602, 0.000684172, -23.4085, 1.5598, -1.55963, 3.11943, -0.000392611
94.7155, -0.0117272, 0.000141106, -23.3821, 1.55975, -1.55962, 3.11938, -0.000392815
94.7377, -0.0115195, -0.000496912, -23.3557, 1.55971, -1.55961, 3.11932, -0.00039302
94.7599, -0.0108878, -0.000603237, -23.3293, 1.55966, -1.5596, 3.11926, -0.000393225
94.782, -0.010497, -7.51048e-05, -23.3029, 1.55962, -1.55959, 3.1192, -0.00039343
94.8042, -0.0107734, 0.000569455, -23.2766, 1.55957, -1.55958, 3.11915, -0.000393635
94.8264, -0.0114902, 0.000701283, -23.2503, 1.55953, -1.55956, 3.11909, -0.00039384
94.8486, -0.011993, 0.000193448, -23.2241, 1.55948, -1.55955, 3.11903, -0.000394045
94.8708, -0.0118382, -0.00045884, -23.1979, 1.55943, -1.55954, 3.11898, -0.000394251
94.893, -0.0112221, -0.000622661, -23.1717, 1.55939, -1.55953, 3.11892, -0.000394456
94.9152, -0.0107865, -0.000140787, -23.1455, 1.55934, -1.55952, 3.11886, -0.000394661
94.9373, -0.0109957, 0.000519729, -23.1194, 1.5593, -1.55951, 3.11881, -0.000394867
94.9595, -0.0116903, 0.000721909, -23.0933, 1.55925, -1.5595, 3.11875, -0.000395072
94.9817, -0.0122451, 0.000272601, -23.0673, 1.55921, -1.55949, 3.11869, -0.000395278
95.0039, -0.0121718, -0.000395176, -23.0413, 1.55916, -1.55948, 3.11864, -0.000395484
95.0271, -0.0115571, -0.000636188, -23.0141, 1.55911, -1.55946, 3.11858, -0.000395699
95.0502, -0.0110744, -0.00017288, -22.9871, 1.55906, -1.55945, 3.11852, -0.000395914
95.0734, -0.0112707, 0.000514741, -22.96, 1.55902, -1.55944, 3.11846, -0.000396129
95.0966, -0.0119911, 0.000718002, -22.933, 1.55897, -1.55943, 3.1184, -0.000396344
95.1197, -0.0125428, 0.000229397, -22.906, 1.55892, -1.55942, 3.11834, -0.000396559
95.1429, -0.0124094, -0.000448135, -22.879, 1.55887, -1.55941, 3.11828, -0.000396774
95.1661, -0.011778, -0.000620788, -22.8521, 1.55883, -1.55939, 3.11822, -0.00039699
95.1893, -0.0113432, -0.000113629, -22.8252, 1.55878, -1.55938, 3.11816, -0.000397205
95.2124, -0.0115959, 0.0005548, -22.7984, 1.55873, -1.55937, 3.1181, -0.000397421
95.2356, -0.0123257, 0.000704526, -22.7716, 1.55868, -1.55936, 3.11804, -0.000397636
95.2588, -0.0128391, 0.000185118, -22.7448, 1.55864, -1.55935, 3.11798, -0.000397852
95.2819, -0.012665, -0.000475731, -22.7181, 1.55859, -1.55934, 3.11792, -0.000398068
95.3051, -0.0120293, -0.000610029, -22.6914, 1.55854, -1.55932, 3.11787, -0.000398283
95.3283, -0.0116218, -8.38211e-05, -22.6647, 1.55849, -1.55931, 3.11781, -0.000398499
95.3514, -0.0118995, 0.000571813, -22.6381, 1.55845, -1.5593, 3.11775, -0.000398715
95.3746, -0.0126295, 0.000698486, -22.6115, 1.5584, -1.55929, 3.11769, -0.000398931
95.3978, -0.0131268, 0.000170832, -22.585, 1.55835, -1.55928, 3.11763, -0.000399148
95.421, -0.0129424, -0.000481945, -22.5584, 1.5583, -1.55927, 3.11757, -0.000399364
95.4441, -0.0123095, -0.000608454, -22.5319, 1.55826, -1.55925, 3.11751, -0.00039958
95.4673, -0.0119062, -8.42275e-05, -22.5055, 1.55821, -1.55924, 3.11745, -0.000399796
95.4905, -0.0121794, 0.000568383, -22.4791, 1.55816, -1.55923, 3.11739, -0.000400013
95.5136, -0.0129034, 0.000702376, -22.4527, 1.55811, -1.55922, 3.11733, -0.00040023
95.5368, -0.0134079, 0.000186746, -22.4264, 1.55807, -1.55921, 3.11728, -0.000400446
95.56, -0.0132423, -0.000467892, -22.4, 1.55802, -1.5592, 3.11722, -0.000400663
95.5831, -0.0126182, -0.000616573, -22.3738, 1.55797, -1.55919, 3.11716, -0.00040088
95.6063, -0.0121964, -0.000114606, -22.3475, 1.55793, -1.55917, 3.1171, -0.000401096
95.6295, -0.0124362, 0.000544107, -22.3213, 1.55788, -1.55916, 3.11704, -0.000401313
95.6526, -0.0131474, 0.000714759, -22.2952, 1.55783, -1.55915, 3.11698, -0.00040153
95.6758, -0.0136804, 0.00023217, -22.269, 1.55778, -1.55914, 3.11692, -0.000401748
95.699, -0.0135626, -0.000431695, -22.2429, 1.55774, -1.55913, 3.11686, -0.000401965
95.7222, -0.0129561, -0.000631004, -22.2169, 1.55769, -1.55912, 3.11681, -0.000402182
95.7453, -0.0124963, -0.000173714, -22.1908, 1.55764, -1.5591, 3.11675, -0.000402399
95.7685, -0.0126735, 0.000495761, -22.1648, 1.5576, -1.55909, 3.11669, -0.000402617
95.7925, -0.013388, 0.000725541, -22.1379, 1.55755, -1.55908, 3.11663, -0.000402842
95.8166, -0.01396, 0.000255402, -22.111, 1.5575, -1.55907, 3.11657, -0.000403068
95.8406, -0.0138525, -0.000429623, -22.0842, 1.55745, -1.55906, 3.11651, -0.000403294
95.8646, -0.0132276, -0.000626649, -22.0574, 1.5574, -1.55904, 3.11644, -0.000403519
95.8886, -0.0127759, -0.000135485, -22.0306, 1.55735, -1.55903, 3.11638, -0.000403745
95.9127, -0.0130077, 0.000540667, -22.0039, 1.5573, -1.55902, 3.11632, -0.000403971
95.9367, -0.0137347, 0.000712747, -21.9772, 1.55725, -1.55901, 3.11626, -0.000404197
95.9607, -0.0142663, 0.000207371, -21.9505, 1.5572, -1.559, 3.1162, -0.000404424
95.9848, -0.0141134, -0.000461098, -21.9239, 1.55716, -1.55898, 3.11614, -0.00040465
96.0088, -0.013482, -0.000615898, -21.8973, 1.55711, -1.55897, 3.11608, -0.000404876
96.0328, -0.0130599, -0.000102194, -21.8707, 1.55706, -1.55896, 3.11602, -0.000405103
96.0568, -0.0133207, 0.000560737, -21.8442, 1.55701, -1.55895, 3.11596, -0.000405329
96.0809, -0.0140492, 0.000706274, -21.8177, 1.55696, -1.55894, 3.1159, -0.000405556
96.1049, -0.0145624, 0.000189996, -21.7913, 1.55691, -1.55892, 3.11584, -0.000405782
96.1289, -0.014396, -0.000469594, -21.7649, 1.55686, -1.55891, 3.11578, -0.000406009
96.153, -0.0137666, -0.000613542, -21.7385, 1.55682, -1.5589, 3.11572, -0.000406236
96.177, -0.013351, -9.98977e-05, -21.7122, 1.55677, -1.55889, 3.11566, -0.000406463
96.201, -0.0136098, 0.000558946, -21.6859, 1.55672, -1.55888, 3.11559, -0.00040669
96.225, -0.0143326, 0.00070919, -21.6596, 1.55667, -1.55886, 3.11553, -0.000406917
96.2491, -0.0148508, 0.00020366, -21.6334, 1.55662, -1.55885, 3.11547, -0.000407144
96.2731, -0.0147012, -0.000456552, -21.6072, 1.55657, -1.55884, 3.11541, -0.000407371
96.2971, -0.0140809, -0.000620507, -21.5811, 1.55652, -1.55883, 3.11535, -0.000407599
96.3212, -0.0136487, -0.000128425, -21.5549, 1.55648, -1.55882, 3.11529, -0.000407826
96.3452, -0.0138755, 0.000535155, -21.5289, 1.55643, -1.5588, 3.11523, -0.000408054
96.3692, -0.0145849, 0.000720318, -21.5028, 1.55638, -1.55879, 3.11517, -0.000408281
96.3932, -0.0151299, 0.000247666, -21.4768, 1.55633, -1.55878, 3.11511, -0.000408509
96.4173, -0.0150272, -0.000420295, -21.4508, 1.55628, -1.55877, 3.11505, -0.000408737
96.4413, -0.0144255, -0.00063353, -21.4249, 1.55623, -1.55876, 3.11499, -0.000408964
96.4653, -0.0139569, -0.000186462, -21.399, 1.55619, -1.55874, 3.11493, -0.000409192
96.4894, -0.0141214, 0.000486271, -21.3731, 1.55614, -1.55873, 3.11487, -0.00040942
96.5144, -0.0148357, 0.000729616, -21.3463, 1.55609, -1.55872, 3.11481, -0.000409658
96.5394, -0.0154184, 0.00026546, -21.3194, 1.55604, -1.55871, 3.11474, -0.000409895
96.5644, -0.0153194, -0.000424159, -21.2926, 1.55599, -1.5587, 3.11468, -0.000410133
96.5894, -0.0146946, -0.000627106, -21.2658, 1.55594, -1.55868, 3.11462, -0.000410371
96.6144, -0.0142403, -0.00013587, -21.2391, 1.55589, -1.55867, 3.11456, -0.000410608
96.6394, -0.0144742, 0.00054309, -21.2124, 1.55584, -1.55866, 3.11449, -0.000410846
96.6644, -0.0152059, 0.000713605, -21.1858, 1.55579, -1.55865, 3.11443, -0.000411084
96.6894, -0.0157373, 0.000202896, -21.1591, 1.55574, -1.55863, 3.11437, -0.000411322
96.7144, -0.0155781, -0.000466105, -21.1326, 1.55569, -1.55862, 3.11431, -0.00041156
96.7394, -0.0149434, -0.00061211, -21.106, 1.55564, -1.55861, 3.11424, -0.000411799
96.7645, -0.0145297, -8.83808e-05, -21.0795, 1.55559, -1.5586, 3.11418, -0.000412037
96.7895, -0.0148063, 0.000572625, -21.0531, 1.55554, -1.55858, 3.11412, -0.000412275
96.8145, -0.0155421, 0.00070249, -21.0266, 1.55549, -1.55857, 3.11406, -0.000412514
96.8395, -0.0160443, 0.000171874, -21.0003, 1.55544, -1.55856, 3.11399, -0.000412753
96.8645, -0.0158586, -0.000483394, -20.9739, 1.55539, -1.55855, 3.11393, -0.000412991
96.8895, -0.0152237, -0.00060517, -20.9476, 1.55534, -1.55853, 3.11387, -0.00041323
96.9145, -0.0148268, -7.30402e-05, -20.9213, 1.55529, -1.55852, 3.11381, -0.000413469
96.9395, -0.0151136, 0.000579395, -20.8951, 1.55524, -1.55851, 3.11374, -0.000413708
96.9645, -0.0158461, 0.000701398, -20.8689, 1.55519, -1.5585, 3.11368, -0.000413947
96.9895, -0.0163439, 0.000173241, -20.8427, 1.55514, -1.55848, 3.11362, -0.000414186
97.0145, -0.0161633, -0.00047897, -20.8166, 1.55509, -1.55847, 3.11356, -0.000414425
97.0396, -0.0155345, -0.000609068, -20.7905, 1.55504, -1.55846, 3.11349, -0.000414665
97.0646, -0.0151293, -9.00563e-05, -20.7645, 1.55499, -1.55845, 3.11343, -0.000414904
97.0896, -0.0153954, 0.00056463, -20.7384, 1.55494, -1.55843, 3.11337, -0.000415144
97.1146, -0.0161182, 0.000710846, -20.7125, 1.55489, -1.55842, 3.11331, -0.000415383
97.1396, -0.016636, 0.000206704, -20.6865, 1.55484, -1.55841, 3.11325, -0.000415623
97.1646, -0.0164913, -0.000452319, -20.6606, 1.55479, -1.5584, 3.11318, -0.000415863
97.1896, -0.015876, -0.0006221, -20.6348, 1.55474, -1.55838, 3.11312, -0.000416103
97.2146, -0.0154395, -0.000138637, -20.6089, 1.55469, -1.55837, 3.11306, -0.000416343
97.2396, -0.015654, 0.000526134, -20.5831, 1.55464, -1.55836, 3.113, -0.000416583
97.2646, -0.0163577, 0.000726912, -20.5574, 1.55459, -1.55835, 3.11294, -0.000416823
97.2896, -0.0169161, 0.000270836, -20.5317, 1.55454, -1.55833, 3.11287, -0.000417063
97.3147, -0.0168386, -0.000399714, -20.506, 1.55449, -1.55832, 3.11281, -0.000417304
97.3406, -0.0162242, -0.000633302, -20.4794, 1.55444, -1.55831, 3.11275, -0.000417553
97.3666, -0.0157491, -0.000164736, -20.4528, 1.55439, -1.5583, 3.11268, -0.000417803
97.3926, -0.0159538, 0.000522548, -20.4262, 1.55433, -1.55828, 3.11262, -0.000418053
97.4186, -0.0166792, 0.00072355, -20.3997, 1.55428, -1.55827, 3.11255, -0.000418303
97.4445, -0.0172347, 0.000234271, -20.3732, 1.55423, -1.55826, 3.11249, -0.000418553
97.4705, -0.0171067, -0.000444056, -20.3468, 1.55418, -1.55825, 3.11242, -0.000418804
97.4965, -0.0164798, -0.00062051, -20.3204, 1.55413, -1.55823, 3.11236, -0.000419054
97.5225, -0.0160442, -0.000117429, -20.294, 1.55408, -1.55822, 3.1123, -0.000419304
97.5484, -0.0162926, 0.000553605, -20.2677, 1.55403, -1.55821, 3.11223, -0.000419555
97.5744, -0.0170238, 0.000714058, -20.2414, 1.55397, -1.55819, 3.11217, -0.000419806
97.6004, -0.017551, 0.000203781, -20.2152, 1.55392, -1.55818, 3.1121, -0.000420056
97.6264, -0.0173962, -0.00046193, -20.189, 1.55387, -1.55817, 3.11204, -0.000420307
97.6523, -0.0167683, -0.000614613, -20.1628, 1.55382, -1.55815, 3.11198, -0.000420558
97.6783, -0.0163486, -0.000102964, -20.1367, 1.55377, -1.55814, 3.11191, -0.000420809
97.7043, -0.0166068, 0.00056007, -20.1106, 1.55372, -1.55813, 3.11185, -0.00042106
97.7303, -0.0173346, 0.000713503, -20.0845, 1.55367, -1.55812, 3.11178, -0.000421311
97.7562, -0.0178581, 0.000206445, -20.0585, 1.55362, -1.5581, 3.11172, -0.000421563
97.7822, -0.0177096, -0.000456231, -20.0326, 1.55356, -1.55809, 3.11166, -0.000421814
97.8082, -0.0170887, -0.000618451, -20.0066, 1.55351, -1.55808, 3.11159, -0.000422066
97.8342, -0.0166602, -0.000121621, -19.9807, 1.55346, -1.55806, 3.11153, -0.000422317
97.8601, -0.0168957, 0.000543089, -19.9549, 1.55341, -1.55805, 3.11146, -0.000422569
97.8861, -0.017612, 0.000722278, -19.929, 1.55336, -1.55804, 3.1114, -0.000422821
97.9121, -0.0181559, 0.000241898, -19.9033, 1.55331, -1.55803, 3.11134, -0.000423073
97.9381, -0.0180459, -0.00042632, -19.8775, 1.55326, -1.55801, 3.11127, -0.000423325
97.964, -0.0174413, -0.000630013, -19.8518, 1.55321, -1.558, 3.11121, -0.000423577
97.99, -0.0169815, -0.000172383, -19.8261, 1.55316, -1.55799, 3.11114, -0.000423829
98.016, -0.017162, 0.000500312, -19.8005, 1.5531, -1.55798, 3.11108, -0.000424082
98.0429, -0.017882, 0.000731434, -19.774, 1.55305, -1.55796, 3.11101, -0.000424343
98.0698, -0.01846, 0.000260687, -19.7476, 1.553, -1.55795, 3.11095, -0.000424604
98.0967, -0.0183571, -0.000426386, -19.7211, 1.55295, -1.55794, 3.11088, -0.000424866
98.1236, -0.0177349, -0.000625372, -19.6948, 1.55289, -1.55792, 3.11082, -0.000425128
98.1505, -0.0172845, -0.000134447, -19.6684, 1.55284, -1.55791, 3.11075, -0.000425389
98.1774, -0.0175182, 0.000543912, -19.6421, 1.55279, -1.5579, 3.11068, -0.000425651
98.2043, -0.0182497, 0.000719443, -19.6159, 1.55274, -1.55788, 3.11062, -0.000425913
98.2312, -0.018789, 0.000215734, -19.5897, 1.55268, -1.55787, 3.11055, -0.000426175
98.2581, -0.0186442, -0.00045537, -19.5635, 1.55263, -1.55786, 3.11049, -0.000426438
98.2849, -0.0180167, -0.000615907, -19.5374, 1.55258, -1.55784, 3.11042, -0.0004267
98.3118, -0.0175928, -0.000105794, -19.5113, 1.55253, -1.55783, 3.11035, -0.000426962
98.3387, -0.0178505, 0.000560503, -19.4852, 1.55247, -1.55782, 3.11029, -0.000427225
98.3656, -0.018582, 0.000714888, -19.4592, 1.55242, -1.5578, 3.11022, -0.000427487
98.3925, -0.0191071, 0.000204704, -19.4332, 1.55237, -1.55779, 3.11016, -0.00042775
98.4194, -0.0189552, -0.000459156, -19.4073, 1.55232, -1.55778, 3.11009, -0.000428013
98.4463, -0.0183317, -0.000615784, -19.3814, 1.55226, -1.55776, 3.11003, -0.000428276
98.4732, -0.0179089, -0.00011132, -19.3555, 1.55221, -1.55775, 3.10996, -0.000428539
98.5001, -0.0181566, 0.000552798, -19.3297, 1.55216, -1.55774, 3.10989, -0.000428802
98.527, -0.0188798, 0.000720278, -19.3039, 1.55211, -1.55772, 3.10983, -0.000429065
98.5539, -0.0194161, 0.000227761, -19.2782, 1.55205, -1.55771, 3.10976, -0.000429329
98.5808, -0.0192906, -0.00043859, -19.2525, 1.552, -1.5577, 3.1097, -0.000429592
98.6077, -0.0186797, -0.000624925, -19.2268, 1.55195, -1.55768, 3.10963, -0.000429856
98.6346, -0.0182335, -0.000150505, -19.2012, 1.5519, -1.55767, 3.10957, -0.00043012
98.6615, -0.0184379, 0.000519761, -19.1756, 1.55184, -1.55766, 3.1095, -0.000430383
98.6884, -0.0191427, 0.00073298, -19.1501, 1.55179, -1.55764, 3.10944, -0.000430647
98.7153, -0.0197127, 0.00028366, -19.1246, 1.55174, -1.55763, 3.10937, -0.000430911
98.7422, -0.019647, -0.000390862, -19.0991, 1.55169, -1.55762, 3.1093, -0.000431175
98.7701, -0.0190356, -0.000633535, -19.0726, 1.55163, -1.5576, 3.10924, -0.00043145
98.7981, -0.0185565, -0.000168228, -19.0463, 1.55158, -1.55759, 3.10917, -0.000431725
98.826, -0.0187596, 0.000522807, -19.0199, 1.55152, -1.55758, 3.1091, -0.000432
98.854, -0.0194893, 0.00072779, -18.9936, 1.55147, -1.55756, 3.10903, -0.000432275
98.8819, -0.0200507, 0.000237935, -18.9673, 1.55142, -1.55755, 3.10896, -0.00043255
98.9099, -0.0199248, -0.000442908, -18.9411, 1.55136, -1.55753, 3.1089, -0.000432825
98.9379, -0.0192978, -0.000618718, -18.9149, 1.55131, -1.55752, 3.10883, -0.0004331
98.9658, -0.0188652, -0.000111976, -18.8888, 1.55125, -1.55751, 3.10876, -0.000433376
98.9938, -0.0191209, 0.000560202, -18.8627, 1.5512, -1.55749, 3.10869, -0.000433652
99.0217, -0.0198583, 0.000715978, -18.8366, 1.55115, -1.55748, 3.10863, -0.000433927
99.0497, -0.0203848, 0.000199576, -18.8106, 1.55109, -1.55747, 3.10856, -0.000434203
99.0777, -0.0202247, -0.000465937, -18.7846, 1.55104, -1.55745, 3.10849, -0.000434479
99.1056, -0.0195955, -0.000610499, -18.7587, 1.55098, -1.55744, 3.10842, -0.000434755
99.1336, -0.0191843, -9.06948e-05, -18.7328, 1.55093, -1.55742, 3.10835, -0.000435031
99.1615, -0.019456, 0.000571032, -18.7069, 1.55088, -1.55741, 3.10829, -0.000435308
99.1895, -0.020191, 0.000713547, -18.6811, 1.55082, -1.5574, 3.10822, -0.000435584
99.2175, -0.0207092, 0.000196661, -18.6553, 1.55077, -1.55738, 3.10815, -0.00043586
99.2454, -0.0205502, -0.0004639, -18.6296, 1.55071, -1.55737, 3.10808, -0.000436137
99.2734, -0.0199271, -0.000613017, -18.6039, 1.55066, -1.55736, 3.10802, -0.000436414
99.3013, -0.0195105, -0.000104925, -18.5782, 1.55061, -1.55734, 3.10795, -0.000436691
99.3293, -0.0197636, 0.000557276, -18.5526, 1.55055, -1.55733, 3.10788, -0.000436968
99.3573, -0.0204881, 0.000721832, -18.527, 1.5505, -1.55731, 3.10781, -0.000437245
99.3852, -0.0210245, 0.000228998, -18.5015, 1.55045, -1.5573, 3.10775, -0.000437522
99.4132, -0.0209009, -0.000436719, -18.476, 1.55039, -1.55729, 3.10768, -0.000437799
99.4411, -0.0202928, -0.000624869, -18.4506, 1.55034, -1.55727, 3.10761, -0.000438077
99.4691, -0.019846, -0.000153788, -18.4252, 1.55028, -1.55726, 3.10754, -0.000438354
99.4971, -0.0200461, 0.000516851, -18.3998, 1.55023, -1.55725, 3.10748, -0.000438632
99.525, -0.0207491, 0.000736719, -18.3745, 1.55018, -1.55723, 3.10741, -0.00043891
99.553, -0.0213257, 0.00029489, -18.3492, 1.55012, -1.55722, 3.10734, -0.000439188
99.5809, -0.0212722, -0.000380489, -18.3239, 1.55007, -1.5572, 3.10727, -0.000439466
99.6101, -0.0206644, -0.000634554, -18.2976, 1.55001, -1.55719, 3.1072, -0.000439756
99.6393, -0.0201792, -0.000175079, -18.2713, 1.54996, -1.55718, 3.10713, -0.000440047
99.6686, -0.0203767, 0.000519661, -18.245, 1.5499, -1.55716, 3.10706, -0.000440338
99.6978, -0.0211083, 0.000731164, -18.2188, 1.54985, -1.55715, 3.10699, -0.000440629
99.727, -0.021676, 0.000243154, -18.1926, 1.54979, -1.55713, 3.10692, -0.00044092
99.7562, -0.0215541, -0.000440403, -18.1665, 1.54973, -1.55712, 3.10685, -0.000441211
99.7854, -0.0209272, -0.000618085, -18.1404, 1.54968, -1.5571, 3.10678, -0.000441502
99.8146, -0.020495, -0.000109872, -18.1144, 1.54962, -1.55709, 3.10671, -0.000441794
99.8438, -0.0207544, 0.00056372, -18.0884, 1.54957, -1.55708, 3.10664, -0.000442085
99.873, -0.0214959, 0.000717069, -18.0624, 1.54951, -1.55706, 3.10657, -0.000442377
99.9022, -0.0220223, 0.000196418, -18.0365, 1.54946, -1.55705, 3.1065, -0.000442669
99.9315, -0.0218579, -0.000469096, -18.0106, 1.5494, -1.55703, 3.10643, -0.000442961
99.9607, -0.0212272, -0.000607308, -17.9848, 1.54934, -1.55702, 3.10636, -0.000443253
99.9899, -0.0208226, -8.08349e-05, -17.959, 1.54929, -1.557, 3.10629, -0.000443545
100.019, -0.0211054, 0.000579576, -17.9333, 1.54923, -1.55699, 3.10622, -0.000443837
100.048, -0.0218457, 0.000712246, -17.9076, 1.54918, -1.55698, 3.10615, -0.00044413
100.078, -0.0223581, 0.000186525, -17.8819, 1.54912, -1.55696, 3.10608, -0.000444422
100.107, -0.0221884, -0.00047162, -17.8563, 1.54907, -1.55695, 3.10601, -0.000444715
100.136, -0.0215625, -0.000607817, -17.8307, 1.54901, -1.55693, 3.10594, -0.000445008
100.165, -0.0211573, -8.88381e-05, -17.8052, 1.54896, -1.55692, 3.10587, -0.000445301
100.194, -0.0214273, 0.000570204, -17.7797, 1.5489, -1.5569, 3.10581, -0.000445594
100.224, -0.0221586, 0.00071923, -17.7542, 1.54885, -1.55689, 3.10574, -0.000445887
100.253, -0.0226852, 0.00021352, -17.7288, 1.54879, -1.55688, 3.10567, -0.00044618
100.282, -0.0225457, -0.000448717, -17.7035, 1.54873, -1.55686, 3.1056, -0.000446474
100.311, -0.0219329, -0.000619184, -17.6781, 1.54868, -1.55685, 3.10553, -0.000446767
100.34, -0.0215003, -0.00013323, -17.6529, 1.54862, -1.55683, 3.10546, -0.000447061
100.37, -0.021722, 0.000534118, -17.6276, 1.54857, -1.55682, 3.10539, -0.000447355
100.399, -0.0224341, 0.000734672, -17.6024, 1.54851, -1.5568, 3.10532, -0.000447649
100.428, -0.0229993, 0.000275978, -17.5773, 1.54846, -1.55679, 3.10525, -0.000447943
100.457, -0.0229258, -0.000396821, -17.5521, 1.5484, -1.55678, 3.10518, -0.000448237
100.488, -0.0223152, -0.000630425, -17.5261, 1.54835, -1.55676, 3.10511, -0.000448543
100.518, -0.0218442, -0.000160994, -17.5001, 1.54829, -1.55675, 3.10503, -0.000448848
100.548, -0.0220534, 0.000528234, -17.4742, 1.54823, -1.55673, 3.10496, -0.000449154
100.579, -0.0227852, 0.000732454, -17.4483, 1.54817, -1.55672, 3.10489, -0.00044946
100.609, -0.0233504, 0.000245345, -17.4225, 1.54812, -1.5567, 3.10482, -0.000449765
100.639, -0.0232334, -0.000435681, -17.3967, 1.54806, -1.55669, 3.10475, -0.000450072
100.669, -0.0226131, -0.00061977, -17.3709, 1.548, -1.55667, 3.10468, -0.000450378
100.7, -0.0221757, -0.000122557, -17.3452, 1.54795, -1.55666, 3.1046, -0.000450684
100.73, -0.0224191, 0.000552482, -17.3195, 1.54789, -1.55664, 3.10453, -0.000450991
100.76, -0.0231535, 0.000726228, -17.2939, 1.54783, -1.55663, 3.10446, -0.000451297
100.791, -0.0236982, 0.000226315, -17.2683, 1.54777, -1.55661, 3.10439, -0.000451604
100.821, -0.0235662, -0.000445019, -17.2428, 1.54772, -1.5566, 3.10432, -0.000451911
100.851, -0.0229483, -0.000617722, -17.2173, 1.54766, -1.55658, 3.10424, -0.000452218
100.882, -0.0225174, -0.000121755, -17.1918, 1.5476, -1.55657, 3.10417, -0.000452525
100.912, -0.0227565, 0.000548702, -17.1664, 1.54755, -1.55655, 3.1041, -0.000452832
100.942, -0.0234831, 0.000729948, -17.141, 1.54749, -1.55654, 3.10403, -0.00045314
100.973, -0.0240348, 0.000244983, -17.1157, 1.54743, -1.55652, 3.10396, -0.000453447
101.003, -0.0239254, -0.000426686, -17.0904, 1.54738, -1.55651, 3.10389, -0.000453755
101.033, -0.0233203, -0.000625355, -17.0652, 1.54732, -1.5565, 3.10381, -0.000454063
101.063, -0.0228689, -0.000158254, -17.04, 1.54726, -1.55648, 3.10374, -0.000454371
101.094, -0.0230666, 0.000516486, -17.0148, 1.54721, -1.55647, 3.10367, -0.000454679
101.124, -0.0237739, 0.000741512, -16.9897, 1.54715, -1.55645, 3.1036, -0.000454987
101.154, -0.0243574, 0.000300068, -16.9646, 1.54709, -1.55644, 3.10353, -0.000455295
101.185, -0.0243078, -0.000378103, -16.9396, 1.54704, -1.55642, 3.10346, -0.000455604
101.216, -0.0237018, -0.00063293, -16.9135, 1.54698, -1.55641, 3.10338, -0.000455926
101.248, -0.0232186, -0.000172675, -16.8875, 1.54692, -1.55639, 3.10331, -0.000456248
101.28, -0.0234194, 0.000523361, -16.8616, 1.54686, -1.55638, 3.10323, -0.00045657
101.311, -0.0241552, 0.000735343, -16.8357, 1.5468, -1.55636, 3.10316, -0.000456892
101.343, -0.024727, 0.000246688, -16.8098, 1.54674, -1.55634, 3.10309, -0.000457215
101.374, -0.0246083, -0.000438022, -16.784, 1.54668, -1.55633, 3.10301, -0.000457537
101.406, -0.0239837, -0.000616567, -16.7582, 1.54662, -1.55631, 3.10294, -0.00045786
101.438, -0.0235532, -0.00010831, -16.7324, 1.54656, -1.5563, 3.10286, -0.000458183
101.469, -0.0238146, 0.000566539, -16.7068, 1.54651, -1.55628, 3.10279, -0.000458506
101.501, -0.0245597, 0.000721851, -16.6811, 1.54645, -1.55627, 3.10271, -0.000458829
101.532, -0.0250913, 0.000202221, -16.6555, 1.54639, -1.55625, 3.10264, -0.000459152
101.564, -0.0249327, -0.000464882, -16.63, 1.54633, -1.55624, 3.10257, -0.000459476
101.596, -0.0243052, -0.000606797, -16.6044, 1.54627, -1.55622, 3.10249, -0.000459799
101.627, -0.0238999, -8.28017e-05, -16.579, 1.54621, -1.55621, 3.10242, -0.000460123
101.659, -0.0241809, 0.000579783, -16.5536, 1.54615, -1.55619, 3.10234, -0.000460447
101.69, -0.0249235, 0.000718563, -16.5282, 1.54609, -1.55618, 3.10227, -0.000460771
101.722, -0.0254446, 0.000197249, -16.5028, 1.54604, -1.55616, 3.1022, -0.000461095
101.754, -0.0252855, -0.000463774, -16.4776, 1.54598, -1.55615, 3.10212, -0.000461419
101.785, -0.0246644, -0.00060906, -16.4523, 1.54592, -1.55613, 3.10205, -0.000461744
101.817, -0.0242544, -9.69046e-05, -16.4271, 1.54586, -1.55611, 3.10197, -0.000462068
101.848, -0.0245163, 0.000565769, -16.402, 1.5458, -1.5561, 3.1019, -0.000462393
101.88, -0.0252478, 0.000727432, -16.3768, 1.54574, -1.55608, 3.10183, -0.000462718
101.912, -0.0257878, 0.000231604, -16.3518, 1.54568, -1.55607, 3.10175, -0.000463043
101.943, -0.0256665, -0.00043483, -16.3268, 1.54563, -1.55605, 3.10168, -0.000463368
101.975, -0.0250614, -0.000621918, -16.3018, 1.54557, -1.55604, 3.10161, -0.000463694
102.006, -0.0246189, -0.000149612, -16.2768, 1.54551, -1.55602, 3.10153, -0.000464019
102.038, -0.0248236, 0.000522135, -16.2519, 1.54545, -1.55601, 3.10146, -0.000464345
102.07, -0.0255317, 0.000743665, -16.2271, 1.54539, -1.55599, 3.10139, -0.00046467
102.101, -0.0261153, 0.000303279, -16.2023, 1.54533, -1.55598, 3.10131, -0.000464996
102.133, -0.0260702, -0.000373424, -16.1775, 1.54528, -1.55596, 3.10124, -0.000465322
102.166, -0.0254671, -0.000632576, -16.1517, 1.54522, -1.55595, 3.10116, -0.000465664
102.199, -0.0249824, -0.000175455, -16.1258, 1.54515, -1.55593, 3.10108, -0.000466006
102.232, -0.0251805, 0.000522028, -16.1, 1.54509, -1.55591, 3.10101, -0.000466347
102.265, -0.0259172, 0.000738955, -16.0743, 1.54503, -1.5559, 3.10093, -0.000466689
102.298, -0.0264947, 0.00025388, -16.0486, 1.54497, -1.55588, 3.10085, -0.000467032
102.331, -0.0263834, -0.000432608, -16.023, 1.54491, -1.55587, 3.10078, -0.000467374
102.365, -0.0257618, -0.000617099, -15.9974, 1.54485, -1.55585, 3.1007, -0.000467716
102.398, -0.0253283, -0.000113143, -15.9718, 1.54479, -1.55583, 3.10062, -0.000468059
102.431, -0.025585, 0.000563944, -15.9463, 1.54473, -1.55582, 3.10055, -0.000468402
102.464, -0.0263305, 0.000726612, -15.9209, 1.54467, -1.5558, 3.10047, -0.000468745
102.497, -0.0268701, 0.000212304, -15.8955, 1.54461, -1.55579, 3.10039, -0.000469088
102.53, -0.0267214, -0.000457573, -15.8701, 1.54455, -1.55577, 3.10032, -0.000469431
102.563, -0.0260976, -0.000608614, -15.8448, 1.54449, -1.55575, 3.10024, -0.000469775
102.596, -0.0256868, -9.12473e-05, -15.8195, 1.54443, -1.55574, 3.10016, -0.000470118
102.629, -0.0259594, 0.00057471, -15.7943, 1.54437, -1.55572, 3.10009, -0.000470462
102.662, -0.0267015, 0.000724757, -15.7691, 1.54431, -1.55571, 3.10001, -0.000470806
102.695, -0.0272336, 0.000211747, -15.744, 1.54424, -1.55569, 3.09993, -0.00047115
102.729, -0.0270889, -0.000453194, -15.7189, 1.54418, -1.55567, 3.09986, -0.000471494
102.762, -0.0264728, -0.000612189, -15.6939, 1.54412, -1.55566, 3.09978, -0.000471839
102.795, -0.0260538, -0.000110411, -15.6689, 1.54406, -1.55564, 3.09971, -0.000472183
102.828, -0.0263022, 0.000556588, -15.6439, 1.544, -1.55563, 3.09963, -0.000472528
102.861, -0.0270311, 0.000734692, -15.619, 1.54394, -1.55561, 3.09955, -0.000472873
102.894, -0.0275855, 0.00025183, -15.5941, 1.54388, -1.55559, 3.09948, -0.000473218
102.927, -0.0274847, -0.000419018, -15.5693, 1.54382, -1.55558, 3.0994, -0.000473563
102.96, -0.0268876, -0.000625455, -15.5446, 1.54376, -1.55556, 3.09932, -0.000473908
102.993, -0.0264328, -0.000169269, -15.5198, 1.5437, -1.55555, 3.09925, -0.000474254
103.026, -0.0266169, 0.000506514, -15.4952, 1.54364, -1.55553, 3.09917, -0.0004746
103.061, -0.0273478, 0.000745793, -15.4696, 1.54358, -1.55551, 3.09909, -0.000474959
103.095, -0.0279431, 0.000278466, -15.4441, 1.54352, -1.5555, 3.09901, -0.000475318
103.129, -0.0278573, -0.000413634, -15.4186, 1.54345, -1.55548, 3.09894, -0.000475677
103.164, -0.0272443, -0.00062226, -15.3931, 1.54339, -1.55546, 3.09886, -0.000476037
103.198, -0.0267943, -0.00013665, -15.3678, 1.54333, -1.55545, 3.09878, -0.000476397
103.233, -0.0270271, 0.00054725, -15.3424, 1.54327, -1.55543, 3.0987, -0.000476757
103.267, -0.0277673, 0.000736067, -15.3171, 1.54321, -1.55541, 3.09862, -0.000477117
103.301, -0.0283283, 0.000241134, -15.2919, 1.54314, -1.5554, 3.09854, -0.000477477
103.336, -0.0282086, -0.000436528, -15.2667, 1.54308, -1.55538, 3.09846, -0.000477838
103.37, -0.0275935, -0.000615934, -15.2415, 1.54302, -1.55537, 3.09838, -0.000478198
103.404, -0.0271626, -0.000119427, -15.2164, 1.54296, -1.55535, 3.09831, -0.000478559
103.439, -0.0274071, 0.000555017, -15.1914, 1.5429, -1.55533, 3.09823, -0.00047892
103.473, -0.0281429, 0.000735858, -15.1664, 1.54283, -1.55532, 3.09815, -0.000479282
103.507, -0.0286998, 0.000245748, -15.1414, 1.54277, -1.5553, 3.09807, -0.000479643
103.542, -0.0285892, -0.000427978, -15.1165, 1.54271, -1.55528, 3.09799, -0.000480004
103.576, -0.0279838, -0.000620338, -15.0917, 1.54265, -1.55527, 3.09791, -0.000480366
103.61, -0.0275415, -0.000144097, -15.0668, 1.54259, -1.55525, 3.09783, -0.000480728
103.645, -0.0277558, 0.000531476, -15.0421, 1.54252, -1.55523, 3.09776, -0.00048109
103.679, -0.0284751, 0.000745616, -15.0173, 1.54246, -1.55522, 3.09768, -0.000481452
103.714, -0.0290571, 0.000291625, -14.9927, 1.5424, -1.5552, 3.0976, -0.000481815
103.748, -0.028997, -0.000386879, -14.968, 1.54234, -1.55518, 3.09752, -0.000482177
103.784, -0.028392, -0.0006276, -14.9426, 1.54227, -1.55517, 3.09744, -0.000482553
103.819, -0.0279218, -0.000159786, -14.9171, 1.54221, -1.55515, 3.09736, -0.000482929
103.855, -0.0281343, 0.000533469, -14.8918, 1.54215, -1.55513, 3.09728, -0.000483305
103.89, -0.0288748, 0.000741718, -14.8664, 1.54208, -1.55512, 3.0972, -0.000483682
103.926, -0.0294506, 0.000254466, -14.8412, 1.54202, -1.5551, 3.09712, -0.000484058
103.962, -0.0293417, -0.000429745, -14.8159, 1.54195, -1.55508, 3.09704, -0.000484435
103.997, -0.0287259, -0.000616155, -14.7907, 1.54189, -1.55506, 3.09695, -0.000484812
104.033, -0.0282924, -0.000118229, -14.7656, 1.54183, -1.55505, 3.09687, -0.000485189
104.068, -0.0285416, 0.000559486, -14.7405, 1.54176, -1.55503, 3.09679, -0.000485567
104.104, -0.0292845, 0.00073537, -14.7155, 1.5417, -1.55501, 3.09671, -0.000485944
104.14, -0.0298386, 0.00023534, -14.6905, 1.54164, -1.555, 3.09663, -0.000486322
104.175, -0.029715, -0.000438469, -14.6656, 1.54157, -1.55498, 3.09655, -0.0004867
104.211, -0.0291028, -0.000614495, -14.6407, 1.54151, -1.55496, 3.09647, -0.000487078
104.246, -0.0286746, -0.000119988, -14.6159, 1.54145, -1.55494, 3.09639, -0.000487456
104.282, -0.0289163, 0.000553143, -14.5911, 1.54138, -1.55493, 3.09631, -0.000487835
104.318, -0.0296493, 0.000740319, -14.5663, 1.54132, -1.55491, 3.09623, -0.000488214
104.353, -0.0302133, 0.00025954, -14.5416, 1.54125, -1.55489, 3.09615, -0.000488592
104.389, -0.0301184, -0.00041512, -14.517, 1.54119, -1.55488, 3.09607, -0.000488971
104.424, -0.0295219, -0.000623515, -14.4924, 1.54113, -1.55486, 3.09599, -0.000489351
104.46, -0.0290688, -0.000164464, -14.4678, 1.54106, -1.55484, 3.09591, -0.00048973
104.496, -0.02926, 0.00051355, -14.4433, 1.541, -1.55483, 3.09583, -0.00049011
104.533, -0.0299957, 0.000748917, -14.418, 1.54094, -1.55481, 3.09574, -0.000490503
104.569, -0.030592, 0.000278585, -14.3928, 1.54087, -1.55479, 3.09566, -0.000490896
104.606, -0.0305063, -0.00041322, -14.3676, 1.5408, -1.55477, 3.09558, -0.000491289
104.643, -0.0298954, -0.000619901, -14.3424, 1.54074, -1.55475, 3.09549, -0.000491682
104.68, -0.0294492, -0.000133252, -14.3173, 1.54067, -1.55474, 3.09541, -0.000492076
104.717, -0.0296853, 0.000550725, -14.2923, 1.54061, -1.55472, 3.09533, -0.00049247
104.754, -0.0304284, 0.000740293, -14.2673, 1.54054, -1.5547, 3.09525, -0.000492864
104.79, -0.0309937, 0.000246672, -14.2424, 1.54048, -1.55468, 3.09516, -0.000493258
104.827, -0.0308799, -0.0004317, -14.2175, 1.54041, -1.55467, 3.09508, -0.000493652
104.864, -0.030269, -0.00061516, -14.1926, 1.54035, -1.55465, 3.095, -0.000494047
104.901, -0.0298373, -0.000122697, -14.1678, 1.54028, -1.55463, 3.09491, -0.000494442
104.938, -0.0300781, 0.000553282, -14.1431, 1.54022, -1.55461, 3.09483, -0.000494837
104.975, -0.0308144, 0.000742087, -14.1184, 1.54015, -1.5546, 3.09475, -0.000495232
105.011, -0.0313809, 0.000259291, -14.0937, 1.54009, -1.55458, 3.09467, -0.000495628
105.048, -0.0312844, -0.000416732, -14.0691, 1.54002, -1.55456, 3.09458, -0.000496023
105.085, -0.0306862, -0.000621428, -14.0446, 1.53996, -1.55454, 3.0945, -0.000496419
105.122, -0.0302374, -0.000156384, -14.0201, 1.53989, -1.55453, 3.09442, -0.000496815
105.159, -0.0304384, 0.000522008, -13.9956, 1.53983, -1.55451, 3.09434, -0.000497211
105.196, -0.0311541, 0.00075326, -13.9712, 1.53976, -1.55449, 3.09425, -0.000497608
105.232, -0.0317515, 0.000315177, -13.9469, 1.5397, -1.55447, 3.09417, -0.000498004
105.269, -0.0317164, -0.00036606, -13.9226, 1.53963, -1.55446, 3.09409, -0.000498401
105.308, -0.0311186, -0.000628854, -13.8972, 1.53957, -1.55444, 3.094, -0.000498816
105.346, -0.0306371, -0.000171855, -13.872, 1.5395, -1.55442, 3.09392, -0.000499231
105.385, -0.0308404, 0.000528371, -13.8467, 1.53943, -1.5544, 3.09383, -0.000499646
105.423, -0.0315854, 0.000747615, -13.8215, 1.53936, -1.55438, 3.09375, -0.000500062
105.462, -0.0321723, 0.000262303, -13.7964, 1.5393, -1.55436, 3.09366, -0.000500477
105.5, -0.0320688, -0.000426499, -13.7713, 1.53923, -1.55435, 3.09358, -0.000500893
105.539, -0.0314526, -0.0006134, -13.7463, 1.53916, -1.55433, 3.09349, -0.000501309
105.577, -0.0310228, -0.000109955, -13.7213, 1.53909, -1.55431, 3.0934, -0.000501726
105.616, -0.0312836, 0.000569469, -13.6964, 1.53903, -1.55429, 3.09332, -0.000502142
105.654, -0.0320361, 0.000736197, -13.6715, 1.53896, -1.55427, 3.09323, -0.000502559
105.693, -0.0325867, 0.000224242, -13.6467, 1.53889, -1.55425, 3.09315, -0.000502976
105.731, -0.0324499, -0.000448387, -13.6219, 1.53883, -1.55424, 3.09306, -0.000503393
105.77, -0.0318333, -0.000606516, -13.5972, 1.53876, -1.55422, 3.09298, -0.00050381
105.808, -0.0314222, -9.42684e-05, -13.5726, 1.53869, -1.5542, 3.09289, -0.000504228
105.847, -0.0316921, 0.000575321, -13.5479, 1.53862, -1.55418, 3.09281, -0.000504646
105.885, -0.0324387, 0.00073692, -13.5234, 1.53856, -1.55416, 3.09272, -0.000505064
105.923, -0.0329874, 0.000232917, -13.4989, 1.53849, -1.55415, 3.09263, -0.000505482
105.962, -0.0328642, -0.000436666, -13.4744, 1.53842, -1.55413, 3.09255, -0.0005059
106, -0.0322588, -0.000612866, -13.45, 1.53836, -1.55411, 3.09246, -0.000506319
106.039, -0.0318321, -0.000125132, -13.4256, 1.53829, -1.55409, 3.09238, -0.000506738
106.077, -0.0320652, 0.000547461, -13.4013, 1.53822, -1.55407, 3.09229, -0.000507157
106.116, -0.0327935, 0.000749588, -13.3771, 1.53816, -1.55405, 3.09221, -0.000507576
106.154, -0.0333731, 0.000287315, -13.3529, 1.53809, -1.55404, 3.09212, -0.000507996
106.193, -0.0333089, -0.000389429, -13.3287, 1.53802, -1.55402, 3.09204, -0.000508416
106.233, -0.0327071, -0.000622997, -13.3037, 1.53795, -1.554, 3.09195, -0.000508851
106.273, -0.0322456, -0.000152226, -13.2788, 1.53788, -1.55398, 3.09186, -0.000509286
106.312, -0.0324648, 0.000539791, -13.254, 1.53781, -1.55396, 3.09178, -0.000509721
106.352, -0.0332091, 0.000748872, -13.2292, 1.53775, -1.55394, 3.09169, -0.000510157
106.392, -0.033792, 0.000265479, -13.2044, 1.53768, -1.55392, 3.0916, -0.000510592
106.432, -0.0336956, -0.000419298, -13.1797, 1.53761, -1.5539, 3.09151, -0.000511028
106.472, -0.033089, -0.000615618, -13.1551, 1.53754, -1.55389, 3.09142, -0.000511465
106.512, -0.0326517, -0.000128752, -13.1305, 1.53747, -1.55387, 3.09134, -0.000511901
106.552, -0.0328886, 0.000551895, -13.106, 1.5374, -1.55385, 3.09125, -0.000512338
106.591, -0.0336292, 0.000747795, -13.0815, 1.53733, -1.55383, 3.09116, -0.000512775
106.631, -0.0342046, 0.000266795, -13.0571, 1.53726, -1.55381, 3.09107, -0.000513212
106.671, -0.0341143, -0.00041229, -13.0327, 1.5372, -1.55379, 3.09099, -0.000513649
106.711, -0.033518, -0.000619168, -13.0084, 1.53713, -1.55377, 3.0909, -0.000514087
106.751, -0.033071, -0.000152665, -12.9841, 1.53706, -1.55375, 3.09081, -0.000514525
106.791, -0.0332774, 0.000527603, -12.9599, 1.53699, -1.55373, 3.09072, -0.000514963
106.83, -0.0339996, 0.000757088, -12.9357, 1.53692, -1.55372, 3.09064, -0.000515401
106.87, -0.0345998, 0.000314778, -12.9116, 1.53685, -1.5537, 3.09055, -0.00051584
106.91, -0.0345632, -0.000367625, -12.8875, 1.53678, -1.55368, 3.09046, -0.000516278
106.952, -0.0339671, -0.000625662, -12.8625, 1.53671, -1.55366, 3.09037, -0.000516736
106.993, -0.0334917, -0.000165766, -12.8375, 1.53664, -1.55364, 3.09028, -0.000517193
107.035, -0.033701, 0.000533828, -12.8126, 1.53657, -1.55362, 3.09019, -0.000517651
107.076, -0.0344497, 0.000752001, -12.7878, 1.5365, -1.5536, 3.0901, -0.000518109
107.118, -0.0350402, 0.000267257, -12.763, 1.53643, -1.55358, 3.09001, -0.000518568
107.159, -0.0349423, -0.000421635, -12.7382, 1.53636, -1.55356, 3.08992, -0.000519026
107.201, -0.0343312, -0.000612002, -12.7135, 1.53629, -1.55354, 3.08983, -0.000519485
107.242, -0.0339014, -0.000112828, -12.6889, 1.53622, -1.55352, 3.08974, -0.000519944
107.284, -0.0341585, 0.000567964, -12.6643, 1.53615, -1.5535, 3.08965, -0.000520403
107.325, -0.0349117, 0.000743523, -12.6398, 1.53607, -1.55348, 3.08956, -0.000520863
107.367, -0.0354733, 0.000239961, -12.6153, 1.536, -1.55346, 3.08947, -0.000521323
107.408, -0.0353531, -0.000435571, -12.5909, 1.53593, -1.55344, 3.08938, -0.000521783
107.45, -0.0347447, -0.000608546, -12.5666, 1.53586, -1.55342, 3.08929, -0.000522243
107.491, -0.034325, -0.000109315, -12.5423, 1.53579, -1.5534, 3.0892, -0.000522704
107.533, -0.0345788, 0.000564761, -12.518, 1.53572, -1.55338, 3.08911, -0.000523165
107.574, -0.0353222, 0.000747841, -12.4938, 1.53565, -1.55336, 3.08902, -0.000523626
107.616, -0.0358913, 0.000262284, -12.4697, 1.53558, -1.55335, 3.08893, -0.000524087
107.657, -0.0357985, -0.000412972, -12.4456, 1.53551, -1.55333, 3.08884, -0.000524549
107.699, -0.0352062, -0.000617685, -12.4215, 1.53544, -1.55331, 3.08875, -0.00052501
107.74, -0.0347616, -0.000154799, -12.3976, 1.53537, -1.55329, 3.08866, -0.000525472
107.782, -0.0349632, 0.000523906, -12.3736, 1.5353, -1.55327, 3.08857, -0.000525935
107.825, -0.0357077, 0.000757515, -12.3489, 1.53523, -1.55325, 3.08847, -0.000526413
107.868, -0.0363113, 0.000286239, -12.3243, 1.53515, -1.55323, 3.08838, -0.000526891
107.911, -0.0362335, -0.000406244, -12.2997, 1.53508, -1.55321, 3.08829, -0.00052737
107.954, -0.0356304, -0.00061567, -12.2752, 1.53501, -1.55319, 3.08819, -0.000527849
107.997, -0.0351879, -0.00013235, -12.2508, 1.53494, -1.55317, 3.0881, -0.000528329
108.04, -0.0354245, 0.000553329, -12.2264, 1.53486, -1.55315, 3.08801, -0.000528808
108.082, -0.036172, 0.000751819, -12.202, 1.53479, -1.55313, 3.08792, -0.000529288
108.125, -0.0367525, 0.000266889, -12.1777, 1.53472, -1.55311, 3.08782, -0.000529768
108.168, -0.0366601, -0.00041458, -12.1535, 1.53465, -1.55309, 3.08773, -0.000530249
108.211, -0.0360616, -0.000614509, -12.1293, 1.53457, -1.55307, 3.08764, -0.000530729
108.254, -0.0356235, -0.000137186, -12.1052, 1.5345, -1.55305, 3.08755, -0.00053121
108.297, -0.0358484, 0.000543449, -12.0811, 1.53443, -1.55303, 3.08745, -0.000531691
108.34, -0.036583, 0.000757618, -12.0571, 1.53436, -1.55301, 3.08736, -0.000532173
108.383, -0.0371763, 0.000297934, -12.0331, 1.53428, -1.55298, 3.08727, -0.000532654
108.426, -0.0371204, -0.000383786, -12.0092, 1.53421, -1.55296, 3.08718, -0.000533136
108.469, -0.0365428, -0.000623671, -11.9854, 1.53414, -1.55294, 3.08709, -0.000533619
108.512, -0.0360753, -0.000191399, -11.9616, 1.53407, -1.55292, 3.08699, -0.000534101
108.555, -0.036238, 0.000492706, -11.9378, 1.534, -1.5529, 3.0869, -0.000534584
108.6, -0.0369781, 0.000765514, -11.913, 1.53392, -1.55288, 3.0868, -0.00053509
108.645, -0.0376099, 0.000313082, -11.8882, 1.53385, -1.55286, 3.08671, -0.000535596
108.69, -0.0375557, -0.000390962, -11.8635, 1.53377, -1.55284, 3.08661, -0.000536103
108.734, -0.0369528, -0.000616668, -11.8389, 1.5337, -1.55282, 3.08652, -0.00053661
108.779, -0.0365031, -0.000133559, -11.8143, 1.53362, -1.5528, 3.08642, -0.000537117
108.824, -0.0367447, 0.000558786, -11.7898, 1.53355, -1.55278, 3.08632, -0.000537625
108.869, -0.037504, 0.000750996, -11.7653, 1.53347, -1.55276, 3.08623, -0.000538133
108.914, -0.0380808, 0.000249685, -11.7409, 1.5334, -1.55274, 3.08613, -0.000538641
108.959, -0.0379664, -0.000432518, -11.7166, 1.53332, -1.55272, 3.08604, -0.000539149
109.004, -0.0373558, -0.0006044, -11.6923, 1.53325, -1.55269, 3.08594, -0.000539658
109.049, -0.0369423, -9.51281e-05, -11.668, 1.53317, -1.55267, 3.08584, -0.000540167
109.094, -0.0372154, 0.000580657, -11.6438, 1.5331, -1.55265, 3.08575, -0.000540676
109.139, -0.0379732, 0.000746206, -11.6197, 1.53302, -1.55263, 3.08565, -0.000541186
109.184, -0.0385327, 0.000239162, -11.5957, 1.53295, -1.55261, 3.08556, -0.000541696
109.229, -0.0384134, -0.000433625, -11.5717, 1.53287, -1.55259, 3.08546, -0.000542206
109.274, -0.0378106, -0.000605781, -11.5477, 1.5328, -1.55257, 3.08537, -0.000542716
109.319, -0.0373942, -0.000110055, -11.5238, 1.53272, -1.55255, 3.08527, -0.000543227
109.364, -0.0376451, 0.000563695, -11.5, 1.53265, -1.55253, 3.08517, -0.000543738
109.409, -0.0383876, 0.000755784, -11.4762, 1.53257, -1.55251, 3.08508, -0.000544249
109.454, -0.0389683, 0.000281571, -11.4525, 1.5325, -1.55248, 3.08498, -0.000544761
109.499, -0.0388967, -0.000395242, -11.4288, 1.53242, -1.55246, 3.08489, -0.000545273
109.544, -0.0383171, -0.000619105, -11.4052, 1.53235, -1.55244, 3.08479, -0.000545785
109.589, -0.037862, -0.000176541, -11.3817, 1.53228, -1.55242, 3.0847, -0.000546298
109.634, -0.0380388, 0.000504492, -11.3582, 1.5322, -1.5524, 3.0846, -0.000546811
109.681, -0.0387829, 0.000767323, -11.3336, 1.53212, -1.55238, 3.0845, -0.000547348
109.728, -0.0394111, 0.000311272, -11.3092, 1.53205, -1.55236, 3.0844, -0.000547885
109.775, -0.0393565, -0.000389928, -11.2847, 1.53197, -1.55233, 3.0843, -0.000548422
109.822, -0.0387583, -0.00061515, -11.2604, 1.53189, -1.55231, 3.0842, -0.00054896
109.869, -0.03831, -0.000136424, -11.2361, 1.53181, -1.55229, 3.08411, -0.000549499
109.916, -0.0385464, 0.000555202, -11.2119, 1.53174, -1.55227, 3.08401, -0.000550037
109.963, -0.0393025, 0.000757111, -11.1877, 1.53166, -1.55225, 3.08391, -0.000550576
110.01, -0.0398899, 0.000267891, -11.1636, 1.53158, -1.55223, 3.08381, -0.000551115
110.057, -0.0397958, -0.000416378, -11.1395, 1.53151, -1.5522, 3.08371, -0.000551655
110.105, -0.0391956, -0.000608529, -11.1156, 1.53143, -1.55218, 3.08361, -0.000552195
110.152, -0.0387683, -0.000119085, -11.0916, 1.53135, -1.55216, 3.08351, -0.000552735
110.199, -0.0390148, 0.000561665, -11.0678, 1.53127, -1.55214, 3.08341, -0.000553275
110.246, -0.0397637, 0.000758304, -11.0439, 1.5312, -1.55212, 3.08331, -0.000553816
110.293, -0.0403493, 0.00027936, -11.0202, 1.53112, -1.55209, 3.08321, -0.000554357
110.34, -0.0402724, -0.000400698, -10.9965, 1.53104, -1.55207, 3.08312, -0.000554899
110.387, -0.039687, -0.000614752, -10.9729, 1.53097, -1.55205, 3.08302, -0.000555441
110.434, -0.0392418, -0.000156315, -10.9493, 1.53089, -1.55203, 3.08292, -0.000555983
110.481, -0.0394433, 0.0005258, -10.9258, 1.53081, -1.55201, 3.08282, -0.000556525
110.53, -0.0401945, 0.000766174, -10.9015, 1.53073, -1.55198, 3.08272, -0.000557086
110.578, -0.0408098, 0.000297488, -10.8773, 1.53065, -1.55196, 3.08262, -0.000557648
110.627, -0.0407428, -0.000397917, -10.8531, 1.53057, -1.55194, 3.08251, -0.00055821
110.676, -0.0401456, -0.000611627, -10.829, 1.5305, -1.55192, 3.08241, -0.000558773
110.724, -0.0397061, -0.00012963, -10.805, 1.53042, -1.55189, 3.08231, -0.000559335
110.773, -0.0399465, 0.000558354, -10.7811, 1.53034, -1.55187, 3.08221, -0.000559898
110.822, -0.0407012, 0.000760213, -10.7572, 1.53026, -1.55185, 3.08211, -0.000560462
110.871, -0.0412914, 0.000276667, -10.7333, 1.53018, -1.55183, 3.08201, -0.000561026
110.919, -0.0412085, -0.000406677, -10.7096, 1.5301, -1.5518, 3.0819, -0.00056159
110.968, -0.0406167, -0.000610432, -10.6858, 1.53002, -1.55178, 3.0818, -0.000562154
111.017, -0.0401816, -0.000135622, -10.6622, 1.52994, -1.55176, 3.0817, -0.000562719
111.065, -0.0404084, 0.000546801, -10.6386, 1.52986, -1.55174, 3.0816, -0.000563284
111.114, -0.0411483, 0.000766705, -10.615, 1.52979, -1.55171, 3.0815, -0.00056385
111.163, -0.0417529, 0.000311919, -10.5916, 1.52971, -1.55169, 3.0814, -0.000564415
111.211, -0.0417113, -0.000371491, -10.5681, 1.52963, -1.55167, 3.0813, -0.000564981
111.262, -0.0411211, -0.000615992, -10.544, 1.52955, -1.55164, 3.08119, -0.000565568
111.312, -0.0406633, -0.000148883, -10.5199, 1.52947, -1.55162, 3.08109, -0.000566155
111.362, -0.0408885, 0.000548288, -10.4958, 1.52938, -1.5516, 3.08098, -0.000566742
111.413, -0.0416464, 0.000764192, -10.4718, 1.5293, -1.55158, 3.08088, -0.000567329
111.463, -0.0422475, 0.000282531, -10.4479, 1.52922, -1.55155, 3.08077, -0.000567917
111.514, -0.0421672, -0.000406176, -10.424, 1.52914, -1.55153, 3.08067, -0.000568505
111.564, -0.0415716, -0.000607788, -10.4002, 1.52906, -1.55151, 3.08057, -0.000569094
111.614, -0.0411413, -0.000122842, -10.3765, 1.52898, -1.55148, 3.08046, -0.000569683
111.665, -0.0413854, 0.000561187, -10.3528, 1.5289, -1.55146, 3.08036, -0.000570272
111.715, -0.0421381, 0.000763679, -10.3292, 1.52882, -1.55144, 3.08025, -0.000570862
111.766, -0.0427317, 0.000287029, -10.3057, 1.52874, -1.55141, 3.08015, -0.000571452
111.816, -0.0426617, -0.00039524, -10.2822, 1.52866, -1.55139, 3.08005, -0.000572042
111.866, -0.0420796, -0.000612381, -10.2587, 1.52858, -1.55137, 3.07994, -0.000572633
111.917, -0.0416359, -0.000154638, -10.2354, 1.5285, -1.55134, 3.07984, -0.000573224
111.967, -0.0418398, 0.00052894, -10.2121, 1.52841, -1.55132, 3.07973, -0.000573815
112.019, -0.0425953, 0.000770654, -10.188, 1.52833, -1.5513, 3.07963, -0.000574427
112.071, -0.0432157, 0.000302277, -10.1641, 1.52825, -1.55127, 3.07952, -0.000575039
112.123, -0.0431533, -0.000393969, -10.1402, 1.52817, -1.55125, 3.07941, -0.000575652
112.176, -0.0425598, -0.000608959, -10.1164, 1.52808, -1.55122, 3.07931, -0.000576265
112.228, -0.0421228, -0.000127649, -10.0926, 1.528, -1.5512, 3.0792, -0.000576878
112.28, -0.0423655, 0.000561119, -10.0689, 1.52792, -1.55118, 3.07909, -0.000577492
112.332, -0.0431236, 0.000765113, -10.0452, 1.52783, -1.55115, 3.07899, -0.000578106
112.384, -0.0437195, 0.000283344, -10.0217, 1.52775, -1.55113, 3.07888, -0.000578721
112.436, -0.0436435, -0.000400856, -9.99814, 1.52767, -1.5511, 3.07877, -0.000579336
112.488, -0.0430566, -0.000608361, -9.97469, 1.52759, -1.55108, 3.07867, -0.000579951
112.54, -0.0426222, -0.000137027, -9.9513, 1.5275, -1.55106, 3.07856, -0.000580567
112.592, -0.0428472, 0.000546455, -9.92798, 1.52742, -1.55103, 3.07845, -0.000581183
112.644, -0.0435886, 0.000772503, -9.90471, 1.52734, -1.55101, 3.07835, -0.0005818
112.697, -0.0442016, 0.000323683, -9.88151, 1.52726, -1.55098, 3.07824, -0.000582417
112.749, -0.0441725, -0.000360805, -9.85838, 1.52717, -1.55096, 3.07813, -0.000583034
112.803, -0.0435878, -0.000614327, -9.83441, 1.52709, -1.55094, 3.07802, -0.000583676
112.857, -0.0431279, -0.00015187, -9.81051, 1.527, -1.55091, 3.07791, -0.000584318
112.911, -0.0433513, 0.000548223, -9.78667, 1.52692, -1.55089, 3.0778, -0.00058496
112.965, -0.0441131, 0.000769759, -9.7629, 1.52683, -1.55086, 3.07769, -0.000585603
113.019, -0.0447225, 0.000290386, -9.7392, 1.52675, -1.55084, 3.07758, -0.000586246
113.073, -0.0446496, -0.00040046, -9.71556, 1.52666, -1.55081, 3.07747, -0.00058689
113.127, -0.0440577, -0.000605185, -9.69199, 1.52658, -1.55079, 3.07736, -0.000587534
113.182, -0.0436291, -0.000121052, -9.66849, 1.52649, -1.55076, 3.07725, -0.000588179
113.236, -0.0438758, 0.000564464, -9.64505, 1.52641, -1.55074, 3.07714, -0.000588824
113.29, -0.0446332, 0.000768563, -9.62168, 1.52632, -1.55071, 3.07703, -0.000589469
113.344, -0.0452323, 0.000292093, -9.59837, 1.52624, -1.55069, 3.07692, -0.000590115
113.398, -0.0451671, -0.000391149, -9.57512, 1.52615, -1.55066, 3.07681, -0.000590761
113.452, -0.0445887, -0.000609268, -9.55195, 1.52607, -1.55064, 3.07671, -0.000591408
113.506, -0.044148, -0.000151721, -9.52883, 1.52598, -1.55061, 3.0766, -0.000592055
113.56, -0.0443553, 0.000532573, -9.50578, 1.5259, -1.55059, 3.07649, -0.000592702
113.616, -0.0451152, 0.000775581, -9.48201, 1.52581, -1.55056, 3.07637, -0.000593372
113.672, -0.0457411, 0.000307854, -9.45831, 1.52572, -1.55054, 3.07626, -0.000594043
113.728, -0.0456844, -0.000389116, -9.43468, 1.52564, -1.55051, 3.07615, -0.000594714
113.784, -0.0450953, -0.000606062, -9.41112, 1.52555, -1.55049, 3.07604, -0.000595385
113.84, -0.0446607, -0.000126381, -9.38762, 1.52546, -1.55046, 3.07592, -0.000596057
113.896, -0.0449046, 0.000563223, -9.36419, 1.52537, -1.55044, 3.07581, -0.000596729
113.952, -0.0456659, 0.000770844, -9.34083, 1.52529, -1.55041, 3.0757, -0.000597402
114.008, -0.0462691, 0.000292467, -9.31753, 1.5252, -1.55038, 3.07558, -0.000598075
114.064, -0.0462027, -0.000392793, -9.29431, 1.52511, -1.55036, 3.07547, -0.000598749
114.12, -0.0456221, -0.000606405, -9.27114, 1.52503, -1.55033, 3.07536, -0.000599423
114.176, -0.045187, -0.00014093, -9.24805, 1.52494, -1.55031, 3.07525, -0.000600097
114.232, -0.0454075, 0.000543894, -9.22502, 1.52485, -1.55028, 3.07514, -0.000600772
114.288, -0.0461492, 0.000779342, -9.20206, 1.52477, -1.55026, 3.07502, -0.000601447
114.344, -0.0467733, 0.000339798, -9.17916, 1.52468, -1.55023, 3.07491, -0.000602123
114.4, -0.0467613, -0.000345948, -9.15633, 1.52459, -1.55021, 3.0748, -0.000602799
114.458, -0.0461838, -0.000612694, -9.13255, 1.5245, -1.55018, 3.07468, -0.000603506
114.517, -0.0457196, -0.000157059, -9.10885, 1.52441, -1.55015, 3.07457, -0.000604213
114.575, -0.0459395, 0.000547072, -9.08522, 1.52432, -1.55013, 3.07445, -0.000604921
114.634, -0.046706, 0.000776003, -9.06166, 1.52423, -1.5501, 3.07433, -0.000605629
114.692, -0.0473252, 0.000299066, -9.03817, 1.52414, -1.55007, 3.07422, -0.000606338
114.751, -0.0472601, -0.000394565, -9.01475, 1.52405, -1.55005, 3.0741, -0.000607047
114.809, -0.0466717, -0.000601834, -8.9914, 1.52396, -1.55002, 3.07398, -0.000607756
114.867, -0.046246, -0.000116935, -8.96811, 1.52387, -1.54999, 3.07387, -0.000608466
114.926, -0.0464984, 0.000570165, -8.9449, 1.52378, -1.54997, 3.07375, -0.000609177
114.984, -0.0472625, 0.000773171, -8.92176, 1.52369, -1.54994, 3.07363, -0.000609888
115.043, -0.0478657, 0.000293752, -8.89868, 1.52361, -1.54991, 3.07352, -0.0006106
115.101, -0.0478015, -0.000390096, -8.87568, 1.52352, -1.54989, 3.0734, -0.000611312
115.16, -0.0472252, -0.000604578, -8.85274, 1.52343, -1.54986, 3.07329, -0.000612024
115.218, -0.0467915, -0.000142581, -8.82987, 1.52334, -1.54983, 3.07317, -0.000612737
115.277, -0.0470088, 0.000541849, -8.80707, 1.52325, -1.54981, 3.07306, -0.000613451
115.335, -0.047749, 0.000783992, -8.78434, 1.52316, -1.54978, 3.07294, -0.000614164
115.393, -0.0483807, 0.000353143, -8.76167, 1.52307, -1.54975, 3.07282, -0.000614879
115.452, -0.0483835, -0.000332587, -8.73907, 1.52298, -1.54973, 3.07271, -0.000615594
115.513, -0.0478121, -0.000611982, -8.7154, 1.52289, -1.5497, 3.07259, -0.000616345
115.575, -0.0473427, -0.000163306, -8.69181, 1.52279, -1.54967, 3.07247, -0.000617098
115.636, -0.0475576, 0.000544388, -8.66828, 1.5227, -1.54964, 3.07234, -0.00061785
115.698, -0.0483271, 0.000780426, -8.64483, 1.52261, -1.54962, 3.07222, -0.000618604
115.759, -0.0489543, 0.000305982, -8.62145, 1.52251, -1.54959, 3.0721, -0.000619357
115.82, -0.0488953, -0.000390148, -8.59815, 1.52242, -1.54956, 3.07198, -0.000620112
115.882, -0.0483089, -0.000599598, -8.57492, 1.52233, -1.54953, 3.07186, -0.000620867
115.943, -0.047885, -0.000113721, -8.55175, 1.52223, -1.54951, 3.07174, -0.000621622
116.005, -0.0481421, 0.000574692, -8.52867, 1.52214, -1.54948, 3.07162, -0.000622378
116.066, -0.0489116, 0.000775801, -8.50565, 1.52205, -1.54945, 3.0715, -0.000623134
116.127, -0.0495164, 0.000292717, -8.4827, 1.52196, -1.54942, 3.07138, -0.000623891
116.189, -0.0494505, -0.000391405, -8.45983, 1.52186, -1.5494, 3.07126, -0.000624649
116.25, -0.0488744, -0.000600714, -8.43703, 1.52177, -1.54937, 3.07114, -0.000625407
116.312, -0.0484474, -0.000132816, -8.4143, 1.52168, -1.54934, 3.07102, -0.000626166
116.373, -0.0486756, 0.000551328, -8.39163, 1.52159, -1.54931, 3.0709, -0.000626925
116.434, -0.0494229, 0.000785955, -8.36904, 1.52149, -1.54928, 3.07078, -0.000627684
116.496, -0.0500528, 0.000347385, -8.34652, 1.5214, -1.54926, 3.07066, -0.000628445
116.557, -0.0500491, -0.000338, -8.32407, 1.52131, -1.54923, 3.07054, -0.000629205
116.621, -0.0494784, -0.00060824, -8.30064, 1.52121, -1.5492, 3.07041, -0.000630002
116.686, -0.0490175, -0.000155086, -8.27729, 1.52112, -1.54917, 3.07029, -0.0006308
116.75, -0.0492396, 0.000550255, -8.25401, 1.52102, -1.54914, 3.07016, -0.000631598
116.814, -0.0500111, 0.000783749, -8.23081, 1.52092, -1.54911, 3.07004, -0.000632396
116.879, -0.0506402, 0.000310755, -8.20768, 1.52083, -1.54908, 3.06991, -0.000633196
116.943, -0.0505874, -0.000384223, -8.18463, 1.52073, -1.54906, 3.06979, -0.000633996
117.007, -0.0500074, -0.000598429, -8.16165, 1.52064, -1.54903, 3.06966, -0.000634796
117.071, -0.0495822, -0.000119919, -8.13875, 1.52054, -1.549, 3.06954, -0.000635597
117.136, -0.0498311, 0.000569028, -8.11592, 1.52044, -1.54897, 3.06941, -0.000636399
117.2, -0.0505974, 0.000782751, -8.09316, 1.52035, -1.54894, 3.06929, -0.000637201
117.264, -0.0512149, 0.000313396, -8.07048, 1.52025, -1.54891, 3.06916, -0.000638003
117.329, -0.0511715, -0.000372719, -8.04787, 1.52016, -1.54888, 3.06904, -0.000638807
117.393, -0.0506075, -0.00060272, -8.02533, 1.52006, -1.54885, 3.06891, -0.000639611
117.457, -0.0501684, -0.000155658, -8.00287, 1.51997, -1.54882, 3.06879, -0.000640415
117.521, -0.0503709, 0.00053114, -7.98048, 1.51987, -1.5488, 3.06867, -0.00064122
117.588, -0.0511402, 0.000790407, -7.95726, 1.51977, -1.54877, 3.06854, -0.000642058
117.655, -0.0517892, 0.000331176, -7.93412, 1.51967, -1.54874, 3.06841, -0.000642897
117.722, -0.0517554, -0.000370999, -7.91106, 1.51957, -1.54871, 3.06828, -0.000643737
117.789, -0.0511787, -0.00059877, -7.88808, 1.51947, -1.54868, 3.06815, -0.000644577
117.856, -0.0507476, -0.00012436, -7.86517, 1.51938, -1.54865, 3.06802, -0.000645417
117.923, -0.0509952, 0.000569248, -7.84234, 1.51928, -1.54862, 3.06789, -0.000646259
117.989, -0.0517675, 0.0007851, -7.81958, 1.51918, -1.54859, 3.06777, -0.000647101
118.056, -0.0523887, 0.00031137, -7.7969, 1.51908, -1.54856, 3.06764, -0.000647943
118.123, -0.0523411, -0.00037684, -7.7743, 1.51898, -1.54853, 3.06751, -0.000648786
118.19, -0.0517735, -0.000598497, -7.75177, 1.51888, -1.5485, 3.06738, -0.00064963
118.257, -0.0513434, -0.000139024, -7.72932, 1.51879, -1.54847, 3.06725, -0.000650475
118.324, -0.0515659, 0.000548221, -7.70694, 1.51869, -1.54844, 3.06712, -0.00065132
118.391, -0.0523155, 0.000794118, -7.68464, 1.51859, -1.54841, 3.067, -0.000652165
118.458, -0.052959, 0.000364307, -7.66241, 1.51849, -1.54838, 3.06687, -0.000653012
118.524, -0.0529725, -0.000323077, -7.64025, 1.51839, -1.54835, 3.06674, -0.000653859
118.595, -0.05241, -0.000604736, -7.61706, 1.51829, -1.54832, 3.06661, -0.000654749
118.665, -0.0519478, -0.000157073, -7.59394, 1.51819, -1.54828, 3.06647, -0.00065564
118.735, -0.0521696, 0.000551816, -7.57091, 1.51809, -1.54825, 3.06634, -0.000656532
118.805, -0.0529477, 0.000790982, -7.54796, 1.51798, -1.54822, 3.0662, -0.000657424
118.876, -0.053587, 0.000319314, -7.52509, 1.51788, -1.54819, 3.06607, -0.000658317
118.946, -0.053542, -0.000377937, -7.5023, 1.51778, -1.54816, 3.06594, -0.000659211
119.016, -0.0529668, -0.000593385, -7.47958, 1.51768, -1.54813, 3.0658, -0.000660106
119.086, -0.0525469, -0.000113489, -7.45695, 1.51757, -1.5481, 3.06567, -0.000661001
119.157, -0.0528035, 0.000576641, -7.4344, 1.51747, -1.54807, 3.06554, -0.000661897
119.227, -0.053578, 0.000788799, -7.41192, 1.51737, -1.54803, 3.0654, -0.000662793
119.297, -0.0542007, 0.000316664, -7.38952, 1.51727, -1.548, 3.06527, -0.000663691
119.367, -0.0541601, -0.000369814, -7.3672, 1.51717, -1.54797, 3.06514, -0.000664589
119.438, -0.0536004, -0.000596828, -7.34496, 1.51706, -1.54794, 3.06501, -0.000665487
119.508, -0.0531691, -0.000146513, -7.3228, 1.51696, -1.54791, 3.06487, -0.000666387
119.578, -0.0533814, 0.000540373, -7.30071, 1.51686, -1.54788, 3.06474, -0.000667287
119.651, -0.0541578, 0.000796749, -7.27784, 1.51676, -1.54785, 3.0646, -0.000668223
119.724, -0.0548116, 0.00033637, -7.25505, 1.51665, -1.54781, 3.06446, -0.00066916
119.797, -0.0547836, -0.00036519, -7.23234, 1.51655, -1.54778, 3.06433, -0.000670097
119.87, -0.0542141, -0.000593725, -7.20972, 1.51644, -1.54775, 3.06419, -0.000671035
119.943, -0.053788, -0.000121863, -7.18717, 1.51634, -1.54772, 3.06405, -0.000671974
120.016, -0.0540372, 0.000571799, -7.16471, 1.51623, -1.54768, 3.06392, -0.000672914
120.089, -0.0548126, 0.000793582, -7.14233, 1.51613, -1.54765, 3.06378, -0.000673855
120.162, -0.0554448, 0.000327175, -7.12003, 1.51602, -1.54762, 3.06364, -0.000674796
120.235, -0.0554144, -0.000361854, -7.09781, 1.51592, -1.54759, 3.0635, -0.000675738
120.308, -0.0548588, -0.000595651, -7.07567, 1.51581, -1.54755, 3.06337, -0.000676681
120.381, -0.0544258, -0.000149373, -7.05361, 1.51571, -1.54752, 3.06323, -0.000677624
120.454, -0.0546357, 0.000539208, -7.03162, 1.5156, -1.54749, 3.06309, -0.000678568
120.53, -0.0554146, 0.000800357, -7.00885, 1.5155, -1.54746, 3.06295, -0.000679551
120.606, -0.0560745, 0.000341979, -6.98616, 1.51539, -1.54742, 3.06281, -0.000680535
120.682, -0.0560519, -0.000361106, -6.96356, 1.51528, -1.54739, 3.06267, -0.000681519
120.758, -0.0554849, -0.00059154, -6.94104, 1.51517, -1.54736, 3.06253, -0.000682504
120.834, -0.0550605, -0.000119686, -6.9186, 1.51506, -1.54732, 3.06239, -0.00068349
120.91, -0.0553126, 0.000574875, -6.89625, 1.51496, -1.54729, 3.06224, -0.000684476
120.986, -0.0560919, 0.000796459, -6.87398, 1.51485, -1.54726, 3.0621, -0.000685464
121.061, -0.056727, 0.000328798, -6.8518, 1.51474, -1.54722, 3.06196, -0.000686452
121.137, -0.0566979, -0.000360578, -6.82969, 1.51463, -1.54719, 3.06182, -0.000687441
121.213, -0.056144, -0.000592765, -6.80767, 1.51453, -1.54716, 3.06168, -0.000688431
121.289, -0.0557149, -0.000144433, -6.78573, 1.51442, -1.54712, 3.06154, -0.000689421
121.365, -0.0559303, 0.000544243, -6.76387, 1.51431, -1.54709, 3.0614, -0.000690413
121.444, -0.0567127, 0.000803166, -6.74125, 1.5142, -1.54705, 3.06125, -0.000691443
121.523, -0.0573743, 0.000343764, -6.71872, 1.51409, -1.54702, 3.06111, -0.000692475
121.602, -0.0573538, -0.000358768, -6.69627, 1.51398, -1.54698, 3.06096, -0.000693508
121.68, -0.0567901, -0.000589016, -6.67391, 1.51387, -1.54695, 3.06082, -0.000694541
121.759, -0.0563684, -0.000118155, -6.65164, 1.51376, -1.54692, 3.06067, -0.000695575
121.838, -0.0566215, 0.000576217, -6.62945, 1.51364, -1.54688, 3.06053, -0.00069661
121.917, -0.0574022, 0.000800362, -6.60735, 1.51353, -1.54685, 3.06038, -0.000697646
121.996, -0.0580422, 0.000336208, -6.58533, 1.51342, -1.54681, 3.06024, -0.000698683
122.075, -0.0580213, -0.000353363, -6.5634, 1.51331, -1.54678, 3.06009, -0.00069972
122.154, -0.0574732, -0.000591312, -6.54155, 1.5132, -1.54674, 3.05995, -0.000700759
122.232, -0.0570428, -0.000149528, -6.51979, 1.51309, -1.54671, 3.0598, -0.000701798
122.311, -0.0572518, 0.000539539, -6.4981, 1.51298, -1.54667, 3.05966, -0.000702838
122.394, -0.0580357, 0.000807809, -6.47558, 1.51287, -1.54664, 3.05951, -0.000703924
122.476, -0.0587069, 0.000353519, -6.45314, 1.51275, -1.5466, 3.05935, -0.000705011
122.558, -0.058696, -0.000351566, -6.43079, 1.51264, -1.54656, 3.0592, -0.000706099
122.64, -0.0581362, -0.000587085, -6.40854, 1.51252, -1.54653, 3.05905, -0.000707188
122.722, -0.0577143, -0.000118305, -6.38637, 1.51241, -1.54649, 3.0589, -0.000708277
122.805, -0.0579683, 0.000577813, -6.36429, 1.5123, -1.54646, 3.05875, -0.000709368
122.887, -0.0587528, 0.000804034, -6.34229, 1.51218, -1.54642, 3.0586, -0.00071046
122.969, -0.0593976, 0.000339885, -6.32039, 1.51207, -1.54639, 3.05845, -0.000711552
123.051, -0.05938, -0.000350621, -6.29857, 1.51195, -1.54635, 3.0583, -0.000712645
123.134, -0.0588343, -0.00058825, -6.27684, 1.51184, -1.54631, 3.05815, -0.00071374
123.216, -0.0584074, -0.000144974, -6.25519, 1.51173, -1.54628, 3.058, -0.000714835
123.298, -0.0586217, 0.000544564, -6.23363, 1.51161, -1.54624, 3.05786, -0.000715931
123.384, -0.0594095, 0.000811085, -6.21126, 1.5115, -1.5462, 3.0577, -0.000717074
123.47, -0.0600831, 0.000355893, -6.18899, 1.51138, -1.54617, 3.05754, -0.000718218
123.555, -0.0600748, -0.000348787, -6.1668, 1.51126, -1.54613, 3.05739, -0.000719364
123.641, -0.0595187, -0.000584142, -6.14471, 1.51114, -1.54609, 3.05723, -0.00072051
123.727, -0.0591, -0.000116182, -6.12271, 1.51102, -1.54605, 3.05708, -0.000721657
123.812, -0.0593556, 0.00057978, -6.10079, 1.51091, -1.54602, 3.05693, -0.000722805
123.898, -0.0601421, 0.000808254, -6.07897, 1.51079, -1.54598, 3.05677, -0.000723954
123.984, -0.0607921, 0.000347256, -6.05724, 1.51067, -1.54594, 3.05662, -0.000725104
124.069, -0.0607825, -0.000343372, -6.0356, 1.51056, -1.54591, 3.05646, -0.000726255
124.155, -0.0602429, -0.000586216, -6.01405, 1.51044, -1.54587, 3.05631, -0.000727408
124.241, -0.0598155, -0.000149011, -5.99258, 1.51032, -1.54583, 3.05615, -0.000728561
124.326, -0.0600246, 0.000540767, -5.97121, 1.51021, -1.54579, 3.056, -0.000729715
124.416, -0.0608144, 0.000816004, -5.94894, 1.51008, -1.54576, 3.05584, -0.000730923
124.506, -0.0614976, 0.000365669, -5.92678, 1.50996, -1.54572, 3.05568, -0.000732133
124.595, -0.061499, -0.000341332, -5.9047, 1.50984, -1.54568, 3.05552, -0.000733343
124.685, -0.0609472, -0.000581713, -5.88272, 1.50972, -1.54564, 3.05536, -0.000734555
124.775, -0.060529, -0.000115921, -5.86084, 1.5096, -1.5456, 3.0552, -0.000735768
124.864, -0.0607859, 0.000581647, -5.83905, 1.50948, -1.54556, 3.05504, -0.000736982
124.954, -0.0615764, 0.00081246, -5.81735, 1.50935, -1.54552, 3.05488, -0.000738197
125.043, -0.0622318, 0.000352001, -5.79575, 1.50923, -1.54548, 3.05472, -0.000739413
125.133, -0.0622267, -0.000339502, -5.77424, 1.50911, -1.54544, 3.05456, -0.00074063
125.223, -0.0616904, -0.000582868, -5.75282, 1.50899, -1.54541, 3.0544, -0.000741848
125.312, -0.0612664, -0.000145238, -5.73149, 1.50887, -1.54537, 3.05424, -0.000743068
125.402, -0.0614797, 0.000545004, -5.71026, 1.50875, -1.54533, 3.05408, -0.000744288
125.496, -0.0622737, 0.000819975, -5.68815, 1.50862, -1.54529, 3.05391, -0.000745565
125.589, -0.0629608, 0.000369586, -5.66615, 1.5085, -1.54525, 3.05375, -0.000746844
125.683, -0.0629664, -0.000337366, -5.64424, 1.50837, -1.54521, 3.05358, -0.000748123
125.777, -0.0624189, -0.000578401, -5.62243, 1.50825, -1.54517, 3.05341, -0.000749404
125.87, -0.0620039, -0.000113792, -5.60071, 1.50812, -1.54513, 3.05325, -0.000750686
125.964, -0.0622626, 0.000583841, -5.5791, 1.508, -1.54509, 3.05308, -0.000751969
126.058, -0.0630556, 0.000817213, -5.55758, 1.50787, -1.54505, 3.05292, -0.000753253
126.152, -0.0637169, 0.000359948, -5.53615, 1.50775, -1.54501, 3.05275, -0.000754539
126.245, -0.0637204, -0.00033174, -5.51482, 1.50762, -1.54497, 3.05259, -0.000755826
126.339, -0.0631906, -0.000580226, -5.49359, 1.5075, -1.54492, 3.05242, -0.000757114
126.433, -0.0627669, -0.000148491, -5.47245, 1.50737, -1.54488, 3.05226, -0.000758403
126.526, -0.0629757, 0.000541928, -5.4514, 1.50725, -1.54484, 3.05209, -0.000759693
126.625, -0.0637723, 0.000825315, -5.42941, 1.50712, -1.5448, 3.05192, -0.000761048
126.723, -0.0644694, 0.000379669, -5.40753, 1.50699, -1.54476, 3.05175, -0.000762405
126.821, -0.0644851, -0.000329458, -5.38575, 1.50686, -1.54472, 3.05158, -0.000763763
126.92, -0.0639426, -0.00057537, -5.36406, 1.50673, -1.54468, 3.0514, -0.000765123
127.018, -0.0635287, -0.000112982, -5.34248, 1.5066, -1.54463, 3.05123, -0.000766483
127.116, -0.063789, 0.000586158, -5.321, 1.50647, -1.54459, 3.05106, -0.000767846
127.215, -0.0645866, 0.000822032, -5.29962, 1.50634, -1.54455, 3.05089, -0.000769209
127.313, -0.065254, 0.00036567, -5.27834, 1.50621, -1.54451, 3.05072, -0.000770574
127.411, -0.0652631, -0.000326827, -5.25715, 1.50608, -1.54446, 3.05055, -0.00077194
127.51, -0.0647376, -0.000576407, -5.23607, 1.50595, -1.54442, 3.05037, -0.000773307
127.608, -0.0643174, -0.000145024, -5.21508, 1.50582, -1.54438, 3.0502, -0.000774675
127.706, -0.06453, 0.000545814, -5.19419, 1.50569, -1.54434, 3.05003, -0.000776045
127.81, -0.0653311, 0.00083003, -5.17237, 1.50556, -1.54429, 3.04985, -0.000777485
127.913, -0.0660334, 0.000384995, -5.15065, 1.50542, -1.54425, 3.04967, -0.000778925
128.016, -0.0660547, -0.000324317, -5.12904, 1.50529, -1.54421, 3.0495, -0.000780367
128.119, -0.0655174, -0.000571532, -5.10753, 1.50515, -1.54416, 3.04932, -0.000781811
128.223, -0.065107, -0.000110694, -5.08613, 1.50502, -1.54412, 3.04914, -0.000783256
128.326, -0.0653693, 0.000588654, -5.06483, 1.50489, -1.54407, 3.04896, -0.000784702
128.429, -0.06617, 0.000827472, -5.04363, 1.50475, -1.54403, 3.04878, -0.00078615
128.532, -0.0668441, 0.000374567, -5.02254, 1.50462, -1.54399, 3.0486, -0.0007876
128.635, -0.0668628, -0.000318139, -5.00155, 1.50448, -1.54394, 3.04843, -0.00078905
128.739, -0.0663447, -0.000573082, -4.98065, 1.50435, -1.5439, 3.04825, -0.000790503
128.842, -0.0659252, -0.000147871, -4.95986, 1.50422, -1.54385, 3.04807, -0.000791956
128.945, -0.0661337, 0.000543052, -4.93917, 1.50408, -1.54381, 3.0479, -0.000793411
129.054, -0.0669381, 0.000835999, -4.91748, 1.50394, -1.54376, 3.04771, -0.000794946
129.163, -0.0676513, 0.000395946, -4.89589, 1.5038, -1.54372, 3.04752, -0.000796483
129.271, -0.0676836, -0.000315544, -4.87442, 1.50366, -1.54367, 3.04734, -0.000798021
129.38, -0.0671522, -0.000567791, -4.85305, 1.50352, -1.54363, 3.04715, -0.00079956
129.489, -0.0667436, -0.000109325, -4.83179, 1.50338, -1.54358, 3.04696, -0.000801102
129.598, -0.0670081, 0.000591525, -4.81064, 1.50325, -1.54353, 3.04678, -0.000802644
129.706, -0.0678138, 0.000833049, -4.7896, 1.50311, -1.54349, 3.04659, -0.000804189
129.815, -0.068495, 0.000381327, -4.76866, 1.50297, -1.54344, 3.04641, -0.000805735
129.924, -0.0685204, -0.00031215, -4.74783, 1.50283, -1.5434, 3.04622, -0.000807282
130.033, -0.0680076, -0.000568579, -4.7271, 1.50269, -1.54335, 3.04604, -0.000808832
130.141, -0.0675921, -0.00014426, -4.70648, 1.50255, -1.5433, 3.04585, -0.000810382
130.25, -0.0678044, 0.000547025, -4.68596, 1.50241, -1.54326, 3.04567, -0.000811935
130.365, -0.0686139, 0.000841567, -4.66444, 1.50227, -1.54321, 3.04548, -0.000813573
130.479, -0.0693337, 0.000402626, -4.64303, 1.50212, -1.54316, 3.04528, -0.000815213
130.594, -0.0693731, -0.000309175, -4.62174, 1.50198, -1.54311, 3.04509, -0.000816855
130.709, -0.0688478, -0.000563226, -4.60056, 1.50183, -1.54306, 3.0449, -0.000818499
130.823, -0.0684432, -0.000106688, -4.57949, 1.50169, -1.54302, 3.0447, -0.000820144
130.938, -0.0687101, 0.000594439, -4.55853, 1.50154, -1.54297, 3.04451, -0.000821791
131.053, -0.0695195, 0.000839378, -4.53769, 1.5014, -1.54292, 3.04432, -0.00082344
131.167, -0.0702085, 0.000391598, -4.51695, 1.50125, -1.54287, 3.04412, -0.000825091
131.282, -0.070245, -0.000302061, -4.49632, 1.50111, -1.54282, 3.04393, -0.000826743
131.401, -0.069721, -0.00056079, -4.47511, 1.50096, -1.54277, 3.04373, -0.000828453
131.519, -0.0693178, -0.000101069, -4.45401, 1.50081, -1.54272, 3.04353, -0.000830166
131.638, -0.0695942, 0.000602889, -4.43303, 1.50066, -1.54267, 3.04334, -0.00083188
131.756, -0.070414, 0.000840397, -4.41216, 1.50051, -1.54262, 3.04314, -0.000833596
131.875, -0.071101, 0.000380235, -4.3914, 1.50036, -1.54257, 3.04294, -0.000835314
131.993, -0.0711239, -0.000314023, -4.37076, 1.50022, -1.54253, 3.04274, -0.000837034
132.112, -0.0706128, -0.000558357, -4.35023, 1.50007, -1.54248, 3.04254, -0.000838755
132.23, -0.0702145, -0.000119832, -4.32981, 1.49992, -1.54243, 3.04235, -0.000840479
132.349, -0.070454, 0.000571496, -4.3095, 1.49977, -1.54238, 3.04215, -0.000842204
132.473, -0.071276, 0.000848589, -4.28837, 1.49962, -1.54232, 3.04194, -0.000844011
132.597, -0.0719933, 0.000401143, -4.26736, 1.49947, -1.54227, 3.04174, -0.00084582
132.721, -0.0720327, -0.000305821, -4.24647, 1.49931, -1.54222, 3.04153, -0.000847631
132.845, -0.0715176, -0.000554599, -4.2257, 1.49916, -1.54217, 3.04133, -0.000849445
132.969, -0.0711238, -0.000100966, -4.20504, 1.49901, -1.54212, 3.04112, -0.00085126
133.093, -0.0713926, 0.000597209, -4.1845, 1.49885, -1.54207, 3.04092, -0.000853077
133.217, -0.0722024, 0.000850926, -4.16408, 1.4987, -1.54201, 3.04071, -0.000854896
133.341, -0.0729063, 0.000418639, -4.14377, 1.49855, -1.54196, 3.04051, -0.000856718
133.465, -0.0729731, -0.000273406, -4.12358, 1.49839, -1.54191, 3.04031, -0.000858541
133.595, -0.0724654, -0.000555261, -4.10256, 1.49824, -1.54186, 3.04009, -0.000860452
133.725, -0.0720574, -0.000109441, -4.08166, 1.49808, -1.5418, 3.03988, -0.000862366
133.855, -0.0723274, 0.000600226, -4.06088, 1.49792, -1.54175, 3.03967, -0.000864282
133.985, -0.0731547, 0.000852584, -4.04023, 1.49776, -1.54169, 3.03945, -0.0008662
134.115, -0.0738619, 0.000400621, -4.0197, 1.4976, -1.54164, 3.03924, -0.00086812
134.244, -0.073905, -0.000297317, -3.99929, 1.49744, -1.54159, 3.03903, -0.000870042
134.374, -0.0734056, -0.000550417, -3.979, 1.49728, -1.54153, 3.03882, -0.000871967
134.504, -0.0730117, -0.000116664, -3.95882, 1.49713, -1.54148, 3.03861, -0.000873894
134.634, -0.0732554, 0.000576795, -3.93877, 1.49697, -1.54143, 3.03839, -0.000875823
134.77, -0.0740873, 0.000859546, -3.9179, 1.4968, -1.54137, 3.03817, -0.000877845
134.906, -0.0748189, 0.000414935, -3.89716, 1.49664, -1.54131, 3.03795, -0.000879869
135.042, -0.0748725, -0.000293416, -3.87655, 1.49647, -1.54126, 3.03773, -0.000881895
135.178, -0.0743687, -0.000545438, -3.85607, 1.49631, -1.5412, 3.03751, -0.000883924
135.314, -0.0739831, -9.39589e-05, -3.83571, 1.49615, -1.54114, 3.03729, -0.000885956
135.45, -0.0742591, 0.000604977, -3.81547, 1.49598, -1.54109, 3.03707, -0.00088799
135.586, -0.0750779, 0.000862361, -3.79536, 1.49582, -1.54103, 3.03685, -0.000890026
135.721, -0.075795, 0.000434059, -3.77536, 1.49566, -1.54098, 3.03663, -0.000892065
135.857, -0.075878, -0.00025795, -3.75549, 1.49549, -1.54092, 3.03641, -0.000894106
136, -0.0753833, -0.000545801, -3.73476, 1.49532, -1.54086, 3.03618, -0.000896251
136.143, -0.0749826, -0.000103997, -3.71416, 1.49515, -1.5408, 3.03596, -0.0008984
136.286, -0.0752586, 0.000607005, -3.69369, 1.49498, -1.54074, 3.03573, -0.000900551
136.428, -0.0760953, 0.000864901, -3.67335, 1.49481, -1.54069, 3.0355, -0.000902705
136.571, -0.0768176, 0.000417982, -3.65314, 1.49464, -1.54063, 3.03527, -0.000904861
136.714, -0.0768791, -0.000280556, -3.63306, 1.49447, -1.54057, 3.03504, -0.000907021
136.857, -0.0763946, -0.000540907, -3.6131, 1.4943, -1.54051, 3.03481, -0.000909182
136.999, -0.0760069, -0.000115195, -3.59327, 1.49413, -1.54045, 3.03459, -0.000911347
137.142, -0.0762504, 0.000578436, -3.57357, 1.49397, -1.54039, 3.03436, -0.000913514
137.292, -0.0770921, 0.000872842, -3.55297, 1.49379, -1.54033, 3.03412, -0.000915797
137.442, -0.0778438, 0.000435371, -3.53251, 1.49361, -1.54027, 3.03388, -0.000918083
137.593, -0.0779186, -0.000275473, -3.51219, 1.49343, -1.54021, 3.03364, -0.000920373
137.743, -0.0774292, -0.000535248, -3.492, 1.49326, -1.54015, 3.03341, -0.000922665
137.893, -0.0770508, -8.90835e-05, -3.47194, 1.49308, -1.54009, 3.03317, -0.00092496
138.043, -0.0773321, 0.000611476, -3.45202, 1.49291, -1.54002, 3.03293, -0.000927257
138.193, -0.0781606, 0.00087605, -3.43223, 1.49273, -1.53996, 3.03269, -0.000929558
138.344, -0.0788948, 0.000454434, -3.41257, 1.49255, -1.5399, 3.03246, -0.000931862
138.494, -0.0789991, -0.000237927, -3.39304, 1.49238, -1.53984, 3.03222, -0.000934169
138.652, -0.0785203, -0.000534727, -3.37259, 1.49219, -1.53978, 3.03197, -0.000936603
138.81, -0.0781274, -9.84036e-05, -3.35229, 1.49201, -1.53971, 3.03172, -0.000939041
138.969, -0.0784099, 0.000614658, -3.33213, 1.49183, -1.53965, 3.03147, -0.000941481
139.127, -0.0792582, 0.000879232, -3.31211, 1.49164, -1.53958, 3.03123, -0.000943925
139.285, -0.0799984, 0.000437569, -3.29223, 1.49146, -1.53952, 3.03098, -0.000946372
139.444, -0.0800804, -0.000261838, -3.27249, 1.49128, -1.53946, 3.03073, -0.000948823
139.602, -0.0796126, -0.000529201, -3.25288, 1.49109, -1.53939, 3.03049, -0.000951276
139.76, -0.0792335, -0.000110917, -3.23341, 1.49091, -1.53933, 3.03024, -0.000953733
139.918, -0.0794799, 0.000582854, -3.21407, 1.49073, -1.53926, 3.02999, -0.000956193
140.086, -0.0803337, 0.000888018, -3.19377, 1.49054, -1.5392, 3.02973, -0.000958798
140.253, -0.081107, 0.00045738, -3.17362, 1.49034, -1.53913, 3.02947, -0.000961406
140.421, -0.0812049, -0.000255509, -3.15362, 1.49015, -1.53906, 3.02921, -0.000964018
140.588, -0.0807326, -0.000522776, -3.13376, 1.48996, -1.53899, 3.02896, -0.000966634
140.755, -0.0803638, -8.24099e-05, -3.11404, 1.48977, -1.53893, 3.0287, -0.000969253
140.923, -0.0806517, 0.000619416, -3.09447, 1.48958, -1.53886, 3.02844, -0.000971876
141.09, -0.0814911, 0.000892155, -3.07504, 1.48939, -1.53879, 3.02818, -0.000974502
141.257, -0.0822453, 0.000479082, -3.05575, 1.4892, -1.53872, 3.02792, -0.000977132
141.425, -0.0823756, -0.000213115, -3.0366, 1.48901, -1.53866, 3.02767, -0.000979765
141.602, -0.0819173, -0.000521508, -3.0165, 1.48881, -1.53859, 3.02739, -0.000982554
141.779, -0.0815326, -9.45819e-05, -2.99655, 1.48861, -1.53851, 3.02712, -0.000985348
141.956, -0.0818188, 0.000620289, -2.97675, 1.48841, -1.53844, 3.02685, -0.000988145
142.133, -0.0826778, 0.000896923, -2.9571, 1.48821, -1.53837, 3.02658, -0.000990946
142.31, -0.0834419, 0.000466923, -2.93761, 1.48801, -1.5383, 3.02631, -0.000993751
142.487, -0.0835551, -0.000233279, -2.91826, 1.48781, -1.53823, 3.02604, -0.000996561
142.671, -0.0830914, -0.000512592, -2.89834, 1.48761, -1.53816, 3.02576, -0.000999479
142.854, -0.0827308, -6.44868e-05, -2.87859, 1.4874, -1.53808, 3.02548, -0.0010024
143.038, -0.083047, 0.000644783, -2.85899, 1.4872, -1.53801, 3.02521, -0.00100533
143.222, -0.0839174, 0.000899977, -2.83954, 1.48699, -1.53794, 3.02493, -0.00100826
143.405, -0.0846731, 0.000456504, -2.82024, 1.48679, -1.53786, 3.02465, -0.00101119
143.589, -0.0847761, -0.00023896, -2.8011, 1.48658, -1.53779, 3.02437, -0.00101413
143.779, -0.0843162, -0.000505209, -2.78143, 1.48637, -1.53772, 3.02409, -0.00101718
143.969, -0.0839688, -5.29929e-05, -2.76191, 1.48616, -1.53764, 3.0238, -0.00102024
144.16, -0.084293, 0.000652047, -2.74255, 1.48595, -1.53756, 3.02351, -0.0010233
144.35, -0.0851646, 0.000906901, -2.72335, 1.48574, -1.53749, 3.02323, -0.00102636
144.54, -0.0859259, 0.000470473, -2.70431, 1.48553, -1.53741, 3.02294, -0.00102943
144.73, -0.086045, -0.000222264, -2.68542, 1.48532, -1.53734, 3.02266, -0.0010325
144.929, -0.085596, -0.000500591, -2.66584, 1.4851, -1.53726, 3.02236, -0.00103572
145.128, -0.0852478, -5.67205e-05, -2.64643, 1.48489, -1.53718, 3.02207, -0.00103894
145.327, -0.0855688, 0.000650789, -2.62719, 1.48467, -1.5371, 3.02177, -0.00104216
145.526, -0.0864444, 0.000915164, -2.6081, 1.48445, -1.53702, 3.02148, -0.00104539
145.724, -0.0872188, 0.000485957, -2.58918, 1.48423, -1.53695, 3.02118, -0.00104863
145.923, -0.087354, -0.000208072, -2.57041, 1.48402, -1.53687, 3.02089, -0.00105187
146.131, -0.0869147, -0.000494743, -2.55092, 1.48379, -1.53679, 3.02058, -0.00105526
146.339, -0.086569, -5.51932e-05, -2.53161, 1.48357, -1.5367, 3.02027, -0.00105867
146.548, -0.0868928, 0.000654415, -2.51246, 1.48334, -1.53662, 3.01996, -0.00106208
146.756, -0.0877757, 0.000923017, -2.49348, 1.48312, -1.53654, 3.01966, -0.00106549
146.964, -0.0885605, 0.000495765, -2.47467, 1.48289, -1.53646, 3.01935, -0.00106891
147.172, -0.0887056, -0.00019913, -2.45602, 1.48267, -1.53638, 3.01904, -0.00107234
147.39, -0.0882746, -0.000487587, -2.43666, 1.48243, -1.53629, 3.01872, -0.00107593
147.608, -0.0879358, -4.90768e-05, -2.41748, 1.4822, -1.53621, 3.01841, -0.00107953
147.826, -0.088266, 0.000660898, -2.39848, 1.48197, -1.53612, 3.01809, -0.00108313
148.044, -0.0891561, 0.00093124, -2.37965, 1.48173, -1.53604, 3.01777, -0.00108674
148.262, -0.0899499, 0.000506096, -2.36098, 1.4815, -1.53595, 3.01745, -0.00109036
148.48, -0.0901059, -0.000188491, -2.34249, 1.48127, -1.53587, 3.01714, -0.00109398
148.709, -0.0896846, -0.000479991, -2.32327, 1.48103, -1.53578, 3.0168, -0.00109779
148.938, -0.0893524, -4.38427e-05, -2.30424, 1.48078, -1.53569, 3.01647, -0.0011016
149.166, -0.0896879, 0.00066659, -2.28538, 1.48054, -1.5356, 3.01614, -0.00110542
149.395, -0.0905848, 0.000940356, -2.2667, 1.4803, -1.53551, 3.01581, -0.00110924
149.624, -0.0913894, 0.000519079, -2.2482, 1.48006, -1.53542, 3.01548, -0.00111307
149.852, -0.0915591, -0.00017522, -2.22988, 1.47982, -1.53533, 3.01515, -0.00111691
150.093, -0.0911489, -0.00047191, -2.21079, 1.47957, -1.53524, 3.01481, -0.00112095
150.333, -0.0908228, -3.92852e-05, -2.19189, 1.47931, -1.53515, 3.01446, -0.001125
150.574, -0.0911633, 0.000672113, -2.17318, 1.47906, -1.53505, 3.01412, -0.00112906
150.814, -0.0920679, 0.000950276, -2.15466, 1.47881, -1.53496, 3.01377, -0.00113312
151.055, -0.0928846, 0.000533158, -2.13631, 1.47856, -1.53487, 3.01343, -0.00113719
151.295, -0.093069, -0.000161095, -2.11815, 1.47831, -1.53478, 3.01309, -0.00114127
151.549, -0.0926708, -0.000463005, -2.0992, 1.47805, -1.53468, 3.01273, -0.00114557
151.802, -0.0923518, -3.3823e-05, -2.08044, 1.47779, -1.53458, 3.01237, -0.00114989
152.056, -0.0926981, 0.000678554, -2.06188, 1.47753, -1.53448, 3.01201, -0.00115421
152.309, -0.0936113, 0.000960987, -2.04351, 1.47726, -1.53439, 3.01165, -0.00115853
152.563, -0.0944409, 0.000547936, -2.02533, 1.477, -1.53429, 3.01129, -0.00116287
152.816, -0.0946408, -0.000146176, -2.00734, 1.47674, -1.53419, 3.01094, -0.00116721
153.084, -0.0942556, -0.000453159, -1.98853, 1.47647, -1.53409, 3.01056, -0.00117181
153.352, -0.0939447, -2.7435e-05, -1.96992, 1.4762, -1.53399, 3.01018, -0.00117642
153.619, -0.0942978, 0.000685828, -1.95152, 1.47592, -1.53389, 3.00981, -0.00118103
153.887, -0.0952203, 0.000972659, -1.93331, 1.47565, -1.53378, 3.00944, -0.00118565
154.155, -0.0960638, 0.000564055, -1.9153, 1.47538, -1.53368, 3.00906, -0.00119028
154.423, -0.0962806, -0.000129734, -1.89749, 1.47511, -1.53358, 3.00869, -0.00119492
154.706, -0.0959105, -0.000442415, -1.87886, 1.47482, -1.53347, 3.00829, -0.00119984
154.989, -0.0956078, -2.28453e-05, -1.86044, 1.47454, -1.53337, 3.0079, -0.00120476
155.272, -0.0959644, 0.000690579, -1.84223, 1.47425, -1.53326, 3.00751, -0.0012097
155.555, -0.0968937, 0.00098594, -1.82423, 1.47397, -1.53315, 3.00712, -0.00121464
155.838, -0.0977543, 0.00058759, -1.80643, 1.47368, -1.53304, 3.00673, -0.00121959
156.122, -0.0979961, -0.000105151, -1.78883, 1.4734, -1.53294, 3.00634, -0.00122456
156.421, -0.0976473, -0.000431144, -1.77043, 1.4731, -1.53283, 3.00593, -0.00122982
156.721, -0.0973484, -2.76147e-05, -1.75224, 1.4728, -1.53271, 3.00552, -0.00123509
157.02, -0.0976965, 0.000685416, -1.73427, 1.47251, -1.5326, 3.00511, -0.00124037
157.32, -0.0986256, 0.00100131, -1.71652, 1.47221, -1.53249, 3.0047, -0.00124566
157.619, -0.099511, 0.00062723, -1.69897, 1.47191, -1.53238, 3.00429, -0.00125096
157.919, -0.0997955, -6.31684e-05, -1.68164, 1.47162, -1.53226, 3.00388, -0.00125627
158.235, -0.0994802, -0.00041869, -1.66353, 1.47131, -1.53214, 3.00345, -0.0012619
158.552, -0.0991759, -5.19258e-05, -1.64565, 1.471, -1.53203, 3.00302, -0.00126753
158.868, -0.0994904, 0.000658358, -1.628, 1.47069, -1.53191, 3.00259, -0.00127318
159.185, -0.100403, 0.00101714, -1.61056, 1.47038, -1.53179, 3.00217, -0.00127884
159.501, -0.101325, 0.000694954, -1.59334, 1.47007, -1.53167, 3.00174, -0.00128451
159.818, -0.101684, 1.22193e-05, -1.57633, 1.46976, -1.53155, 3.00131, -0.0012902
160.152, -0.101427, -0.000399993, -1.55862, 1.46944, -1.53143, 3.00087, -0.0012962
160.485, -0.101105, -0.000108857, -1.54115, 1.46911, -1.53131, 3.00042, -0.00130222
160.819, -0.101342, 0.000588175, -1.5239, 1.46879, -1.53118, 2.99997, -0.00130825
161.153, -0.102204, 0.00102346, -1.50688, 1.46847, -1.53106, 2.99953, -0.00131429
161.486, -0.103173, 0.000803456, -1.49007, 1.46815, -1.53094, 2.99909, -0.00132034
161.838, -0.103664, 0.000112805, -1.47262, 1.46781, -1.53081, 2.99862, -0.00132673
162.189, -0.103487, -0.000365697, -1.4554, 1.46748, -1.53068, 2.99815, -0.00133313
162.54, -0.103152, -0.000178179, -1.43841, 1.46714, -1.53055, 2.99769, -0.00133954
162.908, -0.103311, 0.000516721, -1.42087, 1.46679, -1.53041, 2.99721, -0.00134627
163.276, -0.104158, 0.00102554, -1.40358, 1.46644, -1.53028, 2.99672, -0.00135302
163.643, -0.105187, 0.000862518, -1.38654, 1.46609, -1.53015, 2.99624, -0.00135978
164.027, -0.105755, 0.000175264, -1.36901, 1.46573, -1.53001, 2.99574, -0.00136685
164.41, -0.105625, -0.000337144, -1.35174, 1.46537, -1.52987, 2.99524, -0.00137393
164.794, -0.105299, -0.000174651, -1.33472, 1.46501, -1.52973, 2.99474, -0.00138103
165.193, -0.105461, 0.000519596, -1.31726, 1.46464, -1.52958, 2.99422, -0.00138844
165.593, -0.106324, 0.00104312, -1.30006, 1.46426, -1.52944, 2.9937, -0.00139587
165.992, -0.107384, 0.000890601, -1.28312, 1.46389, -1.52929, 2.99318, -0.00140332
166.408, -0.107984, 0.000204401, -1.26576, 1.4635, -1.52914, 2.99264, -0.00141109
166.824, -0.107882, -0.000312905, -1.24867, 1.46312, -1.52899, 2.99211, -0.00141888
167.24, -0.107578, -0.000154934, -1.23184, 1.46273, -1.52884, 2.99157, -0.00142668
167.673, -0.107761, 0.000539053, -1.21459, 1.46234, -1.52868, 2.99102, -0.00143484
168.106, -0.108645, 0.00106628, -1.19761, 1.46194, -1.52853, 2.99047, -0.00144302
168.54, -0.10973, 0.00091931, -1.18091, 1.46154, -1.52837, 2.98991, -0.00145122
168.992, -0.110363, 0.000235003, -1.16376, 1.46113, -1.52821, 2.98934, -0.00145979
169.444, -0.110292, -0.000285177, -1.14691, 1.46071, -1.52805, 2.98876, -0.00146839
169.896, -0.110014, -0.000132871, -1.13034, 1.4603, -1.52789, 2.98819, -0.00147701
170.369, -0.110219, 0.000560186, -1.11331, 1.45987, -1.52772, 2.98759, -0.00148605
170.842, -0.111127, 0.00109254, -1.09657, 1.45945, -1.52755, 2.987, -0.00149511
171.314, -0.112242, 0.00095379, -1.08012, 1.45902, -1.52738, 2.98641, -0.00150419
171.809, -0.112914, 0.000272139, -1.06321, 1.45858, -1.52721, 2.98579, -0.00151372
172.304, -0.112879, -0.000252403, -1.0466, 1.45813, -1.52703, 2.98517, -0.00152328
172.799, -0.112632, -0.000107722, -1.03029, 1.45769, -1.52686, 2.98455, -0.00153287
173.319, -0.112862, 0.000584124, -1.01349, 1.45723, -1.52668, 2.98391, -0.00154296
173.838, -0.113797, 0.00112305, -0.997008, 1.45677, -1.52649, 2.98326, -0.00155308
174.358, -0.114947, 0.000994328, -0.980832, 1.45631, -1.52631, 2.98262, -0.00156322
174.904, -0.115665, 0.000315994, -0.964157, 1.45583, -1.52612, 2.98195, -0.00157392
175.45, -0.115675, -0.000213608, -0.94781, 1.45535, -1.52593, 2.98128, -0.00158464
175.996, -0.115463, -7.77609e-05, -0.931782, 1.45487, -1.52574, 2.98061, -0.00159539
176.571, -0.115723, 0.000612641, -0.915227, 1.45436, -1.52554, 2.9799, -0.00160676
177.147, -0.116691, 0.00115921, -0.899012, 1.45386, -1.52534, 2.9792, -0.00161816
177.722, -0.117882, 0.00104229, -0.883128, 1.45336, -1.52514, 2.9785, -0.0016296
178.329, -0.118655, 0.000368799, -0.866722, 1.45284, -1.52493, 2.97777, -0.00164169
178.936, -0.118717, -0.000166625, -0.850668, 1.45231, -1.52472, 2.97704, -0.00165383
179.543, -0.118548, -4.26427e-05, -0.834957, 1.45179, -1.52451, 2.97631, -0.001666
180.183, -0.11884, 0.000640924, -0.81876, 1.45124, -1.5243, 2.97554, -0.00167887
180.823, -0.119835, 0.00119894, -0.802925, 1.4507, -1.52408, 2.97477, -0.00169178
181.463, -0.12107, 0.00110879, -0.787443, 1.45015, -1.52386, 2.97401, -0.00170473
182.139, -0.121919, 0.000452709, -0.771451, 1.44958, -1.52363, 2.97321, -0.00171846
182.815, -0.122062, -9.97109e-05, -0.755833, 1.44901, -1.5234, 2.9724, -0.00173224
183.492, -0.121942, -1.81091e-05, -0.74058, 1.44844, -1.52317, 2.97161, -0.00174606
184.205, -0.122237, 0.000639098, -0.724882, 1.44784, -1.52293, 2.97077, -0.00176068
184.918, -0.123228, 0.00122908, -0.709567, 1.44724, -1.52269, 2.96993, -0.00177535
185.631, -0.124509, 0.00121339, -0.694625, 1.44664, -1.52245, 2.96909, -0.00179006
186.384, -0.125483, 0.000608195, -0.679234, 1.44602, -1.5222, 2.96822, -0.00180566
187.138, -0.125768, 1.42428e-05, -0.664236, 1.44539, -1.52195, 2.96734, -0.00182131
187.891, -0.125711, -1.45152e-05, -0.64962, 1.44477, -1.5217, 2.96647, -0.00183701
188.684, -0.125954, 0.000563423, -0.634636, 1.44412, -1.52143, 2.96555, -0.0018536
189.477, -0.126857, 0.00121033, -0.620051, 1.44347, -1.52117, 2.96464, -0.00187024
190.27, -0.128158, 0.0013604, -0.605851, 1.44282, -1.52091, 2.96373, -0.00188694
191.107, -0.129327, 0.000890432, -0.591265, 1.44214, -1.52063, 2.96277, -0.00190464
191.944, -0.129871, 0.000245868, -0.577084, 1.44146, -1.52036, 2.96182, -0.00192239
192.84, -0.129943, 8.31334e-06, -0.562342, 1.44074, -1.52007, 2.9608, -0.00194147
193.736, -0.130114, 0.000430757, -0.548033, 1.44002, -1.51977, 2.95979, -0.00196061
194.663, -0.130902, 0.00113389, -0.533672, 1.43927, -1.51947, 2.95875, -0.00198048
195.66, -0.132334, 0.00148285, -0.518705, 1.43848, -1.51915, 2.95763, -0.00200195
196.657, -0.13372, 0.00113302, -0.504222, 1.43768, -1.51883, 2.95651, -0.0020235
197.654, -0.134515, 0.000471523, -0.490204, 1.43689, -1.51851, 2.9554, -0.00204514
198.737, -0.134763, 0.000112817, -0.475478, 1.43604, -1.51816, 2.9542, -0.00206874
199.82, -0.134994, 0.000450157, -0.461262, 1.43519, -1.51782, 2.953, -0.00209245
200.904, -0.135773, 0.00114592, -0.447534, 1.43434, -1.51747, 2.95181, -0.00211625
202.076, -0.137243, 0.00160541, -0.433218, 1.43342, -1.5171, 2.95053, -0.0021421
203.247, -0.138794, 0.00139394, -0.419428, 1.43251, -1.51674, 2.94925, -0.00216805
204.483, -0.139893, 0.000738195, -0.405426, 1.43156, -1.51635, 2.94791, -0.00219556
205.719, -0.14036, 0.000292358, -0.391961, 1.43061, -1.51596, 2.94657, -0.00222318
206.955, -0.140662, 0.00044793, -0.37901, 1.42966, -1.51558, 2.94524, -0.00225092
208.346, -0.141458, 0.00113843, -0.365029, 1.4286, -1.51515, 2.94374, -0.00228227
209.736, -0.142918, 0.00172517, -0.35164, 1.42754, -1.51472, 2.94226, -0.00231376
211.127, -0.144629, 0.00173463, -0.338816, 1.42648, -1.5143, 2.94078, -0.0023454
212.675, -0.146154, 0.00117092, -0.325166, 1.42532, -1.51382, 2.93914, -0.00238079
214.224, -0.147005, 0.00060961, -0.312147, 1.42415, -1.51336, 2.93751, -0.00241636
215.772, -0.147513, 0.000567756, -0.299726, 1.423, -1.51289, 2.93589, -0.0024521
217.468, -0.148315, 0.00112598, -0.286772, 1.42173, -1.51238, 2.93411, -0.00249143
219.164, -0.149725, 0.00181464, -0.27446, 1.42048, -1.51188, 2.93235, -0.00253095
221.014, -0.151723, 0.0021115, -0.261726, 1.41911, -1.51133, 2.93044, -0.00257427
222.863, -0.15361, 0.00179834, -0.24967, 1.41775, -1.51079, 2.92854, -0.0026178
224.88, -0.155077, 0.00119256, -0.237243, 1.41628, -1.5102, 2.92647, -0.00266553
227.1, -0.156092, 0.000897801, -0.224382, 1.41466, -1.50955, 2.92421, -0.00271836
229.321, -0.157089, 0.00126217, -0.212319, 1.41305, -1.50892, 2.92196, -0.00277149
231.714, -0.1587, 0.00202588, -0.200149, 1.41132, -1.50823, 2.91955, -0.00282906
234.29, -0.161048, 0.00259224, -0.187939, 1.40947, -1.5075, 2.91697, -0.00289138
236.866, -0.163508, 0.00255373, -0.176581, 1.40763, -1.50678, 2.91441, -0.00295406
239.789, -0.16582, 0.00204932, -0.164644, 1.40554, -1.50597, 2.91151, -0.00302557
242.841, -0.16758, 0.00165278, -0.153159, 1.40338, -1.50513, 2.9085, -0.00310071
245.894, -0.16909, 0.00179796, -0.142589, 1.40122, -1.50429, 2.90552, -0.00317628
249.493, -0.171186, 0.00253593, -0.131189, 1.39869, -1.50332, 2.90201, -0.00326591
253.254, -0.17399, 0.00337595, -0.12039, 1.39605, -1.50232, 2.89837, -0.0033601
257.344, -0.177421, 0.00383146, -0.10979, 1.39319, -1.50124, 2.89444, -0.00346315
261.816, -0.180998, 0.00375699, -0.0994149, 1.39008, -1.50008, 2.89016, -0.00357644
266.772, -0.184369, 0.00348004, -0.0892132, 1.38664, -1.49882, 2.88545, -0.00370271
272.375, -0.187627, 0.00354706, -0.0791052, 1.38275, -1.49741, 2.88016, -0.00384623
278.253, -0.190978, 0.00423257, -0.0698969, 1.37868, -1.49595, 2.87464, -0.00399747
285.276, -0.195391, 0.00550711, -0.0604738, 1.37383, -1.49425, 2.86808, -0.00417893
293.263, -0.200937, 0.00693591, -0.0514923, 1.3683, -1.49235, 2.86065, -0.00438589
302.511, -0.207537, 0.00821196, -0.0429567, 1.36188, -1.49022, 2.85209, -0.00462586
314.356, -0.215586, 0.0095144, -0.0343103, 1.35361, -1.48756, 2.84117, -0.00493268
328.118, -0.224169, 0.0112411, -0.0266843, 1.3439, -1.48458, 2.82849, -0.00528691
343.432, -0.233057, 0.0138606, -0.0204075, 1.33294, -1.4814, 2.81434, -0.00567594
361.727, -0.243138, 0.0179101, -0.0150349, 1.31955, -1.47777, 2.79732, -0.00613006
384.871, -0.255176, 0.0240486, -0.0104362, 1.30206, -1.47341, 2.77547, -0.00668178
414.408, -0.269154, 0.0328865, -0.00676102, 1.27862, -1.46822, 2.74684, -0.00733742
452.616, -0.284578, 0.0451502, -0.00404572, 1.24597, -1.46204, 2.70801, -0.00808335
503.845, -0.300687, 0.0618556, -0.00219328, 1.19696, -1.45458, 2.65154, -0.00886363
569.481, -0.31515, 0.0822928, -0.00112135, 1.1225, -1.44624, 2.56873, -0.00944547
661.698, -0.327629, 0.108257, -0.000526932, 0.986112, -1.43642, 2.42254, -0.00948228
801.417, -0.336202, 0.142195, -0.000229897, 0.667021, -1.42504, 2.09206, -0.00853021
940.444, -0.336281, 0.165216, -0.000110022, 0.176379, -1.41713, 1.59351, -0.00871395
1079.47, -0.333465, 0.170675, -4.1476e-05, -0.339454, -1.41211, 1.07266, -0.0137414
1218.5, -0.332194, 0.169434, -1.58639e-05, -0.689372, -1.40964, 0.72027, -0.0270003
1392.42, -0.331473, 0.167812, -7.02335e-06, -0.930913, -1.40977, 0.478852, -0.0562439
1635.84, -0.331201, 0.167397, 3.67486e-07, -1.0976, -1.41525, 0.317651, -0.108982
1896.35, -0.331455, 0.167475, 1.86199e-07, -1.18393, -1.42692, 0.242998, -0.152091
2283.38, -0.331845, 0.167533, 1.48809e-07, -1.23332, -1.45228, 0.21896, -0.149082
