60, 0.0670599, -0.0579495, -9.65664, -1.49141, 1.43657, -2.92798, -0.00187601
60, 0.067061, -0.0579497, -9.65664, -1.49141, 1.43657, -2.92798, -0.00187601
60, 0.067066, -0.0579508, -9.65664, -1.49141, 1.43657, -2.92798, -0.00187601
60, 0.0670887, -0.0579556, -9.65663, -1.49141, 1.43657, -2.92798, -0.00187601
60.0001, 0.067191, -0.0579773, -9.65661, -1.49141, 1.43657, -2.92798, -0.00187601
60.0005, 0.0676514, -0.0580727, -9.65651, -1.49141, 1.43658, -2.92798, -0.00187602
60.0024, 0.0697322, -0.0584565, -9.65606, -1.49141, 1.43658, -2.92799, -0.00187607
60.0107, 0.0792111, -0.0592514, -9.65406, -1.49141, 1.4366, -2.92801, -0.00187631
60.0325, 0.103513, -0.0540878, -9.64877, -1.49142, 1.43664, -2.92807, -0.00187693
60.0544, 0.123496, -0.0394302, -9.6435, -1.49143, 1.43669, -2.92812, -0.00187754
60.0762, 0.135704, -0.0179511, -9.63822, -1.49145, 1.43673, -2.92818, -0.00187816
60.0995, 0.137907, 0.00823737, -9.63259, -1.49146, 1.43678, -2.92823, -0.00187882
60.1228, 0.12859, 0.032822, -9.62697, -1.49147, 1.43683, -2.92829, -0.00187948
60.1461, 0.109509, 0.0509938, -9.62135, -1.49148, 1.43687, -2.92835, -0.00188014
60.1694, 0.0843767, 0.0590823, -9.61574, -1.49149, 1.43692, -2.92841, -0.0018808
60.1927, 0.0582327, 0.0554131, -9.61012, -1.4915, 1.43697, -2.92847, -0.00188146
60.216, 0.036341, 0.0407773, -9.60451, -1.49151, 1.43702, -2.92853, -0.00188212
60.2393, 0.0229828, 0.0181917, -9.5989, -1.49152, 1.43706, -2.92859, -0.00188278
60.2626, 0.0206544, -0.00788174, -9.5933, -1.49153, 1.43711, -2.92864, -0.00188344
60.2859, 0.0297623, -0.0324229, -9.58769, -1.49154, 1.43716, -2.9287, -0.0018841
60.3093, 0.0485976, -0.0506715, -9.5821, -1.49156, 1.43721, -2.92876, -0.00188476
60.3326, 0.0735251, -0.0589735, -9.5765, -1.49157, 1.43725, -2.92882, -0.00188542
60.3559, 0.0995831, -0.0556243, -9.57091, -1.49158, 1.4373, -2.92888, -0.00188608
60.3792, 0.121561, -0.0413422, -9.56532, -1.49159, 1.43735, -2.92894, -0.00188674
60.4025, 0.135186, -0.019051, -9.55973, -1.4916, 1.4374, -2.929, -0.0018874
60.4258, 0.137925, 0.0068749, -9.55414, -1.49161, 1.43744, -2.92905, -0.00188806
60.4491, 0.129295, 0.0314824, -9.54856, -1.49162, 1.43749, -2.92911, -0.00188872
60.4724, 0.110898, 0.0500415, -9.54298, -1.49163, 1.43754, -2.92917, -0.00188938
60.4957, 0.0862447, 0.0588716, -9.53741, -1.49164, 1.43759, -2.92923, -0.00189004
60.519, 0.0601941, 0.0561748, -9.53183, -1.49166, 1.43763, -2.92929, -0.0018907
60.5423, 0.037912, 0.042529, -9.52626, -1.49167, 1.43768, -2.92935, -0.00189136
60.5656, 0.0237014, 0.0207125, -9.5207, -1.49168, 1.43773, -2.92941, -0.00189202
60.5889, 0.0201863, -0.00501752, -9.51513, -1.49169, 1.43777, -2.92946, -0.00189268
60.6122, 0.0279815, -0.0297811, -9.50957, -1.4917, 1.43782, -2.92952, -0.00189334
60.6355, 0.0456491, -0.048864, -9.50401, -1.49171, 1.43787, -2.92958, -0.001894
60.6588, 0.0698491, -0.0585225, -9.49846, -1.49172, 1.43792, -2.92964, -0.00189467
60.6821, 0.0958557, -0.0568079, -9.49291, -1.49173, 1.43796, -2.9297, -0.00189533
60.7054, 0.118545, -0.0440916, -9.48736, -1.49174, 1.43801, -2.92976, -0.00189599
60.7287, 0.133552, -0.0229511, -9.48181, -1.49176, 1.43806, -2.92981, -0.00189665
60.752, 0.138112, 0.00250677, -9.47627, -1.49177, 1.4381, -2.92987, -0.00189731
60.7753, 0.131424, 0.027486, -9.47073, -1.49178, 1.43815, -2.92993, -0.00189797
60.7986, 0.114706, 0.0472788, -9.46519, -1.49179, 1.4382, -2.92999, -0.00189864
60.8219, 0.0910786, 0.0580479, -9.45966, -1.4918, 1.43825, -2.93005, -0.0018993
60.8453, 0.0651004, 0.0576415, -9.45412, -1.49181, 1.43829, -2.9301, -0.00189996
60.8686, 0.041848, 0.0461614, -9.44859, -1.49182, 1.43834, -2.93016, -0.00190062
60.8919, 0.0257725, 0.0259265, -9.44307, -1.49183, 1.43839, -2.93022, -0.00190128
60.9152, 0.0198226, 0.000855756, -9.43755, -1.49185, 1.43843, -2.93028, -0.00190195
60.9385, 0.0250401, -0.0243553, -9.43203, -1.49186, 1.43848, -2.93034, -0.00190261
60.9618, 0.0404754, -0.0450036, -9.42651, -1.49187, 1.43853, -2.9304, -0.00190327
60.9851, 0.0632817, -0.057137, -9.421, -1.49188, 1.43857, -2.93045, -0.00190393
61.0084, 0.0891065, -0.0583579, -9.41548, -1.49189, 1.43862, -2.93051, -0.0019046
61.0317, 0.112939, -0.0484378, -9.40998, -1.4919, 1.43867, -2.93057, -0.00190526
61.055, 0.130229, -0.0293756, -9.40447, -1.49191, 1.43871, -2.93063, -0.00190592
61.0783, 0.137805, -0.00485625, -9.39897, -1.49192, 1.43876, -2.93069, -0.00190659
61.1016, 0.134337, 0.0205494, -9.39347, -1.49194, 1.43881, -2.93074, -0.00190725
61.1249, 0.120451, 0.042149, -9.38797, -1.49195, 1.43886, -2.9308, -0.00190791
61.1482, 0.0986723, 0.0558642, -9.38248, -1.49196, 1.4389, -2.93086, -0.00190857
61.1715, 0.0730962, 0.0590184, -9.37699, -1.49197, 1.43895, -2.93092, -0.00190924
61.1948, 0.0486372, 0.0509971, -9.3715, -1.49198, 1.439, -2.93098, -0.0019099
61.2181, 0.029947, 0.0334147, -9.36601, -1.49199, 1.43904, -2.93103, -0.00191056
61.2414, 0.0204486, 0.00966838, -9.36053, -1.492, 1.43909, -2.93109, -0.00191123
61.2647, 0.0218045, -0.0158287, -9.35505, -1.49201, 1.43914, -2.93115, -0.00191189
61.288, 0.0337577, -0.0384103, -9.34958, -1.49203, 1.43918, -2.93121, -0.00191256
61.3113, 0.0541621, -0.0538734, -9.3441, -1.49204, 1.43923, -2.93127, -0.00191322
61.3346, 0.0792322, -0.0592428, -9.33863, -1.49205, 1.43928, -2.93132, -0.00191388
61.358, 0.104196, -0.05347, -9.33317, -1.49206, 1.43932, -2.93138, -0.00191455
61.3813, 0.124319, -0.0377177, -9.3277, -1.49207, 1.43937, -2.93144, -0.00191521
61.4046, 0.135907, -0.0150315, -9.32224, -1.49208, 1.43941, -2.9315, -0.00191588
61.4288, 0.136739, 0.0113864, -9.31656, -1.49209, 1.43946, -2.93156, -0.00191657
61.453, 0.126016, 0.0355636, -9.31089, -1.49211, 1.43951, -2.93162, -0.00191726
61.4773, 0.10579, 0.0527004, -9.30522, -1.49212, 1.43956, -2.93168, -0.00191795
61.5015, 0.0800601, 0.05928, -9.29955, -1.49213, 1.43961, -2.93174, -0.00191864
61.5257, 0.0540602, 0.0539258, -9.29389, -1.49214, 1.43966, -2.9318, -0.00191933
61.55, 0.033073, 0.0377949, -9.28823, -1.49215, 1.4397, -2.93186, -0.00192002
61.5742, 0.021224, 0.0142299, -9.28257, -1.49216, 1.43975, -2.93192, -0.00192072
61.5985, 0.0207373, -0.012086, -9.27691, -1.49218, 1.4398, -2.93198, -0.00192141
61.6227, 0.0316806, -0.0360333, -9.27126, -1.49219, 1.43985, -2.93204, -0.0019221
61.6469, 0.051971, -0.0528943, -9.26561, -1.4922, 1.4399, -2.9321, -0.00192279
61.6712, 0.0776228, -0.0592351, -9.25997, -1.49221, 1.43995, -2.93216, -0.00192348
61.6954, 0.103455, -0.0537402, -9.25433, -1.49222, 1.43999, -2.93222, -0.00192417
61.7196, 0.12426, -0.0375867, -9.24869, -1.49223, 1.44004, -2.93228, -0.00192487
61.7439, 0.135978, -0.0140926, -9.24305, -1.49225, 1.44009, -2.93234, -0.00192556
61.7681, 0.136426, 0.012113, -9.23742, -1.49226, 1.44014, -2.9324, -0.00192625
61.7924, 0.125539, 0.0359751, -9.23179, -1.49227, 1.44019, -2.93246, -0.00192694
61.8166, 0.105366, 0.0528321, -9.22616, -1.49228, 1.44023, -2.93252, -0.00192764
61.8408, 0.079832, 0.0592804, -9.22054, -1.49229, 1.44028, -2.93258, -0.00192833
61.8651, 0.0540452, 0.0539931, -9.21492, -1.49231, 1.44033, -2.93264, -0.00192902
61.8893, 0.0331583, 0.0380946, -9.2093, -1.49232, 1.44038, -2.9327, -0.00192971
61.9135, 0.0212103, 0.0148263, -9.20369, -1.49233, 1.44043, -2.93276, -0.00193041
61.9378, 0.0204078, -0.0112613, -9.19808, -1.49234, 1.44047, -2.93281, -0.0019311
61.962, 0.030875, -0.0351777, -9.19247, -1.49235, 1.44052, -2.93287, -0.00193179
61.9863, 0.0506543, -0.0522944, -9.18686, -1.49236, 1.44057, -2.93293, -0.00193249
62.0105, 0.0759313, -0.0591886, -9.18126, -1.49238, 1.44062, -2.93299, -0.00193318
62.0347, 0.10169, -0.0544533, -9.17566, -1.49239, 1.44067, -2.93305, -0.00193387
62.059, 0.122818, -0.0390896, -9.17007, -1.4924, 1.44071, -2.93311, -0.00193457
62.0832, 0.135251, -0.0162107, -9.16448, -1.49241, 1.44076, -2.93317, -0.00193526
62.1074, 0.136703, 0.00973841, -9.15889, -1.49242, 1.44081, -2.93323, -0.00193595
62.1317, 0.126927, 0.0338338, -9.1533, -1.49244, 1.44086, -2.93329, -0.00193665
62.1559, 0.107731, 0.0514591, -9.14772, -1.49245, 1.4409, -2.93335, -0.00193734
62.1802, 0.0827721, 0.0591274, -9.14214, -1.49246, 1.44095, -2.93341, -0.00193804
62.2044, 0.0569501, 0.0552863, -9.13656, -1.49247, 1.441, -2.93347, -0.00193873
62.2286, 0.0353489, 0.040746, -9.13099, -1.49248, 1.44105, -2.93353, -0.00193942
62.2529, 0.0220978, 0.0184381, -9.12542, -1.4925, 1.44109, -2.93359, -0.00194012
62.2771, 0.0196175, -0.00732595, -9.11985, -1.49251, 1.44114, -2.93365, -0.00194081
62.3013, 0.0283316, -0.031695, -9.11429, -1.49252, 1.44119, -2.93371, -0.00194151
62.3256, 0.046641, -0.0500503, -9.10873, -1.49253, 1.44124, -2.93377, -0.0019422
62.3498, 0.0710948, -0.0588034, -9.10317, -1.49254, 1.44129, -2.93383, -0.0019429
62.374, 0.0969383, -0.0561983, -9.09762, -1.49255, 1.44133, -2.93389, -0.00194359
62.3983, 0.119115, -0.0427869, -9.09207, -1.49257, 1.44138, -2.93395, -0.00194429
62.4225, 0.133399, -0.0212626, -9.08652, -1.49258, 1.44143, -2.93401, -0.00194498
62.4468, 0.137185, 0.00423143, -9.08097, -1.49259, 1.44148, -2.93407, -0.00194568
62.471, 0.129815, 0.0289286, -9.07543, -1.4926, 1.44152, -2.93412, -0.00194637
62.4952, 0.112625, 0.0481999, -9.06989, -1.49261, 1.44157, -2.93418, -0.00194707
62.5195, 0.0888085, 0.0583262, -9.06436, -1.49263, 1.44162, -2.93424, -0.00194776
62.5437, 0.0629383, 0.0572962, -9.05883, -1.49264, 1.44166, -2.9343, -0.00194846
62.5679, 0.0400339, 0.0453385, -9.0533, -1.49265, 1.44171, -2.93436, -0.00194915
62.5922, 0.024442, 0.0248481, -9.04777, -1.49266, 1.44176, -2.93442, -0.00194985
62.6164, 0.0189956, -0.00024077, -9.04225, -1.49267, 1.44181, -2.93448, -0.00195055
62.6407, 0.0246382, -0.0252657, -9.03673, -1.49269, 1.44185, -2.93454, -0.00195124
62.6649, 0.0403504, -0.0455884, -9.03121, -1.4927, 1.4419, -2.9346, -0.00195194
62.6891, 0.06325, -0.0573417, -9.0257, -1.49271, 1.44195, -2.93466, -0.00195263
62.7134, 0.0889928, -0.0582184, -9.02019, -1.49272, 1.442, -2.93472, -0.00195333
62.7376, 0.112619, -0.0480616, -9.01468, -1.49273, 1.44204, -2.93478, -0.00195403
62.7618, 0.129654, -0.0289022, -9.00917, -1.49275, 1.44209, -2.93484, -0.00195472
62.7861, 0.136999, -0.00441433, -9.00367, -1.49276, 1.44214, -2.9349, -0.00195542
62.8103, 0.133375, 0.0208722, -8.99817, -1.49277, 1.44218, -2.93495, -0.00195612
62.8346, 0.119434, 0.0423206, -8.99268, -1.49278, 1.44223, -2.93501, -0.00195681
62.8588, 0.0976914, 0.0559101, -8.98719, -1.49279, 1.44228, -2.93507, -0.00195751
62.883, 0.0722077, 0.0590083, -8.9817, -1.49281, 1.44233, -2.93513, -0.00195821
62.9073, 0.0478433, 0.0510171, -8.97621, -1.49282, 1.44237, -2.93519, -0.0019589
62.9315, 0.0291966, 0.0335336, -8.97073, -1.49283, 1.44242, -2.93525, -0.0019596
62.9557, 0.0196564, 0.00991181, -8.96525, -1.49284, 1.44247, -2.93531, -0.0019603
62.98, 0.0208795, -0.0154906, -8.95977, -1.49285, 1.44251, -2.93537, -0.001961
63.0042, 0.0326327, -0.0380608, -8.9543, -1.49287, 1.44256, -2.93543, -0.00196169
63.0285, 0.0528222, -0.0536327, -8.94883, -1.49288, 1.44261, -2.93549, -0.00196239
63.0527, 0.0777335, -0.0592357, -8.94336, -1.49289, 1.44265, -2.93554, -0.00196309
63.0769, 0.102663, -0.0537849, -8.9379, -1.4929, 1.4427, -2.9356, -0.00196379
63.1012, 0.122917, -0.0383715, -8.93244, -1.49291, 1.44275, -2.93566, -0.00196448
63.1254, 0.134804, -0.015957, -8.92698, -1.49293, 1.4428, -2.93572, -0.00196518
63.1506, 0.136076, 0.0103697, -8.9213, -1.49294, 1.44284, -2.93578, -0.00196591
63.1759, 0.12582, 0.034666, -8.91562, -1.49295, 1.44289, -2.93584, -0.00196664
63.2011, 0.105989, 0.0521401, -8.90995, -1.49296, 1.44294, -2.93591, -0.00196736
63.2264, 0.0804757, 0.0592317, -8.90428, -1.49298, 1.44299, -2.93597, -0.00196809
63.2516, 0.0544373, 0.0544654, -8.89861, -1.49299, 1.44304, -2.93603, -0.00196882
63.2769, 0.0331393, 0.0388697, -8.89295, -1.493, 1.44309, -2.93609, -0.00196955
63.3021, 0.0207531, 0.015666, -8.88729, -1.49301, 1.44314, -2.93615, -0.00197027
63.3273, 0.0195948, -0.0105512, -8.88163, -1.49303, 1.44318, -2.93621, -0.001971
63.3526, 0.029855, -0.0347095, -8.87598, -1.49304, 1.44323, -2.93627, -0.00197173
63.3778, 0.049593, -0.0520854, -8.87033, -1.49305, 1.44328, -2.93633, -0.00197246
63.4031, 0.0749624, -0.0591691, -8.86468, -1.49306, 1.44333, -2.9364, -0.00197318
63.4283, 0.100875, -0.0544999, -8.85904, -1.49308, 1.44338, -2.93646, -0.00197391
63.4535, 0.122131, -0.0390769, -8.8534, -1.49309, 1.44343, -2.93652, -0.00197464
63.4788, 0.134598, -0.0160597, -8.84776, -1.4931, 1.44348, -2.93658, -0.00197537
63.504, 0.135957, 0.0100315, -8.84213, -1.49311, 1.44352, -2.93664, -0.0019761
63.5293, 0.125979, 0.0341925, -8.8365, -1.49313, 1.44357, -2.9367, -0.00197683
63.5545, 0.106529, 0.0517435, -8.83087, -1.49314, 1.44362, -2.93676, -0.00197755
63.5798, 0.0813552, 0.0591735, -8.82524, -1.49315, 1.44367, -2.93682, -0.00197828
63.605, 0.0554544, 0.0549635, -8.81962, -1.49317, 1.44372, -2.93688, -0.00197901
63.6302, 0.033977, 0.0400093, -8.81401, -1.49318, 1.44377, -2.93694, -0.00197974
63.6555, 0.0210654, 0.0173534, -8.80839, -1.49319, 1.44381, -2.93701, -0.00198047
63.6807, 0.019098, -0.00858606, -8.80278, -1.4932, 1.44386, -2.93707, -0.0019812
63.706, 0.0284086, -0.0328759, -8.79718, -1.49322, 1.44391, -2.93713, -0.00198193
63.7312, 0.047269, -0.0508592, -8.79157, -1.49323, 1.44396, -2.93719, -0.00198266
63.7565, 0.0720797, -0.0589777, -8.78597, -1.49324, 1.44401, -2.93725, -0.00198339
63.7817, 0.0979603, -0.0555863, -8.78038, -1.49325, 1.44406, -2.93731, -0.00198412
63.8069, 0.1198, -0.0414049, -8.77478, -1.49327, 1.4441, -2.93737, -0.00198485
63.8322, 0.133406, -0.0193025, -8.76919, -1.49328, 1.44415, -2.93743, -0.00198558
63.8574, 0.13628, 0.00643605, -8.76361, -1.49329, 1.4442, -2.93749, -0.00198631
63.8827, 0.127925, 0.0309549, -8.75802, -1.4933, 1.44425, -2.93755, -0.00198704
63.9079, 0.109871, 0.0496041, -8.75244, -1.49332, 1.4443, -2.93761, -0.00198777
63.9331, 0.0855166, 0.0587375, -8.74687, -1.49333, 1.44435, -2.93768, -0.0019885
63.9584, 0.0595968, 0.0565217, -8.74129, -1.49334, 1.44439, -2.93774, -0.00198923
63.9836, 0.0371857, 0.0434306, -8.73572, -1.49336, 1.44444, -2.9378, -0.00198996
64.0089, 0.0225605, 0.0221011, -8.73016, -1.49337, 1.44449, -2.93786, -0.00199069
64.0341, 0.0183901, -0.00335005, -8.72459, -1.49338, 1.44454, -2.93792, -0.00199142
64.0594, 0.0253968, -0.0281565, -8.71903, -1.49339, 1.44459, -2.93798, -0.00199215
64.0846, 0.0423034, -0.0476665, -8.71348, -1.49341, 1.44463, -2.93804, -0.00199288
64.1098, 0.0659643, -0.0581159, -8.70792, -1.49342, 1.44468, -2.9381, -0.00199361
64.1351, 0.0918309, -0.0574292, -8.70237, -1.49343, 1.44473, -2.93816, -0.00199434
64.1603, 0.114874, -0.0457663, -8.69683, -1.49344, 1.44478, -2.93822, -0.00199508
64.1856, 0.130708, -0.0254686, -8.69128, -1.49346, 1.44482, -2.93828, -0.00199581
64.2108, 0.136446, -0.00044145, -8.68574, -1.49347, 1.44487, -2.93834, -0.00199654
64.2361, 0.131087, 0.0246576, -8.68021, -1.49348, 1.44492, -2.9384, -0.00199727
64.2613, 0.115598, 0.0451752, -8.67467, -1.4935, 1.44497, -2.93846, -0.001998
64.2865, 0.0928148, 0.0572085, -8.66914, -1.49351, 1.44502, -2.93852, -0.00199873
64.3118, 0.0670546, 0.0583961, -8.66362, -1.49352, 1.44506, -2.93858, -0.00199947
64.337, 0.0432785, 0.0485193, -8.65809, -1.49353, 1.44511, -2.93864, -0.0020002
64.3623, 0.0259918, 0.0295569, -8.65257, -1.49355, 1.44516, -2.93871, -0.00200093
64.3875, 0.0183384, 0.00515192, -8.64706, -1.49356, 1.44521, -2.93877, -0.00200166
64.4127, 0.0216472, -0.0201759, -8.64154, -1.49357, 1.44525, -2.93883, -0.00200239
64.438, 0.0353171, -0.0417817, -8.63603, -1.49358, 1.4453, -2.93889, -0.00200313
64.4632, 0.0568774, -0.0556181, -8.63053, -1.4936, 1.44535, -2.93895, -0.00200386
64.4885, 0.0822985, -0.0590069, -8.62502, -1.49361, 1.4454, -2.93901, -0.00200459
64.5137, 0.106728, -0.0512931, -8.61952, -1.49362, 1.44545, -2.93907, -0.00200532
64.539, 0.125546, -0.0340209, -8.61403, -1.49364, 1.44549, -2.93913, -0.00200606
64.5642, 0.135326, -0.010508, -8.60853, -1.49365, 1.44554, -2.93919, -0.00200679
64.5894, 0.134362, 0.014904, -8.60304, -1.49366, 1.44559, -2.93925, -0.00200752
64.6147, 0.122841, 0.0376008, -8.59756, -1.49367, 1.44564, -2.93931, -0.00200826
64.6399, 0.102808, 0.0533966, -8.59207, -1.49369, 1.44568, -2.93937, -0.00200899
64.6652, 0.0779419, 0.0592815, -8.58659, -1.4937, 1.44573, -2.93943, -0.00200972
64.6904, 0.0529309, 0.0541164, -8.58111, -1.49371, 1.44578, -2.93949, -0.00201046
64.7156, 0.0324805, 0.0389375, -8.57564, -1.49372, 1.44583, -2.93955, -0.00201119
64.7409, 0.0203164, 0.0166643, -8.57017, -1.49374, 1.44587, -2.93961, -0.00201192
64.7661, 0.018556, -0.00859384, -8.5647, -1.49375, 1.44592, -2.93967, -0.00201266
64.7914, 0.0274795, -0.0322872, -8.55924, -1.49376, 1.44597, -2.93973, -0.00201339
64.8166, 0.0455183, -0.050114, -8.55378, -1.49378, 1.44601, -2.93979, -0.00201413
64.8419, 0.0694156, -0.0587366, -8.54832, -1.49379, 1.44606, -2.93985, -0.00201486
64.8671, 0.0947234, -0.0564999, -8.54287, -1.4938, 1.44611, -2.93991, -0.00201559
64.8923, 0.116701, -0.043861, -8.53742, -1.49381, 1.44616, -2.93997, -0.00201633
64.9176, 0.131331, -0.0232565, -8.53197, -1.49383, 1.4462, -2.94003, -0.00201706
64.9428, 0.136056, 0.00150661, -8.52653, -1.49384, 1.44625, -2.94009, -0.0020178
64.9681, 0.130086, 0.0259921, -8.52109, -1.49385, 1.4463, -2.94015, -0.00201853
64.9933, 0.114456, 0.0458187, -8.51565, -1.49387, 1.44635, -2.94021, -0.00201927
65.0186, 0.0919312, 0.057344, -8.51021, -1.49388, 1.44639, -2.94027, -0.00202
65.0438, 0.066631, 0.0583851, -8.50478, -1.49389, 1.44644, -2.94033, -0.00202074
65.069, 0.0432541, 0.0487595, -8.49936, -1.4939, 1.44649, -2.94039, -0.00202147
65.0943, 0.0260728, 0.0303283, -8.49393, -1.49392, 1.44653, -2.94045, -0.00202221
65.1195, 0.0181025, 0.00651031, -8.48851, -1.49393, 1.44658, -2.94051, -0.00202294
65.1448, 0.0206794, -0.0184369, -8.48309, -1.49394, 1.44663, -2.94057, -0.00202368
65.17, 0.0333478, -0.0401049, -8.47768, -1.49396, 1.44667, -2.94063, -0.00202441
65.1952, 0.0539051, -0.0545901, -8.47227, -1.49397, 1.44672, -2.94069, -0.00202515
65.2205, 0.0786594, -0.0591967, -8.46686, -1.49398, 1.44677, -2.94075, -0.00202588
65.2457, 0.103059, -0.05306, -8.46146, -1.49399, 1.44682, -2.94081, -0.00202662
65.271, 0.122641, -0.0373723, -8.45606, -1.49401, 1.44686, -2.94087, -0.00202736
65.2962, 0.133944, -0.015059, -8.45066, -1.49402, 1.44691, -2.94093, -0.00202809
65.323, 0.134782, 0.0113934, -8.44493, -1.49403, 1.44696, -2.94099, -0.00202887
65.3498, 0.124033, 0.0355962, -8.43921, -1.49405, 1.44701, -2.94106, -0.00202965
65.3766, 0.103762, 0.0527308, -8.4335, -1.49406, 1.44706, -2.94112, -0.00203044
65.4033, 0.0779901, 0.0592723, -8.42779, -1.49408, 1.44711, -2.94118, -0.00203122
65.4301, 0.0519741, 0.0538505, -8.42208, -1.49409, 1.44716, -2.94125, -0.002032
65.4569, 0.0310125, 0.0376422, -8.41637, -1.4941, 1.44721, -2.94131, -0.00203278
65.4837, 0.0192332, 0.014015, -8.41067, -1.49412, 1.44726, -2.94137, -0.00203356
65.5105, 0.0188491, -0.0123248, -8.40497, -1.49413, 1.44731, -2.94144, -0.00203434
65.5372, 0.0299066, -0.036242, -8.39928, -1.49414, 1.44736, -2.9415, -0.00203513
65.564, 0.0502936, -0.0530144, -8.39359, -1.49416, 1.44741, -2.94156, -0.00203591
65.5908, 0.0759942, -0.0592204, -8.3879, -1.49417, 1.44746, -2.94163, -0.00203669
65.6176, 0.101807, -0.0535725, -8.38222, -1.49419, 1.44751, -2.94169, -0.00203747
65.6444, 0.12252, -0.0372838, -8.37654, -1.4942, 1.44755, -2.94175, -0.00203826
65.6711, 0.13409, -0.013705, -8.37087, -1.49421, 1.4476, -2.94182, -0.00203904
65.6979, 0.13436, 0.0125131, -8.36519, -1.49423, 1.44765, -2.94188, -0.00203982
65.7247, 0.123299, 0.0363065, -8.35953, -1.49424, 1.4477, -2.94194, -0.0020406
65.7515, 0.102997, 0.0530211, -8.35386, -1.49425, 1.44775, -2.94201, -0.00204139
65.7783, 0.0774077, 0.0592783, -8.3482, -1.49427, 1.4478, -2.94207, -0.00204217
65.805, 0.0516582, 0.0537921, -8.34254, -1.49428, 1.44785, -2.94213, -0.00204295
65.8318, 0.0308946, 0.0377309, -8.33689, -1.49429, 1.4479, -2.9422, -0.00204374
65.8586, 0.0191295, 0.0143707, -8.33124, -1.49431, 1.44795, -2.94226, -0.00204452
65.8854, 0.0185328, -0.0117199, -8.32559, -1.49432, 1.448, -2.94232, -0.0020453
65.9122, 0.0291887, -0.0355485, -8.31995, -1.49434, 1.44805, -2.94238, -0.00204609
65.9389, 0.0491006, -0.0525012, -8.31431, -1.49435, 1.4481, -2.94245, -0.00204687
65.9657, 0.0744241, -0.0591877, -8.30868, -1.49436, 1.44815, -2.94251, -0.00204765
65.9925, 0.100132, -0.0542455, -8.30305, -1.49438, 1.4482, -2.94257, -0.00204844
66.0193, 0.121124, -0.0387206, -8.29742, -1.49439, 1.44824, -2.94264, -0.00204922
66.0461, 0.133369, -0.0157569, -8.29179, -1.49441, 1.44829, -2.9427, -0.00205001
66.0728, 0.134617, 0.010188, -8.28617, -1.49442, 1.44834, -2.94276, -0.00205079
66.0996, 0.124663, 0.0341945, -8.28056, -1.49443, 1.44839, -2.94283, -0.00205158
66.1264, 0.105347, 0.0516654, -8.27494, -1.49445, 1.44844, -2.94289, -0.00205236
66.1532, 0.0803498, 0.0591471, -8.26933, -1.49446, 1.44849, -2.94295, -0.00205314
66.18, 0.0545752, 0.0551286, -8.26373, -1.49447, 1.44854, -2.94301, -0.00205393
66.2068, 0.0330901, 0.0404577, -8.25813, -1.49449, 1.44859, -2.94308, -0.00205471
66.2335, 0.0199924, 0.0180884, -8.25253, -1.4945, 1.44864, -2.94314, -0.0020555
66.2603, 0.0176675, -0.00766335, -8.24693, -1.49452, 1.44869, -2.9432, -0.00205629
66.2871, 0.0265078, -0.0319566, -8.24134, -1.49453, 1.44874, -2.94326, -0.00205707
66.3139, 0.0448913, -0.0501941, -8.23575, -1.49454, 1.44878, -2.94333, -0.00205786
66.3407, 0.069356, -0.0588171, -8.23017, -1.49456, 1.44883, -2.94339, -0.00205864
66.3674, 0.0951521, -0.0561009, -8.22459, -1.49457, 1.44888, -2.94345, -0.00205943
66.3942, 0.117243, -0.0426209, -8.21901, -1.49458, 1.44893, -2.94352, -0.00206021
66.421, 0.131431, -0.0210794, -8.21344, -1.4946, 1.44898, -2.94358, -0.002061
66.4478, 0.135137, 0.00438698, -8.20787, -1.49461, 1.44903, -2.94364, -0.00206178
66.4746, 0.12772, 0.029029, -8.2023, -1.49463, 1.44908, -2.9437, -0.00206257
66.5013, 0.110524, 0.0482401, -8.19674, -1.49464, 1.44913, -2.94377, -0.00206336
66.5281, 0.086735, 0.0583239, -8.19118, -1.49465, 1.44917, -2.94383, -0.00206414
66.5549, 0.0609089, 0.0572854, -8.18563, -1.49467, 1.44922, -2.94389, -0.00206493
66.5817, 0.0380409, 0.0453563, -8.18008, -1.49468, 1.44927, -2.94395, -0.00206572
66.6085, 0.0224558, 0.0249204, -8.17453, -1.4947, 1.44932, -2.94402, -0.0020665
66.6352, 0.0169743, -0.000109872, -8.16898, -1.49471, 1.44937, -2.94408, -0.00206729
66.662, 0.0225405, -0.025098, -8.16344, -1.49472, 1.44942, -2.94414, -0.00206808
66.6888, 0.0381496, -0.0454299, -8.15791, -1.49474, 1.44947, -2.9442, -0.00206886
66.7156, 0.0609478, -0.0572534, -8.15237, -1.49475, 1.44951, -2.94427, -0.00206965
66.7424, 0.0866263, -0.0582587, -8.14684, -1.49477, 1.44956, -2.94433, -0.00207044
66.7691, 0.110257, -0.0482661, -8.14132, -1.49478, 1.44961, -2.94439, -0.00207123
66.7959, 0.127381, -0.0292683, -8.1358, -1.49479, 1.44966, -2.94445, -0.00207201
66.8227, 0.134896, -0.00489705, -8.13028, -1.49481, 1.44971, -2.94452, -0.0020728
66.8495, 0.131501, 0.0203565, -8.12476, -1.49482, 1.44976, -2.94458, -0.00207359
66.8763, 0.117804, 0.0418837, -8.11925, -1.49483, 1.44981, -2.94464, -0.00207438
66.903, 0.096267, 0.0556716, -8.11374, -1.49485, 1.44985, -2.9447, -0.00207517
66.9298, 0.0708895, 0.059066, -8.10824, -1.49486, 1.4499, -2.94476, -0.00207595
66.9566, 0.0464869, 0.051415, -8.10274, -1.49488, 1.44995, -2.94483, -0.00207674
66.9834, 0.0276444, 0.0342441, -8.09724, -1.49489, 1.45, -2.94489, -0.00207753
67.0102, 0.0177717, 0.0108364, -8.09175, -1.4949, 1.45005, -2.94495, -0.00207832
67.0379, 0.0188022, -0.0153835, -8.08606, -1.49492, 1.4501, -2.94502, -0.00207914
67.0656, 0.0310497, -0.0386048, -8.08038, -1.49493, 1.45015, -2.94508, -0.00207995
67.0934, 0.0521857, -0.0542621, -8.07471, -1.49495, 1.4502, -2.94514, -0.00208077
67.1211, 0.0780611, -0.0591745, -8.06903, -1.49496, 1.45025, -2.94521, -0.00208159
67.1488, 0.103471, -0.0523343, -8.06336, -1.49498, 1.4503, -2.94527, -0.0020824
67.1765, 0.123334, -0.0351929, -8.0577, -1.49499, 1.45035, -2.94534, -0.00208322
67.2043, 0.133823, -0.0112346, -8.05204, -1.49501, 1.4504, -2.9454, -0.00208404
67.232, 0.133004, 0.0148668, -8.04638, -1.49502, 1.45045, -2.94547, -0.00208486
67.2597, 0.121049, 0.0381103, -8.04073, -1.49503, 1.4505, -2.94553, -0.00208567
67.2875, 0.1002, 0.0539739, -8.03508, -1.49505, 1.45055, -2.94559, -0.00208649
67.3152, 0.0745019, 0.0592683, -8.02943, -1.49506, 1.4506, -2.94566, -0.00208731
67.3429, 0.0490664, 0.0529166, -8.02379, -1.49508, 1.45065, -2.94572, -0.00208813
67.3707, 0.0289285, 0.0362565, -8.01815, -1.49509, 1.45069, -2.94579, -0.00208895
67.3984, 0.0179352, 0.0126488, -8.01252, -1.49511, 1.45074, -2.94585, -0.00208976
67.4261, 0.0180901, -0.0133377, -8.00689, -1.49512, 1.45079, -2.94592, -0.00209058
67.4538, 0.0293395, -0.0367723, -8.00126, -1.49514, 1.45084, -2.94598, -0.0020914
67.4816, 0.0495899, -0.0531478, -7.99564, -1.49515, 1.45089, -2.94604, -0.00209222
67.5093, 0.0749555, -0.0592108, -7.99002, -1.49516, 1.45094, -2.94611, -0.00209304
67.537, 0.100438, -0.0537378, -7.9844, -1.49518, 1.45099, -2.94617, -0.00209386
67.5648, 0.121029, -0.0378751, -7.97879, -1.49519, 1.45104, -2.94624, -0.00209468
67.5925, 0.132814, -0.0148027, -7.97318, -1.49521, 1.45109, -2.9463, -0.00209549
67.6202, 0.133653, 0.0110447, -7.96758, -1.49522, 1.45114, -2.94636, -0.00209631
67.6479, 0.123415, 0.0348089, -7.96198, -1.49524, 1.45119, -2.94643, -0.00209713
67.6757, 0.103978, 0.0519752, -7.95638, -1.49525, 1.45124, -2.94649, -0.00209795
67.7034, 0.0790176, 0.059177, -7.95079, -1.49527, 1.45129, -2.94656, -0.00209877
67.7311, 0.0533907, 0.0549732, -7.9452, -1.49528, 1.45134, -2.94662, -0.00209959
67.7589, 0.0320892, 0.0402427, -7.93962, -1.4953, 1.45139, -2.94668, -0.00210041
67.7866, 0.0191373, 0.0179247, -7.93404, -1.49531, 1.45144, -2.94675, -0.00210123
67.8143, 0.0168709, -0.00771389, -7.92846, -1.49532, 1.45149, -2.94681, -0.00210205
67.8421, 0.0256675, -0.0318967, -7.92289, -1.49534, 1.45154, -2.94688, -0.00210287
67.8698, 0.0439266, -0.0500887, -7.91732, -1.49535, 1.45159, -2.94694, -0.00210369
67.8975, 0.0682409, -0.0587733, -7.91175, -1.49537, 1.45163, -2.947, -0.00210451
67.9252, 0.0939326, -0.0562298, -7.90619, -1.49538, 1.45168, -2.94707, -0.00210533
67.953, 0.116031, -0.0429946, -7.90063, -1.4954, 1.45173, -2.94713, -0.00210616
67.9807, 0.130372, -0.0216995, -7.89508, -1.49541, 1.45178, -2.94719, -0.00210698
68.0084, 0.13437, 0.00359966, -7.88953, -1.49543, 1.45183, -2.94726, -0.0021078
68.0362, 0.127342, 0.0282266, -7.88398, -1.49544, 1.45188, -2.94732, -0.00210862
68.0639, 0.110547, 0.0476237, -7.87844, -1.49546, 1.45193, -2.94739, -0.00210944
68.0916, 0.0870653, 0.0580992, -7.8729, -1.49547, 1.45198, -2.94745, -0.00211026
68.1193, 0.0613468, 0.057602, -7.86736, -1.49548, 1.45203, -2.94751, -0.00211108
68.1471, 0.0383198, 0.0462542, -7.86183, -1.4955, 1.45208, -2.94758, -0.0021119
68.1748, 0.0223052, 0.0263074, -7.85631, -1.49551, 1.45213, -2.94764, -0.00211273
68.2025, 0.0161801, 0.00155352, -7.85078, -1.49553, 1.45217, -2.9477, -0.00211355
68.2303, 0.0209924, -0.0234605, -7.84526, -1.49554, 1.45222, -2.94777, -0.00211437
68.258, 0.0358787, -0.044165, -7.83975, -1.49556, 1.45227, -2.94783, -0.00211519
68.2857, 0.0581494, -0.0566854, -7.83423, -1.49557, 1.45232, -2.94789, -0.00211601
68.3135, 0.0836457, -0.0586045, -7.82872, -1.49559, 1.45237, -2.94796, -0.00211684
68.3412, 0.107523, -0.0495639, -7.82322, -1.4956, 1.45242, -2.94802, -0.00211766
68.3689, 0.125309, -0.0313559, -7.81772, -1.49562, 1.45247, -2.94808, -0.00211848
68.3966, 0.1338, -0.00744098, -7.81222, -1.49563, 1.45252, -2.94815, -0.00211931
68.4244, 0.131535, 0.0178064, -7.80673, -1.49565, 1.45257, -2.94821, -0.00212013
68.4521, 0.118924, 0.0398282, -7.80124, -1.49566, 1.45261, -2.94827, -0.00212095
68.4798, 0.0982018, 0.0545752, -7.79575, -1.49567, 1.45266, -2.94834, -0.00212177
68.5076, 0.0731646, 0.0592465, -7.79027, -1.49569, 1.45271, -2.9484, -0.0021226
68.5353, 0.0485095, 0.0529486, -7.78479, -1.4957, 1.45276, -2.94846, -0.00212342
68.563, 0.0288345, 0.0369319, -7.77932, -1.49572, 1.45281, -2.94853, -0.00212424
68.5907, 0.0176827, 0.0142449, -7.77385, -1.49573, 1.45286, -2.94859, -0.00212507
68.6185, 0.0169709, -0.0109687, -7.76838, -1.49575, 1.45291, -2.94865, -0.00212589
68.6462, 0.0267964, -0.0342018, -7.76292, -1.49576, 1.45295, -2.94872, -0.00212672
68.6739, 0.04544, -0.0512571, -7.75746, -1.49578, 1.453, -2.94878, -0.00212754
68.7017, 0.0695478, -0.0589564, -7.752, -1.49579, 1.45305, -2.94884, -0.00212836
68.7294, 0.0946564, -0.0558336, -7.74655, -1.49581, 1.4531, -2.94891, -0.00212919
68.7571, 0.116101, -0.0425163, -7.7411, -1.49582, 1.45315, -2.94897, -0.00213001
68.7849, 0.130005, -0.0215461, -7.73565, -1.49584, 1.4532, -2.94903, -0.00213084
68.8126, 0.133964, 0.00324247, -7.73021, -1.49585, 1.45325, -2.9491, -0.00213166
68.8403, 0.127328, 0.0274482, -7.72478, -1.49587, 1.45329, -2.94916, -0.00213249
68.868, 0.111239, 0.0467705, -7.71934, -1.49588, 1.45334, -2.94922, -0.00213331
68.8958, 0.0885279, 0.057682, -7.71391, -1.49589, 1.45339, -2.94929, -0.00213414
68.9245, 0.0624142, 0.0579437, -7.70829, -1.49591, 1.45344, -2.94935, -0.00213499
68.9533, 0.0387811, 0.046951, -7.70267, -1.49593, 1.45349, -2.94942, -0.00213585
68.982, 0.0222065, 0.0269564, -7.69706, -1.49594, 1.45354, -2.94948, -0.0021367
69.0107, 0.0157649, 0.00188302, -7.69144, -1.49596, 1.45359, -2.94955, -0.00213756
69.0395, 0.0205935, -0.0235199, -7.68584, -1.49597, 1.45364, -2.94961, -0.00213842
69.0682, 0.0357984, -0.0444695, -7.68023, -1.49599, 1.45369, -2.94968, -0.00213927
69.097, 0.0585464, -0.056925, -7.67463, -1.496, 1.45374, -2.94974, -0.00214013
69.1257, 0.0844566, -0.0584082, -7.66904, -1.49602, 1.45379, -2.94981, -0.00214098
69.1544, 0.108456, -0.0486396, -7.66345, -1.49603, 1.45384, -2.94987, -0.00214184
69.1832, 0.125921, -0.0296101, -7.65786, -1.49605, 1.45389, -2.94994, -0.0021427
69.2119, 0.133621, -0.00503416, -7.65228, -1.49606, 1.45394, -2.95, -0.00214355
69.2407, 0.130196, 0.0204667, -7.6467, -1.49608, 1.45399, -2.95007, -0.00214441
69.2694, 0.116275, 0.0421459, -7.64112, -1.49609, 1.45404, -2.95013, -0.00214527
69.2981, 0.0944094, 0.0558818, -7.63555, -1.49611, 1.45409, -2.9502, -0.00214612
69.3269, 0.0687442, 0.0589781, -7.62998, -1.49612, 1.45414, -2.95026, -0.00214698
69.3556, 0.0442453, 0.0508322, -7.62442, -1.49614, 1.45419, -2.95033, -0.00214784
69.3844, 0.0256, 0.033098, -7.61886, -1.49615, 1.45424, -2.95039, -0.0021487
69.4131, 0.0162393, 0.00922557, -7.6133, -1.49617, 1.45429, -2.95046, -0.00214955
69.4418, 0.0178061, -0.0163216, -7.60775, -1.49618, 1.45434, -2.95052, -0.00215041
69.4706, 0.0299994, -0.0388404, -7.6022, -1.4962, 1.45439, -2.95059, -0.00215127
69.4993, 0.0506116, -0.0541153, -7.59666, -1.49622, 1.45444, -2.95065, -0.00215213
69.5281, 0.0757915, -0.059193, -7.59112, -1.49623, 1.45449, -2.95072, -0.00215299
69.5568, 0.100719, -0.0530825, -7.58558, -1.49625, 1.45454, -2.95078, -0.00215384
69.5855, 0.120647, -0.0370225, -7.58005, -1.49626, 1.45459, -2.95085, -0.0021547
69.6143, 0.131908, -0.0141313, -7.57453, -1.49628, 1.45464, -2.95091, -0.00215556
69.6442, 0.132319, 0.0123336, -7.56878, -1.49629, 1.45469, -2.95098, -0.00215645
69.6741, 0.121175, 0.0363612, -7.56304, -1.49631, 1.45474, -2.95105, -0.00215735
69.7039, 0.100623, 0.0531616, -7.5573, -1.49632, 1.45479, -2.95112, -0.00215824
69.7338, 0.074747, 0.0592753, -7.55157, -1.49634, 1.45484, -2.95118, -0.00215913
69.7637, 0.0488295, 0.0534251, -7.54585, -1.49636, 1.45489, -2.95125, -0.00216003
69.7936, 0.0281444, 0.0368806, -7.54012, -1.49637, 1.45495, -2.95132, -0.00216092
69.8235, 0.016756, 0.0130755, -7.5344, -1.49639, 1.455, -2.95139, -0.00216181
69.8534, 0.0167971, -0.0132544, -7.52869, -1.4964, 1.45505, -2.95145, -0.00216271
69.8833, 0.0282317, -0.0369785, -7.52298, -1.49642, 1.4551, -2.95152, -0.0021636
69.9132, 0.0488725, -0.053412, -7.51727, -1.49644, 1.45515, -2.95159, -0.0021645
69.9431, 0.0746494, -0.0592031, -7.51157, -1.49645, 1.4552, -2.95165, -0.00216539
69.973, 0.100346, -0.0531549, -7.50587, -1.49647, 1.45525, -2.95172, -0.00216629
70.0028, 0.120784, -0.0365654, -7.50018, -1.49648, 1.4553, -2.95179, -0.00216718
70.0327, 0.131985, -0.0128399, -7.49449, -1.4965, 1.45536, -2.95186, -0.00216808
70.0626, 0.131869, 0.0133525, -7.48881, -1.49652, 1.45541, -2.95192, -0.00216897
70.0925, 0.12048, 0.0369612, -7.48313, -1.49653, 1.45546, -2.95199, -0.00216987
70.1224, 0.0999659, 0.0533728, -7.47745, -1.49655, 1.45551, -2.95206, -0.00217076
70.1523, 0.0743239, 0.059275, -7.47178, -1.49656, 1.45556, -2.95212, -0.00217166
70.1822, 0.0486817, 0.0534605, -7.46611, -1.49658, 1.45561, -2.95219, -0.00217255
70.2121, 0.0281494, 0.0371655, -7.46045, -1.4966, 1.45566, -2.95226, -0.00217345
70.242, 0.0166788, 0.0137041, -7.45479, -1.49661, 1.45571, -2.95233, -0.00217434
70.2718, 0.0163746, -0.01235, -7.44913, -1.49663, 1.45576, -2.95239, -0.00217524
70.3017, 0.0272646, -0.0360249, -7.44348, -1.49664, 1.45582, -2.95246, -0.00217614
70.3316, 0.0473103, -0.0527478, -7.43784, -1.49666, 1.45587, -2.95253, -0.00217703
70.3615, 0.0726477, -0.0591835, -7.43219, -1.49668, 1.45592, -2.95259, -0.00217793
70.3914, 0.09826, -0.054028, -7.42656, -1.49669, 1.45597, -2.95266, -0.00217883
70.4213, 0.119085, -0.0383698, -7.42092, -1.49671, 1.45602, -2.95273, -0.00217972
70.4512, 0.131139, -0.0153688, -7.41529, -1.49672, 1.45607, -2.95279, -0.00218062
70.4811, 0.132222, 0.0105278, -7.40967, -1.49674, 1.45612, -2.95286, -0.00218152
70.511, 0.12216, 0.0344282, -7.40405, -1.49676, 1.45617, -2.95293, -0.00218241
70.5409, 0.102809, 0.0517735, -7.39843, -1.49677, 1.45622, -2.95299, -0.00218331
70.5707, 0.0778418, 0.0591495, -7.39282, -1.49679, 1.45627, -2.95306, -0.00218421
70.6006, 0.0521388, 0.0550754, -7.38721, -1.4968, 1.45632, -2.95313, -0.00218511
70.6305, 0.0307285, 0.0404093, -7.38161, -1.49682, 1.45637, -2.95319, -0.002186
70.6604, 0.0176733, 0.0180925, -7.37601, -1.49684, 1.45642, -2.95326, -0.0021869
70.6903, 0.0153368, -0.00758836, -7.37041, -1.49685, 1.45647, -2.95333, -0.0021878
70.7202, 0.0241086, -0.0318291, -7.36482, -1.49687, 1.45653, -2.95339, -0.0021887
70.7501, 0.0423845, -0.0500669, -7.35923, -1.49688, 1.45658, -2.95346, -0.0021896
70.78, 0.0667393, -0.0587641, -7.35365, -1.4969, 1.45663, -2.95353, -0.0021905
70.8099, 0.0924694, -0.0561931, -7.34807, -1.49692, 1.45668, -2.95359, -0.00219139
70.8398, 0.114579, -0.0428995, -7.34249, -1.49693, 1.45673, -2.95366, -0.00219229
70.8696, 0.128888, -0.0215367, -7.33692, -1.49695, 1.45678, -2.95373, -0.00219319
70.8995, 0.13281, 0.0038125, -7.33136, -1.49696, 1.45683, -2.95379, -0.00219409
70.9294, 0.125673, 0.0284474, -7.3258, -1.49698, 1.45688, -2.95386, -0.00219499
70.9593, 0.108764, 0.047794, -7.32024, -1.497, 1.45693, -2.95393, -0.00219589
70.9892, 0.0851942, 0.0581587, -7.31468, -1.49701, 1.45698, -2.95399, -0.00219679
71.0191, 0.0594452, 0.0575075, -7.30913, -1.49703, 1.45703, -2.95406, -0.00219769
71.049, 0.0364649, 0.0459952, -7.30359, -1.49705, 1.45708, -2.95413, -0.00219859
71.0789, 0.0205737, 0.0259127, -7.29805, -1.49706, 1.45713, -2.95419, -0.00219949
71.1088, 0.0146305, 0.001086, -7.29251, -1.49708, 1.45718, -2.95426, -0.00220039
71.1386, 0.0196517, -0.0239142, -7.28698, -1.49709, 1.45723, -2.95432, -0.00220129
71.1685, 0.034733, -0.044509, -7.28145, -1.49711, 1.45728, -2.95439, -0.00220219
71.1984, 0.0571397, -0.0568336, -7.27593, -1.49713, 1.45733, -2.95446, -0.00220309
71.2283, 0.0826747, -0.0585041, -7.27041, -1.49714, 1.45738, -2.95452, -0.00220399
71.2582, 0.106475, -0.0492123, -7.26489, -1.49716, 1.45743, -2.95459, -0.00220489
71.2881, 0.124078, -0.0308038, -7.25938, -1.49717, 1.45748, -2.95466, -0.00220579
71.318, 0.132311, -0.00678106, -7.25387, -1.49719, 1.45753, -2.95472, -0.00220669
71.3479, 0.129758, 0.0184564, -7.24837, -1.49721, 1.45758, -2.95479, -0.0022076
71.3778, 0.11688, 0.0403443, -7.24287, -1.49722, 1.45763, -2.95485, -0.0022085
71.4077, 0.0959663, 0.0548491, -7.23737, -1.49724, 1.45768, -2.95492, -0.0022094
71.4375, 0.0708584, 0.0592115, -7.23188, -1.49725, 1.45773, -2.95499, -0.0022103
71.4674, 0.0462739, 0.0525986, -7.22639, -1.49727, 1.45778, -2.95505, -0.0022112
71.4973, 0.0267996, 0.0363249, -7.22091, -1.49729, 1.45783, -2.95512, -0.0022121
71.5272, 0.0159403, 0.0134884, -7.21543, -1.4973, 1.45788, -2.95518, -0.00221301
71.5582, 0.0157448, -0.0126192, -7.20976, -1.49732, 1.45793, -2.95525, -0.00221394
71.5891, 0.0267781, -0.0362851, -7.2041, -1.49734, 1.45798, -2.95532, -0.00221487
71.6201, 0.0469652, -0.0529183, -7.19844, -1.49735, 1.45804, -2.95539, -0.00221581
71.651, 0.0723963, -0.0591874, -7.19279, -1.49737, 1.45809, -2.95546, -0.00221674
71.6819, 0.0980143, -0.053818, -7.18714, -1.49739, 1.45814, -2.95553, -0.00221768
71.7129, 0.118737, -0.0379479, -7.18149, -1.4974, 1.45819, -2.95559, -0.00221861
71.7438, 0.13059, -0.01479, -7.17585, -1.49742, 1.45824, -2.95566, -0.00221955
71.7748, 0.131403, 0.0111639, -7.17021, -1.49744, 1.45829, -2.95573, -0.00222048
71.8057, 0.121051, 0.0349932, -7.16458, -1.49745, 1.45835, -2.9558, -0.00222142
71.8367, 0.101452, 0.0521326, -7.15895, -1.49747, 1.4584, -2.95587, -0.00222236
71.8676, 0.0763453, 0.0591936, -7.15333, -1.49749, 1.45845, -2.95594, -0.00222329
71.8986, 0.0506574, 0.0547546, -7.14771, -1.4975, 1.4585, -2.956, -0.00222423
71.9295, 0.0294299, 0.039752, -7.14209, -1.49752, 1.45855, -2.95607, -0.00222516
71.9605, 0.0166986, 0.0172017, -7.13648, -1.49754, 1.4586, -2.95614, -0.0022261
71.9914, 0.0147719, -0.00855494, -7.13088, -1.49755, 1.45865, -2.95621, -0.00222704
72.0224, 0.0239664, -0.0326846, -7.12527, -1.49757, 1.4587, -2.95628, -0.00222797
72.0533, 0.0425934, -0.0506261, -7.11968, -1.49759, 1.45876, -2.95634, -0.00222891
72.0843, 0.0671447, -0.0588836, -7.11408, -1.4976, 1.45881, -2.95641, -0.00222985
72.1152, 0.0928585, -0.0558119, -7.10849, -1.49762, 1.45886, -2.95648, -0.00223078
72.1461, 0.114728, -0.0420607, -7.10291, -1.49764, 1.45891, -2.95655, -0.00223172
72.1771, 0.128614, -0.0203791, -7.09733, -1.49766, 1.45896, -2.95662, -0.00223266
72.208, 0.132004, 0.00508376, -7.09176, -1.49767, 1.45901, -2.95668, -0.00223359
72.239, 0.124319, 0.0295945, -7.08618, -1.49769, 1.45906, -2.95675, -0.00223453
72.2699, 0.10695, 0.0485842, -7.08062, -1.49771, 1.45911, -2.95682, -0.00223547
72.3009, 0.0831085, 0.0584108, -7.07506, -1.49772, 1.45916, -2.95689, -0.00223641
72.3318, 0.0573474, 0.0571396, -7.0695, -1.49774, 1.45922, -2.95695, -0.00223735
72.3628, 0.0346294, 0.0450516, -7.06394, -1.49776, 1.45927, -2.95702, -0.00223828
72.3937, 0.0192284, 0.0245541, -7.05839, -1.49777, 1.45932, -2.95709, -0.00223922
72.4247, 0.0139147, -0.000445949, -7.05285, -1.49779, 1.45937, -2.95716, -0.00224016
72.4556, 0.0195945, -0.0253387, -7.04731, -1.49781, 1.45942, -2.95723, -0.0022411
72.4866, 0.0352439, -0.045549, -7.04177, -1.49782, 1.45947, -2.95729, -0.00224204
72.5175, 0.0580113, -0.0572672, -7.03624, -1.49784, 1.45952, -2.95736, -0.00224298
72.5485, 0.0836128, -0.0582183, -7.03071, -1.49786, 1.45957, -2.95743, -0.00224392
72.5794, 0.10716, -0.0482377, -7.02519, -1.49787, 1.45962, -2.9575, -0.00224486
72.6104, 0.124236, -0.0293079, -7.01967, -1.49789, 1.45967, -2.95756, -0.0022458
72.6413, 0.131765, -0.00502935, -7.01416, -1.49791, 1.45972, -2.95763, -0.00224673
72.6722, 0.128455, 0.0201489, -7.00865, -1.49792, 1.45977, -2.9577, -0.00224767
72.7032, 0.114899, 0.0416608, -7.00314, -1.49794, 1.45982, -2.95777, -0.00224861
72.7341, 0.0935181, 0.0555249, -6.99764, -1.49796, 1.45988, -2.95783, -0.00224955
72.7651, 0.0682575, 0.0590933, -6.99214, -1.49798, 1.45993, -2.9579, -0.00225049
72.796, 0.043877, 0.051688, -6.98665, -1.49799, 1.45998, -2.95797, -0.00225144
72.827, 0.0249264, 0.0347796, -6.98116, -1.49801, 1.46003, -2.95804, -0.00225238
72.8579, 0.0148113, 0.0115838, -6.97568, -1.49803, 1.46008, -2.9581, -0.00225332
72.8901, 0.0155113, -0.0146682, -6.96998, -1.49804, 1.46013, -2.95817, -0.0022543
72.9223, 0.0274823, -0.0380502, -6.96428, -1.49806, 1.46018, -2.95824, -0.00225527
72.9545, 0.0484413, -0.0539616, -6.95859, -1.49808, 1.46024, -2.95831, -0.00225625
72.9867, 0.0742674, -0.0591699, -6.9529, -1.4981, 1.46029, -2.95838, -0.00225723
73.019, 0.0997573, -0.0526079, -6.94722, -1.49811, 1.46034, -2.95845, -0.00225821
73.0512, 0.119806, -0.0356748, -6.94154, -1.49813, 1.46039, -2.95852, -0.00225919
73.0834, 0.130542, -0.0118229, -6.93586, -1.49815, 1.46045, -2.95859, -0.00226017
73.1156, 0.129987, 0.0142856, -6.93019, -1.49817, 1.4605, -2.95866, -0.00226115
73.1478, 0.118266, 0.0376452, -6.92453, -1.49818, 1.46055, -2.95873, -0.00226213
73.18, 0.0975813, 0.0537139, -6.91887, -1.4982, 1.4606, -2.9588, -0.00226311
73.2122, 0.071944, 0.059266, -6.91321, -1.49822, 1.46065, -2.95887, -0.0022641
73.2444, 0.0464526, 0.0531753, -6.90756, -1.49824, 1.46071, -2.95894, -0.00226508
73.2766, 0.0261528, 0.036729, -6.90192, -1.49825, 1.46076, -2.95901, -0.00226606
73.3088, 0.0149216, 0.0132496, -6.89627, -1.49827, 1.46081, -2.95908, -0.00226704
73.341, 0.0148026, -0.0127171, -6.89064, -1.49829, 1.46086, -2.95915, -0.00226802
73.3732, 0.0257877, -0.0362484, -6.885, -1.49831, 1.46092, -2.95922, -0.002269
73.4054, 0.0458317, -0.0528283, -6.87938, -1.49832, 1.46097, -2.95929, -0.00226998
73.4376, 0.0710942, -0.059173, -6.87375, -1.49834, 1.46102, -2.95936, -0.00227097
73.4698, 0.0966058, -0.0540075, -6.86814, -1.49836, 1.46107, -2.95943, -0.00227195
73.502, 0.117359, -0.0384169, -6.86252, -1.49838, 1.46112, -2.9595, -0.00227293
73.5342, 0.129414, -0.0155268, -6.85691, -1.4984, 1.46118, -2.95957, -0.00227391
73.5664, 0.130586, 0.0102669, -6.85131, -1.49841, 1.46123, -2.95964, -0.00227489
73.5986, 0.120689, 0.0341274, -6.84571, -1.49843, 1.46128, -2.95971, -0.00227588
73.6308, 0.101535, 0.0515392, -6.84011, -1.49845, 1.46133, -2.95978, -0.00227686
73.663, 0.0767326, 0.0591041, -6.83452, -1.49847, 1.46138, -2.95985, -0.00227784
73.6952, 0.0510898, 0.0553165, -6.82894, -1.49848, 1.46144, -2.95992, -0.00227883
73.7274, 0.0295863, 0.0409719, -6.82336, -1.4985, 1.46149, -2.95999, -0.00227981
73.7597, 0.0162733, 0.0189297, -6.81778, -1.49852, 1.46154, -2.96006, -0.00228079
73.7919, 0.0135431, -0.00660391, -6.81221, -1.49854, 1.46159, -2.96013, -0.00228178
73.8241, 0.0218499, -0.0308893, -6.80664, -1.49855, 1.46164, -2.9602, -0.00228276
73.8563, 0.039685, -0.0493976, -6.80108, -1.49857, 1.46169, -2.96027, -0.00228374
73.8885, 0.0637374, -0.0585753, -6.79552, -1.49859, 1.46175, -2.96034, -0.00228473
73.9207, 0.0894052, -0.0566171, -6.78996, -1.49861, 1.4618, -2.9604, -0.00228571
73.9529, 0.111744, -0.0439428, -6.78441, -1.49862, 1.46185, -2.96047, -0.0022867
73.9851, 0.12656, -0.0230683, -6.77887, -1.49864, 1.4619, -2.96054, -0.00228768
74.0173, 0.131192, 0.00204139, -6.77333, -1.49866, 1.46195, -2.96061, -0.00228867
74.0495, 0.12485, 0.0267662, -6.76779, -1.49868, 1.462, -2.96068, -0.00228965
74.0817, 0.108669, 0.0465634, -6.76226, -1.4987, 1.46206, -2.96075, -0.00229064
74.1139, 0.0855941, 0.0576989, -6.75674, -1.49871, 1.46211, -2.96082, -0.00229162
74.1461, 0.0599617, 0.058012, -6.75121, -1.49873, 1.46216, -2.96089, -0.00229261
74.1783, 0.0366528, 0.0474662, -6.7457, -1.49875, 1.46221, -2.96096, -0.00229359
74.2105, 0.02002, 0.0281498, -6.74018, -1.49877, 1.46226, -2.96103, -0.00229458
74.2427, 0.0130381, 0.00372332, -6.73468, -1.49878, 1.46231, -2.9611, -0.00229557
74.2749, 0.0168947, -0.0213497, -6.72917, -1.4988, 1.46236, -2.96117, -0.00229655
74.3071, 0.0308948, -0.0425279, -6.72367, -1.49882, 1.46242, -2.96124, -0.00229754
74.3393, 0.0525317, -0.0558923, -6.71818, -1.49884, 1.46247, -2.9613, -0.00229853
74.3715, 0.0778063, -0.0588924, -6.71269, -1.49885, 1.46252, -2.96137, -0.00229951
74.4037, 0.101957, -0.050964, -6.7072, -1.49887, 1.46257, -2.96144, -0.0023005
74.4359, 0.120484, -0.0336757, -6.70172, -1.49889, 1.46262, -2.96151, -0.00230149
74.4682, 0.130068, -0.0103026, -6.69625, -1.49891, 1.46267, -2.96158, -0.00230247
74.5016, 0.128816, 0.0158442, -6.69057, -1.49893, 1.46273, -2.96165, -0.0023035
74.535, 0.11642, 0.0389272, -6.68489, -1.49894, 1.46278, -2.96172, -0.00230452
74.5685, 0.0952247, 0.0544287, -6.67922, -1.49896, 1.46283, -2.96179, -0.00230555
74.6019, 0.0693703, 0.0592165, -6.67355, -1.49898, 1.46288, -2.96187, -0.00230657
74.6354, 0.0440266, 0.0523188, -6.66789, -1.499, 1.46294, -2.96194, -0.0023076
74.6688, 0.024225, 0.0351956, -6.66223, -1.49902, 1.46299, -2.96201, -0.00230863
74.7022, 0.0137518, 0.0113115, -6.65658, -1.49904, 1.46304, -2.96208, -0.00230965
74.7357, 0.0145134, -0.0146995, -6.65093, -1.49906, 1.4631, -2.96215, -0.00231068
74.7691, 0.0263405, -0.037885, -6.64529, -1.49907, 1.46315, -2.96222, -0.00231171
74.8026, 0.0470173, -0.0537662, -6.63965, -1.49909, 1.4632, -2.96229, -0.00231273
74.836, 0.0725527, -0.0591766, -6.63402, -1.49911, 1.46326, -2.96237, -0.00231376
74.8694, 0.097896, -0.0530279, -6.62839, -1.49913, 1.46331, -2.96244, -0.00231479
74.9029, 0.11806, -0.0366111, -6.62277, -1.49915, 1.46336, -2.96251, -0.00231581
74.9363, 0.129217, -0.0132192, -6.61715, -1.49917, 1.46341, -2.96258, -0.00231684
74.9697, 0.129344, 0.012651, -6.61153, -1.49918, 1.46347, -2.96265, -0.00231787
75.0032, 0.118443, 0.036131, -6.60593, -1.4992, 1.46352, -2.96272, -0.0023189
75.0366, 0.0985219, 0.0527487, -6.60032, -1.49922, 1.46357, -2.96279, -0.00231993
75.0701, 0.0733625, 0.0592387, -6.59472, -1.49924, 1.46362, -2.96286, -0.00232095
75.1035, 0.0478691, 0.054307, -6.58913, -1.49926, 1.46368, -2.96294, -0.00232198
75.1369, 0.0270029, 0.0389844, -6.58354, -1.49928, 1.46373, -2.96301, -0.00232301
75.1704, 0.0146919, 0.016324, -6.57795, -1.4993, 1.46378, -2.96308, -0.00232404
75.2038, 0.0131447, -0.00935062, -6.57237, -1.49931, 1.46384, -2.96315, -0.00232507
75.2373, 0.0226056, -0.0332611, -6.5668, -1.49933, 1.46389, -2.96322, -0.0023261
75.2707, 0.0413484, -0.0509218, -6.56123, -1.49935, 1.46394, -2.96329, -0.00232713
75.3041, 0.0658673, -0.0589182, -6.55566, -1.49937, 1.46399, -2.96336, -0.00232816
75.3376, 0.0914432, -0.0556724, -6.5501, -1.49939, 1.46405, -2.96343, -0.00232919
75.371, 0.113139, -0.0418655, -6.54455, -1.49941, 1.4641, -2.9635, -0.00233022
75.4045, 0.126886, -0.0202346, -6.539, -1.49942, 1.46415, -2.96357, -0.00233125
75.4379, 0.130221, 0.00511672, -6.53345, -1.49944, 1.4642, -2.96365, -0.00233228
75.4713, 0.122582, 0.0295176, -6.52791, -1.49946, 1.46425, -2.96372, -0.00233331
75.5048, 0.10534, 0.048461, -6.52237, -1.49948, 1.46431, -2.96379, -0.00233434
75.5382, 0.0816555, 0.0583486, -6.51684, -1.4995, 1.46436, -2.96386, -0.00233537
75.5717, 0.0560088, 0.0572536, -6.51131, -1.49952, 1.46441, -2.96393, -0.0023364
75.6051, 0.0332948, 0.0454211, -6.50579, -1.49954, 1.46446, -2.964, -0.00233743
75.6385, 0.0177483, 0.0251895, -6.50027, -1.49955, 1.46452, -2.96407, -0.00233846
75.672, 0.0121401, 0.000383336, -6.49476, -1.49957, 1.46457, -2.96414, -0.00233949
75.7054, 0.0174171, -0.0244645, -6.48925, -1.49959, 1.46462, -2.96421, -0.00234052
75.7389, 0.0326339, -0.0448348, -6.48375, -1.49961, 1.46467, -2.96428, -0.00234156
75.7723, 0.0550468, -0.056932, -6.47825, -1.49963, 1.46472, -2.96435, -0.00234259
75.8057, 0.0804851, -0.0584351, -6.47276, -1.49965, 1.46478, -2.96442, -0.00234362
75.8392, 0.104141, -0.049074, -6.46727, -1.49967, 1.46483, -2.96449, -0.00234465
75.8726, 0.121614, -0.0306956, -6.46179, -1.49968, 1.46488, -2.96456, -0.00234568
75.9061, 0.129786, -0.00676939, -6.45631, -1.4997, 1.46493, -2.96464, -0.00234672
75.9395, 0.127263, 0.0183582, -6.45083, -1.49972, 1.46498, -2.96471, -0.00234775
75.9729, 0.1145, 0.0401815, -6.44536, -1.49974, 1.46504, -2.96478, -0.00234878
76.0064, 0.0937486, 0.0547155, -6.4399, -1.49976, 1.46509, -2.96485, -0.00234982
76.0398, 0.0687858, 0.0592227, -6.43444, -1.49978, 1.46514, -2.96492, -0.00235085
76.0733, 0.04426, 0.0528522, -6.42898, -1.4998, 1.46519, -2.96499, -0.00235188
76.1067, 0.0247062, 0.0368628, -6.42353, -1.49981, 1.46524, -2.96506, -0.00235292
76.1401, 0.0136123, 0.0142758, -6.41808, -1.49983, 1.4653, -2.96513, -0.00235395
76.1748, 0.0130465, -0.0117574, -6.41243, -1.49985, 1.46535, -2.9652, -0.00235502
76.2096, 0.023684, -0.0355224, -6.40679, -1.49987, 1.4654, -2.96527, -0.0023561
76.2443, 0.043532, -0.0524375, -6.40115, -1.49989, 1.46546, -2.96535, -0.00235717
76.279, 0.0687691, -0.0591391, -6.39552, -1.49991, 1.46551, -2.96542, -0.00235824
76.3137, 0.0944057, -0.0542745, -6.38989, -1.49993, 1.46556, -2.96549, -0.00235932
76.3484, 0.115381, -0.0388749, -6.38427, -1.49995, 1.46562, -2.96557, -0.00236039
76.3831, 0.127689, -0.0160484, -6.37865, -1.49997, 1.46567, -2.96564, -0.00236147
76.4178, 0.129086, 0.00979455, -6.37304, -1.49999, 1.46572, -2.96571, -0.00236254
76.4525, 0.119347, 0.0337831, -6.36743, -1.50001, 1.46578, -2.96578, -0.00236362
76.4872, 0.100264, 0.0513582, -6.36183, -1.50003, 1.46583, -2.96586, -0.00236469
76.5219, 0.0754497, 0.0590769, -6.35623, -1.50004, 1.46589, -2.96593, -0.00236577
76.5566, 0.0497345, 0.055398, -6.35064, -1.50006, 1.46594, -2.966, -0.00236684
76.5913, 0.0281345, 0.0411001, -6.34506, -1.50008, 1.46599, -2.96608, -0.00236792
76.626, 0.0147369, 0.0190484, -6.33947, -1.5001, 1.46605, -2.96615, -0.00236899
76.6607, 0.011958, -0.00652961, -6.3339, -1.50012, 1.4661, -2.96622, -0.00237007
76.6955, 0.0202604, -0.030866, -6.32832, -1.50014, 1.46615, -2.96629, -0.00237114
76.7302, 0.038128, -0.0494051, -6.32276, -1.50016, 1.46621, -2.96637, -0.00237222
76.7649, 0.0622292, -0.0585754, -6.31719, -1.50018, 1.46626, -2.96644, -0.0023733
76.7996, 0.0879344, -0.056568, -6.31164, -1.5002, 1.46631, -2.96651, -0.00237437
76.8343, 0.110275, -0.0438162, -6.30609, -1.50022, 1.46636, -2.96658, -0.00237545
76.869, 0.125042, -0.0228609, -6.30054, -1.50024, 1.46642, -2.96666, -0.00237653
76.9037, 0.129578, 0.00230418, -6.295, -1.50026, 1.46647, -2.96673, -0.00237761
76.9384, 0.123109, 0.0270343, -6.28946, -1.50028, 1.46652, -2.9668, -0.00237868
76.9731, 0.106797, 0.0467711, -6.28393, -1.5003, 1.46658, -2.96687, -0.00237976
77.0078, 0.0836217, 0.0577805, -6.2784, -1.50031, 1.46663, -2.96695, -0.00238084
77.0425, 0.0579547, 0.0579215, -6.27288, -1.50033, 1.46668, -2.96702, -0.00238192
77.0772, 0.0346953, 0.0471937, -6.26736, -1.50035, 1.46674, -2.96709, -0.00238299
77.1119, 0.0181952, 0.0277272, -6.26185, -1.50037, 1.46679, -2.96716, -0.00238407
77.1467, 0.0114084, 0.00321857, -6.25634, -1.50039, 1.46684, -2.96723, -0.00238515
77.1814, 0.0154885, -0.0218444, -6.25084, -1.50041, 1.46689, -2.96731, -0.00238623
77.2161, 0.0296981, -0.0429115, -6.24534, -1.50043, 1.46695, -2.96738, -0.00238731
77.2508, 0.0514839, -0.0560742, -6.23985, -1.50045, 1.467, -2.96745, -0.00238839
77.2855, 0.0768071, -0.0588158, -6.23436, -1.50047, 1.46705, -2.96752, -0.00238947
77.3202, 0.100887, -0.0506237, -6.22888, -1.50049, 1.46711, -2.9676, -0.00239055
77.3549, 0.119232, -0.0331217, -6.2234, -1.50051, 1.46716, -2.96767, -0.00239163
77.3896, 0.128555, -0.00962831, -6.21793, -1.50053, 1.46721, -2.96774, -0.00239271
77.4255, 0.127017, 0.0164472, -6.21227, -1.50055, 1.46727, -2.96781, -0.00239382
77.4615, 0.114414, 0.0393546, -6.20661, -1.50057, 1.46732, -2.96789, -0.00239494
77.4974, 0.093124, 0.0546271, -6.20096, -1.50059, 1.46738, -2.96796, -0.00239606
77.5334, 0.0672895, 0.0591918, -6.19532, -1.50061, 1.46743, -2.96804, -0.00239718
77.5693, 0.0420557, 0.0521292, -6.18968, -1.50063, 1.46748, -2.96811, -0.0023983
77.6052, 0.0224068, 0.0349284, -6.18404, -1.50065, 1.46754, -2.96819, -0.00239942
77.6412, 0.0120784, 0.011053, -6.17841, -1.50067, 1.46759, -2.96826, -0.00240054
77.6771, 0.0129381, -0.0148876, -6.17279, -1.50069, 1.46765, -2.96834, -0.00240166
77.7131, 0.0247975, -0.0379787, -6.16717, -1.50071, 1.4677, -2.96841, -0.00240278
77.749, 0.0454435, -0.0537823, -6.16155, -1.50073, 1.46776, -2.96848, -0.0024039
77.7849, 0.0709093, -0.0591648, -6.15594, -1.50075, 1.46781, -2.96856, -0.00240502
77.8209, 0.0961836, -0.0530513, -6.15034, -1.50077, 1.46786, -2.96863, -0.00240614
77.8568, 0.11632, -0.0367205, -6.14474, -1.50079, 1.46792, -2.96871, -0.00240726
77.8927, 0.127515, -0.0134327, -6.13915, -1.50081, 1.46797, -2.96878, -0.00240838
77.9287, 0.127755, 0.0123589, -6.13356, -1.50083, 1.46803, -2.96886, -0.0024095
77.9646, 0.11702, 0.035828, -6.12798, -1.50085, 1.46808, -2.96893, -0.00241062
78.0006, 0.0972794, 0.0525336, -6.1224, -1.50087, 1.46813, -2.969, -0.00241175
78.0365, 0.0722551, 0.0592156, -6.11683, -1.50089, 1.46819, -2.96908, -0.00241287
78.0724, 0.0467949, 0.0545514, -6.11126, -1.50091, 1.46824, -2.96915, -0.00241399
78.1084, 0.0258238, 0.0395138, -6.1057, -1.50093, 1.4683, -2.96923, -0.00241511
78.1443, 0.0132671, 0.017085, -6.10014, -1.50095, 1.46835, -2.9693, -0.00241623
78.1803, 0.0113639, -0.00847779, -6.09459, -1.50097, 1.4684, -2.96937, -0.00241736
78.2162, 0.0204174, -0.0324471, -6.08905, -1.50099, 1.46846, -2.96945, -0.00241848
78.2521, 0.0387851, -0.0503612, -6.0835, -1.50101, 1.46851, -2.96952, -0.0024196
78.2881, 0.0630577, -0.0587861, -6.07797, -1.50103, 1.46857, -2.9696, -0.00242073
78.324, 0.0885993, -0.0560728, -6.07244, -1.50105, 1.46862, -2.96967, -0.00242185
78.36, 0.110511, -0.0427932, -6.06691, -1.50107, 1.46867, -2.96974, -0.00242297
78.3959, 0.124707, -0.0215684, -6.06139, -1.50109, 1.46873, -2.96982, -0.0024241
78.4318, 0.128657, 0.00359511, -6.05588, -1.50111, 1.46878, -2.96989, -0.00242522
78.4678, 0.121697, 0.0280915, -6.05037, -1.50113, 1.46883, -2.96997, -0.00242634
78.5037, 0.105068, 0.0474364, -6.04486, -1.50115, 1.46889, -2.97004, -0.00242747
78.5397, 0.0817906, 0.0579927, -6.03936, -1.50117, 1.46894, -2.97011, -0.00242859
78.5756, 0.0562251, 0.0577231, -6.03387, -1.50119, 1.469, -2.97019, -0.00242972
78.6115, 0.0332141, 0.0467093, -6.02838, -1.50121, 1.46905, -2.97026, -0.00243084
78.6475, 0.0170236, 0.0271193, -6.0229, -1.50123, 1.4691, -2.97033, -0.00243197
78.6834, 0.0105246, 0.00264011, -6.01742, -1.50125, 1.46916, -2.97041, -0.00243309
78.7193, 0.0148097, -0.0222839, -6.01194, -1.50127, 1.46921, -2.97048, -0.00243422
78.7553, 0.0291111, -0.0431631, -6.00647, -1.50129, 1.46926, -2.97056, -0.00243535
78.7912, 0.0508776, -0.0561536, -6.00101, -1.50131, 1.46932, -2.97063, -0.00243647
78.8272, 0.0761045, -0.0587918, -5.99555, -1.50133, 1.46937, -2.9707, -0.0024376
78.8631, 0.100067, -0.0505902, -5.9901, -1.50135, 1.46942, -2.97078, -0.00243872
78.899, 0.118334, -0.0331621, -5.98465, -1.50137, 1.46948, -2.97085, -0.00243985
78.935, 0.127659, -0.00978536, -5.97921, -1.50139, 1.46953, -2.97092, -0.00244098
78.9724, 0.126192, 0.0162921, -5.97355, -1.50141, 1.46959, -2.971, -0.00244215
79.0097, 0.113653, 0.0392311, -5.9679, -1.50144, 1.46964, -2.97108, -0.00244332
79.0471, 0.092408, 0.0545605, -5.96226, -1.50146, 1.4697, -2.97115, -0.00244449
79.0845, 0.0665906, 0.059198, -5.95662, -1.50148, 1.46975, -2.97123, -0.00244567
79.1219, 0.0413407, 0.0522104, -5.95099, -1.5015, 1.46981, -2.9713, -0.00244684
79.1592, 0.0216443, 0.0350722, -5.94536, -1.50152, 1.46986, -2.97138, -0.00244801
79.1966, 0.0112449, 0.0112349, -5.93974, -1.50154, 1.46992, -2.97146, -0.00244919
79.234, 0.0120217, -0.0146999, -5.93412, -1.50156, 1.46997, -2.97153, -0.00245036
79.2714, 0.0237998, -0.0378213, -5.92851, -1.50158, 1.47003, -2.97161, -0.00245153
79.3087, 0.0443818, -0.0536894, -5.92291, -1.5016, 1.47008, -2.97169, -0.00245271
79.3461, 0.069816, -0.0591615, -5.91731, -1.50162, 1.47014, -2.97176, -0.00245388
79.3835, 0.0951009, -0.0531464, -5.91171, -1.50165, 1.47019, -2.97184, -0.00245506
79.4208, 0.115291, -0.0369031, -5.90612, -1.50167, 1.47025, -2.97191, -0.00245623
79.4582, 0.126576, -0.0136735, -5.90054, -1.50169, 1.4703, -2.97199, -0.00245741
79.4956, 0.126926, 0.0121021, -5.89496, -1.50171, 1.47036, -2.97207, -0.00245858
79.533, 0.116305, 0.0356054, -5.88939, -1.50173, 1.47041, -2.97214, -0.00245976
79.5703, 0.096657, 0.0523951, -5.88382, -1.50175, 1.47047, -2.97222, -0.00246093
79.6077, 0.0716835, 0.0592006, -5.87826, -1.50177, 1.47052, -2.97229, -0.00246211
79.6451, 0.0462151, 0.0546773, -5.8727, -1.50179, 1.47058, -2.97237, -0.00246328
79.6825, 0.0251727, 0.0397693, -5.86715, -1.50181, 1.47063, -2.97244, -0.00246446
79.7198, 0.0124912, 0.0174321, -5.86161, -1.50183, 1.47069, -2.97252, -0.00246564
79.7572, 0.0104288, -0.00809796, -5.85607, -1.50186, 1.47074, -2.9726, -0.00246681
79.7946, 0.0193152, -0.0321058, -5.85053, -1.50188, 1.4708, -2.97267, -0.00246799
79.832, 0.0375395, -0.0501313, -5.845, -1.5019, 1.47085, -2.97275, -0.00246917
79.8693, 0.0617255, -0.0587274, -5.83948, -1.50192, 1.4709, -2.97282, -0.00247034
79.9067, 0.0872625, -0.0562155, -5.83396, -1.50194, 1.47096, -2.9729, -0.00247152
79.9441, 0.109261, -0.0431275, -5.82845, -1.50196, 1.47101, -2.97297, -0.0024727
79.9815, 0.123622, -0.0220449, -5.82294, -1.50198, 1.47107, -2.97305, -0.00247388
80.0188, 0.127791, 0.00305625, -5.81744, -1.502, 1.47112, -2.97313, -0.00247505
80.0562, 0.121067, 0.0275891, -5.81194, -1.50202, 1.47118, -2.9732, -0.00247623
80.0936, 0.104649, 0.0470738, -5.80645, -1.50204, 1.47123, -2.97328, -0.00247741
80.131, 0.0815087, 0.0578582, -5.80096, -1.50207, 1.47129, -2.97335, -0.00247859
80.1683, 0.0559711, 0.057867, -5.79548, -1.50209, 1.47134, -2.97343, -0.00247977
80.2057, 0.0328623, 0.0471281, -5.79001, -1.50211, 1.4714, -2.9735, -0.00248095
80.2431, 0.0164595, 0.0277536, -5.78454, -1.50213, 1.47145, -2.97358, -0.00248213
80.2805, 0.00966729, 0.00338642, -5.77907, -1.50215, 1.4715, -2.97365, -0.00248331
80.3178, 0.0136258, -0.021557, -5.77361, -1.50217, 1.47156, -2.97373, -0.00248449
80.3552, 0.0276239, -0.0425966, -5.76816, -1.50219, 1.47161, -2.9738, -0.00248567
80.3926, 0.0491724, -0.0558733, -5.76271, -1.50221, 1.47167, -2.97388, -0.00248685
80.4299, 0.0743202, -0.0588789, -5.75727, -1.50223, 1.47172, -2.97396, -0.00248803
80.4673, 0.0983709, -0.0510569, -5.75183, -1.50226, 1.47177, -2.97403, -0.00248921
80.5047, 0.116886, -0.033945, -5.7464, -1.50228, 1.47183, -2.97411, -0.00249039
80.5421, 0.126578, -0.0107587, -5.74097, -1.5023, 1.47188, -2.97418, -0.00249157
80.5811, 0.125526, 0.0154103, -5.73531, -1.50232, 1.47194, -2.97426, -0.0024928
80.6201, 0.113296, 0.0385936, -5.72965, -1.50234, 1.472, -2.97434, -0.00249404
80.6592, 0.0922073, 0.0542523, -5.724, -1.50236, 1.47205, -2.97442, -0.00249527
80.6982, 0.0663818, 0.0592246, -5.71835, -1.50239, 1.47211, -2.97449, -0.00249651
80.7373, 0.0409872, 0.0525041, -5.71271, -1.50241, 1.47216, -2.97457, -0.00249774
80.7763, 0.021067, 0.0355195, -5.70708, -1.50243, 1.47222, -2.97465, -0.00249898
80.8153, 0.0104302, 0.0117137, -5.70145, -1.50245, 1.47228, -2.97473, -0.00250021
80.8544, 0.0110096, -0.0142907, -5.69583, -1.50247, 1.47233, -2.97481, -0.00250145
80.8934, 0.0226638, -0.0375441, -5.69021, -1.5025, 1.47239, -2.97489, -0.00250268
80.9324, 0.0432066, -0.0535615, -5.6846, -1.50252, 1.47245, -2.97496, -0.00250392
80.9715, 0.0686753, -0.0591573, -5.679, -1.50254, 1.4725, -2.97504, -0.00250515
81.0105, 0.0940374, -0.053211, -5.6734, -1.50256, 1.47256, -2.97512, -0.00250639
81.0496, 0.114308, -0.0369749, -5.6678, -1.50258, 1.47261, -2.9752, -0.00250763
81.0886, 0.125644, -0.0137062, -5.66222, -1.50261, 1.47267, -2.97528, -0.00250886
81.1276, 0.125997, 0.012126, -5.65663, -1.50263, 1.47273, -2.97536, -0.0025101
81.1667, 0.115331, 0.0356707, -5.65106, -1.50265, 1.47278, -2.97543, -0.00251134
81.2057, 0.0956088, 0.0524592, -5.64549, -1.50267, 1.47284, -2.97551, -0.00251258
81.2447, 0.070563, 0.0592075, -5.63992, -1.5027, 1.47289, -2.97559, -0.00251381
81.2838, 0.0450594, 0.0545779, -5.63436, -1.50272, 1.47295, -2.97567, -0.00251505
81.3228, 0.0240454, 0.0395414, -5.62881, -1.50274, 1.47301, -2.97574, -0.00251629
81.3619, 0.0114641, 0.0170904, -5.62326, -1.50276, 1.47306, -2.97582, -0.00251753
81.4009, 0.00956247, -0.00850112, -5.61772, -1.50278, 1.47312, -2.9759, -0.00251877
81.4399, 0.0186414, -0.0324884, -5.61218, -1.50281, 1.47317, -2.97598, -0.00252001
81.479, 0.0370475, -0.0503966, -5.60665, -1.50283, 1.47323, -2.97606, -0.00252125
81.518, 0.0613543, -0.0587868, -5.60112, -1.50285, 1.47328, -2.97613, -0.00252249
81.557, 0.0869085, -0.0560156, -5.5956, -1.50287, 1.47334, -2.97621, -0.00252373
81.5961, 0.1088, -0.0426702, -5.59009, -1.50289, 1.4734, -2.97629, -0.00252496
81.6351, 0.122941, -0.0213902, -5.58458, -1.50292, 1.47345, -2.97637, -0.00252621
81.6742, 0.126809, 0.00380058, -5.57908, -1.50294, 1.47351, -2.97644, -0.00252745
81.7132, 0.119757, 0.028285, -5.57358, -1.50296, 1.47356, -2.97652, -0.00252869
81.7522, 0.103045, 0.047575, -5.56809, -1.50298, 1.47362, -2.9766, -0.00252993
81.7913, 0.0797129, 0.0580402, -5.56261, -1.503, 1.47367, -2.97668, -0.00253117
81.8303, 0.0541395, 0.0576606, -5.55713, -1.50303, 1.47373, -2.97676, -0.00253241
81.8693, 0.0311716, 0.0465422, -5.55165, -1.50305, 1.47378, -2.97683, -0.00253365
81.9084, 0.0150671, 0.0268762, -5.54618, -1.50307, 1.47384, -2.97691, -0.00253489
81.9474, 0.00867989, 0.00236579, -5.54072, -1.50309, 1.47389, -2.97699, -0.00253613
81.9865, 0.0130809, -0.0225376, -5.53526, -1.50312, 1.47395, -2.97706, -0.00253738
82.0255, 0.0274793, -0.0433469, -5.52981, -1.50314, 1.47401, -2.97714, -0.00253862
82.0645, 0.0493034, -0.0562306, -5.52436, -1.50316, 1.47406, -2.97722, -0.00253986
82.1036, 0.074535, -0.0587469, -5.51892, -1.50318, 1.47412, -2.9773, -0.0025411
82.1426, 0.0984486, -0.0504344, -5.51349, -1.5032, 1.47417, -2.97737, -0.00254235
82.1816, 0.116626, -0.032929, -5.50806, -1.50323, 1.47423, -2.97745, -0.00254359
82.2207, 0.12584, -0.00952176, -5.50263, -1.50325, 1.47428, -2.97753, -0.00254484
82.2613, 0.124262, 0.0165229, -5.497, -1.50327, 1.47434, -2.97761, -0.00254613
82.3018, 0.111648, 0.0393896, -5.49138, -1.50329, 1.4744, -2.97769, -0.00254742
82.3424, 0.0903737, 0.05463, -5.48576, -1.50332, 1.47445, -2.97777, -0.00254871
82.383, 0.0645731, 0.0591874, -5.48014, -1.50334, 1.47451, -2.97785, -0.00255001
82.4236, 0.0393713, 0.0521497, -5.47453, -1.50336, 1.47457, -2.97793, -0.0025513
82.4641, 0.0197314, 0.0350005, -5.46893, -1.50339, 1.47462, -2.97801, -0.0025526
82.5047, 0.00937378, 0.0111863, -5.46334, -1.50341, 1.47468, -2.97809, -0.00255389
82.5453, 0.0101621, -0.0147078, -5.45775, -1.50343, 1.47474, -2.97817, -0.00255519
82.5859, 0.021917, -0.0377924, -5.45216, -1.50346, 1.47479, -2.97825, -0.00255648
82.6264, 0.0424494, -0.0536493, -5.44659, -1.50348, 1.47485, -2.97833, -0.00255778
82.667, 0.0678277, -0.05915, -5.44101, -1.5035, 1.47491, -2.97841, -0.00255907
82.7076, 0.0930773, -0.0532035, -5.43545, -1.50352, 1.47497, -2.97849, -0.00256037
82.7482, 0.113276, -0.0370531, -5.42989, -1.50355, 1.47502, -2.97857, -0.00256166
82.7888, 0.124626, -0.0139136, -5.42433, -1.50357, 1.47508, -2.97865, -0.00256296
82.8293, 0.125094, 0.0118062, -5.41879, -1.50359, 1.47514, -2.97873, -0.00256425
82.8699, 0.114626, 0.0353169, -5.41324, -1.50362, 1.47519, -2.97881, -0.00256555
82.9105, 0.0951315, 0.0521965, -5.40771, -1.50364, 1.47525, -2.97889, -0.00256685
82.9511, 0.0702664, 0.0591741, -5.40218, -1.50366, 1.47531, -2.97897, -0.00256814
82.9916, 0.0448187, 0.0548791, -5.39665, -1.50369, 1.47536, -2.97905, -0.00256944
83.0322, 0.0236838, 0.0402081, -5.39113, -1.50371, 1.47542, -2.97913, -0.00257074
83.0728, 0.0107972, 0.018061, -5.38562, -1.50373, 1.47548, -2.97921, -0.00257204
83.1134, 0.00844266, -0.00737715, -5.38011, -1.50375, 1.47553, -2.97929, -0.00257334
83.1539, 0.0169967, -0.0314301, -5.37461, -1.50378, 1.47559, -2.97937, -0.00257463
83.1945, 0.034914, -0.0496563, -5.36912, -1.5038, 1.47564, -2.97945, -0.00257593
83.2351, 0.0588941, -0.0585939, -5.36363, -1.50382, 1.4757, -2.97952, -0.00257723
83.2757, 0.0843926, -0.0565096, -5.35815, -1.50385, 1.47576, -2.9796, -0.00257853
83.3162, 0.106552, -0.0438499, -5.35267, -1.50387, 1.47581, -2.97968, -0.00257983
83.3568, 0.121263, -0.0231042, -5.3472, -1.50389, 1.47587, -2.97976, -0.00258113
83.3974, 0.125919, 0.00182991, -5.34173, -1.50392, 1.47593, -2.97984, -0.00258243
83.438, 0.119742, 0.0264196, -5.33627, -1.50394, 1.47598, -2.97992, -0.00258373
83.4785, 0.103828, 0.0462068, -5.33082, -1.50396, 1.47604, -2.98, -0.00258503
83.5191, 0.0810369, 0.0575143, -5.32537, -1.50399, 1.47609, -2.98008, -0.00258633
83.5597, 0.0555944, 0.0581842, -5.31993, -1.50401, 1.47615, -2.98016, -0.00258763
83.6003, 0.0322771, 0.0481168, -5.31449, -1.50403, 1.47621, -2.98024, -0.00258893
83.6408, 0.0153792, 0.0292867, -5.30906, -1.50405, 1.47626, -2.98032, -0.00259023
83.6814, 0.00787913, 0.00522148, -5.30364, -1.50408, 1.47632, -2.9804, -0.00259154
83.722, 0.0110299, -0.01974, -5.29822, -1.5041, 1.47638, -2.98048, -0.00259284
83.7626, 0.0242606, -0.0411499, -5.2928, -1.50412, 1.47643, -2.98056, -0.00259414
83.8032, 0.0452384, -0.0551215, -5.2874, -1.50415, 1.47649, -2.98063, -0.00259544
83.8437, 0.070154, -0.0590424, -5.282, -1.50417, 1.47654, -2.98071, -0.00259674
83.8843, 0.0943921, -0.0521862, -5.2766, -1.50419, 1.4766, -2.98079, -0.00259805
83.9249, 0.113505, -0.0358989, -5.27121, -1.50422, 1.47665, -2.98087, -0.00259935
83.9655, 0.124115, -0.0132308, -5.26583, -1.50424, 1.47671, -2.98095, -0.00260065
84.0083, 0.124133, 0.013154, -5.26014, -1.50426, 1.47677, -2.98103, -0.00260203
84.0512, 0.1127, 0.0369497, -5.25446, -1.50429, 1.47683, -2.98112, -0.00260341
84.0941, 0.0920149, 0.0534399, -5.24879, -1.50431, 1.47689, -2.9812, -0.00260479
84.137, 0.0661724, 0.0592559, -5.24312, -1.50434, 1.47695, -2.98128, -0.00260617
84.1799, 0.0404143, 0.053202, -5.23746, -1.50436, 1.477, -2.98137, -0.00260755
84.2228, 0.0199364, 0.0365914, -5.23181, -1.50439, 1.47706, -2.98145, -0.00260893
84.2657, 0.00871812, 0.0128496, -5.22616, -1.50441, 1.47712, -2.98153, -0.00261031
84.3086, 0.00882942, -0.0133389, -5.22052, -1.50444, 1.47718, -2.98162, -0.00261169
84.3515, 0.0202096, -0.0369193, -5.21489, -1.50446, 1.47724, -2.9817, -0.00261307
84.3944, 0.0406924, -0.0532863, -5.20926, -1.50448, 1.4773, -2.98178, -0.00261445
84.4373, 0.0662739, -0.0591458, -5.20364, -1.50451, 1.47736, -2.98187, -0.00261583
84.4802, 0.0918325, -0.0533107, -5.19803, -1.50453, 1.47742, -2.98195, -0.00261721
84.523, 0.112278, -0.0370298, -5.19242, -1.50456, 1.47747, -2.98203, -0.00261859
84.5659, 0.123681, -0.0136147, -5.18682, -1.50458, 1.47753, -2.98211, -0.00261997
84.6088, 0.123959, 0.0123782, -5.18122, -1.50461, 1.47759, -2.9822, -0.00262135
84.6517, 0.113091, 0.0360057, -5.17563, -1.50463, 1.47765, -2.98228, -0.00262273
84.6946, 0.093105, 0.052727, -5.17005, -1.50466, 1.47771, -2.98236, -0.00262412
84.7375, 0.0678331, 0.0592311, -5.16447, -1.50468, 1.47777, -2.98245, -0.0026255
84.7804, 0.0422475, 0.054217, -5.1589, -1.5047, 1.47782, -2.98253, -0.00262688
84.8233, 0.0213665, 0.0387483, -5.15334, -1.50473, 1.47788, -2.98261, -0.00262827
84.8662, 0.00914603, 0.0159367, -5.14778, -1.50475, 1.47794, -2.98269, -0.00262965
84.9091, 0.0077864, -0.00983098, -5.14223, -1.50478, 1.478, -2.98278, -0.00263103
84.952, 0.0174917, -0.0337243, -5.13668, -1.5048, 1.47806, -2.98286, -0.00263242
84.9948, 0.036471, -0.0512309, -5.13115, -1.50483, 1.47812, -2.98294, -0.0026338
85.0377, 0.0611424, -0.0589474, -5.12561, -1.50485, 1.47817, -2.98302, -0.00263519
85.0806, 0.086724, -0.0553497, -5.12009, -1.50488, 1.47823, -2.98311, -0.00263657
85.1235, 0.108253, -0.0412006, -5.11457, -1.5049, 1.47829, -2.98319, -0.00263796
85.1664, 0.12168, -0.0193209, -5.10905, -1.50492, 1.47835, -2.98327, -0.00263934
85.2093, 0.124598, 0.00612227, -5.10355, -1.50495, 1.47841, -2.98335, -0.00264073
85.2522, 0.116522, 0.0304233, -5.09805, -1.50497, 1.47846, -2.98344, -0.00264211
85.2951, 0.0989121, 0.0490762, -5.09255, -1.505, 1.47852, -2.98352, -0.0026435
85.338, 0.0750156, 0.0585265, -5.08706, -1.50502, 1.47858, -2.9836, -0.00264488
85.3809, 0.0493713, 0.0569339, -5.08158, -1.50505, 1.47864, -2.98368, -0.00264627
85.4238, 0.0268814, 0.0446507, -5.0761, -1.50507, 1.47869, -2.98377, -0.00264766
85.4666, 0.0117347, 0.0241101, -5.07063, -1.5051, 1.47875, -2.98385, -0.00264905
85.5095, 0.00662159, -0.000802911, -5.06517, -1.50512, 1.47881, -2.98393, -0.00265043
85.5524, 0.0123948, -0.0255346, -5.05971, -1.50514, 1.47887, -2.98401, -0.00265182
85.5953, 0.0280135, -0.0455836, -5.05426, -1.50517, 1.47893, -2.98409, -0.00265321
85.6382, 0.0506508, -0.0572129, -5.04882, -1.50519, 1.47898, -2.98418, -0.0026546
85.6811, 0.0760862, -0.0581967, -5.04338, -1.50522, 1.47904, -2.98426, -0.00265599
85.724, 0.0995154, -0.0483747, -5.03794, -1.50524, 1.4791, -2.98434, -0.00265738
85.7669, 0.116595, -0.0296846, -5.03252, -1.50527, 1.47916, -2.98442, -0.00265876
85.8098, 0.12429, -0.00564611, -5.0271, -1.50529, 1.47921, -2.9845, -0.00266015
85.8527, 0.121303, 0.019387, -5.02168, -1.50532, 1.47927, -2.98459, -0.00266154
85.8956, 0.108172, 0.040938, -5.01627, -1.50534, 1.47933, -2.98467, -0.00266293
85.9385, 0.0872116, 0.0550829, -5.01087, -1.50537, 1.47938, -2.98475, -0.00266432
85.9813, 0.0622327, 0.0591699, -5.00548, -1.50539, 1.47944, -2.98483, -0.00266572
86.0242, 0.0378691, 0.0524396, -5.00009, -1.50541, 1.4795, -2.98491, -0.00266711
86.0671, 0.0185986, 0.0362204, -4.9947, -1.50544, 1.47956, -2.985, -0.0026685
86.11, 0.00783075, 0.0135627, -4.98933, -1.50546, 1.47961, -2.98508, -0.00266989
86.1547, 0.00759247, -0.0125018, -4.98373, -1.50549, 1.47967, -2.98516, -0.00267134
86.1995, 0.0185514, -0.0361412, -4.97813, -1.50551, 1.47973, -2.98525, -0.00267279
86.2442, 0.0386404, -0.052787, -4.97255, -1.50554, 1.47979, -2.98533, -0.00267424
86.2889, 0.0639739, -0.0591256, -4.96697, -1.50557, 1.47985, -2.98542, -0.00267569
86.3336, 0.0895304, -0.0538845, -4.96139, -1.50559, 1.47991, -2.9855, -0.00267715
86.3783, 0.110264, -0.0381805, -4.95583, -1.50562, 1.47997, -2.98559, -0.0026786
86.423, 0.122221, -0.0151861, -4.95027, -1.50564, 1.48003, -2.98567, -0.00268005
86.4677, 0.123233, 0.0106578, -4.94471, -1.50567, 1.48009, -2.98576, -0.0026815
86.5125, 0.113149, 0.0344832, -4.93917, -1.50569, 1.48015, -2.98584, -0.00268296
86.5572, 0.0938302, 0.0517658, -4.93363, -1.50572, 1.48021, -2.98593, -0.00268441
86.6019, 0.0689365, 0.0591268, -4.92809, -1.50574, 1.48027, -2.98601, -0.00268586
86.6466, 0.0433088, 0.0551074, -4.92256, -1.50577, 1.48033, -2.9861, -0.00268732
86.6913, 0.0219296, 0.0405609, -4.91704, -1.5058, 1.48039, -2.98618, -0.00268877
86.736, 0.00882176, 0.0183966, -4.91153, -1.50582, 1.48044, -2.98627, -0.00269023
86.7808, 0.00633079, -0.00715114, -4.90602, -1.50585, 1.4805, -2.98635, -0.00269168
86.8255, 0.0148574, -0.0313388, -4.90052, -1.50587, 1.48056, -2.98644, -0.00269314
86.8702, 0.0328431, -0.0496585, -4.89503, -1.5059, 1.48062, -2.98652, -0.00269459
86.9149, 0.0569411, -0.0586005, -4.88954, -1.50592, 1.48068, -2.9866, -0.00269605
86.9596, 0.0825407, -0.0564174, -4.88406, -1.50595, 1.48074, -2.98669, -0.00269751
87.0043, 0.104722, -0.0435828, -4.87858, -1.50598, 1.4808, -2.98677, -0.00269896
87.0491, 0.119337, -0.0226434, -4.87311, -1.506, 1.48086, -2.98686, -0.00270042
87.0938, 0.12378, 0.00243374, -4.86765, -1.50603, 1.48092, -2.98694, -0.00270188
87.1385, 0.117305, 0.0270526, -4.8622, -1.50605, 1.48097, -2.98703, -0.00270333
87.1832, 0.101071, 0.0467117, -4.85675, -1.50608, 1.48103, -2.98711, -0.00270479
87.2279, 0.0780261, 0.0577265, -4.8513, -1.5061, 1.48109, -2.9872, -0.00270625
87.2726, 0.0524799, 0.0579805, -4.84587, -1.50613, 1.48115, -2.98728, -0.00270771
87.3173, 0.0292645, 0.0474584, -4.84044, -1.50615, 1.48121, -2.98736, -0.00270917
87.3621, 0.0126797, 0.0282379, -4.83501, -1.50618, 1.48127, -2.98745, -0.00271063
87.4068, 0.00566092, 0.00394082, -4.8296, -1.50621, 1.48133, -2.98753, -0.00271208
87.4515, 0.00938212, -0.0210259, -4.82419, -1.50623, 1.48139, -2.98762, -0.00271354
87.4962, 0.0231672, -0.0421814, -4.81878, -1.50626, 1.48144, -2.9877, -0.002715
87.5409, 0.0445626, -0.0556542, -4.81338, -1.50628, 1.4815, -2.98778, -0.00271646
87.5856, 0.069649, -0.0589079, -4.80799, -1.50631, 1.48156, -2.98787, -0.00271792
87.6304, 0.0937473, -0.051344, -4.80261, -1.50633, 1.48162, -2.98795, -0.00271939
87.6751, 0.112416, -0.0344538, -4.79723, -1.50636, 1.48168, -2.98804, -0.00272085
87.7198, 0.122348, -0.0114114, -4.79186, -1.50638, 1.48174, -2.98812, -0.00272231
87.7667, 0.121579, 0.0148074, -4.78624, -1.50641, 1.4818, -2.98821, -0.00272384
87.8135, 0.109568, 0.0381451, -4.78062, -1.50644, 1.48186, -2.9883, -0.00272537
87.8604, 0.0886033, 0.0540238, -4.77501, -1.50647, 1.48192, -2.98838, -0.0027269
87.9072, 0.0627947, 0.0592352, -4.76941, -1.50649, 1.48198, -2.98847, -0.00272844
87.9541, 0.0373178, 0.0527266, -4.76381, -1.50652, 1.48204, -2.98856, -0.00272997
88.0009, 0.0172432, 0.0358922, -4.75823, -1.50655, 1.4821, -2.98865, -0.0027315
88.0478, 0.00641408, 0.0121576, -4.75265, -1.50657, 1.48216, -2.98873, -0.00273304
88.0947, 0.00679657, -0.0138567, -4.74707, -1.5066, 1.48222, -2.98882, -0.00273457
88.1415, 0.0182779, -0.0371942, -4.7415, -1.50663, 1.48228, -2.98891, -0.0027361
88.1884, 0.0386972, -0.0533555, -4.73594, -1.50665, 1.48234, -2.989, -0.00273764
88.2352, 0.0641118, -0.059132, -4.73039, -1.50668, 1.4824, -2.98909, -0.00273917
88.2821, 0.0894993, -0.0533722, -4.72484, -1.50671, 1.48247, -2.98917, -0.00274071
88.329, 0.109871, -0.0372958, -4.7193, -1.50673, 1.48253, -2.98926, -0.00274224
88.3758, 0.121368, -0.0141324, -4.71377, -1.50676, 1.48259, -2.98935, -0.00274378
88.4227, 0.121917, 0.0116691, -4.70825, -1.50679, 1.48265, -2.98943, -0.00274532
88.4695, 0.111453, 0.0352706, -4.70273, -1.50681, 1.48271, -2.98952, -0.00274685
88.5164, 0.0919028, 0.0522058, -4.69722, -1.50684, 1.48277, -2.98961, -0.00274839
88.5633, 0.0669568, 0.0591763, -4.69171, -1.50687, 1.48283, -2.9897, -0.00274993
88.6101, 0.0414483, 0.054809, -4.68621, -1.5069, 1.48289, -2.98978, -0.00275146
88.657, 0.0203105, 0.0400253, -4.68072, -1.50692, 1.48295, -2.98987, -0.002753
88.7038, 0.00749594, 0.0177654, -4.67524, -1.50695, 1.48301, -2.98996, -0.00275454
88.7507, 0.00528156, -0.0077421, -4.66976, -1.50698, 1.48307, -2.99005, -0.00275608
88.7976, 0.0140155, -0.0317856, -4.66429, -1.507, 1.48313, -2.99013, -0.00275762
88.8444, 0.0321078, -0.0499051, -4.65882, -1.50703, 1.48319, -2.99022, -0.00275915
88.8913, 0.0562056, -0.0586459, -4.65337, -1.50706, 1.48325, -2.99031, -0.00276069
88.9381, 0.0817199, -0.0563105, -4.64792, -1.50708, 1.48331, -2.99039, -0.00276223
88.985, 0.103774, -0.0434017, -4.64247, -1.50711, 1.48337, -2.99048, -0.00276377
89.0319, 0.118268, -0.0224676, -4.63704, -1.50714, 1.48343, -2.99057, -0.00276531
89.0787, 0.122634, 0.00254829, -4.6316, -1.50716, 1.48349, -2.99065, -0.00276685
89.1256, 0.116145, 0.0270871, -4.62618, -1.50719, 1.48355, -2.99074, -0.0027684
89.1724, 0.0999586, 0.0466879, -4.62076, -1.50722, 1.48361, -2.99083, -0.00276994
89.2193, 0.0769965, 0.0576995, -4.61535, -1.50725, 1.48367, -2.99091, -0.00277148
89.2662, 0.0515282, 0.0580198, -4.60995, -1.50727, 1.48373, -2.991, -0.00277302
89.313, 0.028342, 0.0476223, -4.60456, -1.5073, 1.48379, -2.99109, -0.00277456
89.3599, 0.0117064, 0.02855, -4.59917, -1.50733, 1.48385, -2.99117, -0.0027761
89.4067, 0.0045478, 0.00437757, -4.59378, -1.50735, 1.48391, -2.99126, -0.00277765
89.4536, 0.00805538, -0.0205362, -4.58841, -1.50738, 1.48397, -2.99135, -0.00277919
89.5004, 0.0215921, -0.0417497, -4.58304, -1.50741, 1.48403, -2.99143, -0.00278073
89.5473, 0.0427641, -0.0554095, -4.57767, -1.50743, 1.48409, -2.99152, -0.00278228
89.5942, 0.0677204, -0.0589638, -4.57232, -1.50746, 1.48415, -2.99161, -0.00278382
89.641, 0.0918377, -0.0517617, -4.56697, -1.50749, 1.48421, -2.99169, -0.00278537
89.6879, 0.110698, -0.0352175, -4.56162, -1.50751, 1.48427, -2.99178, -0.00278691
89.7347, 0.120979, -0.0124254, -4.55629, -1.50754, 1.48432, -2.99187, -0.00278846
89.7842, 0.120649, 0.0138753, -4.55067, -1.50757, 1.48439, -2.99196, -0.00279009
89.8336, 0.108972, 0.03746, -4.54505, -1.5076, 1.48445, -2.99205, -0.00279172
89.883, 0.0881841, 0.0536814, -4.53944, -1.50763, 1.48451, -2.99214, -0.00279335
89.9325, 0.062379, 0.0592489, -4.53385, -1.50765, 1.48457, -2.99223, -0.00279498
89.9819, 0.0367578, 0.0530316, -4.52825, -1.50768, 1.48464, -2.99232, -0.00279661
90.0313, 0.0164486, 0.0363725, -4.52267, -1.50771, 1.4847, -2.99241, -0.00279824
90.0807, 0.00536272, 0.0126841, -4.51709, -1.50774, 1.48476, -2.9925, -0.00279987
90.1302, 0.00552348, -0.0133946, -4.51152, -1.50777, 1.48482, -2.99259, -0.00280151
90.1796, 0.0168558, -0.0368702, -4.50596, -1.5078, 1.48489, -2.99268, -0.00280314
90.229, 0.0372151, -0.053198, -4.5004, -1.50783, 1.48495, -2.99277, -0.00280477
90.2784, 0.0626522, -0.059124, -4.49485, -1.50785, 1.48501, -2.99286, -0.00280641
90.3279, 0.0881178, -0.0534629, -4.48931, -1.50788, 1.48507, -2.99296, -0.00280804
90.3773, 0.108585, -0.0374215, -4.48378, -1.50791, 1.48514, -2.99305, -0.00280967
90.4267, 0.120159, -0.0142386, -4.47825, -1.50794, 1.4852, -2.99314, -0.00281131
90.4762, 0.120746, 0.0116128, -4.47273, -1.50797, 1.48526, -2.99323, -0.00281294
90.5256, 0.110274, 0.0352652, -4.46722, -1.508, 1.48532, -2.99332, -0.00281458
90.575, 0.0906813, 0.052226, -4.46172, -1.50802, 1.48538, -2.99341, -0.00281622
90.6244, 0.0656812, 0.0591804, -4.45622, -1.50805, 1.48545, -2.9935, -0.00281785
90.6739, 0.040136, 0.0547556, -4.45073, -1.50808, 1.48551, -2.99359, -0.00281949
90.7233, 0.0190024, 0.0398895, -4.44525, -1.50811, 1.48557, -2.99368, -0.00282112
90.7727, 0.00624381, 0.0175497, -4.43977, -1.50814, 1.48563, -2.99377, -0.00282276
90.8221, 0.00413192, -0.00800617, -4.4343, -1.50817, 1.48569, -2.99386, -0.0028244
90.8716, 0.0129958, -0.0320426, -4.42884, -1.50819, 1.48575, -2.99395, -0.00282604
90.921, 0.0312147, -0.0500865, -4.42339, -1.50822, 1.48582, -2.99404, -0.00282768
90.9704, 0.0553993, -0.0586872, -4.41794, -1.50825, 1.48588, -2.99413, -0.00282931
91.0199, 0.0809284, -0.0561715, -4.4125, -1.50828, 1.48594, -2.99422, -0.00283095
91.0693, 0.10291, -0.0430815, -4.40707, -1.50831, 1.486, -2.99431, -0.00283259
91.1187, 0.11725, -0.0220073, -4.40164, -1.50834, 1.48606, -2.9944, -0.00283423
91.1681, 0.121405, 0.00307323, -4.39622, -1.50836, 1.48612, -2.99449, -0.00283587
91.2176, 0.114685, 0.0275795, -4.39081, -1.50839, 1.48618, -2.99458, -0.00283751
91.267, 0.0982925, 0.0470453, -4.38541, -1.50842, 1.48625, -2.99467, -0.00283915
91.3164, 0.0751954, 0.0578353, -4.38001, -1.50845, 1.48631, -2.99476, -0.00284079
91.3658, 0.0497008, 0.0578866, -4.37462, -1.50848, 1.48637, -2.99485, -0.00284244
91.4153, 0.0266104, 0.0472274, -4.36924, -1.50851, 1.48643, -2.99494, -0.00284408
91.4647, 0.0101781, 0.0279553, -4.36386, -1.50854, 1.48649, -2.99503, -0.00284572
91.5141, 0.00329407, 0.00368524, -4.35849, -1.50856, 1.48655, -2.99512, -0.00284736
91.5636, 0.00709941, -0.0212017, -4.35313, -1.50859, 1.48661, -2.99521, -0.002849
91.613, 0.0209031, -0.0422614, -4.34777, -1.50862, 1.48667, -2.9953, -0.00285065
91.6624, 0.0422574, -0.0556611, -4.34243, -1.50865, 1.48674, -2.99538, -0.00285229
91.7118, 0.0672686, -0.0588942, -4.33709, -1.50868, 1.4868, -2.99547, -0.00285393
91.7613, 0.0912968, -0.0513728, -4.33175, -1.50871, 1.48686, -2.99556, -0.00285558
91.8107, 0.10994, -0.0345748, -4.32643, -1.50873, 1.48692, -2.99565, -0.00285722
91.8601, 0.119915, -0.0116414, -4.32111, -1.50876, 1.48698, -2.99574, -0.00285887
91.9121, 0.119249, 0.014584, -4.31552, -1.50879, 1.48704, -2.99584, -0.0028606
91.9641, 0.107327, 0.037969, -4.30994, -1.50882, 1.48711, -2.99593, -0.00286233
92.0161, 0.0864237, 0.0539278, -4.30437, -1.50885, 1.48717, -2.99602, -0.00286406
92.068, 0.0606383, 0.0592397, -4.2988, -1.50888, 1.48723, -2.99612, -0.00286579
92.12, 0.0351405, 0.052835, -4.29325, -1.50891, 1.4873, -2.99621, -0.00286752
92.172, 0.0150023, 0.0360898, -4.2877, -1.50894, 1.48736, -2.9963, -0.00286926
92.224, 0.00407555, 0.0124139, -4.28216, -1.50897, 1.48743, -2.9964, -0.00287099
92.276, 0.00433912, -0.0135843, -4.27662, -1.509, 1.48749, -2.99649, -0.00287272
92.328, 0.0156976, -0.0369568, -4.2711, -1.50903, 1.48755, -2.99659, -0.00287445
92.3799, 0.0360122, -0.0532064, -4.26558, -1.50906, 1.48762, -2.99668, -0.00287619
92.4319, 0.061365, -0.0591161, -4.26007, -1.50909, 1.48768, -2.99677, -0.00287792
92.4839, 0.0867543, -0.0535131, -4.25457, -1.50912, 1.48774, -2.99687, -0.00287966
92.5359, 0.1072, -0.0375867, -4.24907, -1.50915, 1.48781, -2.99696, -0.00288139
92.5879, 0.118837, -0.0145342, -4.24358, -1.50918, 1.48787, -2.99705, -0.00288313
92.6398, 0.119574, 0.0112238, -4.2381, -1.50921, 1.48793, -2.99715, -0.00288486
92.6918, 0.109316, 0.0348698, -4.23263, -1.50924, 1.488, -2.99724, -0.0028866
92.7438, 0.089947, 0.0519461, -4.22717, -1.50927, 1.48806, -2.99733, -0.00288834
92.7958, 0.0651129, 0.0591422, -4.22171, -1.5093, 1.48812, -2.99743, -0.00289007
92.8478, 0.0396068, 0.0550486, -4.21626, -1.50933, 1.48819, -2.99752, -0.00289181
92.8998, 0.0183442, 0.040532, -4.21082, -1.50936, 1.48825, -2.99761, -0.00289355
92.9517, 0.00528711, 0.018475, -4.20538, -1.50939, 1.48831, -2.9977, -0.00289528
93.0037, 0.00274524, -0.00694333, -4.19995, -1.50942, 1.48838, -2.9978, -0.00289702
93.0557, 0.0111185, -0.0310466, -4.19453, -1.50945, 1.48844, -2.99789, -0.00289876
93.1077, 0.0288851, -0.0493885, -4.18912, -1.50948, 1.4885, -2.99798, -0.0029005
93.1597, 0.0527688, -0.0584955, -4.18372, -1.50951, 1.48857, -2.99808, -0.00290224
93.2117, 0.0782461, -0.0566113, -4.17832, -1.50954, 1.48863, -2.99817, -0.00290398
93.2636, 0.100471, -0.0441504, -4.17293, -1.50957, 1.48869, -2.99826, -0.00290572
93.3156, 0.115329, -0.0235669, -4.16755, -1.5096, 1.48875, -2.99835, -0.00290746
93.3676, 0.1202, 0.00127458, -4.16217, -1.50963, 1.48882, -2.99845, -0.0029092
93.4196, 0.114277, 0.0258694, -4.1568, -1.50966, 1.48888, -2.99854, -0.00291094
93.4716, 0.0986138, 0.045779, -4.15144, -1.50969, 1.48894, -2.99863, -0.00291269
93.5235, 0.0760174, 0.0573273, -4.14609, -1.50972, 1.489, -2.99872, -0.00291443
93.5755, 0.0506558, 0.0583298, -4.14075, -1.50975, 1.48907, -2.99882, -0.00291617
93.6275, 0.0272641, 0.0486304, -4.13541, -1.50978, 1.48913, -2.99891, -0.00291791
93.6795, 0.010125, 0.0301309, -4.13008, -1.50981, 1.48919, -2.999, -0.00291966
93.7315, 0.00223816, 0.00628612, -4.12475, -1.50984, 1.48925, -2.99909, -0.0029214
93.7835, 0.00490612, -0.0186277, -4.11944, -1.50987, 1.48932, -2.99919, -0.00292314
93.8354, 0.0176348, -0.0402065, -4.11413, -1.5099, 1.48938, -2.99928, -0.00292489
93.8874, 0.0381919, -0.0545739, -4.10883, -1.50993, 1.48944, -2.99937, -0.00292663
93.9394, 0.0628763, -0.0590766, -4.10353, -1.50996, 1.4895, -2.99946, -0.00292838
93.9914, 0.0871567, -0.0528918, -4.09825, -1.50999, 1.48957, -2.99956, -0.00293013
94.0434, 0.106615, -0.0372345, -4.09297, -1.51002, 1.48963, -2.99965, -0.00293187
94.0954, 0.11784, -0.0150223, -4.0877, -1.51005, 1.48969, -2.99974, -0.00293362
94.1506, 0.118683, 0.0113245, -4.0821, -1.51008, 1.48976, -2.99984, -0.00293547
94.2058, 0.108024, 0.0354407, -4.07652, -1.51011, 1.48982, -2.99994, -0.00293733
94.261, 0.087914, 0.0525675, -4.07094, -1.51014, 1.48989, -3.00003, -0.00293919
94.3163, 0.0623197, 0.059229, -4.06537, -1.51018, 1.48995, -3.00013, -0.00294104
94.3715, 0.0364132, 0.0540654, -4.05981, -1.51021, 1.49002, -3.00023, -0.0029429
94.4267, 0.0154068, 0.0382091, -4.05426, -1.51024, 1.49009, -3.00033, -0.00294476
94.482, 0.00337358, 0.0149363, -4.04871, -1.51027, 1.49015, -3.00042, -0.00294662
94.5372, 0.00252312, -0.0111645, -4.04318, -1.5103, 1.49022, -3.00052, -0.00294848
94.5924, 0.0129605, -0.035079, -4.03765, -1.51034, 1.49028, -3.00062, -0.00295034
94.6476, 0.0327018, -0.0521776, -4.03213, -1.51037, 1.49035, -3.00072, -0.0029522
94.7029, 0.057916, -0.0590568, -4.02662, -1.5104, 1.49041, -3.00081, -0.00295406
94.7581, 0.0835922, -0.0543376, -4.02111, -1.51043, 1.49048, -3.00091, -0.00295592
94.8133, 0.104645, -0.03904, -4.01562, -1.51046, 1.49054, -3.00101, -0.00295778
94.8686, 0.117049, -0.0162725, -4.01013, -1.51049, 1.49061, -3.0011, -0.00295964
94.9238, 0.118551, 0.00955097, -4.00465, -1.51053, 1.49068, -3.0012, -0.0029615
94.979, 0.10892, 0.0335603, -3.99918, -1.51056, 1.49074, -3.0013, -0.00296336
95.0343, 0.0899394, 0.0512021, -3.99372, -1.51059, 1.49081, -3.0014, -0.00296523
95.0895, 0.0652024, 0.0590386, -3.98826, -1.51062, 1.49087, -3.00149, -0.00296709
95.1447, 0.0395146, 0.0555239, -3.98281, -1.51065, 1.49094, -3.00159, -0.00296895
95.1999, 0.0178654, 0.0414163, -3.97737, -1.51069, 1.491, -3.00169, -0.00297082
95.2552, 0.00432443, 0.019545, -3.97194, -1.51072, 1.49107, -3.00178, -0.00297268
95.3104, 0.00130769, -0.00590845, -3.96652, -1.51075, 1.49113, -3.00188, -0.00297455
95.3656, 0.00929922, -0.0302265, -3.9611, -1.51078, 1.4912, -3.00198, -0.00297641
95.4209, 0.0268334, -0.0488976, -3.95569, -1.51081, 1.49126, -3.00207, -0.00297828
95.4761, 0.0506573, -0.0583684, -3.95029, -1.51084, 1.49133, -3.00217, -0.00298014
95.5313, 0.0762322, -0.056803, -3.9449, -1.51088, 1.49139, -3.00227, -0.00298201
95.5865, 0.0986615, -0.044557, -3.93952, -1.51091, 1.49146, -3.00236, -0.00298388
95.6418, 0.113766, -0.0240618, -3.93414, -1.51094, 1.49152, -3.00246, -0.00298575
95.697, 0.118863, 0.000806984, -3.92877, -1.51097, 1.49158, -3.00256, -0.00298761
95.7522, 0.113103, 0.0255115, -3.92341, -1.511, 1.49165, -3.00265, -0.00298948
95.8075, 0.0975204, 0.0455696, -3.91806, -1.51103, 1.49171, -3.00275, -0.00299135
95.8627, 0.0749226, 0.0572608, -3.91272, -1.51107, 1.49178, -3.00284, -0.00299322
95.9179, 0.0494994, 0.0583641, -3.90738, -1.5111, 1.49184, -3.00294, -0.00299509
95.9732, 0.0260218, 0.0487052, -3.90205, -1.51113, 1.49191, -3.00304, -0.00299696
96.0284, 0.00880959, 0.0301901, -3.89673, -1.51116, 1.49197, -3.00313, -0.00299883
96.0836, 0.000888375, 0.00629517, -3.89142, -1.51119, 1.49204, -3.00323, -0.0030007
96.1388, 0.00357063, -0.018673, -3.88611, -1.51123, 1.4921, -3.00333, -0.00300257
96.1941, 0.016355, -0.0402806, -3.88081, -1.51126, 1.49216, -3.00342, -0.00300444
96.2493, 0.0369868, -0.0546296, -3.87553, -1.51129, 1.49223, -3.00352, -0.00300632
96.3045, 0.0617336, -0.0590603, -3.87024, -1.51132, 1.49229, -3.00361, -0.00300819
96.3598, 0.0860327, -0.0527626, -3.86497, -1.51135, 1.49236, -3.00371, -0.00301006
96.415, 0.105446, -0.0369796, -3.8597, -1.51138, 1.49242, -3.00381, -0.00301194
96.4702, 0.11656, -0.014664, -3.85444, -1.51142, 1.49248, -3.0039, -0.00301381
96.5288, 0.117236, 0.0117041, -3.84887, -1.51145, 1.49255, -3.004, -0.0030158
96.5874, 0.106409, 0.0357632, -3.84331, -1.51148, 1.49262, -3.0041, -0.00301779
96.6461, 0.0861694, 0.0527594, -3.83775, -1.51152, 1.49269, -3.00421, -0.00301978
96.7047, 0.0605157, 0.0592402, -3.8322, -1.51155, 1.49276, -3.00431, -0.00302177
96.7633, 0.0346383, 0.0538847, -3.82667, -1.51159, 1.49282, -3.00441, -0.00302376
96.8219, 0.0137454, 0.0378689, -3.82114, -1.51162, 1.49289, -3.00451, -0.00302575
96.8805, 0.00188516, 0.0145033, -3.81562, -1.51165, 1.49296, -3.00461, -0.00302774
96.9391, 0.00123176, -0.011605, -3.8101, -1.51169, 1.49303, -3.00471, -0.00302974
96.9977, 0.0118512, -0.0354392, -3.8046, -1.51172, 1.49309, -3.00481, -0.00303173
97.0564, 0.031722, -0.0523837, -3.7991, -1.51175, 1.49316, -3.00492, -0.00303372
97.115, 0.0569839, -0.0590659, -3.79362, -1.51179, 1.49323, -3.00502, -0.00303572
97.1736, 0.0826147, -0.0541497, -3.78814, -1.51182, 1.4933, -3.00512, -0.00303771
97.2322, 0.103542, -0.0386977, -3.78267, -1.51186, 1.49336, -3.00522, -0.00303971
97.2908, 0.115769, -0.0158481, -3.77721, -1.51189, 1.49343, -3.00532, -0.0030417
97.3494, 0.117081, 0.00997412, -3.77176, -1.51192, 1.4935, -3.00542, -0.0030437
97.4081, 0.107283, 0.033903, -3.76631, -1.51196, 1.49357, -3.00552, -0.00304569
97.4667, 0.0881902, 0.0514041, -3.76088, -1.51199, 1.49363, -3.00562, -0.00304769
97.5253, 0.0634158, 0.0590707, -3.75545, -1.51202, 1.4937, -3.00572, -0.00304969
97.5839, 0.0377686, 0.0553953, -3.75003, -1.51206, 1.49377, -3.00582, -0.00305169
97.6425, 0.0162215, 0.0411699, -3.74462, -1.51209, 1.49383, -3.00592, -0.00305368
97.7011, 0.00281482, 0.0192434, -3.73922, -1.51213, 1.4939, -3.00603, -0.00305568
97.7597, -6.77996e-05, -0.00620012, -3.73382, -1.51216, 1.49397, -3.00613, -0.00305768
97.8184, 0.00803038, -0.030454, -3.72844, -1.51219, 1.49403, -3.00623, -0.00305968
97.877, 0.0256247, -0.0490274, -3.72306, -1.51223, 1.4941, -3.00633, -0.00306168
97.9356, 0.049455, -0.0583936, -3.71769, -1.51226, 1.49417, -3.00643, -0.00306368
97.9942, 0.0749896, -0.0567434, -3.71233, -1.51229, 1.49423, -3.00653, -0.00306568
98.0528, 0.0973514, -0.0444511, -3.70698, -1.51233, 1.4943, -3.00663, -0.00306769
98.1114, 0.112386, -0.023952, -3.70164, -1.51236, 1.49437, -3.00673, -0.00306969
98.17, 0.117434, 0.000887133, -3.6963, -1.5124, 1.49443, -3.00683, -0.00307169
98.2287, 0.111658, 0.0255471, -3.69098, -1.51243, 1.4945, -3.00693, -0.00307369
98.2873, 0.0960942, 0.0455678, -3.68566, -1.51246, 1.49457, -3.00703, -0.0030757
98.3459, 0.0735391, 0.057249, -3.68035, -1.5125, 1.49463, -3.00713, -0.0030777
98.4045, 0.0481614, 0.0583811, -3.67505, -1.51253, 1.4947, -3.00723, -0.0030797
98.4631, 0.0247068, 0.0487872, -3.66975, -1.51256, 1.49476, -3.00733, -0.00308171
98.5217, 0.00747432, 0.0303562, -3.66447, -1.5126, 1.49483, -3.00743, -0.00308371
98.5803, -0.000519373, 0.0065385, -3.65919, -1.51263, 1.4949, -3.00753, -0.00308572
98.639, 0.00204305, -0.0183886, -3.65392, -1.51267, 1.49496, -3.00763, -0.00308773
98.6976, 0.0146799, -0.0400171, -3.64866, -1.5127, 1.49503, -3.00773, -0.00308973
98.7562, 0.0351701, -0.0544645, -3.64341, -1.51273, 1.4951, -3.00783, -0.00309174
98.8148, 0.0598231, -0.0590676, -3.63816, -1.51277, 1.49516, -3.00793, -0.00309375
98.8734, 0.084114, -0.0529892, -3.63293, -1.5128, 1.49523, -3.00803, -0.00309576
98.932, 0.103625, -0.0374279, -3.6277, -1.51283, 1.49529, -3.00813, -0.00309777
98.9906, 0.114941, -0.0152853, -3.62248, -1.51287, 1.49536, -3.00823, -0.00309977
99.0529, 0.115913, 0.0110161, -3.61694, -1.5129, 1.49543, -3.00833, -0.00310191
99.1151, 0.105408, 0.0351516, -3.61142, -1.51294, 1.4955, -3.00844, -0.00310404
99.1774, 0.0854454, 0.0523774, -3.6059, -1.51297, 1.49557, -3.00854, -0.00310618
99.2396, 0.0599494, 0.059215, -3.6004, -1.51301, 1.49564, -3.00865, -0.00310831
99.3018, 0.0340524, 0.0542782, -3.5949, -1.51305, 1.49571, -3.00875, -0.00311045
99.3641, 0.0129437, 0.0386528, -3.58941, -1.51308, 1.49578, -3.00886, -0.00311259
99.4263, 0.000698122, 0.0155607, -3.58393, -1.51312, 1.49585, -3.00896, -0.00311472
99.4885, -0.000449023, -0.0104604, -3.57846, -1.51315, 1.49592, -3.00907, -0.00311686
99.5508, 0.00965498, -0.0344353, -3.573, -1.51319, 1.49599, -3.00918, -0.003119
99.613, 0.0290944, -0.0517529, -3.56755, -1.51323, 1.49605, -3.00928, -0.00312114
99.6753, 0.0541175, -0.0589926, -3.5621, -1.51326, 1.49612, -3.00939, -0.00312328
99.7375, 0.0797812, -0.0547151, -3.55667, -1.5133, 1.49619, -3.00949, -0.00312541
99.7997, 0.101031, -0.039849, -3.55124, -1.51333, 1.49626, -3.0096, -0.00312756
99.862, 0.113826, -0.0174056, -3.54583, -1.51337, 1.49633, -3.0097, -0.0031297
99.9242, 0.115857, 0.00828436, -3.54042, -1.5134, 1.4964, -3.00981, -0.00313184
99.9864, 0.106804, 0.032408, -3.53502, -1.51344, 1.49647, -3.00991, -0.00313398
100.049, 0.088334, 0.050432, -3.52963, -1.51348, 1.49654, -3.01001, -0.00313612
100.111, 0.0639137, 0.0588809, -3.52425, -1.51351, 1.49661, -3.01012, -0.00313826
100.173, 0.0382437, 0.056105, -3.51888, -1.51355, 1.49668, -3.01022, -0.00314041
100.235, 0.0162711, 0.0427127, -3.51352, -1.51358, 1.49675, -3.01033, -0.00314255
100.298, 0.00209858, 0.0213797, -3.50816, -1.51362, 1.49681, -3.01043, -0.0031447
100.36, -0.00176355, -0.00383742, -3.50282, -1.51366, 1.49688, -3.01054, -0.00314684
100.422, 0.00530718, -0.0283027, -3.49748, -1.51369, 1.49695, -3.01064, -0.00314899
100.484, 0.0220178, -0.0475295, -3.49215, -1.51373, 1.49702, -3.01075, -0.00315113
100.547, 0.0453029, -0.0579087, -3.48683, -1.51376, 1.49709, -3.01085, -0.00315328
100.609, 0.0707784, -0.057454, -3.48152, -1.5138, 1.49716, -3.01096, -0.00315542
100.671, 0.0936144, -0.0463027, -3.47622, -1.51383, 1.49723, -3.01106, -0.00315757
100.733, 0.109587, -0.0266604, -3.47093, -1.51387, 1.49729, -3.01116, -0.00315972
100.796, 0.11588, -0.00222089, -3.46564, -1.51391, 1.49736, -3.01127, -0.00316187
100.858, 0.11145, 0.0225956, -3.46037, -1.51394, 1.49743, -3.01137, -0.00316402
100.92, 0.0970933, 0.0433474, -3.4551, -1.51398, 1.4975, -3.01148, -0.00316617
100.982, 0.0753592, 0.05625, -3.44984, -1.51401, 1.49757, -3.01158, -0.00316832
101.044, 0.0502141, 0.0588922, -3.4446, -1.51405, 1.49763, -3.01168, -0.00317047
101.107, 0.0263152, 0.0508089, -3.43936, -1.51408, 1.4977, -3.01179, -0.00317262
101.169, 0.00801981, 0.0335919, -3.43412, -1.51412, 1.49777, -3.01189, -0.00317477
101.231, -0.00147897, 0.0104573, -3.4289, -1.51416, 1.49784, -3.01199, -0.00317692
101.296, -0.000313075, -0.0156205, -3.42344, -1.51419, 1.49791, -3.0121, -0.00317918
101.362, 0.0119381, -0.0386489, -3.41798, -1.51423, 1.49798, -3.01221, -0.00318144
101.427, 0.0329366, -0.0541555, -3.41254, -1.51427, 1.49805, -3.01232, -0.00318369
101.492, 0.0585838, -0.0590484, -3.4071, -1.51431, 1.49812, -3.01243, -0.00318595
101.557, 0.0837768, -0.0523656, -3.40168, -1.51434, 1.49819, -3.01254, -0.00318821
101.622, 0.103555, -0.0355331, -3.39626, -1.51438, 1.49826, -3.01265, -0.00319047
101.688, 0.114179, -0.0119408, -3.39085, -1.51442, 1.49834, -3.01275, -0.00319272
101.753, 0.113748, 0.0138764, -3.38545, -1.51446, 1.49841, -3.01286, -0.00319498
101.818, 0.102383, 0.0370708, -3.38006, -1.51449, 1.49848, -3.01297, -0.00319724
101.883, 0.0821902, 0.0532451, -3.37469, -1.51453, 1.49855, -3.01308, -0.00319951
101.949, 0.0570009, 0.0592512, -3.36931, -1.51457, 1.49862, -3.01319, -0.00320177
102.014, 0.0316988, 0.0539234, -3.36395, -1.51461, 1.49869, -3.01329, -0.00320403
102.079, 0.0111568, 0.0383872, -3.3586, -1.51464, 1.49876, -3.0134, -0.00320629
102.144, -0.000817621, 0.0157238, -3.35326, -1.51468, 1.49883, -3.01351, -0.00320855
102.209, -0.00212679, -0.00978284, -3.34793, -1.51472, 1.4989, -3.01362, -0.00321082
102.275, 0.00740206, -0.0334434, -3.3426, -1.51476, 1.49897, -3.01373, -0.00321308
102.34, 0.026029, -0.0508874, -3.33729, -1.51479, 1.49904, -3.01383, -0.00321535
102.405, 0.050302, -0.0588094, -3.33198, -1.51483, 1.49911, -3.01394, -0.00321761
102.47, 0.0756162, -0.0556945, -3.32669, -1.51487, 1.49918, -3.01405, -0.00321988
102.535, 0.0971717, -0.0422088, -3.3214, -1.51491, 1.49925, -3.01416, -0.00322214
102.601, 0.111011, -0.0209955, -3.31612, -1.51494, 1.49932, -3.01426, -0.00322441
102.666, 0.114719, 0.00398819, -3.31085, -1.51498, 1.49939, -3.01437, -0.00322668
102.731, 0.107702, 0.0282363, -3.30559, -1.51502, 1.49946, -3.01448, -0.00322895
102.796, 0.0912071, 0.0473876, -3.30034, -1.51506, 1.49953, -3.01459, -0.00323122
102.861, 0.0681894, 0.0579182, -3.2951, -1.51509, 1.4996, -3.01469, -0.00323349
102.929, 0.0420211, 0.0576548, -3.28968, -1.51513, 1.49967, -3.0148, -0.00323583
102.996, 0.0185958, 0.0461674, -3.28428, -1.51517, 1.49974, -3.01491, -0.00323818
103.064, 0.00244018, 0.0258391, -3.27888, -1.51521, 1.49982, -3.01503, -0.00324053
103.131, -0.00347918, 0.000673938, -3.2735, -1.51525, 1.49989, -3.01514, -0.00324288
103.199, 0.00184623, -0.0245619, -3.26812, -1.51529, 1.49996, -3.01525, -0.00324524
103.266, 0.0174018, -0.045131, -3.26275, -1.51533, 1.50003, -3.01536, -0.00324759
103.334, 0.0402686, -0.0570937, -3.2574, -1.51536, 1.5001, -3.01547, -0.00324994
103.401, 0.0660453, -0.0581078, -3.25205, -1.5154, 1.50018, -3.01558, -0.00325229
103.469, 0.0897182, -0.0480202, -3.24671, -1.51544, 1.50025, -3.01569, -0.00325465
103.536, 0.106781, -0.028891, -3.24138, -1.51548, 1.50032, -3.0158, -0.003257
103.604, 0.114136, -0.00442644, -3.23606, -1.51552, 1.50039, -3.01591, -0.00325936
103.671, 0.110524, 0.0208276, -3.23075, -1.51556, 1.50046, -3.01602, -0.00326171
103.739, 0.0966235, 0.0422432, -3.22545, -1.5156, 1.50053, -3.01613, -0.00326407
103.806, 0.0749591, 0.0558307, -3.22016, -1.51564, 1.50061, -3.01624, -0.00326642
103.874, 0.0495739, 0.0589956, -3.21488, -1.51567, 1.50068, -3.01635, -0.00326878
103.941, 0.0252799, 0.0511623, -3.20961, -1.51571, 1.50075, -3.01646, -0.00327114
104.009, 0.00661282, 0.0339152, -3.20435, -1.51575, 1.50082, -3.01657, -0.0032735
104.076, -0.00309223, 0.0105563, -3.19909, -1.51579, 1.50089, -3.01668, -0.00327586
104.146, -0.00196072, -0.0155592, -3.19365, -1.51583, 1.50096, -3.01679, -0.0032783
104.216, 0.0102885, -0.0386249, -3.18822, -1.51587, 1.50104, -3.01691, -0.00328075
104.286, 0.0313081, -0.0541511, -3.1828, -1.51591, 1.50111, -3.01702, -0.0032832
104.356, 0.0569824, -0.0590369, -3.1774, -1.51595, 1.50119, -3.01714, -0.00328565
104.426, 0.0821904, -0.0523232, -3.172, -1.51599, 1.50126, -3.01725, -0.0032881
104.496, 0.101959, -0.0354486, -3.16661, -1.51603, 1.50133, -3.01736, -0.00329055
104.566, 0.112546, -0.0118197, -3.16123, -1.51607, 1.50141, -3.01748, -0.00329301
104.636, 0.112057, 0.0140135, -3.15586, -1.51611, 1.50148, -3.01759, -0.00329546
104.706, 0.100627, 0.0371932, -3.1505, -1.51615, 1.50155, -3.0177, -0.00329791
104.776, 0.0803786, 0.0533205, -3.14515, -1.51619, 1.50163, -3.01782, -0.00330037
104.846, 0.0551607, 0.0592554, -3.13981, -1.51623, 1.5017, -3.01793, -0.00330282
104.916, 0.0298667, 0.0538489, -3.13448, -1.51627, 1.50177, -3.01804, -0.00330527
104.986, 0.00936922, 0.0382463, -3.12916, -1.51631, 1.50184, -3.01816, -0.00330773
105.056, -0.0025351, 0.0155447, -3.12385, -1.51635, 1.50192, -3.01827, -0.00331019
105.126, -0.00376481, -0.00996368, -3.11855, -1.51639, 1.50199, -3.01838, -0.00331264
105.196, 0.0058351, -0.0335894, -3.11325, -1.51643, 1.50206, -3.0185, -0.0033151
105.266, 0.0245087, -0.0509701, -3.10797, -1.51647, 1.50214, -3.01861, -0.00331756
105.336, 0.0487934, -0.0588157, -3.1027, -1.51651, 1.50221, -3.01872, -0.00332002
105.406, 0.0740829, -0.0556302, -3.09744, -1.51655, 1.50228, -3.01883, -0.00332248
105.476, 0.0955868, -0.0420964, -3.09219, -1.51659, 1.50235, -3.01895, -0.00332494
105.546, 0.109363, -0.0208661, -3.08695, -1.51663, 1.50243, -3.01906, -0.0033274
105.616, 0.113015, 0.0041046, -3.08171, -1.51667, 1.5025, -3.01917, -0.00332986
105.686, 0.105961, 0.0283188, -3.07649, -1.51671, 1.50257, -3.01929, -0.00333232
105.756, 0.0894557, 0.0474293, -3.07128, -1.51675, 1.50264, -3.0194, -0.00333479
105.826, 0.0664523, 0.0579285, -3.06607, -1.51679, 1.50272, -3.01951, -0.00333725
105.899, 0.040279, 0.0576479, -3.06069, -1.51683, 1.50279, -3.01963, -0.0033398
105.971, 0.0168595, 0.0461442, -3.05532, -1.51688, 1.50287, -3.01974, -0.00334236
106.044, 0.000717333, 0.0258074, -3.04996, -1.51692, 1.50294, -3.01986, -0.00334491
106.116, -0.00518726, 0.000644569, -3.04461, -1.51696, 1.50302, -3.01998, -0.00334747
106.189, 0.000147134, -0.0245795, -3.03927, -1.517, 1.50309, -3.02009, -0.00335002
106.261, 0.0157008, -0.0451331, -3.03394, -1.51704, 1.50317, -3.02021, -0.00335258
106.334, 0.0385541, -0.0570846, -3.02862, -1.51708, 1.50324, -3.02032, -0.00335514
106.406, 0.0643103, -0.0580995, -3.02331, -1.51713, 1.50331, -3.02044, -0.00335769
106.479, 0.0879653, -0.0480284, -3.018, -1.51717, 1.50339, -3.02056, -0.00336025
106.552, 0.105024, -0.0289283, -3.01271, -1.51721, 1.50346, -3.02067, -0.00336281
106.624, 0.112395, -0.00449643, -3.00743, -1.51725, 1.50354, -3.02079, -0.00336537
106.697, 0.108823, 0.0207347, -3.00216, -1.51729, 1.50361, -3.0209, -0.00336793
106.769, 0.0949802, 0.0421518, -2.9969, -1.51733, 1.50369, -3.02102, -0.00337049
106.842, 0.0733773, 0.0557766, -2.99166, -1.51737, 1.50376, -3.02113, -0.00337306
106.914, 0.0480363, 0.0590173, -2.98642, -1.51742, 1.50383, -3.02125, -0.00337562
106.987, 0.0237473, 0.0512884, -2.98119, -1.51746, 1.50391, -3.02137, -0.00337818
107.059, 0.00503111, 0.034153, -2.97597, -1.5175, 1.50398, -3.02148, -0.00338075
107.132, -0.00478028, 0.0108852, -2.97076, -1.51754, 1.50405, -3.0216, -0.00338331
107.207, -0.00379173, -0.0152521, -2.96535, -1.51758, 1.50413, -3.02172, -0.00338598
107.283, 0.00834207, -0.0383912, -2.95995, -1.51763, 1.50421, -3.02184, -0.00338865
107.358, 0.0292893, -0.0540261, -2.95456, -1.51767, 1.50428, -3.02196, -0.00339132
107.434, 0.0549433, -0.0590355, -2.94919, -1.51771, 1.50436, -3.02207, -0.00339399
107.509, 0.0801831, -0.0524381, -2.94382, -1.51776, 1.50444, -3.02219, -0.00339666
107.584, 0.100026, -0.0356528, -2.93847, -1.5178, 1.50451, -3.02231, -0.00339933
107.66, 0.110716, -0.0120738, -2.93312, -1.51784, 1.50459, -3.02243, -0.00340201
107.735, 0.110341, 0.0137556, -2.92779, -1.51789, 1.50467, -3.02255, -0.00340468
107.811, 0.0990199, 0.0369797, -2.92247, -1.51793, 1.50474, -3.02267, -0.00340735
107.886, 0.0788565, 0.0531965, -2.91716, -1.51797, 1.50482, -3.02279, -0.00341003
107.962, 0.0536804, 0.0592545, -2.91185, -1.51802, 1.50489, -3.02291, -0.0034127
108.037, 0.0283721, 0.0539852, -2.90656, -1.51806, 1.50497, -3.02303, -0.00341538
108.113, 0.00780083, 0.0385085, -2.90128, -1.5181, 1.50505, -3.02315, -0.00341806
108.188, -0.00422926, 0.0158972, -2.89601, -1.51814, 1.50512, -3.02327, -0.00342073
108.263, -0.00562052, -0.00957683, -2.89075, -1.51819, 1.5052, -3.02339, -0.00342341
108.339, 0.00380576, -0.0332389, -2.8855, -1.51823, 1.50527, -3.0235, -0.00342609
108.414, 0.0223247, -0.0507322, -2.88026, -1.51827, 1.50535, -3.02362, -0.00342877
108.49, 0.0465094, -0.0587578, -2.87504, -1.51832, 1.50543, -3.02374, -0.00343145
108.565, 0.0717842, -0.0557922, -2.86982, -1.51836, 1.5055, -3.02386, -0.00343413
108.641, 0.0933738, -0.0424767, -2.86461, -1.5184, 1.50558, -3.02398, -0.00343682
108.716, 0.107331, -0.0214182, -2.85941, -1.51845, 1.50565, -3.0241, -0.0034395
108.792, 0.111235, 0.00346643, -2.85422, -1.51849, 1.50573, -3.02422, -0.00344218
108.867, 0.104467, 0.0277096, -2.84905, -1.51853, 1.5058, -3.02433, -0.00344487
108.942, 0.0882285, 0.0469783, -2.84388, -1.51858, 1.50588, -3.02445, -0.00344755
109.018, 0.0654148, 0.0577556, -2.83872, -1.51862, 1.50595, -3.02457, -0.00345024
109.096, 0.0392967, 0.0578466, -2.83339, -1.51866, 1.50603, -3.02469, -0.00345302
109.174, 0.0157565, 0.0467262, -2.82807, -1.51871, 1.50611, -3.02482, -0.00345581
109.252, -0.00067661, 0.026702, -2.82276, -1.51875, 1.50619, -3.02494, -0.00345859
109.331, -0.00700181, 0.00170929, -2.81746, -1.5188, 1.50626, -3.02506, -0.00346138
109.409, -0.00215076, -0.0235383, -2.81217, -1.51884, 1.50634, -3.02518, -0.00346417
109.487, 0.0129446, -0.0443332, -2.80689, -1.51889, 1.50642, -3.0253, -0.00346695
109.565, 0.0354658, -0.0567279, -2.80162, -1.51893, 1.5065, -3.02543, -0.00346974
109.643, 0.0611082, -0.0583202, -2.79637, -1.51898, 1.50657, -3.02555, -0.00347253
109.721, 0.0849192, -0.0488493, -2.79112, -1.51902, 1.50665, -3.02567, -0.00347532
109.8, 0.102395, -0.0302473, -2.78589, -1.51906, 1.50673, -3.02579, -0.00347811
109.878, 0.110384, -0.00610384, -2.78066, -1.51911, 1.5068, -3.02591, -0.00348091
109.956, 0.107531, 0.0191239, -2.77545, -1.51915, 1.50688, -3.02604, -0.0034837
110.034, 0.0943819, 0.0408579, -2.77025, -1.5192, 1.50696, -3.02616, -0.00348649
110.112, 0.0733034, 0.0551006, -2.76505, -1.51924, 1.50703, -3.02628, -0.00348928
110.19, 0.0481837, 0.05917, -2.75987, -1.51929, 1.50711, -3.0264, -0.00349208
110.269, 0.0237319, 0.0523269, -2.7547, -1.51933, 1.50719, -3.02652, -0.00349488
110.347, 0.00447083, 0.0359566, -2.74954, -1.51938, 1.50726, -3.02664, -0.00349767
110.425, -0.00618769, 0.0131771, -2.74439, -1.51942, 1.50734, -3.02676, -0.00350047
110.506, -0.0062675, -0.0128172, -2.73905, -1.51947, 1.50742, -3.02689, -0.00350337
110.587, 0.00476792, -0.0363102, -2.73373, -1.51951, 1.5075, -3.02701, -0.00350628
110.668, 0.0248206, -0.0527976, -2.72842, -1.51956, 1.50758, -3.02714, -0.00350919
110.75, 0.0500183, -0.0590416, -2.72312, -1.51961, 1.50766, -3.02727, -0.00351209
110.831, 0.0754006, -0.0538259, -2.71783, -1.51965, 1.50774, -3.02739, -0.003515
110.912, 0.0960102, -0.0382764, -2.71255, -1.5197, 1.50782, -3.02752, -0.00351791
110.993, 0.107977, -0.0155181, -2.70728, -1.51975, 1.5079, -3.02764, -0.00352082
111.074, 0.109178, 0.0101005, -2.70202, -1.51979, 1.50798, -3.02777, -0.00352373
111.155, 0.0994538, 0.0338263, -2.69678, -1.51984, 1.50805, -3.02789, -0.00352664
111.236, 0.080589, 0.0512433, -2.69154, -1.51988, 1.50813, -3.02802, -0.00352955
111.318, 0.0560996, 0.0590324, -2.68632, -1.51993, 1.50821, -3.02814, -0.00353247
111.399, 0.0306527, 0.0557046, -2.68111, -1.51998, 1.50829, -3.02827, -0.00353538
111.48, 0.00908506, 0.0419834, -2.67591, -1.52002, 1.50837, -3.02839, -0.00353829
111.561, -0.00464574, 0.02058, -2.67072, -1.52007, 1.50845, -3.02852, -0.00354121
111.642, -0.00815997, -0.00449133, -2.66554, -1.52011, 1.50853, -3.02864, -0.00354413
111.723, -0.000919319, -0.0286902, -2.66037, -1.52016, 1.5086, -3.02877, -0.00354704
111.805, 0.0157596, -0.0476502, -2.65521, -1.52021, 1.50868, -3.02889, -0.00354996
111.886, 0.0388544, -0.0578774, -2.65007, -1.52025, 1.50876, -3.02901, -0.00355288
111.97, 0.0649792, -0.0572399, -2.64475, -1.5203, 1.50884, -3.02914, -0.00355591
112.054, 0.088176, -0.0453833, -2.63944, -1.52035, 1.50892, -3.02927, -0.00355893
112.138, 0.103941, -0.0247815, -2.63414, -1.5204, 1.509, -3.0294, -0.00356196
112.222, 0.10937, 0.00049641, -2.62885, -1.52044, 1.50908, -3.02953, -0.00356499
112.306, 0.103538, 0.0256544, -2.62358, -1.52049, 1.50916, -3.02966, -0.00356802
112.39, 0.0875459, 0.0459634, -2.61831, -1.52054, 1.50925, -3.02979, -0.00357105
112.474, 0.0643936, 0.0575329, -2.61306, -1.52059, 1.50933, -3.02991, -0.00357408
112.559, 0.0385302, 0.0581071, -2.60782, -1.52064, 1.50941, -3.03004, -0.00357711
112.643, 0.014966, 0.0476338, -2.60259, -1.52068, 1.50949, -3.03017, -0.00358014
112.727, -0.00184673, 0.0282553, -2.59737, -1.52073, 1.50957, -3.0303, -0.00358318
112.811, -0.008892, 0.00371968, -2.59217, -1.52078, 1.50965, -3.03043, -0.00358621
112.895, -0.00499854, -0.021428, -2.58697, -1.52083, 1.50973, -3.03055, -0.00358925
112.979, 0.00908388, -0.042597, -2.58179, -1.52088, 1.50981, -3.03068, -0.00359228
113.063, 0.0307799, -0.0558636, -2.57662, -1.52092, 1.50989, -3.03081, -0.00359532
113.147, 0.0560359, -0.0587163, -2.57146, -1.52097, 1.50997, -3.03094, -0.00359836
113.231, 0.0800745, -0.0506555, -2.56631, -1.52102, 1.51005, -3.03107, -0.0036014
113.315, 0.0984278, -0.0333089, -2.56117, -1.52107, 1.51013, -3.03119, -0.00360443
113.4, 0.107836, -0.00997811, -2.55605, -1.52111, 1.51021, -3.03132, -0.00360748
113.487, 0.106463, 0.0160724, -2.55073, -1.52116, 1.51029, -3.03145, -0.00361064
113.574, 0.0940415, 0.0390187, -2.54542, -1.52121, 1.51037, -3.03159, -0.0036138
113.662, 0.0729347, 0.0544199, -2.54013, -1.52126, 1.51046, -3.03172, -0.00361697
113.749, 0.0472433, 0.0592262, -2.53484, -1.52131, 1.51054, -3.03185, -0.00362013
113.837, 0.022045, 0.0525128, -2.52957, -1.52136, 1.51062, -3.03198, -0.0036233
113.924, 0.00225554, 0.0357202, -2.52432, -1.52141, 1.5107, -3.03211, -0.00362646
114.012, -0.00843283, 0.012223, -2.51907, -1.52146, 1.51078, -3.03225, -0.00362963
114.099, -0.00815106, -0.0134865, -2.51384, -1.52151, 1.51087, -3.03238, -0.0036328
114.187, 0.00297556, -0.0366188, -2.50861, -1.52156, 1.51095, -3.03251, -0.00363597
114.274, 0.0228731, -0.0528355, -2.5034, -1.52161, 1.51103, -3.03264, -0.00363914
114.362, 0.0477792, -0.0590246, -2.4982, -1.52166, 1.51111, -3.03277, -0.00364231
114.449, 0.0728978, -0.0540119, -2.49302, -1.52171, 1.5112, -3.03291, -0.00364549
114.536, 0.0934322, -0.0388622, -2.48784, -1.52176, 1.51128, -3.03304, -0.00364866
114.624, 0.105612, -0.0165587, -2.48268, -1.52181, 1.51136, -3.03317, -0.00365184
114.711, 0.107327, 0.00872666, -2.47753, -1.52186, 1.51144, -3.0333, -0.00365501
114.799, 0.0983353, 0.0324101, -2.47239, -1.52191, 1.51152, -3.03343, -0.00365819
114.886, 0.0802528, 0.0501945, -2.46726, -1.52196, 1.5116, -3.03356, -0.00366137
114.974, 0.0563645, 0.0587815, -2.46214, -1.52201, 1.51169, -3.03369, -0.00366454
115.065, 0.0300961, 0.0562421, -2.45682, -1.52206, 1.51177, -3.03383, -0.00366786
115.156, 0.0076265, 0.042607, -2.45152, -1.52211, 1.51186, -3.03397, -0.00367117
115.247, -0.00668125, 0.0207335, -2.44623, -1.52216, 1.51194, -3.0341, -0.00367448
115.338, -0.0102084, -0.00503874, -2.44095, -1.52221, 1.51202, -3.03424, -0.0036778
115.429, -0.00239167, -0.0297803, -2.43568, -1.52227, 1.51211, -3.03437, -0.00368111
115.52, 0.0152648, -0.0487776, -2.43043, -1.52232, 1.51219, -3.03451, -0.00368443
115.611, 0.0393744, -0.0583354, -2.42518, -1.52237, 1.51228, -3.03465, -0.00368775
115.702, 0.0652132, -0.0565772, -2.41995, -1.52242, 1.51236, -3.03478, -0.00369107
115.793, 0.0877141, -0.0439321, -2.41474, -1.52247, 1.51245, -3.03492, -0.00369439
115.885, 0.102603, -0.0229844, -2.40953, -1.52252, 1.51253, -3.03505, -0.00369771
115.976, 0.107201, 0.00221424, -2.40434, -1.52257, 1.51261, -3.03519, -0.00370103
116.067, 0.100753, 0.0269764, -2.39916, -1.52263, 1.5127, -3.03532, -0.00370436
116.158, 0.0844545, 0.0467316, -2.39399, -1.52268, 1.51278, -3.03546, -0.00370768
116.249, 0.0613105, 0.0577643, -2.38883, -1.52273, 1.51287, -3.03559, -0.003711
116.34, 0.0356905, 0.0579683, -2.38369, -1.52278, 1.51295, -3.03573, -0.00371433
116.431, 0.0124606, 0.0473709, -2.37856, -1.52283, 1.51303, -3.03586, -0.00371766
116.522, -0.00408284, 0.0280996, -2.37344, -1.52288, 1.51312, -3.036, -0.00372099
116.613, -0.0110385, 0.00380904, -2.36833, -1.52294, 1.5132, -3.03613, -0.00372432
116.704, -0.0072797, -0.0210913, -2.36323, -1.52299, 1.51328, -3.03627, -0.00372765
116.796, 0.00647722, -0.0421506, -2.35815, -1.52304, 1.51337, -3.0364, -0.00373098
116.887, 0.0277648, -0.0555513, -2.35308, -1.52309, 1.51345, -3.03654, -0.00373431
116.978, 0.0526891, -0.0588152, -2.34802, -1.52314, 1.51353, -3.03667, -0.00373764
117.069, 0.0766351, -0.0513785, -2.34297, -1.52319, 1.51361, -3.03681, -0.00374098
117.16, 0.0952426, -0.0347216, -2.33793, -1.52324, 1.5137, -3.03694, -0.00374431
117.251, 0.105272, -0.011959, -2.33291, -1.5233, 1.51378, -3.03708, -0.00374765
117.347, 0.104755, 0.0142444, -2.32761, -1.52335, 1.51387, -3.03722, -0.00375117
117.444, 0.0929969, 0.0376665, -2.32233, -1.5234, 1.51396, -3.03736, -0.0037547
117.54, 0.0722577, 0.0537429, -2.31706, -1.52346, 1.51404, -3.0375, -0.00375823
117.636, 0.0465977, 0.0592712, -2.3118, -1.52351, 1.51413, -3.03764, -0.00376176
117.732, 0.0211288, 0.0531754, -2.30655, -1.52357, 1.51422, -3.03778, -0.0037653
117.829, 0.000864965, 0.0367879, -2.30132, -1.52362, 1.5143, -3.03793, -0.00376883
117.925, -0.010378, 0.0134407, -2.2961, -1.52368, 1.51439, -3.03807, -0.00377236
118.021, -0.010618, -0.0123584, -2.2909, -1.52373, 1.51448, -3.03821, -0.0037759
118.118, 0.000105084, -0.0357683, -2.2857, -1.52378, 1.51456, -3.03835, -0.00377944
118.214, 0.0197725, -0.052376, -2.28052, -1.52384, 1.51465, -3.03849, -0.00378297
118.31, 0.0446416, -0.0589823, -2.27535, -1.52389, 1.51474, -3.03863, -0.00378651
118.406, 0.0698952, -0.0543287, -2.2702, -1.52395, 1.51482, -3.03877, -0.00379005
118.503, 0.0906812, -0.03942, -2.26506, -1.524, 1.51491, -3.03891, -0.00379359
118.599, 0.103161, -0.0172166, -2.25993, -1.52406, 1.515, -3.03905, -0.00379713
118.695, 0.105161, 0.0081012, -2.25481, -1.52411, 1.51508, -3.03919, -0.00380068
118.792, 0.0963952, 0.0319214, -2.24971, -1.52416, 1.51517, -3.03933, -0.00380422
118.888, 0.0784499, 0.0499089, -2.24462, -1.52422, 1.51526, -3.03947, -0.00380777
118.984, 0.054598, 0.0587214, -2.23954, -1.52427, 1.51534, -3.03961, -0.00381131
119.085, 0.0282719, 0.0563959, -2.23427, -1.52433, 1.51543, -3.03976, -0.00381501
119.185, 0.00566888, 0.042919, -2.229, -1.52439, 1.51552, -3.03991, -0.0038187
119.285, -0.00881338, 0.021129, -2.22375, -1.52444, 1.51561, -3.04005, -0.0038224
119.385, -0.0125227, -0.00463614, -2.21852, -1.5245, 1.5157, -3.0402, -0.0038261
119.486, -0.00486883, -0.0294392, -2.2133, -1.52456, 1.51579, -3.04034, -0.0038298
119.586, 0.0126657, -0.0485529, -2.20809, -1.52461, 1.51588, -3.04049, -0.0038335
119.686, 0.0367111, -0.0582625, -2.2029, -1.52467, 1.51597, -3.04063, -0.0038372
119.787, 0.0625525, -0.0566669, -2.19772, -1.52472, 1.51605, -3.04078, -0.00384091
119.887, 0.0851217, -0.0441679, -2.19255, -1.52478, 1.51614, -3.04092, -0.00384461
119.987, 0.100133, -0.0233263, -2.18739, -1.52484, 1.51623, -3.04107, -0.00384832
120.087, 0.104891, 0.00182377, -2.18225, -1.52489, 1.51632, -3.04121, -0.00385202
120.188, 0.0986162, 0.0266074, -2.17713, -1.52495, 1.51641, -3.04136, -0.00385573
120.288, 0.0824775, 0.0464601, -2.17201, -1.52501, 1.5165, -3.0415, -0.00385944
120.388, 0.059447, 0.0576611, -2.16691, -1.52506, 1.51659, -3.04165, -0.00386315
120.489, 0.0338622, 0.0580827, -2.16182, -1.52512, 1.51667, -3.04179, -0.00386686
120.589, 0.0105686, 0.0477151, -2.15675, -1.52518, 1.51676, -3.04194, -0.00387057
120.689, -0.00613933, 0.0286415, -2.15169, -1.52523, 1.51685, -3.04208, -0.00387429
120.789, -0.0133435, 0.00447423, -2.14664, -1.52529, 1.51694, -3.04223, -0.003878
120.89, -0.00988487, -0.0204122, -2.1416, -1.52534, 1.51702, -3.04237, -0.00388172
120.99, 0.00356788, -0.0415902, -2.13658, -1.5254, 1.51711, -3.04251, -0.00388544
121.09, 0.024608, -0.055245, -2.13157, -1.52546, 1.5172, -3.04266, -0.00388916
121.191, 0.0494056, -0.0588705, -2.12657, -1.52551, 1.51729, -3.0428, -0.00389288
121.291, 0.0733928, -0.0518424, -2.12159, -1.52557, 1.51738, -3.04295, -0.0038966
121.391, 0.0922236, -0.0355622, -2.11662, -1.52563, 1.51746, -3.04309, -0.00390032
121.491, 0.102637, -0.0130657, -2.11166, -1.52568, 1.51755, -3.04323, -0.00390404
121.598, 0.102603, 0.0132205, -2.1064, -1.52574, 1.51764, -3.04338, -0.00390801
121.705, 0.0912162, 0.0369057, -2.10115, -1.5258, 1.51774, -3.04354, -0.00391197
121.812, 0.070684, 0.0533552, -2.09592, -1.52586, 1.51783, -3.04369, -0.00391594
121.918, 0.045046, 0.0592831, -2.0907, -1.52592, 1.51792, -3.04384, -0.0039199
122.025, 0.0194331, 0.0535325, -2.08549, -1.52598, 1.51801, -3.04399, -0.00392387
122.132, -0.00108906, 0.0373777, -2.0803, -1.52604, 1.5181, -3.04415, -0.00392784
122.239, -0.0126399, 0.0141271, -2.07512, -1.5261, 1.5182, -3.0443, -0.00393181
122.345, -0.0131791, -0.0117065, -2.06996, -1.52616, 1.51829, -3.04445, -0.00393579
122.452, -0.00270079, -0.035259, -2.06481, -1.52622, 1.51838, -3.0446, -0.00393976
122.559, 0.016809, -0.0520844, -2.05968, -1.52628, 1.51847, -3.04475, -0.00394374
122.665, 0.041626, -0.0589412, -2.05456, -1.52634, 1.51856, -3.0449, -0.00394771
122.772, 0.0669331, -0.0545255, -2.04945, -1.5264, 1.51866, -3.04506, -0.00395169
122.879, 0.0878595, -0.0398028, -2.04436, -1.52646, 1.51875, -3.04521, -0.00395567
122.986, 0.100536, -0.0177081, -2.03928, -1.52652, 1.51884, -3.04536, -0.00395965
123.092, 0.102757, 0.00758959, -2.03422, -1.52658, 1.51893, -3.04551, -0.00396363
123.199, 0.0942018, 0.03148, -2.02917, -1.52664, 1.51902, -3.04566, -0.00396762
123.306, 0.0764256, 0.0496208, -2.02413, -1.5267, 1.51911, -3.04581, -0.0039716
123.413, 0.0526695, 0.0586504, -2.01911, -1.52676, 1.5192, -3.04596, -0.00397559
123.524, 0.0262878, 0.0565671, -2.01388, -1.52682, 1.5193, -3.04612, -0.00397975
123.635, 0.00354039, 0.0432764, -2.00867, -1.52688, 1.51939, -3.04628, -0.00398391
123.747, -0.0111395, 0.0215927, -2.00347, -1.52695, 1.51949, -3.04643, -0.00398807
123.858, -0.0150637, -0.00415332, -1.99829, -1.52701, 1.51958, -3.04659, -0.00399224
123.969, -0.00761047, -0.0290203, -1.99312, -1.52707, 1.51968, -3.04675, -0.00399641
124.081, 0.0097656, -0.04827, -1.98797, -1.52713, 1.51977, -3.0469, -0.00400058
124.192, 0.0337197, -0.0581679, -1.98283, -1.52719, 1.51987, -3.04706, -0.00400475
124.304, 0.0595545, -0.0567831, -1.9777, -1.52726, 1.51996, -3.04722, -0.00400892
124.415, 0.0822057, -0.0444817, -1.97259, -1.52732, 1.52005, -3.04737, -0.00401309
124.526, 0.097377, -0.0237899, -1.9675, -1.52738, 1.52015, -3.04753, -0.00401726
124.638, 0.102351, 0.00128637, -1.96242, -1.52744, 1.52024, -3.04769, -0.00402144
124.749, 0.0963172, 0.0260927, -1.95735, -1.52751, 1.52034, -3.04784, -0.00402562
124.861, 0.0804051, 0.0460758, -1.9523, -1.52757, 1.52043, -3.048, -0.00402979
124.972, 0.0575387, 0.0575091, -1.94726, -1.52763, 1.52052, -3.04815, -0.00403397
125.083, 0.0320087, 0.0582351, -1.94224, -1.52769, 1.52062, -3.04831, -0.00403815
125.195, 0.00863034, 0.0481912, -1.93723, -1.52775, 1.52071, -3.04846, -0.00404234
125.306, -0.00830485, 0.0293972, -1.93223, -1.52782, 1.5208, -3.04862, -0.00404652
125.417, -0.0158549, 0.00540522, -1.92725, -1.52788, 1.5209, -3.04877, -0.00405071
125.529, -0.0128144, -0.0194589, -1.92229, -1.52794, 1.52099, -3.04893, -0.00405489
125.64, 0.000214594, -0.0407991, -1.91734, -1.528, 1.52108, -3.04908, -0.00405908
125.752, 0.0209097, -0.0548038, -1.9124, -1.52806, 1.52117, -3.04924, -0.00406327
125.863, 0.0455285, -0.0589274, -1.90747, -1.52813, 1.52127, -3.04939, -0.00406746
125.974, 0.0695676, -0.0524625, -1.90256, -1.52819, 1.52136, -3.04955, -0.00407165
126.086, 0.0886999, -0.0367023, -1.89767, -1.52825, 1.52145, -3.0497, -0.00407585
126.197, 0.0996333, -0.0145758, -1.89278, -1.52831, 1.52154, -3.04986, -0.00408004
126.316, 0.100288, 0.0117046, -1.88758, -1.52838, 1.52164, -3.05002, -0.00408453
126.435, 0.0895276, 0.0356753, -1.88239, -1.52845, 1.52174, -3.05019, -0.00408902
126.554, 0.0694457, 0.052656, -1.87721, -1.52851, 1.52184, -3.05035, -0.00409351
126.674, 0.0439884, 0.0592676, -1.87206, -1.52858, 1.52194, -3.05052, -0.004098
126.793, 0.0182421, 0.0542209, -1.86691, -1.52864, 1.52204, -3.05068, -0.0041025
126.912, -0.00270481, 0.0386522, -1.86179, -1.52871, 1.52214, -3.05085, -0.00410699
127.031, -0.0148935, 0.0157606, -1.85667, -1.52878, 1.52223, -3.05101, -0.00411149
127.15, -0.0161748, -0.0100068, -1.85158, -1.52884, 1.52233, -3.05117, -0.00411599
127.269, -0.00641924, -0.0338103, -1.8465, -1.52891, 1.52243, -3.05134, -0.00412049
127.388, 0.0125189, -0.0511821, -1.84143, -1.52898, 1.52253, -3.0515, -0.00412499
127.507, 0.037039, -0.0588009, -1.83638, -1.52904, 1.52262, -3.05167, -0.00412949
127.626, 0.0624045, -0.0552253, -1.83135, -1.52911, 1.52272, -3.05183, -0.004134
127.746, 0.0837515, -0.041257, -1.82633, -1.52917, 1.52282, -3.05199, -0.0041385
127.865, 0.0971445, -0.0196837, -1.82132, -1.52924, 1.52292, -3.05216, -0.00414301
127.984, 0.100261, 0.00543046, -1.81633, -1.52931, 1.52301, -3.05232, -0.00414752
128.103, 0.0926365, 0.0295324, -1.81136, -1.52937, 1.52311, -3.05248, -0.00415203
128.222, 0.0756559, 0.0482812, -1.8064, -1.52944, 1.52321, -3.05265, -0.00415655
128.341, 0.0523898, 0.058243, -1.80145, -1.5295, 1.5233, -3.05281, -0.00416106
128.465, 0.0261218, 0.0573286, -1.79632, -1.52957, 1.5234, -3.05298, -0.00416576
128.589, 0.00293084, 0.0452109, -1.79121, -1.52964, 1.5235, -3.05315, -0.00417046
128.713, -0.0127137, 0.0244432, -1.78611, -1.52971, 1.52361, -3.05332, -0.00417516
128.837, -0.0179779, -0.000861168, -1.78103, -1.52978, 1.52371, -3.05348, -0.00417987
128.961, -0.0120159, -0.0259072, -1.77596, -1.52985, 1.52381, -3.05365, -0.00418458
129.085, 0.00400215, -0.0460089, -1.77091, -1.52992, 1.52391, -3.05382, -0.00418929
129.209, 0.0270441, -0.0573507, -1.76588, -1.52999, 1.52401, -3.05399, -0.004194
129.333, 0.0526763, -0.0577607, -1.76086, -1.53005, 1.52411, -3.05416, -0.00419871
129.457, 0.0759538, -0.0472465, -1.75586, -1.53012, 1.5242, -3.05433, -0.00420342
129.581, 0.0925142, -0.0279598, -1.75087, -1.53019, 1.5243, -3.0545, -0.00420814
129.705, 0.0994221, -0.00360274, -1.7459, -1.53026, 1.5244, -3.05466, -0.00421285
129.829, 0.0955497, 0.0213663, -1.74094, -1.53033, 1.5245, -3.05483, -0.00421757
129.953, 0.0816364, 0.0424621, -1.736, -1.5304, 1.5246, -3.055, -0.00422229
130.077, 0.060184, 0.0558549, -1.73108, -1.53047, 1.5247, -3.05517, -0.00422701
130.201, 0.0351177, 0.059078, -1.72617, -1.53053, 1.5248, -3.05533, -0.00423174
130.324, 0.0110673, 0.0515951, -1.72127, -1.5306, 1.5249, -3.0555, -0.00423646
130.448, -0.00761528, 0.0349162, -1.71639, -1.53067, 1.525, -3.05567, -0.00424119
130.572, -0.0177168, 0.0121718, -1.71153, -1.53074, 1.5251, -3.05584, -0.00424592
130.703, -0.0173167, -0.0139359, -1.70641, -1.53081, 1.5252, -3.05601, -0.00425091
130.834, -0.00576591, -0.0372701, -1.70131, -1.53088, 1.5253, -3.05619, -0.00425591
130.965, 0.0146874, -0.0533327, -1.69623, -1.53096, 1.52541, -3.05636, -0.0042609
131.096, 0.0400399, -0.0589748, -1.69116, -1.53103, 1.52551, -3.05654, -0.0042659
131.227, 0.0652681, -0.0531321, -1.68611, -1.5311, 1.52561, -3.05672, -0.0042709
131.357, 0.0854465, -0.0370913, -1.68108, -1.53117, 1.52572, -3.05689, -0.0042759
131.488, 0.0968147, -0.014091, -1.67606, -1.53125, 1.52582, -3.05707, -0.00428091
131.619, 0.0973929, 0.0114809, -1.67106, -1.53132, 1.52592, -3.05724, -0.00428591
131.75, 0.0871602, 0.034904, -1.66608, -1.53139, 1.52603, -3.05742, -0.00429092
131.881, 0.0680066, 0.0518563, -1.66111, -1.53146, 1.52613, -3.05759, -0.00429593
132.012, 0.0434924, 0.0591562, -1.65616, -1.53153, 1.52623, -3.05777, -0.00430094
132.142, 0.0182466, 0.0554572, -1.65123, -1.53161, 1.52633, -3.05794, -0.00430595
132.273, -0.00300613, 0.0415782, -1.64631, -1.53168, 1.52644, -3.05812, -0.00431097
132.404, -0.0164519, 0.0202443, -1.64141, -1.53175, 1.52654, -3.05829, -0.00431599
132.535, -0.019835, -0.00459708, -1.63652, -1.53182, 1.52664, -3.05846, -0.004321
132.666, -0.0126855, -0.0285293, -1.63165, -1.53189, 1.52674, -3.05864, -0.00432602
132.797, 0.00368888, -0.047334, -1.62679, -1.53197, 1.52685, -3.05881, -0.00433105
132.928, 0.0263612, -0.0576474, -1.62196, -1.53204, 1.52695, -3.05899, -0.00433607
133.065, 0.0524158, -0.0573431, -1.6169, -1.53211, 1.52705, -3.05917, -0.00434134
133.202, 0.0756771, -0.0458374, -1.61186, -1.53219, 1.52716, -3.05935, -0.00434662
133.339, 0.0916583, -0.0255549, -1.60683, -1.53226, 1.52727, -3.05953, -0.0043519
133.477, 0.0974549, -0.000500141, -1.60182, -1.53234, 1.52737, -3.05971, -0.00435717
133.614, 0.0921124, 0.0246068, -1.59683, -1.53242, 1.52748, -3.05989, -0.00436246
133.751, 0.0766626, 0.0451116, -1.59186, -1.53249, 1.52758, -3.06008, -0.00436774
133.888, 0.0539811, 0.0571678, -1.58691, -1.53257, 1.52769, -3.06026, -0.00437302
134.026, 0.0283622, 0.058494, -1.58197, -1.53264, 1.5278, -3.06044, -0.00437831
134.163, 0.00467621, 0.048924, -1.57705, -1.53272, 1.5279, -3.06062, -0.0043836
134.3, -0.0126987, 0.0304179, -1.57214, -1.53279, 1.52801, -3.0608, -0.00438889
134.438, -0.0207319, 0.00651383, -1.56725, -1.53287, 1.52811, -3.06098, -0.00439418
134.575, -0.0181447, -0.0184462, -1.56238, -1.53294, 1.52822, -3.06116, -0.00439948
134.712, -0.00548304, -0.040034, -1.55753, -1.53302, 1.52832, -3.06134, -0.00440477
134.849, 0.014974, -0.0543949, -1.55269, -1.53309, 1.52843, -3.06152, -0.00441007
134.987, 0.0395125, -0.0589286, -1.54787, -1.53317, 1.52853, -3.0617, -0.00441537
135.124, 0.0636365, -0.0528653, -1.54307, -1.53324, 1.52864, -3.06188, -0.00442068
135.261, 0.0830022, -0.0374382, -1.53828, -1.53332, 1.52874, -3.06206, -0.00442598
135.398, 0.0942831, -0.0155289, -1.53351, -1.5334, 1.52885, -3.06224, -0.00443129
135.545, 0.0953971, 0.0106149, -1.52844, -1.53348, 1.52896, -3.06243, -0.00443695
135.691, 0.0851677, 0.0346738, -1.52338, -1.53356, 1.52907, -3.06262, -0.00444261
135.838, 0.0655798, 0.0520083, -1.51835, -1.53364, 1.52918, -3.06281, -0.00444828
135.984, 0.0404444, 0.0592244, -1.51334, -1.53372, 1.52929, -3.063, -0.00445395
136.13, 0.0147222, 0.0549425, -1.50834, -1.5338, 1.5294, -3.0632, -0.00445962
136.277, -0.00656882, 0.0401463, -1.50336, -1.53388, 1.52951, -3.06339, -0.00446529
136.423, -0.0194609, 0.0178608, -1.4984, -1.53396, 1.52962, -3.06358, -0.00447096
136.57, -0.0217209, -0.00762732, -1.49346, -1.53404, 1.52973, -3.06377, -0.00447664
136.716, -0.013069, -0.0316028, -1.48853, -1.53412, 1.52984, -3.06396, -0.00448232
136.862, 0.00485319, -0.0496584, -1.48363, -1.5342, 1.52995, -3.06415, -0.004488
137.009, 0.0286943, -0.0584271, -1.47874, -1.53428, 1.53006, -3.06434, -0.00449368
137.155, 0.0539378, -0.0562891, -1.47387, -1.53436, 1.53017, -3.06453, -0.00449937
137.301, 0.0758322, -0.043766, -1.46901, -1.53444, 1.53028, -3.06471, -0.00450506
137.448, 0.0904106, -0.0233388, -1.46418, -1.53452, 1.53039, -3.0649, -0.00451075
137.594, 0.0951925, 0.00119559, -1.45936, -1.5346, 1.5305, -3.06509, -0.00451644
137.741, 0.0894545, 0.0254782, -1.45456, -1.53468, 1.53061, -3.06528, -0.00452213
137.887, 0.0742419, 0.045258, -1.44978, -1.53476, 1.53071, -3.06547, -0.00452783
138.033, 0.0522335, 0.0570339, -1.44501, -1.53484, 1.53082, -3.06566, -0.00453353
138.186, 0.0263552, 0.0585522, -1.44007, -1.53492, 1.53094, -3.06585, -0.00453946
138.338, 0.00240345, 0.0489446, -1.43515, -1.535, 1.53105, -3.06605, -0.0045454
138.49, -0.0151097, 0.0302269, -1.43025, -1.53508, 1.53116, -3.06625, -0.00455133
138.643, -0.0230779, 0.00605201, -1.42536, -1.53517, 1.53127, -3.06644, -0.00455727
138.795, -0.0202207, -0.0191053, -1.42049, -1.53525, 1.53139, -3.06664, -0.00456322
138.948, -0.00715125, -0.0407012, -1.41564, -1.53533, 1.5315, -3.06683, -0.00456916
139.1, 0.0137277, -0.0548133, -1.41081, -1.53542, 1.53161, -3.06703, -0.00457511
139.252, 0.0385517, -0.0588497, -1.406, -1.5355, 1.53172, -3.06722, -0.00458106
139.405, 0.0626949, -0.052133, -1.40121, -1.53558, 1.53183, -3.06742, -0.00458701
139.557, 0.0817501, -0.0360478, -1.39643, -1.53566, 1.53195, -3.06761, -0.00459296
139.709, 0.0924103, -0.0136386, -1.39167, -1.53575, 1.53206, -3.0678, -0.00459892
139.871, 0.0926356, 0.0126567, -1.38663, -1.53584, 1.53218, -3.06801, -0.00460526
140.034, 0.0814888, 0.0364465, -1.38161, -1.53592, 1.53229, -3.06822, -0.00461161
140.196, 0.0611567, 0.0530985, -1.3766, -1.53601, 1.53241, -3.06842, -0.00461795
140.358, 0.0356423, 0.0593277, -1.37162, -1.5361, 1.53253, -3.06863, -0.0046243
140.52, 0.0100257, 0.0539573, -1.36666, -1.53619, 1.53265, -3.06884, -0.00463065
140.682, -0.0106747, 0.0382107, -1.36171, -1.53628, 1.53276, -3.06904, -0.00463701
140.844, -0.0226039, 0.0153166, -1.35679, -1.53636, 1.53288, -3.06925, -0.00464336
141.006, -0.0237114, -0.0103104, -1.35189, -1.53645, 1.533, -3.06945, -0.00464972
141.169, -0.0139317, -0.033911, -1.347, -1.53654, 1.53312, -3.06966, -0.00465609
141.331, 0.0048712, -0.0511224, -1.34214, -1.53663, 1.53323, -3.06986, -0.00466245
141.493, 0.0291512, -0.0587222, -1.33729, -1.53672, 1.53335, -3.07007, -0.00466882
141.655, 0.054282, -0.055322, -1.33247, -1.5368, 1.53347, -3.07027, -0.00467519
141.817, 0.0755293, -0.0417018, -1.32766, -1.53689, 1.53358, -3.07047, -0.00468156
141.979, 0.0890599, -0.0205535, -1.32287, -1.53698, 1.5337, -3.07068, -0.00468794
142.141, 0.0925927, 0.00420317, -1.3181, -1.53707, 1.53381, -3.07088, -0.00469431
142.303, 0.0856243, 0.028176, -1.31335, -1.53715, 1.53393, -3.07109, -0.00470069
142.466, 0.0694162, 0.0471648, -1.30862, -1.53724, 1.53405, -3.07129, -0.00470708
142.628, 0.0468333, 0.0578062, -1.30391, -1.53733, 1.53416, -3.07149, -0.00471346
142.798, 0.0206901, 0.0579611, -1.29898, -1.53742, 1.53428, -3.07171, -0.00472017
142.968, -0.00286746, 0.0469423, -1.29407, -1.53751, 1.5344, -3.07192, -0.00472688
143.139, -0.0193617, 0.0270827, -1.28919, -1.53761, 1.53452, -3.07213, -0.0047336
143.309, -0.0258596, 0.0022938, -1.28432, -1.5377, 1.53465, -3.07234, -0.00474032
143.479, -0.0213416, -0.0227885, -1.27947, -1.53779, 1.53477, -3.07256, -0.00474704
143.649, -0.00673333, -0.043573, -1.27465, -1.53788, 1.53489, -3.07277, -0.00475376
143.82, 0.0152349, -0.0562286, -1.26984, -1.53797, 1.53501, -3.07298, -0.00476049
143.99, 0.0404269, -0.0584119, -1.26505, -1.53807, 1.53513, -3.07319, -0.00476722
144.16, 0.0640927, -0.0498116, -1.26029, -1.53816, 1.53525, -3.0734, -0.00477395
144.331, 0.0818935, -0.0321925, -1.25554, -1.53825, 1.53537, -3.07362, -0.00478068
144.501, 0.0907473, -0.00889443, -1.25082, -1.53834, 1.53549, -3.07383, -0.00478742
144.679, 0.0889405, 0.0169668, -1.2459, -1.53844, 1.53561, -3.07405, -0.00479446
144.856, 0.0762966, 0.0395753, -1.24101, -1.53853, 1.53573, -3.07427, -0.0048015
145.034, 0.055227, 0.0546496, -1.23614, -1.53863, 1.53586, -3.07449, -0.00480854
145.212, 0.029775, 0.0593088, -1.23129, -1.53872, 1.53598, -3.07471, -0.00481558
145.39, 0.0048593, 0.0527367, -1.22646, -1.53882, 1.53611, -3.07493, -0.00482263
145.567, -0.0148103, 0.0363649, -1.22165, -1.53892, 1.53623, -3.07514, -0.00482968
145.745, -0.0257168, 0.0134342, -1.21687, -1.53901, 1.53635, -3.07536, -0.00483674
145.923, -0.0260733, -0.0117872, -1.2121, -1.53911, 1.53648, -3.07558, -0.0048438
146.101, -0.0159561, -0.0347726, -1.20735, -1.5392, 1.5366, -3.0758, -0.00485086
146.279, 0.00276381, -0.0514162, -1.20263, -1.5393, 1.53672, -3.07602, -0.00485792
146.456, 0.0266648, -0.0587135, -1.19792, -1.53939, 1.53684, -3.07624, -0.00486499
146.634, 0.0513434, -0.0553897, -1.19324, -1.53949, 1.53697, -3.07646, -0.00487206
146.812, 0.0723128, -0.0421924, -1.18858, -1.53958, 1.53709, -3.07667, -0.00487913
146.99, 0.0859254, -0.0216505, -1.18393, -1.53968, 1.53721, -3.07689, -0.0048862
147.175, 0.0899137, 0.0036576, -1.1791, -1.53978, 1.53734, -3.07712, -0.0048936
147.361, 0.0828759, 0.0282391, -1.17429, -1.53988, 1.53747, -3.07734, -0.004901
147.547, 0.0661597, 0.0475795, -1.16951, -1.53998, 1.53759, -3.07757, -0.0049084
147.733, 0.0428702, 0.0580965, -1.16474, -1.54008, 1.53772, -3.0778, -0.00491581
147.918, 0.0173826, 0.057857, -1.16, -1.54018, 1.53785, -3.07802, -0.00492321
148.104, -0.00553726, 0.0470344, -1.15528, -1.54028, 1.53797, -3.07825, -0.00493063
148.29, -0.0217622, 0.0278146, -1.15058, -1.54038, 1.5381, -3.07847, -0.00493804
148.476, -0.0285638, 0.0038011, -1.1459, -1.54048, 1.53822, -3.0787, -0.00494546
148.661, -0.0249333, -0.0207396, -1.14124, -1.54058, 1.53835, -3.07892, -0.00495288
148.847, -0.0116101, -0.0415541, -1.1366, -1.54067, 1.53848, -3.07915, -0.0049603
149.033, 0.00903614, -0.0550226, -1.13198, -1.54077, 1.5386, -3.07937, -0.00496773
149.225, 0.0341827, -0.0587359, -1.12723, -1.54088, 1.53873, -3.07961, -0.00497542
149.417, 0.0584253, -0.0514723, -1.12249, -1.54098, 1.53886, -3.07984, -0.00498311
149.609, 0.0772531, -0.0347741, -1.11778, -1.54108, 1.53899, -3.08007, -0.00499081
149.801, 0.0873554, -0.0118711, -1.11309, -1.54118, 1.53912, -3.0803, -0.00499851
150.003, 0.0868124, 0.0142815, -1.10819, -1.54129, 1.53925, -3.08054, -0.00500659
150.205, 0.0751003, 0.0376346, -1.10332, -1.5414, 1.53939, -3.08079, -0.00501468
150.407, 0.0545058, 0.0537025, -1.09847, -1.54151, 1.53952, -3.08103, -0.00502277
150.608, 0.0290457, 0.0593767, -1.09364, -1.54162, 1.53966, -3.08127, -0.00503086
150.81, 0.00371648, 0.0536356, -1.08884, -1.54172, 1.53979, -3.08151, -0.00503896
151.012, -0.0166164, 0.037781, -1.08406, -1.54183, 1.53992, -3.08175, -0.00504706
151.213, -0.028261, 0.0150203, -1.0793, -1.54194, 1.54006, -3.082, -0.00505517
151.415, -0.0292852, -0.0103359, -1.07457, -1.54204, 1.54019, -3.08224, -0.00506328
151.617, -0.0196669, -0.0336779, -1.06986, -1.54215, 1.54032, -3.08248, -0.00507139
151.818, -0.00122498, -0.0507984, -1.06517, -1.54226, 1.54046, -3.08272, -0.00507951
152.02, 0.0226268, -0.0585882, -1.06051, -1.54237, 1.54059, -3.08296, -0.00508763
152.222, 0.0474494, -0.0556805, -1.05586, -1.54247, 1.54072, -3.0832, -0.00509575
152.424, 0.0686882, -0.042764, -1.05124, -1.54258, 1.54086, -3.08344, -0.00510388
152.625, 0.0826202, -0.0223495, -1.04665, -1.54269, 1.54099, -3.08368, -0.00511201
152.835, 0.0869353, 0.00281731, -1.04189, -1.5428, 1.54113, -3.08393, -0.00512046
153.044, 0.0802925, 0.0274102, -1.03717, -1.54291, 1.54126, -3.08417, -0.00512891
153.254, 0.0639716, 0.0469513, -1.03246, -1.54302, 1.5414, -3.08442, -0.00513736
153.463, 0.0409866, 0.057863, -1.02778, -1.54313, 1.54154, -3.08467, -0.00514582
153.672, 0.015617, 0.0581679, -1.02313, -1.54324, 1.54167, -3.08492, -0.00515428
153.882, -0.00744034, 0.0479463, -1.0185, -1.54336, 1.54181, -3.08516, -0.00516275
154.091, -0.0240768, 0.0292637, -1.01389, -1.54347, 1.54194, -3.08541, -0.00517122
154.301, -0.0315286, 0.00560307, -1.0093, -1.54358, 1.54208, -3.08566, -0.0051797
154.519, -0.0283843, -0.0197975, -1.00456, -1.54369, 1.54222, -3.08591, -0.00518851
154.736, -0.0148711, -0.0413914, -0.999837, -1.54381, 1.54236, -3.08617, -0.00519733
154.954, 0.00643799, -0.0551966, -0.995143, -1.54392, 1.5425, -3.08642, -0.00520615
155.172, 0.0314997, -0.0586663, -0.990473, -1.54404, 1.54264, -3.08668, -0.00521498
155.39, 0.0555639, -0.0512641, -0.985827, -1.54415, 1.54278, -3.08693, -0.00522381
155.607, 0.0741989, -0.0345587, -0.981206, -1.54427, 1.54292, -3.08719, -0.00523264
155.825, 0.0841717, -0.011758, -0.976608, -1.54438, 1.54306, -3.08744, -0.00524148
156.055, 0.0835885, 0.0143521, -0.971787, -1.5445, 1.5432, -3.08771, -0.0052508
156.284, 0.0718827, 0.0376527, -0.966991, -1.54463, 1.54335, -3.08798, -0.00526013
156.514, 0.0513434, 0.0536954, -0.962222, -1.54475, 1.5435, -3.08824, -0.00526946
156.743, 0.0259633, 0.0594066, -0.957479, -1.54487, 1.54364, -3.08851, -0.0052788
156.973, 0.000693169, 0.0537805, -0.952762, -1.54499, 1.54379, -3.08878, -0.00528814
157.203, -0.0196539, 0.0381034, -0.948071, -1.54511, 1.54393, -3.08904, -0.00529748
157.432, -0.031425, 0.0155368, -0.943405, -1.54523, 1.54408, -3.08931, -0.00530683
157.662, -0.0326998, -0.00967464, -0.938765, -1.54535, 1.54422, -3.08957, -0.00531619
157.891, -0.0234325, -0.0329935, -0.93415, -1.54547, 1.54437, -3.08984, -0.00532555
158.121, -0.00537708, -0.0502733, -0.92956, -1.54559, 1.54451, -3.0901, -0.00533491
158.35, 0.0181537, -0.058429, -0.924995, -1.54571, 1.54465, -3.09037, -0.00534428
158.588, 0.0436749, -0.0557825, -0.920294, -1.54584, 1.5448, -3.09064, -0.00535398
158.826, 0.065483, -0.0425574, -0.91562, -1.54596, 1.54495, -3.09092, -0.00536369
159.064, 0.0795549, -0.0214781, -0.910971, -1.54609, 1.5451, -3.09119, -0.00537341
159.301, 0.0834909, 0.00343379, -0.906349, -1.54621, 1.54525, -3.09146, -0.00538313
159.539, 0.0767468, 0.0276685, -0.901753, -1.54634, 1.54539, -3.09173, -0.00539285
159.777, 0.0606007, 0.0469294, -0.897183, -1.54646, 1.54554, -3.09201, -0.00540258
160.015, 0.0379669, 0.0577939, -0.892638, -1.54659, 1.54569, -3.09228, -0.00541231
160.263, 0.0118607, 0.0581428, -0.88792, -1.54672, 1.54584, -3.09256, -0.00542248
160.511, -0.0117329, 0.0473819, -0.883229, -1.54685, 1.546, -3.09284, -0.00543265
160.759, -0.0283903, 0.0278191, -0.878566, -1.54698, 1.54615, -3.09313, -0.00544283
161.008, -0.0352219, 0.00330075, -0.87393, -1.54711, 1.5463, -3.09341, -0.00545302
161.256, -0.0312154, -0.0216362, -0.869322, -1.54724, 1.54645, -3.09369, -0.0054632
161.504, -0.0172447, -0.0425141, -0.86474, -1.54737, 1.5466, -3.09397, -0.0054734
161.752, 0.0040854, -0.0555923, -0.860185, -1.5475, 1.54676, -3.09425, -0.00548359
162.001, 0.0288241, -0.0585437, -0.855656, -1.54763, 1.54691, -3.09454, -0.0054938
162.249, 0.0524137, -0.0509634, -0.851154, -1.54776, 1.54706, -3.09482, -0.005504
162.497, 0.0706478, -0.0344218, -0.846679, -1.54789, 1.54721, -3.0951, -0.00551422
162.745, 0.0804752, -0.0120082, -0.842229, -1.54802, 1.54736, -3.09538, -0.00552444
163.011, 0.0800165, 0.0140571, -0.837493, -1.54816, 1.54752, -3.09568, -0.00553538
163.277, 0.0684708, 0.0373728, -0.832786, -1.54829, 1.54768, -3.09597, -0.00554633
163.543, 0.0481027, 0.0535202, -0.828109, -1.54843, 1.54784, -3.09627, -0.00555729
163.809, 0.0228562, 0.0594425, -0.823461, -1.54857, 1.548, -3.09657, -0.00556826
164.074, -0.00237966, 0.0541204, -0.818841, -1.54871, 1.54816, -3.09687, -0.00557922
164.34, -0.0228453, 0.0387905, -0.814251, -1.54885, 1.54832, -3.09717, -0.0055902
164.606, -0.0349138, 0.0165371, -0.809689, -1.54899, 1.54848, -3.09746, -0.00560118
164.872, -0.0366537, -0.00848473, -0.805155, -1.54913, 1.54864, -3.09776, -0.00561216
165.138, -0.0279646, -0.0318253, -0.800649, -1.54926, 1.54879, -3.09806, -0.00562315
165.403, -0.0104988, -0.0494035, -0.796172, -1.5494, 1.54895, -3.09835, -0.00563415
165.669, 0.0125723, -0.0581467, -0.791722, -1.54954, 1.54911, -3.09865, -0.00564515
165.949, 0.0382613, -0.0562367, -0.787077, -1.54969, 1.54927, -3.09896, -0.00565671
166.228, 0.0604894, -0.043557, -0.782463, -1.54983, 1.54944, -3.09927, -0.00566828
166.507, 0.0751185, -0.0227743, -0.777879, -1.54997, 1.5496, -3.09958, -0.00567986
166.786, 0.0796415, 0.00209401, -0.773324, -1.55012, 1.54977, -3.09989, -0.00569144
167.065, 0.0734291, 0.026513, -0.768799, -1.55026, 1.54993, -3.1002, -0.00570302
167.345, 0.0576921, 0.0461456, -0.764304, -1.55041, 1.5501, -3.1005, -0.00571461
167.624, 0.0352898, 0.0575145, -0.759837, -1.55055, 1.55026, -3.10081, -0.00572621
167.914, 0.0092924, 0.0584711, -0.755221, -1.5507, 1.55043, -3.10113, -0.00573828
168.205, -0.0144702, 0.0483661, -0.750637, -1.55085, 1.5506, -3.10145, -0.00575036
168.495, -0.0315895, 0.0293825, -0.746083, -1.551, 1.55077, -3.10177, -0.00576244
168.786, -0.0391381, 0.00524117, -0.74156, -1.55115, 1.55093, -3.10209, -0.00577453
169.076, -0.0360173, -0.0196312, -0.737067, -1.5513, 1.5511, -3.10241, -0.00578662
169.367, -0.0229653, -0.0408367, -0.732604, -1.55145, 1.55127, -3.10273, -0.00579873
169.657, -0.00240503, -0.0546564, -0.728172, -1.5516, 1.55144, -3.10304, -0.00581083
169.947, 0.02191, -0.0586917, -0.723769, -1.55175, 1.5516, -3.10336, -0.00582295
170.238, 0.0455766, -0.0523657, -0.719395, -1.5519, 1.55177, -3.10368, -0.00583507
170.528, 0.0644482, -0.0370131, -0.715051, -1.55205, 1.55194, -3.10399, -0.00584719
170.819, 0.075424, -0.0154808, -0.710736, -1.5522, 1.5521, -3.10431, -0.00585933
171.134, 0.07654, 0.010547, -0.706088, -1.55237, 1.55228, -3.10465, -0.00587249
171.449, 0.0664486, 0.0344864, -0.701474, -1.55253, 1.55246, -3.10499, -0.00588567
171.764, 0.0471608, 0.0518299, -0.696894, -1.55269, 1.55264, -3.10533, -0.00589885
172.079, 0.0224037, 0.0593304, -0.692346, -1.55285, 1.55282, -3.10567, -0.00591204
172.394, -0.00305549, 0.0556875, -0.687831, -1.55301, 1.553, -3.10601, -0.00592523
172.709, -0.0244392, 0.0418276, -0.683349, -1.55318, 1.55317, -3.10635, -0.00593843
173.024, -0.0379762, 0.0205714, -0.6789, -1.55334, 1.55335, -3.10669, -0.00595164
173.339, -0.0415123, -0.00410732, -0.674482, -1.5535, 1.55353, -3.10703, -0.00596486
173.654, -0.034678, -0.0278562, -0.670096, -1.55366, 1.5537, -3.10737, -0.00597808
173.969, -0.0188202, -0.0465971, -0.665742, -1.55382, 1.55388, -3.1077, -0.00599131
174.284, 0.00320408, -0.0571326, -0.661419, -1.55398, 1.55406, -3.10804, -0.00600454
174.62, 0.0290341, -0.0574074, -0.656847, -1.55416, 1.55424, -3.1084, -0.00601866
174.956, 0.0522804, -0.0465836, -0.65231, -1.55433, 1.55443, -3.10876, -0.00603278
175.291, 0.0685567, -0.0270238, -0.647808, -1.5545, 1.55462, -3.10912, -0.0060469
175.627, 0.0750392, -0.00258698, -0.643341, -1.55467, 1.5548, -3.10947, -0.00606104
175.963, 0.0707786, 0.0222269, -0.638907, -1.55484, 1.55499, -3.10983, -0.00607518
176.299, 0.0566782, 0.0430173, -0.634507, -1.55501, 1.55517, -3.11018, -0.00608933
176.634, 0.0353169, 0.0561374, -0.630141, -1.55519, 1.55535, -3.11054, -0.00610349
176.97, 0.0105569, 0.0593318, -0.625808, -1.55536, 1.55554, -3.1109, -0.00611765
177.306, -0.0131759, 0.0522061, -0.621508, -1.55553, 1.55572, -3.11125, -0.00613182
177.641, -0.0318061, 0.0362607, -0.617241, -1.5557, 1.5559, -3.1116, -0.006146
177.977, -0.0423688, 0.0144451, -0.613007, -1.55587, 1.55609, -3.11196, -0.00616019
178.342, -0.043005, -0.0116001, -0.608434, -1.55606, 1.55628, -3.11234, -0.00617564
178.708, -0.0325218, -0.035185, -0.603899, -1.55624, 1.55648, -3.11273, -0.0061911
179.073, -0.0130915, -0.0518894, -0.599402, -1.55643, 1.55668, -3.11311, -0.00620657
179.439, 0.0114579, -0.0586235, -0.594942, -1.55661, 1.55688, -3.11349, -0.00622205
179.804, 0.0363536, -0.0542747, -0.590518, -1.5568, 1.55707, -3.11387, -0.00623753
180.169, 0.0569118, -0.0399264, -0.586131, -1.55699, 1.55727, -3.11425, -0.00625302
180.535, 0.069513, -0.0184767, -0.581781, -1.55717, 1.55746, -3.11463, -0.00626853
180.914, 0.072053, 0.00705239, -0.577302, -1.55736, 1.55766, -3.11503, -0.00628463
181.293, 0.0636324, 0.0311851, -0.572861, -1.55756, 1.55787, -3.11542, -0.00630074
181.673, 0.04593, 0.0495381, -0.568459, -1.55775, 1.55807, -3.11582, -0.00631686
182.052, 0.0222689, 0.0588193, -0.564093, -1.55794, 1.55827, -3.11621, -0.00633299
182.448, -0.00400647, 0.0571692, -0.559579, -1.55814, 1.55848, -3.11662, -0.00634982
182.843, -0.0268132, 0.0445693, -0.555105, -1.55834, 1.55868, -3.11703, -0.00636667
183.239, -0.0419446, 0.0237692, -0.550671, -1.55854, 1.55889, -3.11743, -0.00638352
183.635, -0.046898, -0.00113178, -0.546275, -1.55874, 1.5591, -3.11784, -0.00640038
184.031, -0.0410937, -0.0255586, -0.541919, -1.55894, 1.55931, -3.11825, -0.00641726
184.426, -0.0257967, -0.0451887, -0.537601, -1.55914, 1.55951, -3.11865, -0.00643414
184.822, -0.00388842, -0.0566014, -0.533321, -1.55934, 1.55972, -3.11906, -0.00645103
185.235, 0.0216851, -0.0577037, -0.52889, -1.55955, 1.55993, -3.11948, -0.00646869
185.649, 0.0450583, -0.0478128, -0.5245, -1.55976, 1.56015, -3.1199, -0.00648636
186.062, 0.0618922, -0.0291145, -0.52015, -1.55997, 1.56036, -3.12032, -0.00650404
186.476, 0.0693313, -0.00527581, -0.515839, -1.56017, 1.56057, -3.12074, -0.00652172
186.889, 0.066315, 0.0193839, -0.511569, -1.56038, 1.56078, -3.12116, -0.00653942
187.303, 0.0535525, 0.0406058, -0.507338, -1.56059, 1.56099, -3.12158, -0.00655713
187.716, 0.0333489, 0.0547999, -0.503145, -1.5608, 1.5612, -3.122, -0.00657485
188.146, 0.00828409, 0.0596107, -0.498828, -1.56101, 1.56142, -3.12244, -0.00659328
188.575, -0.0163023, 0.0536396, -0.494552, -1.56123, 1.56164, -3.12287, -0.00661171
189.005, -0.0360208, 0.0382804, -0.490316, -1.56144, 1.56186, -3.1233, -0.00663016
189.435, -0.0476305, 0.0165366, -0.486121, -1.56166, 1.56207, -3.12374, -0.00664862
189.892, -0.0492527, -0.00924363, -0.481703, -1.56189, 1.5623, -3.12419, -0.00666826
190.349, -0.0398935, -0.0329901, -0.477329, -1.56212, 1.56253, -3.12465, -0.00668791
190.806, -0.0215333, -0.0503665, -0.473, -1.56235, 1.56276, -3.12511, -0.00670758
191.263, 0.00225079, -0.0582717, -0.468714, -1.56258, 1.56299, -3.12557, -0.00672725
191.72, 0.0269331, -0.0554442, -0.464471, -1.5628, 1.56322, -3.12602, -0.00674694
192.177, 0.0479879, -0.0426965, -0.46027, -1.56303, 1.56344, -3.12648, -0.00676664
192.634, 0.0618155, -0.0225998, -0.456112, -1.56326, 1.56367, -3.12693, -0.00678635
193.112, 0.0662641, 0.00230729, -0.451809, -1.5635, 1.5639, -3.1274, -0.00680696
193.59, 0.0599836, 0.0266837, -0.44755, -1.56374, 1.56414, -3.12788, -0.00682759
194.068, 0.0442812, 0.0462439, -0.443336, -1.56397, 1.56437, -3.12835, -0.00684824
194.545, 0.0220465, 0.057629, -0.439166, -1.56421, 1.56461, -3.12882, -0.00686889
195.047, -0.00396275, 0.058789, -0.434833, -1.56446, 1.56485, -3.12931, -0.0068906
195.549, -0.0277644, 0.0489912, -0.430547, -1.56471, 1.56509, -3.12981, -0.00691232
196.051, -0.0450623, 0.0304422, -0.426307, -1.56496, 1.56534, -3.1303, -0.00693405
196.553, -0.0530575, 0.00679055, -0.422114, -1.56521, 1.56558, -3.13079, -0.0069558
197.073, -0.0504602, -0.0185449, -0.417819, -1.56547, 1.56583, -3.1313, -0.00697834
197.593, -0.0376193, -0.0401694, -0.413572, -1.56573, 1.56608, -3.13181, -0.00700089
198.113, -0.0171087, -0.054262, -0.409373, -1.56599, 1.56633, -3.13231, -0.00702345
198.633, 0.00717687, -0.0584381, -0.405221, -1.56624, 1.56658, -3.13282, -0.00704603
199.153, 0.0307637, -0.0522104, -0.401116, -1.5665, 1.56682, -3.13332, -0.00706862
199.673, 0.0495294, -0.0370116, -0.397057, -1.56676, 1.56707, -3.13383, -0.00709122
200.193, 0.0604698, -0.0157314, -0.393043, -1.56701, 1.56731, -3.13433, -0.00711384
200.76, 0.0617358, 0.0101085, -0.388717, -1.56729, 1.56758, -3.13488, -0.00713852
201.327, 0.0519879, 0.0339251, -0.384443, -1.56757, 1.56785, -3.13542, -0.00716321
201.894, 0.0332403, 0.0513886, -0.380222, -1.56785, 1.56811, -3.13597, -0.00718792
202.461, 0.00907752, 0.0594338, -0.376051, -1.56813, 1.56838, -3.13651, -0.00721264
203.028, -0.0160082, 0.0568368, -0.371932, -1.56841, 1.56864, -3.13705, -0.00723738
203.595, -0.0375583, 0.0444186, -0.367862, -1.56869, 1.5689, -3.13759, -0.00726213
204.163, -0.0520484, 0.0247105, -0.363842, -1.56897, 1.56916, -3.13814, -0.0072869
204.759, -0.0574269, 2.29497e-05, -0.359666, -1.56927, 1.56944, -3.1387, -0.00731296
205.356, -0.0521989, -0.0242784, -0.355542, -1.56956, 1.56971, -3.13927, -0.00733904
205.952, -0.0376292, -0.0439938, -0.351471, -1.56985, 1.56998, -3.13983, -0.00736514
206.549, -0.0165005, -0.0558374, -0.347452, -1.57014, 1.57025, -3.1404, -0.00739125
207.18, 0.00875455, -0.0577881, -0.34325, -1.57045, 1.57054, -3.14099, -0.00741891
207.812, 0.0321395, -0.0488664, -0.339106, -4.71236, -1.57077, -3.14159, -0.00744659
208.444, 0.0494055, -0.0311439, -0.335016, 1.57052, -1.57048, 3.141, -0.00747429
209.076, 0.057746, -0.00810821, -0.330981, 1.57021, -1.5702, 3.14041, -0.007502
209.742, 0.0556963, 0.0174202, -0.326786, 1.56988, -1.5699, 3.13979, -0.00753123
210.408, 0.0432326, 0.0396248, -0.32265, 1.56956, -1.56961, 3.13916, -0.00756047
211.074, 0.0228271, 0.0546127, -0.318571, 1.56923, -1.56931, 3.13854, -0.00758974
211.74, -0.00171986, 0.0599038, -0.31455, 1.56891, -1.56902, 3.13792, -0.00761901
212.406, -0.0260052, 0.0548798, -0.310585, 1.56858, -1.56872, 3.13731, -0.00764831
213.072, -0.045933, 0.040816, -0.306675, 1.56826, -1.56843, 3.13669, -0.00767762
213.738, -0.0584737, 0.020436, -0.302819, 1.56793, -1.56814, 3.13607, -0.00770694
214.466, -0.0618876, -0.00495056, -0.298664, 1.56758, -1.56782, 3.1354, -0.00773903
215.194, -0.0544799, -0.028964, -0.294573, 1.56723, -1.56751, 3.13473, -0.00777113
215.923, -0.0379965, -0.0473841, -0.290543, 1.56687, -1.56719, 3.13406, -0.00780326
216.651, -0.0156725, -0.0571348, -0.286574, 1.56652, -1.56688, 3.1334, -0.0078354
217.429, 0.0099256, -0.0564131, -0.282404, 1.56614, -1.56655, 3.13269, -0.00786972
218.206, 0.0323691, -0.044844, -0.278302, 1.56576, -1.56622, 3.13198, -0.00790406
218.983, 0.0475854, -0.0251019, -0.274265, 1.56539, -1.56589, 3.13127, -0.00793841
219.761, 0.0531866, -0.0010853, -0.270293, 1.56501, -1.56556, 3.13057, -0.00797279
220.538, 0.0486006, 0.0229426, -0.266385, 1.56463, -1.56523, 3.12986, -0.00800718
221.316, 0.0349109, 0.0430197, -0.26254, 1.56426, -1.5649, 3.12916, -0.00804159
222.093, 0.0145831, 0.056009, -0.258755, 1.56388, -1.56458, 3.12846, -0.00807601
222.933, -0.0108637, 0.0599688, -0.254735, 1.56348, -1.56423, 3.12771, -0.00811322
223.773, -0.0352897, 0.0532201, -0.250784, 1.56307, -1.56388, 3.12695, -0.00815044
224.613, -0.0544894, 0.0374895, -0.246901, 1.56267, -1.56354, 3.1262, -0.00818769
225.452, -0.0655687, 0.0159185, -0.243084, 1.56226, -1.56319, 3.12545, -0.00822494
226.371, -0.0668991, -0.00991201, -0.238982, 1.56182, -1.56282, 3.12463, -0.00826574
227.291, -0.0573728, -0.0333187, -0.234956, 1.56138, -1.56244, 3.12382, -0.00830655
228.21, -0.0392384, -0.0501782, -0.231006, 1.56093, -1.56207, 3.123, -0.00834738
229.129, -0.0161322, -0.0577457, -0.227129, 1.56049, -1.5617, 3.12219, -0.00838822
230.09, 0.00866723, -0.0547348, -0.223151, 1.56003, -1.56131, 3.12135, -0.00843097
231.052, 0.0294954, -0.0416911, -0.219249, 1.55957, -1.56093, 3.1205, -0.00847373
232.013, 0.0428493, -0.0214825, -0.215423, 1.55911, -1.56055, 3.11966, -0.00851651
233.02, 0.0468165, 0.00325546, -0.211494, 1.55863, -1.56015, 3.11878, -0.00856135
234.027, 0.0403442, 0.0272084, -0.207645, 1.55814, -1.55976, 3.1179, -0.0086062
235.035, 0.0249369, 0.0463817, -0.203872, 1.55766, -1.55936, 3.11702, -0.00865107
236.042, 0.00344427, 0.0578147, -0.200176, 1.55718, -1.55897, 3.11615, -0.00869596
237.139, -0.0225856, 0.0597317, -0.196232, 1.55666, -1.55855, 3.1152, -0.00874488
238.237, -0.0465683, 0.050939, -0.192375, 1.55613, -1.55812, 3.11426, -0.00879383
239.335, -0.064466, 0.033668, -0.188601, 1.55561, -1.5577, 3.11331, -0.00884278
240.432, -0.073763, 0.0113739, -0.184909, 1.55509, -1.55728, 3.11237, -0.00889175
241.618, -0.0731914, -0.0139093, -0.18101, 1.55452, -1.55683, 3.11136, -0.00894467
242.804, -0.062466, -0.0360095, -0.177202, 1.55396, -1.55639, 3.11035, -0.0089976
243.99, -0.044056, -0.0513054, -0.173483, 1.55339, -1.55594, 3.10934, -0.00905054
245.222, -0.0206179, -0.05763, -0.169709, 1.55281, -1.55549, 3.10829, -0.00910557
246.454, 0.00280165, -0.0536718, -0.166026, 1.55222, -1.55503, 3.10725, -0.0091606
247.687, 0.0221819, -0.040754, -0.162432, 1.55164, -1.55458, 3.10621, -0.00921565
248.961, 0.0349239, -0.0208189, -0.158806, 1.55104, -1.55411, 3.10514, -0.00927256
250.327, 0.0386056, 0.00387852, -0.155018, 1.55039, -1.55361, 3.104, -0.00933358
251.693, 0.0319762, 0.0276298, -0.151329, 1.54974, -1.55312, 3.10286, -0.00939461
253.059, 0.0166719, 0.0465904, -0.147738, 1.54909, -1.55263, 3.10172, -0.00945564
254.476, -0.00532488, 0.0582812, -0.144111, 1.54842, -1.55212, 3.10055, -0.00951898
255.996, -0.0313813, 0.0602168, -0.140332, 1.54771, -1.55158, 3.09929, -0.00958686
257.516, -0.0552926, 0.0516659, -0.136662, 1.54699, -1.55105, 3.09804, -0.00965473
259.035, -0.0732399, 0.0349469, -0.133099, 1.54627, -1.55052, 3.09679, -0.0097226
260.628, -0.0831948, 0.0123423, -0.129475, 1.54552, -1.54996, 3.09548, -0.00979369
262.316, -0.0830812, -0.0127552, -0.125751, 1.54472, -1.54938, 3.09411, -0.00986906
264.005, -0.07304, -0.0346566, -0.122146, 1.54393, -1.5488, 3.09273, -0.00994441
265.694, -0.0555992, -0.049977, -0.118655, 1.54313, -1.54823, 3.09136, -0.0100197
267.488, -0.0328054, -0.0568768, -0.115066, 1.54229, -1.54762, 3.08991, -0.0100997
269.364, -0.00895018, -0.0533745, -0.111442, 1.54141, -1.547, 3.0884, -0.0101833
271.24, 0.0106638, -0.040515, -0.107945, 1.54053, -1.54637, 3.0869, -0.0102668
273.116, 0.0231199, -0.021276, -0.104568, 1.53964, -1.54576, 3.0854, -0.0103503
275.177, 0.0270386, 0.00306971, -0.100992, 1.53868, -1.54508, 3.08376, -0.0104419
277.239, 0.0209652, 0.026522, -0.0975513, 1.53771, -1.54441, 3.08212, -0.0105335
279.301, 0.00661866, 0.0455148, -0.09424, 1.53674, -1.54375, 3.08049, -0.010625
281.509, -0.0148392, 0.0581995, -0.090831, 1.53571, -1.54305, 3.07875, -0.0107228
283.892, -0.0406927, 0.0616218, -0.0873035, 1.53459, -1.5423, 3.07688, -0.0108284
286.276, -0.064829, 0.054955, -0.0839274, 1.53347, -1.54155, 3.07502, -0.0109337
288.66, -0.0837327, 0.0404316, -0.0806955, 1.53235, -1.54081, 3.07317, -0.0110389
291.259, -0.0960658, 0.0192532, -0.0773288, 1.53113, -1.54002, 3.07115, -0.0111533
294.096, -0.0989775, -0.00559814, -0.0738305, 1.5298, -1.53916, 3.06896, -0.011278
296.932, -0.0920202, -0.0279231, -0.070507, 1.52847, -1.53831, 3.06678, -0.0114024
299.769, -0.0776745, -0.0445292, -0.0673489, 1.52714, -1.53746, 3.06461, -0.0115265
302.875, -0.057205, -0.0541205, -0.0640697, 1.52569, -1.53655, 3.06224, -0.011662
306.279, -0.0338186, -0.0539521, -0.0606785, 1.52409, -1.53557, 3.05966, -0.01181
309.683, -0.0137495, -0.0442411, -0.0574856, 1.52249, -1.53459, 3.05708, -0.0119574
313.222, 0.000571365, -0.0271612, -0.0543627, 1.52083, -1.53359, 3.05442, -0.0121101
317.069, 0.00713624, -0.00467864, -0.0511802, 1.51902, -1.53252, 3.05154, -0.0122754
321.21, 0.00411632, 0.0195675, -0.047984, 1.51707, -1.53138, 3.04845, -0.0124523
325.351, -0.00742364, 0.0402377, -0.0450082, 1.51512, -1.53026, 3.04537, -0.0126283
329.873, -0.0265244, 0.0561333, -0.0419915, 1.51298, -1.52905, 3.04203, -0.0128192
334.848, -0.0510835, 0.06442, -0.0389296, 1.51063, -1.52774, 3.03837, -0.0130277
340.213, -0.077061, 0.0633317, -0.0359036, 1.50809, -1.52635, 3.03444, -0.0132506
345.814, -0.0998767, 0.0537166, -0.0330211, 1.50542, -1.52493, 3.03036, -0.0134811
351.933, -0.117555, 0.0372712, -0.0301634, 1.5025, -1.52341, 3.02591, -0.0137301
358.912, -0.128167, 0.0158134, -0.0272364, 1.49916, -1.52171, 3.02087, -0.0140102
366.409, -0.129986, -0.00595916, -0.0244403, 1.49555, -1.51992, 3.01547, -0.0143064
374.483, -0.124121, -0.02475, -0.021783, 1.49164, -1.51804, 3.00968, -0.0146195
383.517, -0.112201, -0.0385398, -0.0191864, 1.48723, -1.51599, 3.00322, -0.0149621
394.057, -0.0960669, -0.0454332, -0.0165858, 1.48204, -1.51366, 2.9957, -0.0153508
406.192, -0.0791242, -0.0438898, -0.0140703, 1.47599, -1.51107, 2.98707, -0.0157827
419.799, -0.0650684, -0.0346536, -0.0117476, 1.46912, -1.50827, 2.97738, -0.0162457
435.843, -0.0556805, -0.0190951, -0.00954718, 1.46086, -1.50509, 2.96594, -0.0167605
455.762, -0.0524898, 0.00152228, -0.00743837, 1.45034, -1.50132, 2.95167, -0.0173493
480.73, -0.056433, 0.0248512, -0.0055063, 1.43671, -1.49686, 2.93357, -0.0180021
511.723, -0.0665411, 0.048165, -0.00386087, 1.41895, -1.49168, 2.91062, -0.01867
552.836, -0.0813388, 0.0712338, -0.0024861, 1.39365, -1.48534, 2.879, -0.0192939
610.166, -0.0986508, 0.0942048, -0.00142538, 1.3542, -1.47741, 2.83161, -0.0196347
686.627, -0.114529, 0.116302, -0.00075248, 1.29118, -1.46821, 2.7594, -0.0191198
797.118, -0.127872, 0.140664, -0.000367284, 1.16721, -1.45722, 2.62443, -0.0166609
946.716, -0.136375, 0.169361, -0.000199222, 0.880973, -1.44584, 2.32681, -0.0117123
1042.24, -0.137365, 0.186545, -0.000152911, 0.569035, -1.44037, 2.0094, -0.0092079
1166.14, -0.133757, 0.198853, -9.00417e-05, 0.00911387, -1.4351, 1.44421, -0.00922593
1296.66, -0.130662, 0.197337, -3.57144e-05, -0.507503, -1.43156, 0.924062, -0.0160011
1440.99, -0.129753, 0.194185, -1.58771e-05, -0.829763, -1.42987, 0.60011, -0.0333747
1612.06, -0.129222, 0.192546, -1.78942e-06, -1.02175, -1.43062, 0.408863, -0.0648458
1805.34, -0.129292, 0.192564, 5.02105e-07, -1.13389, -1.43469, 0.300797, -0.104291
2057.36, -0.129608, 0.192647, 2.34324e-07, -1.20914, -1.44441, 0.235268, -0.14083
2283.38, -0.129886, 0.192685, 1.73692e-07, -1.2417, -1.4565, 0.214798, -0.146474
