15, 0.0273318, 0.000175708, -183.641, -1.54361, -1.37706, -0.166551, -0.00188581
15, 0.0273317, 0.000175761, -183.641, -1.54361, -1.37706, -0.166551, -0.00188581
15, 0.0273314, 0.000175996, -183.641, -1.54361, -1.37706, -0.166551, -0.00188581
15, 0.0273301, 0.000177048, -183.641, -1.54361, -1.37706, -0.166551, -0.00188582
15.0001, 0.0273241, 0.000181657, -183.639, -1.54361, -1.37706, -0.166552, -0.00188582
15.0005, 0.0272954, 0.00019976, -183.63, -1.54361, -1.37705, -0.166553, -0.00188586
15.0024, 0.027147, 0.000220837, -183.591, -1.5436, -1.37705, -0.166557, -0.00188602
15.006, 0.0269682, 1.65335e-06, -183.514, -1.5436, -1.37703, -0.166566, -0.00188635
15.0097, 0.0271463, -0.000226258, -183.438, -1.54359, -1.37702, -0.166575, -0.00188667
15.0134, 0.0274121, -0.000107967, -183.361, -1.54359, -1.37701, -0.166584, -0.001887
15.017, 0.0273597, 0.000172886, -183.284, -1.54358, -1.37699, -0.166593, -0.00188732
15.0207, 0.0270779, 0.000179746, -183.207, -1.54358, -1.37698, -0.166602, -0.00188764
15.0244, 0.0270119, -9.8401e-05, -183.131, -1.54357, -1.37696, -0.166611, -0.00188797
15.028, 0.0272722, -0.000229981, -183.054, -1.54357, -1.37695, -0.16662, -0.00188829
15.0317, 0.0274628, -1.06245e-05, -182.977, -1.54356, -1.37694, -0.166629, -0.00188862
15.0354, 0.0272958, 0.000219957, -182.901, -1.54356, -1.37692, -0.166638, -0.00188894
15.039, 0.0270371, 0.000104474, -182.824, -1.54355, -1.37691, -0.166647, -0.00188927
15.0427, 0.0270948, -0.000178682, -182.748, -1.54355, -1.37689, -0.166656, -0.00188959
15.0464, 0.0273876, -0.000191576, -182.671, -1.54354, -1.37688, -0.166665, -0.00188991
15.05, 0.0274707, 8.60588e-05, -182.595, -1.54354, -1.37687, -0.166674, -0.00189024
15.0537, 0.027223, 0.000225591, -182.519, -1.54353, -1.37685, -0.166683, -0.00189056
15.0573, 0.0270341, 1.14121e-05, -182.442, -1.54353, -1.37684, -0.166692, -0.00189089
15.061, 0.0272032, -0.00022644, -182.366, -1.54353, -1.37682, -0.166701, -0.00189121
15.0647, 0.0274775, -0.000121271, -182.29, -1.54352, -1.37681, -0.16671, -0.00189153
15.0683, 0.0274421, 0.000165288, -182.214, -1.54352, -1.3768, -0.166719, -0.00189186
15.072, 0.0271587, 0.00019226, -182.137, -1.54351, -1.37678, -0.166728, -0.00189218
15.0757, 0.0270705, -8.21511e-05, -182.061, -1.54351, -1.37677, -0.166737, -0.00189251
15.0793, 0.0273209, -0.000236416, -181.985, -1.5435, -1.37676, -0.166746, -0.00189283
15.083, 0.0275331, -3.34013e-05, -181.909, -1.5435, -1.37674, -0.166755, -0.00189315
15.0867, 0.0273888, 0.00021563, -181.833, -1.54349, -1.37673, -0.166764, -0.00189348
15.0903, 0.0271165, 0.000128694, -181.757, -1.54349, -1.37671, -0.166773, -0.0018938
15.094, 0.027141, -0.000161314, -181.681, -1.54348, -1.3767, -0.166782, -0.00189413
15.0977, 0.0274326, -0.000210358, -181.605, -1.54348, -1.37669, -0.166791, -0.00189445
15.1013, 0.0275527, 5.6901e-05, -181.529, -1.54347, -1.37667, -0.1668, -0.00189477
15.105, 0.0273249, 0.000231984, -181.454, -1.54347, -1.37666, -0.166809, -0.0018951
15.1087, 0.0271045, 4.71597e-05, -181.378, -1.54346, -1.37664, -0.166818, -0.00189542
15.1123, 0.0272357, -0.00021564, -181.302, -1.54346, -1.37663, -0.166827, -0.00189575
15.116, 0.027526, -0.000155361, -181.226, -1.54345, -1.37662, -0.166836, -0.00189607
15.1197, 0.0275403, 0.000136394, -181.151, -1.54345, -1.3766, -0.166845, -0.00189639
15.1233, 0.0272639, 0.00021517, -181.075, -1.54344, -1.37659, -0.166854, -0.00189672
15.127, 0.0271249, -3.92401e-05, -180.999, -1.54344, -1.37657, -0.166863, -0.00189704
15.1307, 0.0273425, -0.000239961, -180.924, -1.54343, -1.37656, -0.166872, -0.00189737
15.1343, 0.0275934, -8.16565e-05, -180.848, -1.54343, -1.37655, -0.166881, -0.00189769
15.138, 0.0275038, 0.00019544, -180.773, -1.54342, -1.37653, -0.16689, -0.00189801
15.1416, 0.0272168, 0.000170606, -180.697, -1.54342, -1.37652, -0.166899, -0.00189834
15.1453, 0.0271752, -0.00011877, -180.622, -1.54341, -1.3765, -0.166908, -0.00189866
15.149, 0.0274497, -0.000234092, -180.546, -1.54341, -1.37649, -0.166917, -0.00189898
15.1526, 0.027632, -4.20304e-07, -180.471, -1.5434, -1.37648, -0.166926, -0.00189931
15.1563, 0.0274533, 0.000228713, -180.396, -1.5434, -1.37646, -0.166935, -0.00189963
15.16, 0.0271911, 0.000106553, -180.321, -1.54339, -1.37645, -0.166944, -0.00189996
15.1636, 0.0272491, -0.000182504, -180.245, -1.54339, -1.37643, -0.166953, -0.00190028
15.1673, 0.0275474, -0.000201813, -180.17, -1.54338, -1.37642, -0.166962, -0.0019006
15.171, 0.0276431, 7.80375e-05, -180.095, -1.54338, -1.37641, -0.166972, -0.00190093
15.1746, 0.0273989, 0.00023504, -180.02, -1.54337, -1.37639, -0.166981, -0.00190125
15.1783, 0.0271901, 3.23393e-05, -179.945, -1.54337, -1.37638, -0.16699, -0.00190158
15.182, 0.0273386, -0.000224966, -179.87, -1.54336, -1.37637, -0.166999, -0.0019019
15.1856, 0.0276285, -0.000149496, -179.795, -1.54336, -1.37635, -0.167008, -0.00190222
15.1893, 0.027631, 0.000145494, -179.72, -1.54335, -1.37634, -0.167017, -0.00190255
15.193, 0.0273494, 0.000216665, -179.645, -1.54335, -1.37632, -0.167026, -0.00190287
15.1966, 0.0272139, -4.31151e-05, -179.57, -1.54334, -1.37631, -0.167035, -0.00190319
15.2003, 0.0274353, -0.000244104, -179.495, -1.54334, -1.3763, -0.167044, -0.00190352
15.204, 0.0276891, -8.47032e-05, -179.42, -1.54333, -1.37628, -0.167053, -0.00190384
15.2076, 0.027602, 0.000196417, -179.345, -1.54333, -1.37627, -0.167062, -0.00190417
15.2113, 0.0273115, 0.000178195, -179.271, -1.54333, -1.37625, -0.167072, -0.00190449
15.2149, 0.0272596, -0.000112344, -179.196, -1.54332, -1.37624, -0.167081, -0.00190481
15.2186, 0.0275313, -0.000240778, -179.121, -1.54332, -1.37623, -0.16709, -0.00190514
15.2223, 0.027728, -1.49717e-05, -179.047, -1.54331, -1.37621, -0.167099, -0.00190546
15.2259, 0.027563, 0.000228043, -178.972, -1.54331, -1.3762, -0.167108, -0.00190578
15.2296, 0.0272896, 0.000125508, -178.898, -1.5433, -1.37618, -0.167117, -0.00190611
15.2333, 0.0273227, -0.000169904, -178.823, -1.5433, -1.37617, -0.167126, -0.00190643
15.2369, 0.0276205, -0.000217992, -178.749, -1.54329, -1.37616, -0.167135, -0.00190675
15.2406, 0.0277468, 5.30709e-05, -178.674, -1.54329, -1.37614, -0.167145, -0.00190708
15.2443, 0.0275206, 0.000240056, -178.6, -1.54328, -1.37613, -0.167154, -0.0019074
15.2479, 0.0272853, 6.47676e-05, -178.525, -1.54328, -1.37611, -0.167163, -0.00190773
15.2516, 0.0273978, -0.000212531, -178.451, -1.54327, -1.3761, -0.167172, -0.00190805
15.2553, 0.0276984, -0.000180046, -178.377, -1.54327, -1.37609, -0.167181, -0.00190837
15.2589, 0.0277483, 0.000114242, -178.302, -1.54326, -1.37607, -0.16719, -0.0019087
15.2626, 0.0274805, 0.00023405, -178.228, -1.54326, -1.37606, -0.167199, -0.00190902
15.2663, 0.0272987, 1.67931e-06, -178.154, -1.54325, -1.37604, -0.167209, -0.00190934
15.2699, 0.0274795, -0.00023898, -178.08, -1.54325, -1.37603, -0.167218, -0.00190967
15.2736, 0.0277626, -0.000131765, -178.006, -1.54324, -1.37602, -0.167227, -0.00190999
15.2773, 0.0277366, 0.000165014, -177.932, -1.54324, -1.376, -0.167236, -0.00191031
15.2809, 0.0274468, 0.000212897, -177.858, -1.54323, -1.37599, -0.167245, -0.00191064
15.2846, 0.0273281, -5.90053e-05, -177.784, -1.54323, -1.37597, -0.167254, -0.00191096
15.2882, 0.0275629, -0.000249665, -177.71, -1.54322, -1.37596, -0.167264, -0.00191128
15.2919, 0.0278123, -7.78677e-05, -177.636, -1.54322, -1.37595, -0.167273, -0.00191161
15.2956, 0.0277159, 0.000203475, -177.562, -1.54321, -1.37593, -0.167282, -0.00191193
15.2992, 0.0274225, 0.000180146, -177.488, -1.54321, -1.37592, -0.167291, -0.00191226
15.3029, 0.0273708, -0.000113731, -177.414, -1.5432, -1.3759, -0.1673, -0.00191258
15.3066, 0.0276441, -0.000246213, -177.34, -1.5432, -1.37589, -0.167309, -0.0019129
15.3102, 0.027848, -2.25279e-05, -177.267, -1.54319, -1.37588, -0.167319, -0.00191323
15.3139, 0.0276902, 0.000229116, -177.193, -1.54319, -1.37586, -0.167328, -0.00191355
15.3176, 0.027409, 0.000139509, -177.119, -1.54319, -1.37585, -0.167337, -0.00191387
15.3212, 0.0274237, -0.000160186, -177.046, -1.54318, -1.37583, -0.167346, -0.0019142
15.3249, 0.02772, -0.000231003, -176.972, -1.54318, -1.37582, -0.167355, -0.00191452
15.3286, 0.0278713, 3.08825e-05, -176.898, -1.54317, -1.37581, -0.167365, -0.00191484
15.3322, 0.0276632, 0.000242526, -176.825, -1.54317, -1.37579, -0.167374, -0.00191517
15.3359, 0.0274067, 9.44751e-05, -176.751, -1.54316, -1.37578, -0.167383, -0.00191549
15.3396, 0.0274835, -0.000197195, -176.678, -1.54316, -1.37576, -0.167392, -0.00191581
15.3432, 0.0277887, -0.000206765, -176.605, -1.54315, -1.37575, -0.167401, -0.00191614
15.3469, 0.0278841, 7.98938e-05, -176.531, -1.54315, -1.37574, -0.167411, -0.00191646
15.3506, 0.0276376, 0.000245065, -176.458, -1.54314, -1.37572, -0.16742, -0.00191678
15.3542, 0.027415, 4.80652e-05, -176.385, -1.54314, -1.37571, -0.167429, -0.00191711
15.3579, 0.0275473, -0.000224541, -176.311, -1.54313, -1.37569, -0.167438, -0.00191743
15.3616, 0.0278493, -0.000176251, -176.238, -1.54313, -1.37568, -0.167448, -0.00191775
15.3652, 0.027889, 0.000122919, -176.165, -1.54312, -1.37567, -0.167457, -0.00191808
15.3689, 0.0276155, 0.000238547, -176.092, -1.54312, -1.37565, -0.167466, -0.0019184
15.3725, 0.0274326, 2.69516e-06, -176.019, -1.54311, -1.37564, -0.167475, -0.00191872
15.3762, 0.0276126, -0.000242731, -175.945, -1.54311, -1.37562, -0.167485, -0.00191905
15.3799, 0.0279017, -0.00014201, -175.872, -1.5431, -1.37561, -0.167494, -0.00191937
15.3835, 0.0278882, 0.000159157, -175.799, -1.5431, -1.3756, -0.167503, -0.00191969
15.3872, 0.0275984, 0.000224983, -175.726, -1.54309, -1.37558, -0.167512, -0.00192002
15.3909, 0.0274582, -3.98574e-05, -175.654, -1.54309, -1.37557, -0.167522, -0.00192034
15.3945, 0.0276772, -0.00025277, -175.581, -1.54308, -1.37555, -0.167531, -0.00192066
15.3982, 0.0279461, -0.000106238, -175.508, -1.54308, -1.37554, -0.16754, -0.00192099
15.4019, 0.0278838, 0.000188445, -175.435, -1.54308, -1.37553, -0.167549, -0.00192131
15.4055, 0.0275868, 0.000206376, -175.362, -1.54307, -1.37551, -0.167559, -0.00192163
15.4092, 0.0274899, -7.84196e-05, -175.289, -1.54307, -1.3755, -0.167568, -0.00192196
15.4129, 0.0277396, -0.000255962, -175.217, -1.54306, -1.37548, -0.167577, -0.00192228
15.4165, 0.0279836, -7.07126e-05, -175.144, -1.54306, -1.37547, -0.167586, -0.0019226
15.4202, 0.0278779, 0.000211109, -175.071, -1.54305, -1.37546, -0.167596, -0.00192293
15.4239, 0.0275811, 0.00018458, -174.999, -1.54305, -1.37544, -0.167605, -0.00192325
15.4275, 0.0275261, -0.000112345, -174.926, -1.54304, -1.37543, -0.167614, -0.00192357
15.4312, 0.0277988, -0.000253733, -174.853, -1.54304, -1.37541, -0.167624, -0.0019239
15.4349, 0.0280151, -3.67851e-05, -174.781, -1.54303, -1.3754, -0.167633, -0.00192422
15.4385, 0.0278719, 0.000227805, -174.709, -1.54303, -1.37539, -0.167642, -0.00192454
15.4422, 0.0275808, 0.000161218, -174.636, -1.54302, -1.37537, -0.167651, -0.00192486
15.4458, 0.0275651, -0.000141416, -174.564, -1.54302, -1.37536, -0.167661, -0.00192519
15.4495, 0.0278541, -0.000247509, -174.491, -1.54301, -1.37534, -0.16767, -0.00192551
15.4532, 0.0280419, -5.40596e-06, -174.419, -1.54301, -1.37533, -0.167679, -0.00192583
15.4568, 0.0278671, 0.000239389, -174.347, -1.543, -1.37532, -0.167689, -0.00192616
15.4605, 0.0275857, 0.000137639, -174.274, -1.543, -1.3753, -0.167698, -0.00192648
15.4642, 0.0276056, -0.000165735, -174.202, -1.54299, -1.37529, -0.167707, -0.0019268
15.4678, 0.0279053, -0.000238626, -174.13, -1.54299, -1.37527, -0.167717, -0.00192713
15.4715, 0.028065, 2.2818e-05, -174.058, -1.54298, -1.37526, -0.167726, -0.00192745
15.4752, 0.0278642, 0.000246806, -173.986, -1.54298, -1.37524, -0.167735, -0.00192777
15.4788, 0.027595, 0.00011492, -173.914, -1.54298, -1.37523, -0.167745, -0.0019281
15.4825, 0.0276465, -0.000185626, -173.842, -1.54297, -1.37522, -0.167754, -0.00192842
15.4862, 0.0279524, -0.000228276, -173.77, -1.54297, -1.3752, -0.167763, -0.00192874
15.4898, 0.0280857, 4.75579e-05, -173.698, -1.54296, -1.37519, -0.167773, -0.00192906
15.4935, 0.027864, 0.000251009, -173.626, -1.54296, -1.37517, -0.167782, -0.00192939
15.4972, 0.027608, 9.3882e-05, -173.554, -1.54295, -1.37516, -0.167791, -0.00192971
15.5008, 0.0276866, -0.000201548, -173.482, -1.54295, -1.37515, -0.167801, -0.00193003
15.5045, 0.0279956, -0.00021748, -173.41, -1.54294, -1.37513, -0.16781, -0.00193036
15.5082, 0.0281049, 6.86937e-05, -173.338, -1.54294, -1.37512, -0.167819, -0.00193068
15.5118, 0.0278668, 0.000252895, -173.266, -1.54293, -1.3751, -0.167829, -0.001931
15.5155, 0.0276239, 7.51255e-05, -173.195, -1.54293, -1.37509, -0.167838, -0.00193133
15.5191, 0.0277254, -0.000214018, -173.123, -1.54292, -1.37508, -0.167847, -0.00193165
15.5228, 0.028035, -0.000207084, -173.051, -1.54292, -1.37506, -0.167857, -0.00193197
15.5265, 0.0281235, 8.62493e-05, -172.98, -1.54291, -1.37505, -0.167866, -0.00193229
15.5301, 0.0278728, 0.000253269, -172.908, -1.54291, -1.37503, -0.167875, -0.00193262
15.5338, 0.0276421, 5.90696e-05, -172.837, -1.5429, -1.37502, -0.167885, -0.00193294
15.5375, 0.0277622, -0.000223556, -172.765, -1.5429, -1.37501, -0.167894, -0.00193326
15.5411, 0.0280711, -0.000197765, -172.694, -1.54289, -1.37499, -0.167904, -0.00193359
15.5448, 0.0281421, 0.000100334, -172.622, -1.54289, -1.37498, -0.167913, -0.00193391
15.5485, 0.0278822, 0.00025282, -172.551, -1.54289, -1.37496, -0.167922, -0.00193423
15.5521, 0.027662, 4.59941e-05, -172.479, -1.54288, -1.37495, -0.167932, -0.00193455
15.5558, 0.0277965, -0.000230643, -172.408, -1.54288, -1.37494, -0.167941, -0.00193488
15.5595, 0.0281042, -0.000190048, -172.337, -1.54287, -1.37492, -0.16795, -0.0019352
15.5631, 0.0281614, 0.000111097, -172.265, -1.54287, -1.37491, -0.16796, -0.00193552
15.5668, 0.0278948, 0.000252108, -172.194, -1.54286, -1.37489, -0.167969, -0.00193585
15.5705, 0.0276831, 3.60768e-05, -172.123, -1.54286, -1.37488, -0.167979, -0.00193617
15.5741, 0.0278282, -0.000235685, -172.052, -1.54285, -1.37486, -0.167988, -0.00193649
15.5778, 0.0281345, -0.000184319, -171.981, -1.54285, -1.37485, -0.167997, -0.00193681
15.5815, 0.0281818, 0.000118685, -171.91, -1.54284, -1.37484, -0.168007, -0.00193714
15.5851, 0.0279108, 0.00025156, -171.839, -1.54284, -1.37482, -0.168016, -0.00193746
15.5888, 0.0277049, 2.94264e-05, -171.768, -1.54283, -1.37481, -0.168026, -0.00193778
15.5925, 0.0278569, -0.000238995, -171.697, -1.54283, -1.37479, -0.168035, -0.00193811
15.5961, 0.0281622, -0.000180847, -171.626, -1.54282, -1.37478, -0.168045, -0.00193843
15.5998, 0.0282036, 0.000123216, -171.555, -1.54282, -1.37477, -0.168054, -0.00193875
15.6034, 0.0279302, 0.000251469, -171.484, -1.54282, -1.37475, -0.168063, -0.00193907
15.6071, 0.0277273, 2.6107e-05, -171.413, -1.54281, -1.37474, -0.168073, -0.0019394
15.6108, 0.0278825, -0.00024078, -171.342, -1.54281, -1.37472, -0.168082, -0.00193972
15.6144, 0.0281876, -0.000179798, -171.271, -1.5428, -1.37471, -0.168092, -0.00194004
15.6181, 0.028227, 0.000124761, -171.201, -1.5428, -1.3747, -0.168101, -0.00194037
15.6218, 0.0279528, 0.000251998, -171.13, -1.54279, -1.37468, -0.168111, -0.00194069
15.6254, 0.02775, 2.61555e-05, -171.059, -1.54279, -1.37467, -0.16812, -0.00194101
15.6291, 0.0279051, -0.000241128, -170.989, -1.54278, -1.37465, -0.168129, -0.00194133
15.6328, 0.0282106, -0.00018124, -170.918, -1.54278, -1.37464, -0.168139, -0.00194166
15.6364, 0.028252, 0.00012333, -170.847, -1.54277, -1.37462, -0.168148, -0.00194198
15.6401, 0.0279787, 0.000253178, -170.777, -1.54277, -1.37461, -0.168158, -0.0019423
15.6438, 0.0277732, 2.959e-05, -170.706, -1.54276, -1.3746, -0.168167, -0.00194262
15.6474, 0.0279245, -0.000240009, -170.636, -1.54276, -1.37458, -0.168177, -0.00194295
15.6511, 0.0282312, -0.000185151, -170.566, -1.54275, -1.37457, -0.168186, -0.00194327
15.6548, 0.0282785, 0.000118871, -170.495, -1.54275, -1.37455, -0.168196, -0.00194359
15.6584, 0.0280079, 0.000254908, -170.425, -1.54274, -1.37454, -0.168205, -0.00194391
15.6621, 0.0277968, 3.641e-05, -170.354, -1.54274, -1.37453, -0.168215, -0.00194424
15.6658, 0.0279409, -0.000237272, -170.284, -1.54274, -1.37451, -0.168224, -0.00194456
15.6694, 0.0282493, -0.000191414, -170.214, -1.54273, -1.3745, -0.168234, -0.00194488
15.6731, 0.0283064, 0.000111269, -170.144, -1.54273, -1.37448, -0.168243, -0.0019452
15.6767, 0.0280406, 0.000256956, -170.073, -1.54272, -1.37447, -0.168253, -0.00194553
15.6804, 0.0278213, 4.65878e-05, -170.003, -1.54272, -1.37445, -0.168262, -0.00194585
15.6841, 0.0279543, -0.000232653, -169.933, -1.54271, -1.37444, -0.168272, -0.00194617
15.6877, 0.0282645, -0.000199807, -169.863, -1.54271, -1.37443, -0.168281, -0.0019465
15.6914, 0.0283354, 0.000100367, -169.793, -1.5427, -1.37441, -0.168291, -0.00194682
15.6951, 0.0280767, 0.000258951, -169.723, -1.5427, -1.3744, -0.1683, -0.00194714
15.6987, 0.0278469, 6.00512e-05, -169.653, -1.54269, -1.37438, -0.16831, -0.00194746
15.7024, 0.027965, -0.000225778, -169.583, -1.54269, -1.37437, -0.168319, -0.00194779
15.7062, 0.0282867, -0.000201869, -169.51, -1.54268, -1.37436, -0.168329, -0.00194812
15.71, 0.0283557, 0.000109499, -169.438, -1.54268, -1.37434, -0.168339, -0.00194846
15.7138, 0.0280789, 0.0002571, -169.365, -1.54267, -1.37433, -0.168349, -0.00194879
15.7176, 0.027864, 2.70416e-05, -169.293, -1.54267, -1.37431, -0.168359, -0.00194913
15.7214, 0.0280291, -0.000247856, -169.22, -1.54266, -1.3743, -0.168368, -0.00194946
15.7252, 0.0283426, -0.00017, -169.148, -1.54266, -1.37428, -0.168378, -0.00194979
15.729, 0.0283584, 0.000148251, -169.076, -1.54266, -1.37427, -0.168388, -0.00195013
15.7329, 0.0280605, 0.000247369, -169.003, -1.54265, -1.37425, -0.168398, -0.00195046
15.7367, 0.0278856, -1.57958e-05, -168.931, -1.54265, -1.37424, -0.168408, -0.0019508
15.7405, 0.028093, -0.000261894, -168.859, -1.54264, -1.37422, -0.168418, -0.00195113
15.7443, 0.0283909, -0.000136276, -168.786, -1.54264, -1.37421, -0.168428, -0.00195147
15.7481, 0.0283573, 0.000180336, -168.714, -1.54263, -1.37419, -0.168438, -0.0019518
15.7519, 0.0280474, 0.000232446, -168.642, -1.54263, -1.37418, -0.168448, -0.00195214
15.7557, 0.0279135, -5.49886e-05, -168.57, -1.54262, -1.37416, -0.168458, -0.00195247
15.7595, 0.0281551, -0.000269132, -168.498, -1.54262, -1.37415, -0.168467, -0.00195281
15.7633, 0.0284323, -0.000102504, -168.426, -1.54261, -1.37413, -0.168477, -0.00195314
15.7671, 0.0283543, 0.000206, -168.354, -1.54261, -1.37412, -0.168487, -0.00195348
15.7709, 0.0280398, 0.000214169, -168.282, -1.5426, -1.3741, -0.168497, -0.00195381
15.7747, 0.027946, -8.98214e-05, -168.21, -1.5426, -1.37409, -0.168507, -0.00195415
15.7785, 0.0282142, -0.000270945, -168.138, -1.54259, -1.37408, -0.168517, -0.00195448
15.7823, 0.0284678, -7.00747e-05, -168.066, -1.54259, -1.37406, -0.168527, -0.00195482
15.7861, 0.0283511, 0.000225825, -167.994, -1.54258, -1.37405, -0.168537, -0.00195515
15.7899, 0.0280376, 0.000194162, -167.922, -1.54258, -1.37403, -0.168547, -0.00195549
15.7938, 0.0279814, -0.000119997, -167.851, -1.54257, -1.37402, -0.168557, -0.00195582
15.7976, 0.0282696, -0.000268715, -167.779, -1.54257, -1.374, -0.168567, -0.00195616
15.8014, 0.0284985, -3.99954e-05, -167.707, -1.54256, -1.37399, -0.168577, -0.00195649
15.8052, 0.0283489, 0.00024059, -167.636, -1.54256, -1.37397, -0.168587, -0.00195682
15.809, 0.0280403, 0.000173788, -167.564, -1.54255, -1.37396, -0.168597, -0.00195716
15.8128, 0.0280184, -0.000145532, -167.492, -1.54255, -1.37394, -0.168607, -0.00195749
15.8166, 0.0283211, -0.000263744, -167.421, -1.54254, -1.37393, -0.168617, -0.00195783
15.8204, 0.0285256, -1.29413e-05, -167.349, -1.54254, -1.37391, -0.168627, -0.00195816
15.8242, 0.0283485, 0.000251165, -167.278, -1.54254, -1.3739, -0.168637, -0.0019585
15.828, 0.0280475, 0.000154152, -167.206, -1.54253, -1.37388, -0.168647, -0.00195883
15.8318, 0.0280558, -0.00016666, -167.135, -1.54253, -1.37387, -0.168657, -0.00195917
15.8356, 0.0283685, -0.000257197, -167.064, -1.54252, -1.37385, -0.168667, -0.0019595
15.8394, 0.0285501, 1.068e-05, -166.992, -1.54252, -1.37384, -0.168677, -0.00195984
15.8432, 0.0283506, 0.000258431, -166.921, -1.54251, -1.37382, -0.168687, -0.00196017
15.847, 0.0280585, 0.000136112, -166.85, -1.54251, -1.37381, -0.168697, -0.00196051
15.8508, 0.0280927, -0.000183741, -166.779, -1.5425, -1.3738, -0.168707, -0.00196084
15.8546, 0.0284118, -0.000250076, -166.707, -1.5425, -1.37378, -0.168717, -0.00196117
15.8585, 0.0285729, 3.06617e-05, -166.636, -1.54249, -1.37377, -0.168727, -0.00196151
15.8623, 0.0283558, 0.000263212, -166.565, -1.54249, -1.37375, -0.168737, -0.00196184
15.8661, 0.0280726, 0.000120313, -166.494, -1.54248, -1.37374, -0.168747, -0.00196218
15.8699, 0.0281282, -0.000197192, -166.423, -1.54248, -1.37372, -0.168757, -0.00196251
15.8737, 0.0284513, -0.000243211, -166.352, -1.54247, -1.37371, -0.168767, -0.00196285
15.8775, 0.028595, 4.69356e-05, -166.281, -1.54247, -1.37369, -0.168777, -0.00196318
15.8813, 0.0283643, 0.00026624, -166.21, -1.54246, -1.37368, -0.168787, -0.00196352
15.8851, 0.0280893, 0.000107221, -166.139, -1.54246, -1.37366, -0.168797, -0.00196385
15.8889, 0.0281619, -0.000207431, -166.068, -1.54245, -1.37365, -0.168807, -0.00196419
15.8927, 0.0284872, -0.000237263, -165.998, -1.54245, -1.37363, -0.168817, -0.00196452
15.8965, 0.0286169, 5.95168e-05, -165.927, -1.54244, -1.37362, -0.168827, -0.00196485
15.9003, 0.0283762, 0.000268127, -165.856, -1.54244, -1.3736, -0.168837, -0.00196519
15.9041, 0.028108, 9.71622e-05, -165.785, -1.54243, -1.37359, -0.168847, -0.00196552
15.9079, 0.0281931, -0.000214828, -165.715, -1.54243, -1.37357, -0.168857, -0.00196586
15.9117, 0.0285196, -0.000232732, -165.644, -1.54243, -1.37356, -0.168867, -0.00196619
15.9155, 0.0286391, 6.84587e-05, -165.573, -1.54242, -1.37354, -0.168877, -0.00196653
15.9194, 0.0283917, 0.000269348, -165.503, -1.54242, -1.37353, -0.168887, -0.00196686
15.9232, 0.0281283, 9.03563e-05, -165.432, -1.54241, -1.37351, -0.168897, -0.0019672
15.927, 0.0282218, -0.00021968, -165.362, -1.54241, -1.3735, -0.168907, -0.00196753
15.9308, 0.0285489, -0.000229973, -165.291, -1.5424, -1.37348, -0.168917, -0.00196786
15.9346, 0.0286621, 7.38179e-05, -165.221, -1.5424, -1.37347, -0.168927, -0.0019682
15.9384, 0.0284109, 0.000270236, -165.151, -1.54239, -1.37345, -0.168937, -0.00196853
15.9422, 0.02815, 8.69399e-05, -165.08, -1.54239, -1.37344, -0.168947, -0.00196887
15.946, 0.0282475, -0.000222184, -165.01, -1.54238, -1.37343, -0.168957, -0.0019692
15.9498, 0.0285749, -0.000229205, -164.94, -1.54238, -1.37341, -0.168968, -0.00196954
15.9536, 0.028686, 7.56298e-05, -164.869, -1.54237, -1.3734, -0.168978, -0.00196987
15.9574, 0.0284336, 0.000270977, -164.799, -1.54237, -1.37338, -0.168988, -0.0019702
15.9612, 0.028173, 8.69874e-05, -164.729, -1.54236, -1.37337, -0.168998, -0.00197054
15.965, 0.0282703, -0.000222428, -164.659, -1.54236, -1.37335, -0.169008, -0.00197087
15.9688, 0.028598, -0.000230522, -164.589, -1.54235, -1.37334, -0.169018, -0.00197121
15.9726, 0.0287109, 7.38943e-05, -164.519, -1.54235, -1.37332, -0.169028, -0.00197154
15.9764, 0.02846, 0.000271609, -164.449, -1.54234, -1.37331, -0.169038, -0.00197188
15.9803, 0.0281971, 9.05199e-05, -164.379, -1.54234, -1.37329, -0.169048, -0.00197221
15.9841, 0.0282901, -0.000220384, -164.309, -1.54234, -1.37328, -0.169058, -0.00197254
15.9879, 0.0286178, -0.000233891, -164.239, -1.54233, -1.37326, -0.169068, -0.00197288
15.9917, 0.0287367, 6.85707e-05, -164.169, -1.54233, -1.37325, -0.169079, -0.00197321
15.9955, 0.0284901, 0.00027202, -164.099, -1.54232, -1.37323, -0.169089, -0.00197355
15.9993, 0.0282226, 9.75057e-05, -164.029, -1.54232, -1.37322, -0.169099, -0.00197388
16.0031, 0.0283071, -0.000215906, -163.959, -1.54231, -1.3732, -0.169109, -0.00197421
16.0069, 0.0286345, -0.000239154, -163.89, -1.54231, -1.37319, -0.169119, -0.00197455
16.0107, 0.0287633, 5.95832e-05, -163.82, -1.5423, -1.37317, -0.169129, -0.00197488
16.0145, 0.0285239, 0.000271949, -163.75, -1.5423, -1.37316, -0.169139, -0.00197522
16.0183, 0.0282498, 0.000107851, -163.68, -1.54229, -1.37314, -0.169149, -0.00197555
16.0221, 0.0283214, -0.000208741, -163.611, -1.54229, -1.37313, -0.16916, -0.00197589
16.0259, 0.0286476, -0.000246018, -163.541, -1.54228, -1.37311, -0.16917, -0.00197622
16.0297, 0.0287902, 4.68358e-05, -163.472, -1.54228, -1.3731, -0.16918, -0.00197655
16.0335, 0.0285613, 0.000270987, -163.402, -1.54227, -1.37308, -0.16919, -0.00197689
16.0373, 0.0282789, 0.000121383, -163.333, -1.54227, -1.37307, -0.1692, -0.00197722
16.0412, 0.0283334, -0.000198538, -163.263, -1.54226, -1.37305, -0.16921, -0.00197756
16.045, 0.0286571, -0.000254045, -163.194, -1.54226, -1.37304, -0.169221, -0.00197789
16.0488, 0.0288169, 3.02369e-05, -163.125, -1.54226, -1.37302, -0.169231, -0.00197822
16.0526, 0.0286023, 0.000268578, -163.055, -1.54225, -1.37301, -0.169241, -0.00197856
16.0564, 0.0283107, 0.000137821, -162.986, -1.54225, -1.373, -0.169251, -0.00197889
16.0602, 0.0283435, -0.000184878, -162.917, -1.54224, -1.37298, -0.169261, -0.00197923
16.064, 0.0286626, -0.000262637, -162.847, -1.54224, -1.37297, -0.169271, -0.00197956
16.0678, 0.0288428, 9.73552e-06, -162.778, -1.54223, -1.37295, -0.169282, -0.00197989
16.0716, 0.0286467, 0.000264034, -162.709, -1.54223, -1.37294, -0.169292, -0.00198023
16.0754, 0.0283456, 0.000156748, -162.64, -1.54222, -1.37292, -0.169302, -0.00198056
16.0794, 0.0283612, -0.00017882, -162.568, -1.54222, -1.37291, -0.169312, -0.00198091
16.0833, 0.0286916, -0.000261374, -162.496, -1.54221, -1.37289, -0.169323, -0.00198126
16.0873, 0.028866, 2.86351e-05, -162.424, -1.54221, -1.37287, -0.169334, -0.00198161
16.0913, 0.0286393, 0.000272133, -162.352, -1.5422, -1.37286, -0.169344, -0.00198195
16.0952, 0.0283458, 0.000117363, -162.281, -1.5422, -1.37284, -0.169355, -0.0019823
16.0992, 0.0284161, -0.000212455, -162.209, -1.54219, -1.37283, -0.169366, -0.00198265
16.1032, 0.0287561, -0.000241703, -162.137, -1.54219, -1.37281, -0.169376, -0.001983
16.1071, 0.0288828, 7.18989e-05, -162.065, -1.54218, -1.3728, -0.169387, -0.00198334
16.1111, 0.0286208, 0.000276881, -161.994, -1.54218, -1.37278, -0.169397, -0.00198369
16.1151, 0.0283539, 7.8232e-05, -161.922, -1.54217, -1.37277, -0.169408, -0.00198404
16.119, 0.0284729, -0.00023858, -161.85, -1.54217, -1.37275, -0.169419, -0.00198439
16.123, 0.028814, -0.000218416, -161.779, -1.54216, -1.37273, -0.169429, -0.00198474
16.1269, 0.0288945, 0.000109907, -161.707, -1.54216, -1.37272, -0.16944, -0.00198508
16.1309, 0.0286058, 0.000275505, -161.636, -1.54215, -1.3727, -0.169451, -0.00198543
16.1349, 0.0283686, 4.09359e-05, -161.565, -1.54215, -1.37269, -0.169461, -0.00198578
16.1388, 0.0285295, -0.000257961, -161.493, -1.54214, -1.37267, -0.169472, -0.00198613
16.1428, 0.0288655, -0.000193407, -161.422, -1.54214, -1.37266, -0.169483, -0.00198647
16.1468, 0.0289029, 0.000142405, -161.35, -1.54213, -1.37264, -0.169493, -0.00198682
16.1507, 0.0285952, 0.000269669, -161.279, -1.54213, -1.37263, -0.169504, -0.00198717
16.1547, 0.0283885, 6.58197e-06, -161.208, -1.54213, -1.37261, -0.169515, -0.00198752
16.1587, 0.0285848, -0.000271596, -161.137, -1.54212, -1.3726, -0.169525, -0.00198786
16.1626, 0.0289112, -0.000168247, -161.066, -1.54212, -1.37258, -0.169536, -0.00198821
16.1666, 0.0289096, 0.000169513, -160.994, -1.54211, -1.37256, -0.169547, -0.00198856
16.1705, 0.0285892, 0.000260923, -160.923, -1.54211, -1.37255, -0.169557, -0.00198891
16.1745, 0.0284124, -2.41273e-05, -160.852, -1.5421, -1.37253, -0.169568, -0.00198926
16.1785, 0.0286375, -0.000280579, -160.781, -1.5421, -1.37252, -0.169579, -0.0019896
16.1824, 0.0289518, -0.000144179, -160.71, -1.54209, -1.3725, -0.16959, -0.00198995
16.1864, 0.0289161, 0.000191605, -160.639, -1.54209, -1.37249, -0.1696, -0.0019903
16.1904, 0.0285878, 0.000250639, -160.568, -1.54208, -1.37247, -0.169611, -0.00199065
16.1943, 0.0284389, -5.08116e-05, -160.497, -1.54208, -1.37246, -0.169622, -0.00199099
16.1983, 0.0286871, -0.000286003, -160.427, -1.54207, -1.37244, -0.169632, -0.00199134
16.2023, 0.0289882, -0.000122148, -160.356, -1.54207, -1.37242, -0.169643, -0.00199169
16.2062, 0.0289233, 0.000209201, -160.285, -1.54206, -1.37241, -0.169654, -0.00199204
16.2102, 0.0285909, 0.000239986, -160.214, -1.54206, -1.37239, -0.169664, -0.00199238
16.2142, 0.0284669, -7.33277e-05, -160.144, -1.54205, -1.37238, -0.169675, -0.00199273
16.2181, 0.0287331, -0.000288883, -160.073, -1.54205, -1.37236, -0.169686, -0.00199308
16.2221, 0.0290212, -0.000102839, -160.002, -1.54204, -1.37235, -0.169697, -0.00199343
16.226, 0.0289322, 0.000222878, -159.932, -1.54204, -1.37233, -0.169707, -0.00199377
16.23, 0.0285981, 0.000229918, -159.861, -1.54203, -1.37232, -0.169718, -0.00199412
16.234, 0.0284954, -9.16911e-05, -159.791, -1.54203, -1.3723, -0.169729, -0.00199447
16.2379, 0.0287753, -0.000290117, -159.72, -1.54202, -1.37228, -0.16974, -0.00199482
16.2419, 0.0290516, -8.67317e-05, -159.65, -1.54202, -1.37227, -0.16975, -0.00199516
16.2459, 0.0289435, 0.000233202, -159.579, -1.54201, -1.37225, -0.169761, -0.00199551
16.2498, 0.0286091, 0.00022119, -159.509, -1.54201, -1.37224, -0.169772, -0.00199586
16.2538, 0.0285237, -0.000106007, -159.439, -1.542, -1.37222, -0.169783, -0.0019962
16.2578, 0.0288135, -0.000290454, -159.369, -1.542, -1.37221, -0.169793, -0.00199655
16.2617, 0.02908, -7.41445e-05, -159.298, -1.54199, -1.37219, -0.169804, -0.0019969
16.2657, 0.0289575, 0.000240679, -159.228, -1.54199, -1.37218, -0.169815, -0.00199725
16.2697, 0.0286236, 0.000214372, -159.158, -1.54199, -1.37216, -0.169826, -0.00199759
16.2736, 0.028551, -0.000116414, -159.088, -1.54198, -1.37214, -0.169836, -0.00199794
16.2776, 0.0288476, -0.000290485, -159.018, -1.54198, -1.37213, -0.169847, -0.00199829
16.2815, 0.0291069, -6.52819e-05, -158.948, -1.54197, -1.37211, -0.169858, -0.00199864
16.2855, 0.0289746, 0.000245717, -158.878, -1.54197, -1.3721, -0.169869, -0.00199898
16.2895, 0.0286413, 0.000209871, -158.808, -1.54196, -1.37208, -0.16988, -0.00199933
16.2934, 0.0285771, -0.000123041, -158.738, -1.54196, -1.37207, -0.16989, -0.00199968
16.2974, 0.0288778, -0.000290631, -158.668, -1.54195, -1.37205, -0.169901, -0.00200003
16.3014, 0.0291328, -6.02686e-05, -158.598, -1.54195, -1.37203, -0.169912, -0.00200037
16.3053, 0.0289951, 0.000248604, -158.528, -1.54194, -1.37202, -0.169923, -0.00200072
16.3093, 0.0286621, 0.000207948, -158.458, -1.54194, -1.372, -0.169934, -0.00200107
16.3133, 0.0286015, -0.000125978, -158.388, -1.54193, -1.37199, -0.169944, -0.00200141
16.3172, 0.0289039, -0.000291149, -158.319, -1.54193, -1.37197, -0.169955, -0.00200176
16.3212, 0.0291577, -5.91751e-05, -158.249, -1.54192, -1.37196, -0.169966, -0.00200211
16.3252, 0.029019, 0.00024949, -158.179, -1.54192, -1.37194, -0.169977, -0.00200246
16.3291, 0.0286858, 0.000208733, -158.11, -1.54191, -1.37193, -0.169988, -0.0020028
16.3331, 0.0286243, -0.000125253, -158.04, -1.54191, -1.37191, -0.169999, -0.00200315
16.337, 0.0289259, -0.000292126, -157.97, -1.5419, -1.37189, -0.170009, -0.0020035
16.341, 0.0291818, -6.20331e-05, -157.901, -1.5419, -1.37188, -0.17002, -0.00200384
16.345, 0.0290463, 0.000248381, -157.831, -1.54189, -1.37186, -0.170031, -0.00200419
16.3489, 0.0287124, 0.000212231, -157.762, -1.54189, -1.37185, -0.170042, -0.00200454
16.3529, 0.0286454, -0.000120829, -157.693, -1.54188, -1.37183, -0.170053, -0.00200489
16.3569, 0.0289439, -0.000293486, -157.623, -1.54188, -1.37182, -0.170064, -0.00200523
16.3608, 0.0292049, -6.88385e-05, -157.554, -1.54188, -1.3718, -0.170074, -0.00200558
16.3648, 0.0290771, 0.000245139, -157.485, -1.54187, -1.37179, -0.170085, -0.00200593
16.3688, 0.0287421, 0.000218316, -157.415, -1.54187, -1.37177, -0.170096, -0.00200627
16.3727, 0.028665, -0.000112602, -157.346, -1.54186, -1.37175, -0.170107, -0.00200662
16.3767, 0.0289578, -0.00029498, -157.277, -1.54186, -1.37174, -0.170118, -0.00200697
16.3807, 0.0292268, -7.95437e-05, -157.208, -1.54185, -1.37172, -0.170129, -0.00200732
16.3846, 0.0291112, 0.000239485, -157.139, -1.54185, -1.37171, -0.17014, -0.00200766
16.3886, 0.0287751, 0.000226731, -157.07, -1.54184, -1.37169, -0.17015, -0.00200801
16.3925, 0.0286835, -0.000100417, -157, -1.54184, -1.37168, -0.170161, -0.00200836
16.3965, 0.0289675, -0.000296192, -156.931, -1.54183, -1.37166, -0.170172, -0.0020087
16.4005, 0.0292471, -9.40384e-05, -156.862, -1.54183, -1.37164, -0.170183, -0.00200905
16.4044, 0.0291482, 0.000231011, -156.794, -1.54182, -1.37163, -0.170194, -0.0020094
16.4084, 0.0288118, 0.000237066, -156.725, -1.54182, -1.37161, -0.170205, -0.00200974
16.4124, 0.0287013, -8.40944e-05, -156.656, -1.54181, -1.3716, -0.170216, -0.00201009
16.4163, 0.0289731, -0.000296534, -156.587, -1.54181, -1.37158, -0.170227, -0.00201044
16.4203, 0.029265, -0.00011212, -156.518, -1.5418, -1.37157, -0.170238, -0.00201079
16.4243, 0.0291879, 0.000219203, -156.449, -1.5418, -1.37155, -0.170248, -0.00201113
16.4282, 0.0288526, 0.000248742, -156.381, -1.54179, -1.37153, -0.170259, -0.00201148
16.4322, 0.0287193, -6.3464e-05, -156.312, -1.54179, -1.37152, -0.17027, -0.00201183
16.4361, 0.0289747, -0.000295251, -156.243, -1.54178, -1.3715, -0.170281, -0.00201217
16.4401, 0.02928, -0.000133455, -156.175, -1.54178, -1.37149, -0.170292, -0.00201252
16.4441, 0.0292295, 0.000203467, -156.106, -1.54178, -1.37147, -0.170303, -0.00201287
16.448, 0.0288977, 0.000260985, -156.038, -1.54177, -1.37146, -0.170314, -0.00201321
16.452, 0.0287383, -3.84165e-05, -155.969, -1.54177, -1.37144, -0.170325, -0.00201356
16.456, 0.0289723, -0.000291434, -155.901, -1.54176, -1.37143, -0.170336, -0.00201391
16.4599, 0.0292912, -0.00015753, -155.832, -1.54176, -1.37141, -0.170347, -0.00201425
16.4639, 0.0292724, 0.000183179, -155.764, -1.54175, -1.37139, -0.170358, -0.0020146
16.4679, 0.0289476, 0.000272815, -155.695, -1.54175, -1.37138, -0.170369, -0.00201495
16.4718, 0.0287593, -8.96629e-06, -155.627, -1.54174, -1.37136, -0.17038, -0.00201529
16.4758, 0.0289665, -0.000284042, -155.559, -1.54174, -1.37135, -0.17039, -0.00201564
16.4798, 0.0292977, -0.000183606, -155.49, -1.54173, -1.37133, -0.170401, -0.00201599
16.4837, 0.0293155, 0.000157747, -155.422, -1.54173, -1.37132, -0.170412, -0.00201634
16.4877, 0.0290024, 0.000283027, -155.354, -1.54172, -1.3713, -0.170423, -0.00201668
16.4916, 0.0287836, 2.46755e-05, -155.286, -1.54172, -1.37128, -0.170434, -0.00201703
16.4956, 0.0289578, -0.000271945, -155.218, -1.54171, -1.37127, -0.170445, -0.00201738
16.4996, 0.0292987, -0.000210665, -155.15, -1.54171, -1.37125, -0.170456, -0.00201772
16.5035, 0.0293575, 0.000126688, -155.082, -1.5417, -1.37124, -0.170467, -0.00201807
16.5075, 0.0290622, 0.000290204, -155.013, -1.5417, -1.37122, -0.170478, -0.00201842
16.5115, 0.0288126, 6.20176e-05, -154.945, -1.54169, -1.37121, -0.170489, -0.00201876
16.5154, 0.0289473, -0.000253991, -154.878, -1.54169, -1.37119, -0.1705, -0.00201911
16.5194, 0.0292933, -0.000237371, -154.81, -1.54169, -1.37117, -0.170511, -0.00201946
16.5234, 0.0293969, 8.97333e-05, -154.742, -1.54168, -1.37116, -0.170522, -0.0020198
16.5273, 0.0291267, 0.000292744, -154.674, -1.54168, -1.37114, -0.170533, -0.00202015
16.5313, 0.0288477, 0.000102204, -154.606, -1.54167, -1.37113, -0.170544, -0.0020205
16.5353, 0.0289362, -0.000229097, -154.538, -1.54167, -1.37111, -0.170555, -0.00202084
16.5392, 0.0292811, -0.000262047, -154.471, -1.54166, -1.3711, -0.170566, -0.00202119
16.5432, 0.0294318, 4.69401e-05, -154.403, -1.54166, -1.37108, -0.170577, -0.00202154
16.5471, 0.0291951, 0.000288919, -154.335, -1.54165, -1.37106, -0.170588, -0.00202188
16.5511, 0.0288904, 0.000143934, -154.268, -1.54165, -1.37105, -0.170599, -0.00202223
16.5551, 0.0289264, -0.000196381, -154.2, -1.54164, -1.37103, -0.17061, -0.00202258
16.559, 0.0292617, -0.000282688, -154.132, -1.54164, -1.37102, -0.170621, -0.00202292
16.563, 0.0294602, -1.17512e-06, -154.065, -1.54163, -1.371, -0.170632, -0.00202327
16.567, 0.0292663, 0.000276989, -153.997, -1.54163, -1.37099, -0.170643, -0.00202362
16.5709, 0.0289418, 0.000185404, -153.93, -1.54162, -1.37097, -0.170654, -0.00202396
16.5749, 0.0289199, -0.000155313, -153.862, -1.54162, -1.37095, -0.170665, -0.00202431
16.5789, 0.0292356, -0.000297007, -153.795, -1.54162, -1.37094, -0.170676, -0.00202465
16.5828, 0.02948, -5.35106e-05, -153.728, -1.54161, -1.37092, -0.170687, -0.002025
16.5868, 0.0293385, 0.000255345, -153.66, -1.54161, -1.37091, -0.170698, -0.00202535
16.5908, 0.0290028, 0.000224282, -153.593, -1.5416, -1.37089, -0.170709, -0.00202569
16.5947, 0.0289194, -0.000105897, -153.526, -1.5416, -1.37088, -0.17072, -0.00202604
16.5987, 0.0292035, -0.00030255, -153.459, -1.54159, -1.37086, -0.170732, -0.00202639
16.6026, 0.0294893, -0.000108267, -153.391, -1.54159, -1.37084, -0.170743, -0.00202673
16.6066, 0.029409, 0.000222717, -153.324, -1.54158, -1.37083, -0.170754, -0.00202708
16.6107, 0.0290615, 0.000250504, -153.255, -1.54158, -1.37081, -0.170765, -0.00202744
16.6148, 0.0289336, -7.71503e-05, -153.185, -1.54157, -1.3708, -0.170777, -0.0020278
16.619, 0.0292107, -0.000302741, -153.115, -1.54157, -1.37078, -0.170788, -0.00202816
16.6231, 0.0295131, -0.000111476, -153.046, -1.54156, -1.37076, -0.1708, -0.00202852
16.6272, 0.0294258, 0.000230028, -152.976, -1.54156, -1.37075, -0.170811, -0.00202888
16.6313, 0.0290773, 0.000246026, -152.906, -1.54155, -1.37073, -0.170823, -0.00202924
16.6355, 0.0289593, -8.57915e-05, -152.837, -1.54155, -1.37071, -0.170834, -0.0020296
16.6396, 0.0292428, -0.000303929, -152.767, -1.54154, -1.3707, -0.170846, -0.00202996
16.6437, 0.0295405, -0.000105201, -152.698, -1.54154, -1.37068, -0.170857, -0.00203032
16.6478, 0.0294458, 0.000234456, -152.628, -1.54153, -1.37066, -0.170869, -0.00203068
16.6519, 0.0290967, 0.000243738, -152.559, -1.54153, -1.37065, -0.17088, -0.00203104
16.6561, 0.028984, -9.02562e-05, -152.49, -1.54152, -1.37063, -0.170892, -0.0020314
16.6602, 0.0292706, -0.000304832, -152.42, -1.54152, -1.37062, -0.170903, -0.00203176
16.6643, 0.0295664, -0.000102937, -152.351, -1.54151, -1.3706, -0.170915, -0.00203212
16.6684, 0.029469, 0.000236191, -152.282, -1.54151, -1.37058, -0.170927, -0.00203248
16.6725, 0.0291197, 0.000243842, -152.213, -1.5415, -1.37057, -0.170938, -0.00203284
16.6767, 0.0290075, -9.05725e-05, -152.143, -1.5415, -1.37055, -0.17095, -0.0020332
16.6808, 0.029294, -0.000305601, -152.074, -1.5415, -1.37053, -0.170961, -0.00203356
16.6849, 0.0295908, -0.000104747, -152.005, -1.54149, -1.37052, -0.170973, -0.00203392
16.689, 0.0294956, 0.000235283, -151.936, -1.54149, -1.3705, -0.170984, -0.00203428
16.6931, 0.0291462, 0.000246387, -151.867, -1.54148, -1.37048, -0.170996, -0.00203464
16.6973, 0.0290297, -8.67206e-05, -151.798, -1.54148, -1.37047, -0.171007, -0.002035
16.7014, 0.029313, -0.000306204, -151.729, -1.54147, -1.37045, -0.171019, -0.00203536
16.7055, 0.0296136, -0.000110625, -151.66, -1.54147, -1.37044, -0.171031, -0.00203572
16.7096, 0.0295256, 0.000231631, -151.591, -1.54146, -1.37042, -0.171042, -0.00203608
16.7137, 0.0291763, 0.000251263, -151.523, -1.54146, -1.3704, -0.171054, -0.00203644
16.7179, 0.0290509, -7.86314e-05, -151.454, -1.54145, -1.37039, -0.171065, -0.0020368
16.722, 0.0293276, -0.000306419, -151.385, -1.54145, -1.37037, -0.171077, -0.00203716
16.7261, 0.0296346, -0.000120499, -151.316, -1.54144, -1.37035, -0.171089, -0.00203752
16.7302, 0.0295587, 0.000224998, -151.248, -1.54144, -1.37034, -0.1711, -0.00203788
16.7343, 0.0292103, 0.0002582, -151.179, -1.54143, -1.37032, -0.171112, -0.00203824
16.7385, 0.0290713, -6.61998e-05, -151.11, -1.54143, -1.3703, -0.171123, -0.0020386
16.7426, 0.0293379, -0.00030584, -151.042, -1.54142, -1.37029, -0.171135, -0.00203896
16.7467, 0.0296533, -0.000134208, -150.973, -1.54142, -1.37027, -0.171147, -0.00203932
16.7508, 0.0295947, 0.000215015, -150.905, -1.54141, -1.37025, -0.171158, -0.00203968
16.7549, 0.0292484, 0.000266752, -150.836, -1.54141, -1.37024, -0.17117, -0.00204004
16.7591, 0.0290916, -4.93098e-05, -150.768, -1.5414, -1.37022, -0.171182, -0.0020404
16.7632, 0.0293438, -0.000303878, -150.7, -1.5414, -1.37021, -0.171193, -0.00204076
16.7673, 0.0296693, -0.000151476, -150.631, -1.54139, -1.37019, -0.171205, -0.00204112
16.7714, 0.0296331, 0.000201208, -150.563, -1.54139, -1.37017, -0.171216, -0.00204148
16.7755, 0.0292909, 0.000276285, -150.495, -1.54138, -1.37016, -0.171228, -0.00204183
16.7797, 0.0291124, -2.78742e-05, -150.426, -1.54138, -1.37014, -0.17124, -0.00204219
16.7838, 0.0293456, -0.00029977, -150.358, -1.54137, -1.37012, -0.171251, -0.00204255
16.7879, 0.0296817, -0.000171871, -150.29, -1.54137, -1.37011, -0.171263, -0.00204291
16.792, 0.0296732, 0.000183039, -150.222, -1.54137, -1.37009, -0.171275, -0.00204327
16.7961, 0.0293381, 0.000285954, -150.154, -1.54136, -1.37007, -0.171286, -0.00204363
16.8003, 0.0291347, -1.88756e-06, -150.086, -1.54136, -1.37006, -0.171298, -0.00204399
16.8044, 0.0293437, -0.000292594, -150.018, -1.54135, -1.37004, -0.17131, -0.00204435
16.8085, 0.0296899, -0.000194764, -149.95, -1.54135, -1.37002, -0.171321, -0.00204471
16.8126, 0.0297141, 0.000159949, -149.882, -1.54134, -1.37001, -0.171333, -0.00204507
16.8168, 0.0293902, 0.000294693, -149.814, -1.54134, -1.36999, -0.171345, -0.00204543
16.8209, 0.0291597, 2.85071e-05, -149.746, -1.54133, -1.36998, -0.171356, -0.00204579
16.825, 0.0293384, -0.000281309, -149.678, -1.54133, -1.36996, -0.171368, -0.00204615
16.8291, 0.029693, -0.000219272, -149.61, -1.54132, -1.36994, -0.17138, -0.00204651
16.8332, 0.0297547, 0.00013144, -149.542, -1.54132, -1.36993, -0.171391, -0.00204687
16.8374, 0.0294474, 0.000301213, -149.475, -1.54131, -1.36991, -0.171403, -0.00204723
16.8415, 0.0291886, 6.29405e-05, -149.407, -1.54131, -1.36989, -0.171415, -0.00204759
16.8456, 0.0293306, -0.000264799, -149.339, -1.5413, -1.36988, -0.171427, -0.00204795
16.8497, 0.0296902, -0.000244222, -149.272, -1.5413, -1.36986, -0.171438, -0.00204831
16.8538, 0.0297936, 9.71546e-05, -149.204, -1.54129, -1.36984, -0.17145, -0.00204867
16.858, 0.0295094, 0.000304016, -149.137, -1.54129, -1.36983, -0.171462, -0.00204903
16.8621, 0.0292227, 0.000100732, -149.069, -1.54128, -1.36981, -0.171473, -0.00204938
16.8662, 0.0293216, -0.00024196, -149.002, -1.54128, -1.36979, -0.171485, -0.00204974
16.8703, 0.0296807, -0.000268108, -148.934, -1.54127, -1.36978, -0.171497, -0.0020501
16.8744, 0.029829, 5.69914e-05, -148.867, -1.54127, -1.36976, -0.171509, -0.00205046
16.8786, 0.0295758, 0.000301439, -148.799, -1.54126, -1.36974, -0.17152, -0.00205082
16.8827, 0.0292636, 0.000140804, -148.732, -1.54126, -1.36973, -0.171532, -0.00205118
16.8868, 0.0293127, -0.000211803, -148.665, -1.54126, -1.36971, -0.171544, -0.00205154
16.8909, 0.0296644, -0.000289087, -148.597, -1.54125, -1.3697, -0.171556, -0.0020519
16.895, 0.0298591, 1.12282e-05, -148.53, -1.54125, -1.36968, -0.171567, -0.00205226
16.8992, 0.0296457, 0.000291734, -148.463, -1.54124, -1.36966, -0.171579, -0.00205262
16.9033, 0.0293125, 0.000181607, -148.396, -1.54124, -1.36965, -0.171591, -0.00205298
16.9074, 0.0293061, -0.000173599, -148.329, -1.54123, -1.36963, -0.171603, -0.00205334
16.9115, 0.029641, -0.000304998, -148.262, -1.54123, -1.36961, -0.171614, -0.0020537
16.9156, 0.0298818, -3.93445e-05, -148.194, -1.54122, -1.3696, -0.171626, -0.00205406
16.9198, 0.0297174, 0.000273194, -148.127, -1.54122, -1.36958, -0.171638, -0.00205442
16.9239, 0.0293706, 0.000221072, -148.06, -1.54121, -1.36956, -0.17165, -0.00205477
16.928, 0.029304, -0.000127049, -147.994, -1.54121, -1.36955, -0.171661, -0.00205513
16.9321, 0.0296113, -0.00031344, -147.927, -1.5412, -1.36953, -0.171673, -0.00205549
16.9362, 0.029895, -9.3296e-05, -147.86, -1.5412, -1.36951, -0.171685, -0.00205585
16.9404, 0.0297889, 0.000244329, -147.793, -1.54119, -1.3695, -0.171697, -0.00205621
16.9446, 0.029428, 0.000249412, -147.724, -1.54119, -1.36948, -0.171709, -0.00205658
16.9489, 0.0293162, -9.73793e-05, -147.655, -1.54118, -1.36946, -0.171721, -0.00205695
16.9531, 0.0296155, -0.000314699, -147.586, -1.54118, -1.36945, -0.171733, -0.00205733
16.9574, 0.0299176, -0.000101128, -147.517, -1.54117, -1.36943, -0.171746, -0.0020577
16.9617, 0.0298106, 0.000247389, -147.448, -1.54117, -1.36941, -0.171758, -0.00205807
16.9659, 0.0294494, 0.000248272, -147.379, -1.54116, -1.36939, -0.17177, -0.00205844
16.9702, 0.0293405, -9.97182e-05, -147.31, -1.54116, -1.36938, -0.171782, -0.00205881
16.9744, 0.0296412, -0.000315526, -147.241, -1.54115, -1.36936, -0.171794, -0.00205918
16.9787, 0.0299429, -0.000101051, -147.173, -1.54115, -1.36934, -0.171807, -0.00205955
16.983, 0.029836, 0.000247707, -147.104, -1.54114, -1.36933, -0.171819, -0.00205992
16.9872, 0.0294746, 0.000249796, -147.035, -1.54114, -1.36931, -0.171831, -0.0020603
16.9915, 0.0293634, -9.76708e-05, -146.967, -1.54114, -1.36929, -0.171843, -0.00206067
16.9957, 0.0296623, -0.000316306, -146.898, -1.54113, -1.36927, -0.171856, -0.00206104
17, 0.0299667, -0.000105337, -146.829, -1.54113, -1.36926, -0.171868, -0.00206141
17.0043, 0.029865, 0.000245248, -146.761, -1.54112, -1.36924, -0.17188, -0.00206178
17.0085, 0.0295035, 0.000253942, -146.692, -1.54112, -1.36922, -0.171892, -0.00206215
17.0128, 0.029385, -9.11844e-05, -146.624, -1.54111, -1.36921, -0.171905, -0.00206252
17.017, 0.0296787, -0.000316891, -146.555, -1.54111, -1.36919, -0.171917, -0.00206289
17.0213, 0.0299888, -0.000113945, -146.487, -1.5411, -1.36917, -0.171929, -0.00206326
17.0256, 0.0298975, 0.000239818, -146.419, -1.5411, -1.36915, -0.171941, -0.00206364
17.0298, 0.0295363, 0.0002605, -146.35, -1.54109, -1.36914, -0.171954, -0.00206401
17.0341, 0.0294056, -8.01551e-05, -146.282, -1.54109, -1.36912, -0.171966, -0.00206438
17.0383, 0.0296904, -0.00031693, -146.214, -1.54108, -1.3691, -0.171978, -0.00206475
17.0426, 0.0300088, -0.000126752, -146.146, -1.54108, -1.36909, -0.17199, -0.00206512
17.0469, 0.0299333, 0.000231072, -146.077, -1.54107, -1.36907, -0.172003, -0.00206549
17.0511, 0.0295733, 0.000269076, -146.009, -1.54107, -1.36905, -0.172015, -0.00206586
17.0554, 0.0294256, -6.44495e-05, -145.941, -1.54106, -1.36903, -0.172027, -0.00206623
17.0596, 0.0296975, -0.00031587, -145.873, -1.54106, -1.36902, -0.17204, -0.0020666
17.0639, 0.0300262, -0.000143525, -145.805, -1.54105, -1.369, -0.172052, -0.00206698
17.0682, 0.0299719, 0.000218536, -145.737, -1.54105, -1.36898, -0.172064, -0.00206735
17.0724, 0.0296149, 0.00027908, -145.669, -1.54104, -1.36897, -0.172076, -0.00206772
17.0767, 0.0294457, -4.39421e-05, -145.601, -1.54104, -1.36895, -0.172089, -0.00206809
17.0809, 0.0297001, -0.000312959, -145.533, -1.54103, -1.36893, -0.172101, -0.00206846
17.0852, 0.0300402, -0.000163887, -145.466, -1.54103, -1.36891, -0.172113, -0.00206883
17.0895, 0.0300127, 0.00020164, -145.398, -1.54102, -1.3689, -0.172126, -0.0020692
17.0937, 0.0296613, 0.000289699, -145.33, -1.54102, -1.36888, -0.172138, -0.00206957
17.098, 0.029467, -1.85675e-05, -145.262, -1.54101, -1.36886, -0.17215, -0.00206994
17.1022, 0.0296984, -0.000307264, -145.195, -1.54101, -1.36885, -0.172163, -0.00207031
17.1065, 0.0300501, -0.000187263, -145.127, -1.541, -1.36883, -0.172175, -0.00207069
17.1108, 0.0300549, 0.000179767, -145.059, -1.541, -1.36881, -0.172187, -0.00207106
17.115, 0.0297129, 0.000299883, -144.992, -1.54099, -1.36879, -0.1722, -0.00207143
17.1193, 0.0294905, 1.16113e-05, -144.924, -1.54099, -1.36878, -0.172212, -0.0020718
17.1235, 0.029693, -0.000297699, -144.857, -1.54098, -1.36876, -0.172224, -0.00207217
17.1278, 0.0300549, -0.000212828, -144.789, -1.54098, -1.36874, -0.172237, -0.00207254
17.1321, 0.0300973, 0.000152326, -144.722, -1.54098, -1.36873, -0.172249, -0.00207291
17.1363, 0.0297698, 0.000308337, -144.654, -1.54097, -1.36871, -0.172262, -0.00207328
17.1406, 0.0295176, 4.63212e-05, -144.587, -1.54097, -1.36869, -0.172274, -0.00207365
17.1448, 0.0296844, -0.00028307, -144.52, -1.54096, -1.36867, -0.172286, -0.00207402
17.1491, 0.0300538, -0.000239454, -144.452, -1.54096, -1.36866, -0.172299, -0.00207439
17.1534, 0.0301386, 0.000118839, -144.385, -1.54095, -1.36864, -0.172311, -0.00207476
17.1576, 0.0298321, 0.000313522, -144.318, -1.54095, -1.36862, -0.172323, -0.00207513
17.1619, 0.0295496, 8.49856e-05, -144.251, -1.54094, -1.36861, -0.172336, -0.00207551
17.1661, 0.0296739, -0.000262151, -144.184, -1.54094, -1.36859, -0.172348, -0.00207588
17.1704, 0.0300458, -0.000265662, -144.117, -1.54093, -1.36857, -0.172361, -0.00207625
17.1747, 0.0301769, 7.90546e-05, -144.05, -1.54093, -1.36855, -0.172373, -0.00207662
17.1789, 0.0298994, 0.000313695, -143.983, -1.54092, -1.36854, -0.172385, -0.00207699
17.1832, 0.0295883, 0.000126628, -143.916, -1.54092, -1.36852, -0.172398, -0.00207736
17.1874, 0.0296629, -0.000233794, -143.849, -1.54091, -1.3685, -0.17241, -0.00207773
17.1917, 0.0300306, -0.000289599, -143.782, -1.54091, -1.36849, -0.172423, -0.0020781
17.196, 0.0302104, 3.30849e-05, -143.715, -1.5409, -1.36847, -0.172435, -0.00207847
17.2002, 0.0299708, 0.000306976, -143.648, -1.5409, -1.36845, -0.172447, -0.00207884
17.2045, 0.0296351, 0.000169782, -143.581, -1.54089, -1.36843, -0.17246, -0.00207921
17.2087, 0.0296534, -0.000197068, -143.514, -1.54089, -1.36842, -0.172472, -0.00207958
17.213, 0.0300078, -0.000309044, -143.448, -1.54088, -1.3684, -0.172485, -0.00207995
17.2173, 0.0302369, -1.84508e-05, -143.381, -1.54088, -1.36838, -0.172497, -0.00208032
17.2215, 0.0300449, 0.000291469, -143.314, -1.54087, -1.36836, -0.17251, -0.00208069
17.2258, 0.0296913, 0.000212421, -143.248, -1.54087, -1.36835, -0.172522, -0.00208106
17.23, 0.0296477, -0.000151442, -143.181, -1.54086, -1.36833, -0.172535, -0.00208144
17.2343, 0.0299778, -0.000321475, -143.115, -1.54086, -1.36831, -0.172547, -0.00208181
17.2386, 0.0302539, -7.42778e-05, -143.048, -1.54085, -1.3683, -0.172559, -0.00208218
17.2428, 0.0301198, 0.000265441, -142.982, -1.54085, -1.36828, -0.172572, -0.00208255
17.2471, 0.0297578, 0.000251935, -142.915, -1.54085, -1.36826, -0.172584, -0.00208292
17.2513, 0.0296488, -9.69917e-05, -142.849, -1.54084, -1.36824, -0.172597, -0.00208329
17.2556, 0.0299418, -0.000324191, -142.782, -1.54084, -1.36823, -0.172609, -0.00208366
17.2599, 0.0302594, -0.000132338, -142.716, -1.54083, -1.36821, -0.172622, -0.00208403
17.2641, 0.0301925, 0.00022755, -142.65, -1.54083, -1.36819, -0.172634, -0.0020844
17.2684, 0.0298349, 0.000285166, -142.583, -1.54082, -1.36817, -0.172647, -0.00208477
17.2726, 0.0296598, -3.4623e-05, -142.517, -1.54082, -1.36816, -0.172659, -0.00208514
17.2769, 0.0299018, -0.000314525, -142.451, -1.54081, -1.36814, -0.172672, -0.00208551
17.2812, 0.0302515, -0.00018971, -142.385, -1.54081, -1.36812, -0.172684, -0.00208588
17.2854, 0.0302597, 0.000177135, -142.319, -1.5408, -1.36811, -0.172697, -0.00208625
17.2897, 0.029922, 0.000308542, -142.253, -1.5408, -1.36809, -0.172709, -0.00208662
17.2939, 0.0296838, 3.37208e-05, -142.187, -1.54079, -1.36807, -0.172722, -0.00208699
17.2982, 0.0298607, -0.000290145, -142.121, -1.54079, -1.36805, -0.172734, -0.00208736
17.3025, 0.0302292, -0.000242613, -142.055, -1.54078, -1.36804, -0.172747, -0.00208773
17.3067, 0.0303173, 0.000114537, -141.989, -1.54078, -1.36802, -0.172759, -0.0020881
17.311, 0.0300172, 0.000318324, -141.923, -1.54077, -1.368, -0.172772, -0.00208847
17.3153, 0.0297237, 0.000104903, -141.857, -1.54077, -1.36798, -0.172784, -0.00208884
17.3195, 0.0298228, -0.000249436, -141.791, -1.54076, -1.36797, -0.172797, -0.00208921
17.3238, 0.0301923, -0.000286535, -141.725, -1.54076, -1.36795, -0.172809, -0.00208958
17.328, 0.030361, 4.14147e-05, -141.66, -1.54075, -1.36793, -0.172822, -0.00208995
17.3323, 0.0301173, 0.000310986, -141.594, -1.54075, -1.36792, -0.172834, -0.00209032
17.3366, 0.0297818, 0.000174539, -141.528, -1.54075, -1.3679, -0.172847, -0.00209069
17.3408, 0.029793, -0.000191949, -141.462, -1.54074, -1.36788, -0.17286, -0.00209107
17.3451, 0.0301425, -0.000316514, -141.397, -1.54074, -1.36786, -0.172872, -0.00209144
17.3493, 0.0303866, -3.89928e-05, -141.331, -1.54073, -1.36785, -0.172885, -0.00209181
17.3536, 0.0302177, 0.000283718, -141.266, -1.54073, -1.36783, -0.172897, -0.00209218
17.3579, 0.029859, 0.000237106, -141.2, -1.54072, -1.36781, -0.17291, -0.00209255
17.3621, 0.0297769, -0.000118866, -141.135, -1.54072, -1.36779, -0.172922, -0.00209292
17.3664, 0.0300827, -0.000327611, -141.069, -1.54071, -1.36778, -0.172935, -0.00209329
17.3706, 0.0303905, -0.000121731, -141.004, -1.54071, -1.36776, -0.172948, -0.00209366
17.3749, 0.0303122, 0.000235038, -140.938, -1.5407, -1.36774, -0.17296, -0.00209403
17.3793, 0.0299426, 0.000280125, -140.871, -1.5407, -1.36772, -0.172973, -0.00209441
17.3837, 0.0297841, -5.98878e-05, -140.803, -1.54069, -1.36771, -0.172986, -0.00209479
17.3881, 0.030058, -0.000324349, -140.736, -1.54069, -1.36769, -0.172999, -0.00209517
17.3925, 0.0304002, -0.00015531, -140.668, -1.54068, -1.36767, -0.173012, -0.00209556
17.3969, 0.0303544, 0.000218563, -140.601, -1.54068, -1.36765, -0.173025, -0.00209594
17.4013, 0.0299893, 0.00029204, -140.534, -1.54067, -1.36764, -0.173038, -0.00209632
17.4057, 0.0298043, -3.40418e-05, -140.466, -1.54067, -1.36762, -0.173051, -0.00209671
17.4101, 0.0300557, -0.00031974, -140.399, -1.54066, -1.3676, -0.173064, -0.00209709
17.4145, 0.030411, -0.000179979, -140.332, -1.54066, -1.36758, -0.173077, -0.00209747
17.4189, 0.0303984, 0.000196954, -140.265, -1.54065, -1.36756, -0.17309, -0.00209785
17.4234, 0.0300414, 0.000303816, -140.197, -1.54065, -1.36755, -0.173103, -0.00209824
17.4278, 0.0298266, -3.02157e-06, -140.13, -1.54064, -1.36753, -0.173117, -0.00209862
17.4322, 0.0300491, -0.000311299, -140.063, -1.54064, -1.36751, -0.17313, -0.002099
17.4366, 0.0304167, -0.000207242, -139.996, -1.54063, -1.36749, -0.173143, -0.00209938
17.441, 0.0304429, 0.000169525, -139.929, -1.54063, -1.36747, -0.173156, -0.00209977
17.4454, 0.0300992, 0.000314094, -139.862, -1.54062, -1.36746, -0.173169, -0.00210015
17.4498, 0.0298523, 3.29551e-05, -139.795, -1.54062, -1.36744, -0.173182, -0.00210053
17.4542, 0.030039, -0.000297725, -139.728, -1.54061, -1.36742, -0.173195, -0.00210091
17.4586, 0.0304162, -0.000235953, -139.661, -1.54061, -1.3674, -0.173208, -0.0021013
17.463, 0.0304866, 0.000135696, -139.594, -1.54061, -1.36738, -0.173221, -0.00210168
17.4674, 0.0301628, 0.000321245, -139.528, -1.5406, -1.36737, -0.173234, -0.00210206
17.4718, 0.0298831, 7.3355e-05, -139.461, -1.5406, -1.36735, -0.173247, -0.00210244
17.4762, 0.0300265, -0.000277663, -139.394, -1.54059, -1.36733, -0.17326, -0.00210283
17.4806, 0.0304085, -0.000264584, -139.327, -1.54059, -1.36731, -0.173274, -0.00210321
17.485, 0.0305275, 9.51127e-05, -139.261, -1.54058, -1.36729, -0.173287, -0.00210359
17.4894, 0.0302319, 0.000323397, -139.194, -1.54058, -1.36728, -0.1733, -0.00210397
17.4938, 0.0299207, 0.00011722, -139.127, -1.54057, -1.36726, -0.173313, -0.00210436
17.4982, 0.0300132, -0.000249813, -139.061, -1.54057, -1.36724, -0.173326, -0.00210474
17.5027, 0.0303931, -0.000291195, -138.994, -1.54056, -1.36722, -0.173339, -0.00210512
17.5071, 0.0305637, 4.77934e-05, -138.928, -1.54056, -1.3672, -0.173352, -0.0021055
17.5115, 0.0303057, 0.000318509, -138.861, -1.54055, -1.36719, -0.173365, -0.00210589
17.5159, 0.0299667, 0.000163064, -138.795, -1.54055, -1.36717, -0.173379, -0.00210627
17.5203, 0.0300009, -0.000213091, -138.729, -1.54054, -1.36715, -0.173392, -0.00210665
17.5247, 0.0303695, -0.000313429, -138.662, -1.54054, -1.36713, -0.173405, -0.00210703
17.5291, 0.0305926, -5.70656e-06, -138.596, -1.54053, -1.36711, -0.173418, -0.00210741
17.5335, 0.0303827, 0.000304494, -138.53, -1.54053, -1.3671, -0.173431, -0.0021078
17.5379, 0.0300226, 0.000208785, -138.464, -1.54052, -1.36708, -0.173444, -0.00210818
17.5423, 0.0299924, -0.000166819, -138.397, -1.54052, -1.36706, -0.173457, -0.00210856
17.5467, 0.030338, -0.000328574, -138.331, -1.54051, -1.36704, -0.173471, -0.00210894
17.5511, 0.0306118, -6.41273e-05, -138.265, -1.54051, -1.36702, -0.173484, -0.00210933
17.5555, 0.0304609, 0.000279409, -138.199, -1.5405, -1.36701, -0.173497, -0.00210971
17.5599, 0.0300896, 0.000251633, -138.133, -1.5405, -1.36699, -0.17351, -0.00211009
17.5643, 0.0299907, -0.000110956, -138.067, -1.54049, -1.36697, -0.173523, -0.00211047
17.5687, 0.0302998, -0.000333695, -138.001, -1.54049, -1.36695, -0.173537, -0.00211086
17.5731, 0.030619, -0.000125356, -137.935, -1.54048, -1.36693, -0.17355, -0.00211124
17.5775, 0.0305374, 0.000241705, -137.869, -1.54048, -1.36692, -0.173563, -0.00211162
17.582, 0.030168, 0.000288235, -137.803, -1.54047, -1.3669, -0.173576, -0.002112
17.5864, 0.029999, -4.63519e-05, -137.738, -1.54047, -1.36688, -0.173589, -0.00211238
17.5908, 0.0302569, -0.000325858, -137.672, -1.54046, -1.36686, -0.173603, -0.00211277
17.5952, 0.0306119, -0.000186327, -137.606, -1.54046, -1.36684, -0.173616, -0.00211315
17.5996, 0.0306084, 0.000190548, -137.54, -1.54046, -1.36683, -0.173629, -0.00211353
17.604, 0.0302573, 0.000314737, -137.475, -1.54045, -1.36681, -0.173642, -0.00211391
17.6084, 0.0300211, 2.50173e-05, -137.409, -1.54045, -1.36679, -0.173655, -0.00211429
17.6128, 0.0302124, -0.000302454, -137.344, -1.54044, -1.36677, -0.173669, -0.00211468
17.6172, 0.0305894, -0.000243017, -137.278, -1.54044, -1.36675, -0.173682, -0.00211506
17.6216, 0.0306697, 0.000126175, -137.212, -1.54043, -1.36674, -0.173695, -0.00211544
17.626, 0.0303557, 0.000327062, -137.147, -1.54043, -1.36672, -0.173708, -0.00211582
17.6304, 0.0300599, 9.98656e-05, -137.082, -1.54042, -1.3667, -0.173722, -0.0021162
17.6348, 0.0301708, -0.000261626, -137.016, -1.54042, -1.36668, -0.173735, -0.00211659
17.6392, 0.0305512, -0.000290568, -136.951, -1.54041, -1.36666, -0.173748, -0.00211697
17.6436, 0.0307164, 5.02511e-05, -136.885, -1.54041, -1.36665, -0.173761, -0.00211735
17.648, 0.0304597, 0.000321324, -136.82, -1.5404, -1.36663, -0.173775, -0.00211773
17.6524, 0.0301181, 0.000173525, -136.755, -1.5404, -1.36661, -0.173788, -0.00211811
17.6568, 0.0301374, -0.000202767, -136.69, -1.54039, -1.36659, -0.173801, -0.0021185
17.6612, 0.0304988, -0.000323594, -136.624, -1.54039, -1.36657, -0.173814, -0.00211888
17.6657, 0.030744, -3.38238e-05, -136.559, -1.54038, -1.36656, -0.173828, -0.00211926
17.6701, 0.0305644, 0.00029439, -136.494, -1.54038, -1.36654, -0.173841, -0.00211964
17.6745, 0.0301967, 0.000240053, -136.429, -1.54037, -1.36652, -0.173854, -0.00212002
17.6789, 0.0301183, -0.000127038, -136.364, -1.54037, -1.3665, -0.173868, -0.00212041
17.6833, 0.0304356, -0.000336699, -136.299, -1.54036, -1.36648, -0.173881, -0.00212079
17.6877, 0.0307486, -0.000120758, -136.234, -1.54036, -1.36647, -0.173894, -0.00212117
17.6921, 0.0306632, 0.000244556, -136.169, -1.54035, -1.36645, -0.173907, -0.00212155
17.6965, 0.0302949, 0.000292582, -136.104, -1.54035, -1.36643, -0.173921, -0.00212193
17.7009, 0.0301198, -3.78306e-05, -136.039, -1.54035, -1.36641, -0.173934, -0.00212231
17.7053, 0.0303673, -0.000325205, -135.974, -1.54034, -1.36639, -0.173947, -0.0021227
17.7097, 0.0307279, -0.000203439, -135.91, -1.54034, -1.36637, -0.173961, -0.00212308
17.7143, 0.0307407, 0.000184703, -135.842, -1.54033, -1.36636, -0.173975, -0.00212347
17.7188, 0.0303808, 0.000317365, -135.775, -1.54033, -1.36634, -0.173988, -0.00212387
17.7234, 0.0301423, 1.49164e-05, -135.708, -1.54032, -1.36632, -0.174002, -0.00212427
17.728, 0.0303546, -0.000313313, -135.641, -1.54032, -1.3663, -0.174016, -0.00212466
17.7326, 0.0307373, -0.000223556, -135.574, -1.54031, -1.36628, -0.17403, -0.00212506
17.7371, 0.0307801, 0.00016287, -135.507, -1.54031, -1.36626, -0.174044, -0.00212545
17.7417, 0.0304319, 0.000324371, -135.44, -1.5403, -1.36624, -0.174058, -0.00212585
17.7463, 0.0301691, 4.32058e-05, -135.374, -1.5403, -1.36622, -0.174071, -0.00212624
17.7508, 0.0303523, -0.000301726, -135.307, -1.54029, -1.36621, -0.174085, -0.00212664
17.7554, 0.0307415, -0.000246081, -135.24, -1.54029, -1.36619, -0.174099, -0.00212704
17.76, 0.0308198, 0.000135218, -135.173, -1.54028, -1.36617, -0.174113, -0.00212743
17.7645, 0.0304886, 0.000329708, -135.106, -1.54028, -1.36615, -0.174127, -0.00212783
17.7691, 0.0301994, 7.62905e-05, -135.04, -1.54027, -1.36613, -0.174141, -0.00212822
17.7737, 0.0303466, -0.00028498, -134.973, -1.54027, -1.36611, -0.174155, -0.00212862
17.7782, 0.0307395, -0.000269856, -134.906, -1.54026, -1.36609, -0.174168, -0.00212901
17.7828, 0.0308585, 0.000101324, -134.84, -1.54026, -1.36607, -0.174182, -0.00212941
17.7874, 0.0305509, 0.000331832, -134.773, -1.54025, -1.36606, -0.174196, -0.00212981
17.7919, 0.0302347, 0.000113543, -134.707, -1.54025, -1.36604, -0.17421, -0.0021302
17.7965, 0.0303388, -0.000261868, -134.64, -1.54024, -1.36602, -0.174224, -0.0021306
17.8011, 0.0307307, -0.000293359, -134.574, -1.54024, -1.366, -0.174238, -0.00213099
17.8056, 0.0308943, 6.09739e-05, -134.508, -1.54023, -1.36598, -0.174252, -0.00213139
17.8102, 0.0306183, 0.000328976, -134.441, -1.54023, -1.36596, -0.174266, -0.00213178
17.8148, 0.0302767, 0.000153936, -134.375, -1.54022, -1.36594, -0.17428, -0.00213218
17.8193, 0.0303303, -0.00023124, -134.309, -1.54022, -1.36592, -0.174294, -0.00213257
17.8239, 0.0307144, -0.000314681, -134.242, -1.54021, -1.36591, -0.174307, -0.00213297
17.8285, 0.0309254, 1.43091e-05, -134.176, -1.54021, -1.36589, -0.174321, -0.00213337
17.833, 0.03069, 0.000319215, -134.11, -1.5402, -1.36587, -0.174335, -0.00213376
17.8376, 0.0303268, 0.000195941, -134.044, -1.5402, -1.36585, -0.174349, -0.00213416
17.8422, 0.0303232, -0.000192153, -133.978, -1.54019, -1.36583, -0.174363, -0.00213455
17.8468, 0.0306904, -0.000331527, -133.912, -1.54019, -1.36581, -0.174377, -0.00213495
17.8513, 0.0309493, -3.80178e-05, -133.846, -1.54018, -1.36579, -0.174391, -0.00213534
17.8559, 0.0307645, 0.000300591, -133.78, -1.54018, -1.36577, -0.174405, -0.00213574
17.8605, 0.0303864, 0.000237456, -133.714, -1.54017, -1.36575, -0.174419, -0.00213613
17.865, 0.0303201, -0.000144059, -133.648, -1.54017, -1.36574, -0.174433, -0.00213653
17.8696, 0.0306592, -0.000341275, -133.582, -1.54016, -1.36572, -0.174447, -0.00213692
17.8742, 0.0309637, -9.46819e-05, -133.516, -1.54016, -1.3657, -0.174461, -0.00213732
17.8787, 0.0308396, 0.000271297, -133.451, -1.54015, -1.36568, -0.174475, -0.00213772
17.8833, 0.0304565, 0.000275761, -133.385, -1.54015, -1.36566, -0.174489, -0.00213811
17.8879, 0.0303238, -8.70289e-05, -133.319, -1.54014, -1.36564, -0.174503, -0.00213851
17.8924, 0.0306219, -0.000341106, -133.254, -1.54014, -1.36562, -0.174517, -0.0021389
17.897, 0.0309664, -0.000153543, -133.188, -1.54013, -1.3656, -0.174531, -0.0021393
17.9016, 0.0309126, 0.000229919, -133.122, -1.54013, -1.36558, -0.174545, -0.00213969
17.9061, 0.0305374, 0.000307559, -133.057, -1.54012, -1.36557, -0.174559, -0.00214009
17.9107, 0.0303377, -2.1997e-05, -132.991, -1.54012, -1.36555, -0.174573, -0.00214048
17.9153, 0.0305806, -0.000328217, -132.926, -1.54011, -1.36553, -0.174587, -0.00214088
17.9198, 0.0309553, -0.00021155, -132.86, -1.54011, -1.36551, -0.174601, -0.00214127
17.9244, 0.0309797, 0.00017575, -132.795, -1.54011, -1.36549, -0.174615, -0.00214167
17.929, 0.0306284, 0.000329099, -132.73, -1.5401, -1.36547, -0.174629, -0.00214206
17.9335, 0.0303651, 4.9012e-05, -132.664, -1.5401, -1.36545, -0.174643, -0.00214246
17.9381, 0.0305385, -0.000300147, -132.599, -1.54009, -1.36543, -0.174657, -0.00214285
17.9427, 0.0309294, -0.000264733, -132.534, -1.54009, -1.36541, -0.174671, -0.00214325
17.9472, 0.0310366, 0.000109132, -132.469, -1.54008, -1.3654, -0.174685, -0.00214364
17.9518, 0.0307276, 0.000336439, -132.403, -1.54008, -1.36538, -0.174699, -0.00214404
17.9564, 0.0304091, 0.000122702, -132.338, -1.54007, -1.36536, -0.174713, -0.00214443
17.961, 0.0304999, -0.000255181, -132.273, -1.54007, -1.36534, -0.174727, -0.00214483
17.9655, 0.0308886, -0.000308331, -132.208, -1.54006, -1.36532, -0.174741, -0.00214522
17.9701, 0.0310789, 3.18091e-05, -132.143, -1.54006, -1.3653, -0.174755, -0.00214562
17.9747, 0.0308315, 0.000325847, -132.078, -1.54005, -1.36528, -0.174769, -0.00214601
17.9792, 0.030472, 0.000194436, -132.013, -1.54005, -1.36526, -0.174783, -0.00214641
17.9838, 0.0304701, -0.000192844, -131.948, -1.54004, -1.36524, -0.174797, -0.0021468
17.9884, 0.0308343, -0.000337084, -131.883, -1.54004, -1.36523, -0.174811, -0.0021472
17.9929, 0.0311021, -5.27775e-05, -131.818, -1.54003, -1.36521, -0.174826, -0.00214759
17.9975, 0.0309354, 0.000294347, -131.754, -1.54003, -1.36519, -0.17484, -0.00214799
18.0021, 0.0305547, 0.000258342, -131.689, -1.54002, -1.36517, -0.174854, -0.00214838
18.0066, 0.030455, -0.000114409, -131.624, -1.54002, -1.36515, -0.174868, -0.00214878
18.0112, 0.0307702, -0.000345746, -131.559, -1.54001, -1.36513, -0.174882, -0.00214917
18.0158, 0.0311024, -0.00013933, -131.495, -1.54001, -1.36511, -0.174896, -0.00214957
18.0203, 0.0310326, 0.000240392, -131.43, -1.54, -1.36509, -0.17491, -0.00214996
18.0249, 0.0306564, 0.000307657, -131.366, -1.54, -1.36507, -0.174924, -0.00215036
18.0295, 0.0304609, -2.33495e-05, -131.301, -1.53999, -1.36506, -0.174938, -0.00215075
18.034, 0.0307018, -0.000329802, -131.237, -1.53999, -1.36504, -0.174952, -0.00215115
18.0386, 0.0310777, -0.000220765, -131.172, -1.53998, -1.36502, -0.174967, -0.00215154
18.0432, 0.0311156, 0.000164581, -131.108, -1.53998, -1.365, -0.174981, -0.00215194
18.0477, 0.0307735, 0.00033536, -131.043, -1.53997, -1.36498, -0.174995, -0.00215233
18.0523, 0.030493, 7.43773e-05, -130.979, -1.53997, -1.36496, -0.175009, -0.00215273
18.0569, 0.0306368, -0.000286369, -130.915, -1.53996, -1.36494, -0.175023, -0.00215312
18.0614, 0.0310282, -0.000288611, -130.85, -1.53996, -1.36492, -0.175037, -0.00215352
18.066, 0.0311764, 7.03152e-05, -130.786, -1.53996, -1.3649, -0.175051, -0.00215391
18.0706, 0.0308997, 0.000335112, -130.722, -1.53995, -1.36488, -0.175066, -0.00215431
18.0752, 0.030555, 0.000170358, -130.658, -1.53995, -1.36487, -0.17508, -0.0021547
18.0797, 0.0305847, -0.000215184, -130.594, -1.53994, -1.36485, -0.175094, -0.0021551
18.0843, 0.0309571, -0.000333808, -130.529, -1.53994, -1.36483, -0.175108, -0.00215549
18.0889, 0.0312076, -3.57612e-05, -130.465, -1.53993, -1.36481, -0.175122, -0.00215589
18.0934, 0.031026, 0.000302454, -130.401, -1.53993, -1.36479, -0.175136, -0.00215628
18.098, 0.0306477, 0.00025419, -130.337, -1.53992, -1.36477, -0.175151, -0.00215668
18.1026, 0.0305557, -0.000119521, -130.273, -1.53992, -1.36475, -0.175165, -0.00215707
18.1071, 0.0308716, -0.000347924, -130.209, -1.53991, -1.36473, -0.175179, -0.00215746
18.1117, 0.0312039, -0.000143739, -130.146, -1.53991, -1.36471, -0.175193, -0.00215786
18.1163, 0.0311409, 0.000236132, -130.082, -1.5399, -1.36469, -0.175207, -0.00215825
18.1208, 0.0307679, 0.000314499, -130.018, -1.5399, -1.36468, -0.175222, -0.00215865
18.1254, 0.0305592, -6.81165e-06, -129.954, -1.53989, -1.36466, -0.175236, -0.00215904
18.13, 0.0307824, -0.000324734, -129.89, -1.53989, -1.36464, -0.17525, -0.00215944
18.1345, 0.0311636, -0.00024102, -129.827, -1.53988, -1.36462, -0.175264, -0.00215983
18.1391, 0.0312317, 0.00013933, -129.763, -1.53988, -1.3646, -0.175278, -0.00216023
18.1437, 0.0309076, 0.000340522, -129.699, -1.53987, -1.36458, -0.175293, -0.00216062
18.1482, 0.0306025, 0.000111287, -129.636, -1.53987, -1.36456, -0.175307, -0.00216102
18.1528, 0.0307032, -0.000261971, -129.572, -1.53986, -1.36454, -0.175321, -0.00216141
18.1576, 0.0311058, -0.000305405, -129.506, -1.53986, -1.36452, -0.175336, -0.00216182
18.1623, 0.0312825, 5.58176e-05, -129.44, -1.53985, -1.3645, -0.175351, -0.00216223
18.1671, 0.031003, 0.000336975, -129.374, -1.53985, -1.36448, -0.175366, -0.00216264
18.1719, 0.0306487, 0.00016122, -129.307, -1.53984, -1.36446, -0.175381, -0.00216306
18.1766, 0.0307008, -0.000235956, -129.241, -1.53984, -1.36444, -0.175395, -0.00216347
18.1814, 0.0310961, -0.000323072, -129.175, -1.53983, -1.36442, -0.17541, -0.00216388
18.1862, 0.0313128, 1.62447e-05, -129.109, -1.53983, -1.3644, -0.175425, -0.00216429
18.1909, 0.0310681, 0.000328681, -129.043, -1.53982, -1.36438, -0.17544, -0.0021647
18.1957, 0.0306954, 0.000197327, -128.977, -1.53982, -1.36436, -0.175455, -0.00216511
18.2005, 0.0306982, -0.000202569, -128.911, -1.53981, -1.36434, -0.17547, -0.00216553
18.2052, 0.0310793, -0.00033826, -128.845, -1.53981, -1.36432, -0.175485, -0.00216594
18.21, 0.0313381, -2.92462e-05, -128.78, -1.5398, -1.3643, -0.1755, -0.00216635
18.2148, 0.031137, 0.000313464, -128.714, -1.5398, -1.36428, -0.175515, -0.00216676
18.2195, 0.03075, 0.000234592, -128.648, -1.53979, -1.36426, -0.17553, -0.00216717
18.2243, 0.0306973, -0.00016105, -128.582, -1.53979, -1.36424, -0.175544, -0.00216758
18.2291, 0.0310553, -0.000348719, -128.517, -1.53978, -1.36422, -0.175559, -0.00216799
18.2338, 0.0313561, -7.98482e-05, -128.451, -1.53978, -1.36421, -0.175574, -0.0021684
18.2386, 0.0312082, 0.000289515, -128.385, -1.53977, -1.36419, -0.175589, -0.00216882
18.2434, 0.0308138, 0.000270859, -128.32, -1.53977, -1.36417, -0.175604, -0.00216923
18.2481, 0.0307007, -0.000111036, -128.254, -1.53976, -1.36415, -0.175619, -0.00216964
18.2529, 0.0310247, -0.000351901, -128.189, -1.53976, -1.36413, -0.175634, -0.00217005
18.2577, 0.0313647, -0.000134103, -128.123, -1.53975, -1.36411, -0.175649, -0.00217046
18.2624, 0.0312793, 0.000255193, -128.058, -1.53975, -1.36409, -0.175664, -0.00217087
18.2672, 0.0308876, 0.000303393, -127.992, -1.53974, -1.36407, -0.175679, -0.00217128
18.272, 0.0307114, -5.27816e-05, -127.927, -1.53974, -1.36405, -0.175694, -0.00217169
18.2767, 0.0309887, -0.000345098, -127.862, -1.53973, -1.36403, -0.175709, -0.00217211
18.2815, 0.0313618, -0.000189764, -127.797, -1.53973, -1.36401, -0.175724, -0.00217252
18.2863, 0.0313476, 0.000209277, -127.731, -1.53972, -1.36399, -0.175739, -0.00217293
18.291, 0.0309714, 0.000328923, -127.666, -1.53972, -1.36397, -0.175754, -0.00217334
18.2958, 0.0307324, 1.26065e-05, -127.601, -1.53972, -1.36395, -0.175769, -0.00217375
18.3006, 0.0309497, -0.000325662, -127.536, -1.53971, -1.36393, -0.175784, -0.00217416
18.3053, 0.0313455, -0.000243712, -127.471, -1.53971, -1.36391, -0.175799, -0.00217457
18.3101, 0.0314093, 0.000151264, -127.406, -1.5397, -1.36389, -0.175814, -0.00217498
18.3148, 0.0310644, 0.000343777, -127.341, -1.5397, -1.36387, -0.175829, -0.0021754
18.3196, 0.030767, 8.29468e-05, -127.276, -1.53969, -1.36385, -0.175844, -0.00217581
18.3244, 0.0309109, -0.000291322, -127.211, -1.53969, -1.36383, -0.175859, -0.00217622
18.3291, 0.031315, -0.000291956, -127.146, -1.53968, -1.36381, -0.175874, -0.00217663
18.3339, 0.0314603, 8.17107e-05, -127.081, -1.53968, -1.36379, -0.175889, -0.00217704
18.3387, 0.0311645, 0.000344145, -127.016, -1.53967, -1.36377, -0.175904, -0.00217745
18.3434, 0.0308181, 0.000154815, -126.952, -1.53967, -1.36375, -0.175919, -0.00217786
18.3482, 0.0308766, -0.000240596, -126.887, -1.53966, -1.36373, -0.175934, -0.00217827
18.353, 0.0312704, -0.000329765, -126.822, -1.53966, -1.36371, -0.175949, -0.00217868
18.3577, 0.031496, 2.58011e-06, -126.758, -1.53965, -1.36369, -0.175964, -0.00217909
18.3625, 0.0312681, 0.000326487, -126.693, -1.53965, -1.36367, -0.175979, -0.00217951
18.3673, 0.0308877, 0.000223485, -126.628, -1.53964, -1.36365, -0.175994, -0.00217992
18.372, 0.0308522, -0.000173274, -126.564, -1.53964, -1.36363, -0.176009, -0.00218033
18.3768, 0.0312136, -0.000351982, -126.499, -1.53963, -1.36361, -0.176024, -0.00218074
18.3816, 0.0315124, -8.24805e-05, -126.435, -1.53963, -1.36359, -0.17604, -0.00218115
18.3863, 0.0313702, 0.000288083, -126.37, -1.53962, -1.36357, -0.176055, -0.00218156
18.3911, 0.0309765, 0.000283056, -126.306, -1.53962, -1.36355, -0.17607, -0.00218197
18.3959, 0.0308436, -9.09222e-05, -126.242, -1.53961, -1.36353, -0.176085, -0.00218238
18.4006, 0.0311483, -0.00035354, -126.177, -1.53961, -1.36351, -0.1761, -0.00218279
18.4054, 0.0315058, -0.000167995, -126.113, -1.5396, -1.36349, -0.176115, -0.0021832
18.4102, 0.0314642, 0.000227706, -126.049, -1.5396, -1.36347, -0.17613, -0.00218361
18.4149, 0.0310833, 0.000326806, -125.985, -1.53959, -1.36345, -0.176145, -0.00218402
18.4197, 0.0308567, 2.68044e-06, -125.921, -1.53959, -1.36343, -0.17616, -0.00218443
18.4245, 0.0310802, -0.000330195, -125.856, -1.53958, -1.36341, -0.176175, -0.00218485
18.4292, 0.0314745, -0.000246754, -125.792, -1.53958, -1.36339, -0.176191, -0.00218526
18.434, 0.0315426, 0.000146334, -125.728, -1.53957, -1.36337, -0.176206, -0.00218567
18.4388, 0.0312042, 0.000347859, -125.664, -1.53957, -1.36335, -0.176221, -0.00218608
18.4435, 0.0308966, 0.000101279, -125.6, -1.53956, -1.36333, -0.176236, -0.00218649
18.4483, 0.0310174, -0.000279433, -125.536, -1.53956, -1.36331, -0.176251, -0.0021869
18.4531, 0.031419, -0.000310241, -125.473, -1.53955, -1.36329, -0.176266, -0.00218731
18.4578, 0.0315974, 4.77941e-05, -125.409, -1.53955, -1.36327, -0.176281, -0.00218772
18.4626, 0.0313325, 0.000340142, -125.345, -1.53954, -1.36325, -0.176297, -0.00218813
18.4674, 0.0309666, 0.000196204, -125.281, -1.53954, -1.36323, -0.176312, -0.00218854
18.4721, 0.0309694, -0.000201463, -125.217, -1.53953, -1.36321, -0.176327, -0.00218895
18.4769, 0.0313433, -0.000349471, -125.154, -1.53953, -1.36319, -0.176342, -0.00218936
18.4817, 0.0316215, -6.08223e-05, -125.09, -1.53952, -1.36317, -0.176357, -0.00218977
18.4864, 0.0314588, 0.000299607, -125.026, -1.53952, -1.36315, -0.176372, -0.00219018
18.4912, 0.0310669, 0.000276881, -124.963, -1.53951, -1.36313, -0.176388, -0.00219059
18.496, 0.0309462, -0.000100127, -124.899, -1.53951, -1.36311, -0.176403, -0.002191
18.5007, 0.0312548, -0.000356251, -124.836, -1.5395, -1.36309, -0.176418, -0.00219142
18.5055, 0.0316101, -0.000169182, -124.772, -1.5395, -1.36307, -0.176433, -0.00219183
18.5102, 0.0315713, 0.000225573, -124.709, -1.53949, -1.36305, -0.176448, -0.00219224
18.515, 0.0311936, 0.000331911, -124.645, -1.53949, -1.36303, -0.176464, -0.00219265
18.5198, 0.0309573, 1.65157e-05, -124.582, -1.53949, -1.36301, -0.176479, -0.00219306
18.5245, 0.0311648, -0.000324806, -124.519, -1.53948, -1.36299, -0.176494, -0.00219347
18.5293, 0.0315619, -0.000264351, -124.455, -1.53948, -1.36297, -0.176509, -0.00219388
18.5341, 0.0316574, 0.000121955, -124.392, -1.53947, -1.36295, -0.176525, -0.00219429
18.5388, 0.0313382, 0.00035073, -124.329, -1.53947, -1.36293, -0.17654, -0.0021947
18.5436, 0.0310094, 0.000136178, -124.266, -1.53946, -1.36291, -0.176555, -0.00219511
18.5484, 0.0310876, -0.000253555, -124.203, -1.53946, -1.36289, -0.17657, -0.00219552
18.5531, 0.0314811, -0.000332207, -124.14, -1.53945, -1.36287, -0.176586, -0.00219593
18.5579, 0.0317053, -1.94751e-06, -124.076, -1.53945, -1.36285, -0.176601, -0.00219634
18.5627, 0.0314871, 0.000325741, -124.013, -1.53944, -1.36283, -0.176616, -0.00219675
18.5674, 0.0311043, 0.000243201, -123.95, -1.53944, -1.36281, -0.176631, -0.00219716
18.5722, 0.0310388, -0.000146719, -123.887, -1.53943, -1.36279, -0.176647, -0.00219757
18.577, 0.0313777, -0.000359622, -123.825, -1.53943, -1.36277, -0.176662, -0.00219798
18.5817, 0.0317063, -0.000131474, -123.762, -1.53942, -1.36275, -0.176677, -0.00219839
18.5865, 0.0316233, 0.000254635, -123.699, -1.53942, -1.36272, -0.176692, -0.0021988
18.5914, 0.0312238, 0.000313778, -123.634, -1.53941, -1.3627, -0.176708, -0.00219923
18.5964, 0.0310354, -4.63032e-05, -123.569, -1.53941, -1.36268, -0.176724, -0.00219965
18.6013, 0.0313129, -0.00035095, -123.504, -1.5394, -1.36266, -0.17674, -0.00220008
18.6063, 0.0316973, -0.000199109, -123.439, -1.5394, -1.36264, -0.176756, -0.0022005
18.6112, 0.0316896, 0.000209319, -123.374, -1.53939, -1.36262, -0.176772, -0.00220093
18.6162, 0.0313066, 0.000337517, -123.309, -1.53939, -1.3626, -0.176788, -0.00220135
18.6211, 0.0310579, 1.72914e-05, -123.244, -1.53938, -1.36258, -0.176803, -0.00220178
18.626, 0.0312761, -0.000331147, -123.179, -1.53938, -1.36256, -0.176819, -0.0022022
18.631, 0.0316817, -0.000251176, -123.114, -1.53937, -1.36254, -0.176835, -0.00220263
18.6359, 0.0317501, 0.000152321, -123.049, -1.53937, -1.36252, -0.176851, -0.00220305
18.6409, 0.0313985, 0.000351422, -122.985, -1.53936, -1.3625, -0.176867, -0.00220348
18.6458, 0.0310931, 8.60273e-05, -122.92, -1.53936, -1.36247, -0.176883, -0.0022039
18.6507, 0.0312391, -0.000297161, -122.855, -1.53935, -1.36245, -0.176899, -0.00220433
18.6557, 0.0316524, -0.000298264, -122.791, -1.53935, -1.36243, -0.176915, -0.00220475
18.6606, 0.0318007, 8.39841e-05, -122.726, -1.53934, -1.36241, -0.176931, -0.00220518
18.6656, 0.0314975, 0.00035173, -122.662, -1.53934, -1.36239, -0.176947, -0.0022056
18.6705, 0.0311439, 0.000156749, -122.597, -1.53933, -1.36237, -0.176963, -0.00220603
18.6755, 0.0312059, -0.000247355, -122.533, -1.53933, -1.36235, -0.176978, -0.00220645
18.6804, 0.0316092, -0.000335811, -122.468, -1.53932, -1.36233, -0.176994, -0.00220688
18.6853, 0.031837, 5.97289e-06, -122.404, -1.53932, -1.36231, -0.17701, -0.0022073
18.6903, 0.0316006, 0.000334853, -122.339, -1.53931, -1.36229, -0.177026, -0.00220773
18.6952, 0.0312127, 0.000225014, -122.275, -1.53931, -1.36227, -0.177042, -0.00220815
18.7002, 0.0311816, -0.000181249, -122.211, -1.5393, -1.36224, -0.177058, -0.00220858
18.7051, 0.0315538, -0.000358753, -122.147, -1.5393, -1.36222, -0.177074, -0.002209
18.71, 0.0318548, -7.84241e-05, -122.082, -1.53929, -1.3622, -0.17709, -0.00220943
18.715, 0.0317029, 0.000297892, -122.018, -1.53929, -1.36218, -0.177106, -0.00220985
18.7199, 0.0313004, 0.000285161, -121.954, -1.53928, -1.36216, -0.177122, -0.00221028
18.7249, 0.0311721, -0.000100029, -121.89, -1.53928, -1.36214, -0.177138, -0.0022107
18.7298, 0.0314893, -0.000361984, -121.826, -1.53927, -1.36212, -0.177154, -0.00221113
18.7348, 0.0318504, -0.000164106, -121.762, -1.53927, -1.3621, -0.17717, -0.00221155
18.7397, 0.0317982, 0.000239289, -121.698, -1.53926, -1.36208, -0.177186, -0.00221198
18.7446, 0.0314061, 0.000330611, -121.634, -1.53926, -1.36206, -0.177202, -0.0022124
18.7496, 0.0311832, -7.01628e-06, -121.57, -1.53925, -1.36203, -0.177218, -0.00221283
18.7545, 0.0314212, -0.000341053, -121.507, -1.53925, -1.36201, -0.177234, -0.00221325
18.7595, 0.0318216, -0.000244186, -121.443, -1.53924, -1.36199, -0.17725, -0.00221368
18.7644, 0.031879, 0.000159548, -121.379, -1.53924, -1.36197, -0.177266, -0.0022141
18.7693, 0.0315266, 0.00035446, -121.315, -1.53923, -1.36195, -0.177282, -0.00221453
18.7743, 0.0312204, 9.20157e-05, -121.252, -1.53923, -1.36193, -0.177298, -0.00221495
18.7792, 0.031357, -0.000293042, -121.188, -1.53922, -1.36191, -0.177314, -0.00221538
18.7842, 0.0317685, -0.000310339, -121.124, -1.53922, -1.36189, -0.17733, -0.0022158
18.7891, 0.0319375, 6.19203e-05, -121.061, -1.53921, -1.36187, -0.177346, -0.00221623
18.794, 0.0316556, 0.000350382, -120.997, -1.53921, -1.36185, -0.177362, -0.00221665
18.799, 0.0312874, 0.000188807, -120.934, -1.5392, -1.36183, -0.177379, -0.00221708
18.8039, 0.0313061, -0.00021757, -120.87, -1.5392, -1.3618, -0.177395, -0.0022175
18.8089, 0.0316942, -0.000353548, -120.807, -1.53919, -1.36178, -0.177411, -0.00221792
18.8138, 0.0319662, -4.71028e-05, -120.744, -1.53919, -1.36176, -0.177427, -0.00221835
18.8188, 0.0317843, 0.000313823, -120.68, -1.53918, -1.36174, -0.177443, -0.00221877
18.8237, 0.0313849, 0.000273017, -120.617, -1.53918, -1.36172, -0.177459, -0.0022192
18.8286, 0.0312787, -0.000117755, -120.554, -1.53917, -1.3617, -0.177475, -0.00221962
18.8336, 0.0316057, -0.000365295, -120.49, -1.53917, -1.36168, -0.177491, -0.00222005
18.8385, 0.0319596, -0.00015769, -120.427, -1.53916, -1.36166, -0.177507, -0.00222047
18.8435, 0.031901, 0.000243357, -120.364, -1.53916, -1.36164, -0.177523, -0.0022209
18.8484, 0.03151, 0.000333184, -120.301, -1.53915, -1.36162, -0.177539, -0.00222132
18.8533, 0.0312845, -9.21743e-07, -120.238, -1.53915, -1.36159, -0.177556, -0.00222175
18.8583, 0.0315136, -0.000339149, -120.175, -1.53914, -1.36157, -0.177572, -0.00222217
18.8632, 0.0319159, -0.000257167, -120.112, -1.53914, -1.36155, -0.177588, -0.00222259
18.8682, 0.0319931, 0.000142002, -120.049, -1.53913, -1.36153, -0.177604, -0.00222302
18.8731, 0.0316549, 0.000358301, -119.986, -1.53913, -1.36151, -0.17762, -0.00222344
18.8781, 0.0313308, 0.000121238, -119.923, -1.53913, -1.36149, -0.177636, -0.00222387
18.883, 0.031432, -0.000272587, -119.86, -1.53912, -1.36147, -0.177652, -0.00222429
18.8879, 0.031838, -0.000331282, -119.798, -1.53912, -1.36145, -0.177669, -0.00222472
18.8929, 0.0320482, 1.81622e-05, -119.735, -1.53911, -1.36143, -0.177685, -0.00222514
18.8978, 0.0318068, 0.000339917, -119.672, -1.53911, -1.3614, -0.177701, -0.00222556
18.9028, 0.0314209, 0.000233323, -119.609, -1.5391, -1.36138, -0.177717, -0.00222599
18.9077, 0.0313767, -0.00016872, -119.547, -1.5391, -1.36136, -0.177733, -0.00222641
18.9126, 0.0317351, -0.000366289, -119.484, -1.53909, -1.36134, -0.177749, -0.00222684
18.9176, 0.0320567, -0.000114175, -119.422, -1.53909, -1.36132, -0.177766, -0.00222726
18.9225, 0.0319487, 0.000274528, -119.359, -1.53908, -1.3613, -0.177782, -0.00222769
18.9276, 0.0315383, 0.000310746, -119.294, -1.53908, -1.36128, -0.177799, -0.00222812
18.9328, 0.031367, -6.71567e-05, -119.23, -1.53907, -1.36126, -0.177815, -0.00222856
18.9379, 0.0316664, -0.000362442, -119.165, -1.53907, -1.36123, -0.177832, -0.002229
18.943, 0.0320499, -0.000187518, -119.101, -1.53906, -1.36121, -0.177849, -0.00222944
18.9481, 0.0320211, 0.000227995, -119.036, -1.53906, -1.36119, -0.177866, -0.00222988
18.9532, 0.0316245, 0.00033957, -118.972, -1.53905, -1.36117, -0.177882, -0.00223032
18.9583, 0.0313861, 1.29572e-06, -118.907, -1.53905, -1.36115, -0.177899, -0.00223076
18.9634, 0.0316241, -0.000344248, -118.843, -1.53904, -1.36112, -0.177916, -0.0022312
18.9685, 0.032034, -0.00024561, -118.778, -1.53904, -1.3611, -0.177933, -0.00223164
18.9737, 0.0320872, 0.000168251, -118.714, -1.53903, -1.36108, -0.17795, -0.00223207
18.9788, 0.0317211, 0.000357511, -118.65, -1.53903, -1.36106, -0.177966, -0.00223251
18.9839, 0.0314194, 7.57172e-05, -118.586, -1.53902, -1.36104, -0.177983, -0.00223295
18.989, 0.0315812, -0.000310142, -118.521, -1.53902, -1.36102, -0.178, -0.00223339
18.9941, 0.0320025, -0.000298295, -118.457, -1.53901, -1.36099, -0.178017, -0.00223383
18.9992, 0.0321424, 9.56705e-05, -118.393, -1.53901, -1.36097, -0.178034, -0.00223427
19.0043, 0.031826, 0.000360275, -118.329, -1.539, -1.36095, -0.178051, -0.00223471
19.0095, 0.0314703, 0.000152508, -118.265, -1.539, -1.36093, -0.178067, -0.00223515
19.0146, 0.0315425, -0.000258264, -118.201, -1.53899, -1.36091, -0.178084, -0.00223558
19.0197, 0.0319556, -0.000340363, -118.137, -1.53899, -1.36088, -0.178101, -0.00223602
19.0248, 0.0321817, 1.2181e-05, -118.073, -1.53898, -1.36086, -0.178118, -0.00223646
19.0299, 0.0319354, 0.000343785, -118.009, -1.53898, -1.36084, -0.178135, -0.0022369
19.035, 0.0315412, 0.000226562, -117.946, -1.53897, -1.36082, -0.178152, -0.00223734
19.0401, 0.0315139, -0.00018813, -117.882, -1.53897, -1.3608, -0.178169, -0.00223778
19.0452, 0.0318948, -0.000366037, -117.818, -1.53896, -1.36077, -0.178185, -0.00223822
19.0504, 0.0322001, -7.83766e-05, -117.754, -1.53896, -1.36075, -0.178202, -0.00223865
19.0555, 0.0320438, 0.000304815, -117.691, -1.53895, -1.36073, -0.178219, -0.00223909
19.0606, 0.0316333, 0.000291371, -117.627, -1.53895, -1.36071, -0.178236, -0.00223953
19.0657, 0.0315019, -0.000101238, -117.563, -1.53894, -1.36069, -0.178253, -0.00223997
19.0708, 0.0318242, -0.000369554, -117.5, -1.53894, -1.36067, -0.17827, -0.00224041
19.0759, 0.0321937, -0.000170051, -117.436, -1.53893, -1.36064, -0.178287, -0.00224085
19.081, 0.032144, 0.000241768, -117.373, -1.53893, -1.36062, -0.178304, -0.00224128
19.0861, 0.0317452, 0.000339421, -117.31, -1.53892, -1.3606, -0.178321, -0.00224172
19.0913, 0.0315132, -1.6048e-06, -117.246, -1.53892, -1.36058, -0.178338, -0.00224216
19.0964, 0.0317501, -0.000346008, -117.183, -1.53891, -1.36056, -0.178355, -0.0022426
19.1015, 0.0321602, -0.000254854, -117.119, -1.53891, -1.36053, -0.178372, -0.00224304
19.1066, 0.0322274, 0.000155534, -117.056, -1.5389, -1.36051, -0.178388, -0.00224348
19.1117, 0.0318729, 0.000362933, -116.993, -1.5389, -1.36049, -0.178405, -0.00224392
19.1168, 0.0315538, 0.000103894, -116.93, -1.53889, -1.36047, -0.178422, -0.00224435
19.1219, 0.0316814, -0.000292418, -116.867, -1.53889, -1.36045, -0.178439, -0.00224479
19.1271, 0.0321001, -0.000323237, -116.803, -1.53888, -1.36042, -0.178456, -0.00224523
19.1322, 0.0322853, 5.02656e-05, -116.74, -1.53888, -1.3604, -0.178473, -0.00224567
19.1373, 0.0320091, 0.000354988, -116.677, -1.53887, -1.36038, -0.17849, -0.00224611
19.1424, 0.0316273, 0.000205567, -116.614, -1.53887, -1.36036, -0.178507, -0.00224654
19.1475, 0.0316288, -0.000208909, -116.551, -1.53886, -1.36034, -0.178524, -0.00224698
19.1526, 0.0320176, -0.000365053, -116.488, -1.53886, -1.36031, -0.178541, -0.00224742
19.1577, 0.0323095, -6.61093e-05, -116.426, -1.53885, -1.36029, -0.178558, -0.00224786
19.1628, 0.0321429, 0.000310975, -116.363, -1.53885, -1.36027, -0.178575, -0.0022483
19.168, 0.0317342, 0.000291493, -116.3, -1.53884, -1.36025, -0.178592, -0.00224874
19.1731, 0.0316037, -9.97983e-05, -116.237, -1.53884, -1.36023, -0.178609, -0.00224917
19.1782, 0.0319214, -0.000371059, -116.174, -1.53883, -1.3602, -0.178626, -0.00224961
19.1833, 0.0322945, -0.000181897, -116.112, -1.53883, -1.36018, -0.178643, -0.00225005
19.1884, 0.0322613, 0.000230182, -116.049, -1.53882, -1.36016, -0.17866, -0.00225049
19.1935, 0.0318699, 0.000348797, -115.987, -1.53882, -1.36014, -0.178677, -0.00225093
19.1986, 0.0316165, 2.569e-05, -115.924, -1.53881, -1.36012, -0.178694, -0.00225136
19.2037, 0.0318241, -0.000334841, -115.861, -1.53881, -1.36009, -0.178712, -0.0022518
19.2089, 0.0322393, -0.00028241, -115.799, -1.5388, -1.36007, -0.178729, -0.00225224
19.214, 0.0323499, 0.000117268, -115.736, -1.5388, -1.36005, -0.178746, -0.00225268
19.2191, 0.0320244, 0.000365644, -115.674, -1.53879, -1.36003, -0.178763, -0.00225312
19.2242, 0.0316748, 0.000153447, -115.612, -1.53879, -1.36001, -0.17878, -0.00225355
19.2293, 0.0317422, -0.000254946, -115.549, -1.53878, -1.35998, -0.178797, -0.00225399
19.2344, 0.0321487, -0.000351682, -115.487, -1.53878, -1.35996, -0.178814, -0.00225443
19.2395, 0.0323953, -1.6832e-05, -115.425, -1.53877, -1.35994, -0.178831, -0.00225487
19.2447, 0.0321823, 0.000333805, -115.363, -1.53877, -1.35992, -0.178848, -0.00225531
19.2498, 0.0317801, 0.000265551, -115.3, -1.53876, -1.3599, -0.178865, -0.00225574
19.2549, 0.0316931, -0.000136766, -115.238, -1.53876, -1.35987, -0.178882, -0.00225618
19.26, 0.0320348, -0.000375129, -115.176, -1.53875, -1.35985, -0.178899, -0.00225662
19.2651, 0.0323886, -0.000155017, -115.114, -1.53875, -1.35983, -0.178917, -0.00225706
19.2702, 0.0323237, 0.000251416, -115.052, -1.53874, -1.35981, -0.178934, -0.00225749
19.2753, 0.0319265, 0.000342605, -114.99, -1.53874, -1.35979, -0.178951, -0.00225793
19.2804, 0.031693, 6.38314e-06, -114.928, -1.53873, -1.35976, -0.178968, -0.00225837
19.2856, 0.0319165, -0.000342919, -114.866, -1.53873, -1.35974, -0.178985, -0.00225881
19.2907, 0.0323279, -0.000275582, -114.804, -1.53872, -1.35972, -0.179002, -0.00225925
19.2958, 0.0324274, 0.000125325, -114.742, -1.53872, -1.3597, -0.179019, -0.00225968
19.3009, 0.0320991, 0.000367299, -114.681, -1.53871, -1.35968, -0.179037, -0.00226012
19.306, 0.0317521, 0.000153635, -114.619, -1.53871, -1.35965, -0.179054, -0.00226056
19.3111, 0.0318177, -0.000253478, -114.557, -1.5387, -1.35963, -0.179071, -0.002261
19.3162, 0.0322213, -0.000355455, -114.495, -1.5387, -1.35961, -0.179088, -0.00226143
19.3213, 0.0324749, -2.77944e-05, -114.434, -1.53869, -1.35959, -0.179105, -0.00226187
19.3265, 0.0322748, 0.000328776, -114.372, -1.53869, -1.35957, -0.179122, -0.00226231
19.3316, 0.0318716, 0.000278926, -114.311, -1.53868, -1.35954, -0.17914, -0.00226275
19.3367, 0.0317631, -0.000116232, -114.249, -1.53868, -1.35952, -0.179157, -0.00226318
19.3418, 0.0320874, -0.000374937, -114.188, -1.53867, -1.3595, -0.179174, -0.00226362
19.3469, 0.0324552, -0.000182369, -114.126, -1.53867, -1.35948, -0.179191, -0.00226406
19.352, 0.0324253, 0.000226925, -114.065, -1.53866, -1.35945, -0.179208, -0.0022645
19.3571, 0.0320401, 0.000355485, -114.003, -1.53866, -1.35943, -0.179226, -0.00226493
19.3623, 0.0317735, 4.74823e-05, -113.942, -1.53865, -1.35941, -0.179243, -0.00226537
19.3674, 0.0319546, -0.000323233, -113.881, -1.53865, -1.35939, -0.17926, -0.00226581
19.3725, 0.0323696, -0.000307488, -113.819, -1.53864, -1.35937, -0.179277, -0.00226625
19.3776, 0.0325219, 7.53515e-05, -113.758, -1.53864, -1.35934, -0.179294, -0.00226668
19.3827, 0.0322335, 0.000362063, -113.697, -1.53863, -1.35932, -0.179312, -0.00226712
19.3878, 0.0318591, 0.000206367, -113.636, -1.53863, -1.3593, -0.179329, -0.00226756
19.3929, 0.0318564, -0.000203474, -113.575, -1.53862, -1.35928, -0.179346, -0.002268
19.398, 0.0322344, -0.000373099, -113.514, -1.53862, -1.35926, -0.179363, -0.00226843
19.4032, 0.0325432, -9.83807e-05, -113.453, -1.53861, -1.35923, -0.179381, -0.00226887
19.4083, 0.0324172, 0.000289716, -113.392, -1.53861, -1.35921, -0.179398, -0.00226931
19.4136, 0.0320008, 0.000316921, -113.328, -1.5386, -1.35919, -0.179416, -0.00226976
19.4189, 0.0318282, -6.61549e-05, -113.265, -1.5386, -1.35917, -0.179434, -0.00227021
19.4242, 0.0321261, -0.000370286, -113.202, -1.53859, -1.35914, -0.179452, -0.00227067
19.4294, 0.0325206, -0.000207701, -113.139, -1.53859, -1.35912, -0.17947, -0.00227112
19.4347, 0.0325156, 0.000214185, -113.076, -1.53858, -1.3591, -0.179488, -0.00227157
19.44, 0.0321241, 0.000358282, -113.013, -1.53858, -1.35907, -0.179505, -0.00227202
19.4453, 0.0318505, 4.15593e-05, -112.95, -1.53857, -1.35905, -0.179523, -0.00227248
19.4506, 0.0320487, -0.000333396, -112.888, -1.53857, -1.35903, -0.179541, -0.00227293
19.4559, 0.0324732, -0.000290757, -112.825, -1.53856, -1.35901, -0.179559, -0.00227338
19.4612, 0.0325922, 0.000115151, -112.762, -1.53856, -1.35898, -0.179577, -0.00227383
19.4665, 0.0322615, 0.000370034, -112.699, -1.53855, -1.35896, -0.179595, -0.00227429
19.4718, 0.0319062, 0.000151518, -112.637, -1.53855, -1.35894, -0.179613, -0.00227474
19.4771, 0.0319817, -0.000263893, -112.574, -1.53854, -1.35891, -0.179631, -0.00227519
19.4824, 0.0323988, -0.00035153, -112.511, -1.53854, -1.35889, -0.179649, -0.00227565
19.4877, 0.0326374, -1.06432e-06, -112.449, -1.53853, -1.35887, -0.179667, -0.0022761
19.493, 0.0324033, 0.000345544, -112.386, -1.53853, -1.35884, -0.179685, -0.00227655
19.4983, 0.0319978, 0.000251927, -112.324, -1.53852, -1.35882, -0.179703, -0.002277
19.5036, 0.0319374, -0.00016387, -112.261, -1.53852, -1.3588, -0.179721, -0.00227746
19.5089, 0.032304, -0.000379176, -112.199, -1.53851, -1.35878, -0.179739, -0.00227791
19.5142, 0.0326434, -0.000123867, -112.137, -1.53851, -1.35875, -0.179757, -0.00227836
19.5195, 0.0325363, 0.000281564, -112.074, -1.5385, -1.35873, -0.179775, -0.00227881
19.5248, 0.0321235, 0.000329089, -112.012, -1.5385, -1.35871, -0.179793, -0.00227927
19.53, 0.0319281, -4.05199e-05, -111.95, -1.53849, -1.35868, -0.179811, -0.00227972
19.5353, 0.0322005, -0.000364834, -111.887, -1.53849, -1.35866, -0.179829, -0.00228017
19.5406, 0.0326064, -0.000238787, -111.825, -1.53848, -1.35864, -0.179847, -0.00228062
19.5459, 0.0326454, 0.000180006, -111.763, -1.53848, -1.35861, -0.179865, -0.00228107
19.5512, 0.0322754, 0.000369248, -111.701, -1.53847, -1.35859, -0.179883, -0.00228153
19.5565, 0.0319637, 9.34212e-05, -111.639, -1.53847, -1.35857, -0.179901, -0.00228198
19.5618, 0.0321043, -0.000303955, -111.577, -1.53846, -1.35854, -0.179919, -0.00228243
19.5671, 0.0325283, -0.000328869, -111.515, -1.53846, -1.35852, -0.179937, -0.00228288
19.5724, 0.0327152, 4.93399e-05, -111.453, -1.53845, -1.3585, -0.179955, -0.00228334
19.5777, 0.0324395, 0.000361197, -111.391, -1.53845, -1.35848, -0.179973, -0.00228379
19.583, 0.0320494, 0.000220268, -111.329, -1.53844, -1.35845, -0.179991, -0.00228424
19.5883, 0.0320341, -0.000198627, -111.267, -1.53844, -1.35843, -0.180009, -0.00228469
19.5936, 0.0324185, -0.000377167, -111.206, -1.53843, -1.35841, -0.180028, -0.00228514
19.5989, 0.0327334, -9.4924e-05, -111.144, -1.53843, -1.35838, -0.180046, -0.0022856
19.6042, 0.0325963, 0.000299342, -111.082, -1.53842, -1.35836, -0.180064, -0.00228605
19.6095, 0.0321828, 0.000319334, -111.021, -1.53842, -1.35834, -0.180082, -0.0022865
19.6148, 0.0320086, -5.92904e-05, -110.959, -1.53841, -1.35831, -0.1801, -0.00228695
19.6201, 0.0322941, -0.000370221, -110.897, -1.53841, -1.35829, -0.180118, -0.00228741
19.6253, 0.032694, -0.000231202, -110.836, -1.5384, -1.35827, -0.180136, -0.00228786
19.6306, 0.0327231, 0.000186648, -110.774, -1.5384, -1.35825, -0.180154, -0.00228831
19.6359, 0.0323521, 0.000370349, -110.713, -1.53839, -1.35822, -0.180172, -0.00228876
19.6412, 0.0320422, 9.48783e-05, -110.651, -1.53839, -1.3582, -0.180191, -0.00228921
19.6465, 0.032179, -0.000302024, -110.59, -1.53838, -1.35818, -0.180209, -0.00228967
19.6518, 0.0326008, -0.000334644, -110.529, -1.53838, -1.35815, -0.180227, -0.00229012
19.6571, 0.0327979, 3.6597e-05, -110.467, -1.53837, -1.35813, -0.180245, -0.00229057
19.6624, 0.0325358, 0.000358047, -110.406, -1.53837, -1.35811, -0.180263, -0.00229102
19.6677, 0.0321407, 0.000237607, -110.345, -1.53836, -1.35808, -0.180281, -0.00229147
19.6732, 0.0321087, -0.000192856, -110.281, -1.53836, -1.35806, -0.1803, -0.00229194
19.6787, 0.0325043, -0.000377764, -110.218, -1.53835, -1.35804, -0.180319, -0.00229241
19.6842, 0.032819, -7.65892e-05, -110.154, -1.53835, -1.35801, -0.180338, -0.00229288
19.6897, 0.0326505, 0.000318794, -110.091, -1.53834, -1.35799, -0.180357, -0.00229335
19.6952, 0.0322245, 0.000294764, -110.027, -1.53834, -1.35796, -0.180376, -0.00229382
19.7007, 0.0321006, -0.000117256, -109.964, -1.53833, -1.35794, -0.180395, -0.00229429
19.7062, 0.032446, -0.000382949, -109.901, -1.53833, -1.35791, -0.180414, -0.00229476
19.7117, 0.0328196, -0.000158341, -109.837, -1.53832, -1.35789, -0.180433, -0.00229523
19.7172, 0.0327449, 0.000265712, -109.774, -1.53832, -1.35787, -0.180451, -0.0022957
19.7227, 0.0323252, 0.000341072, -109.711, -1.53831, -1.35784, -0.18047, -0.00229617
19.7282, 0.0321093, -2.93412e-05, -109.648, -1.53831, -1.35782, -0.180489, -0.00229664
19.7337, 0.032382, -0.000367531, -109.585, -1.5383, -1.35779, -0.180508, -0.00229711
19.7392, 0.0327984, -0.000237795, -109.521, -1.5383, -1.35777, -0.180527, -0.00229758
19.7447, 0.0328289, 0.000192593, -109.458, -1.53829, -1.35775, -0.180546, -0.00229805
19.7502, 0.0324412, 0.000370058, -109.395, -1.53829, -1.35772, -0.180565, -0.00229851
19.7557, 0.0321401, 6.68081e-05, -109.332, -1.53828, -1.3577, -0.180584, -0.00229898
19.7612, 0.0323185, -0.000327729, -109.27, -1.53828, -1.35767, -0.180603, -0.00229945
19.7667, 0.0327539, -0.00030775, -109.207, -1.53827, -1.35765, -0.180622, -0.00229992
19.7722, 0.0328952, 0.000100892, -109.144, -1.53827, -1.35763, -0.180641, -0.00230039
19.7777, 0.0325683, 0.00037518, -109.081, -1.53826, -1.3576, -0.18066, -0.00230086
19.7832, 0.0321978, 0.00016467, -109.018, -1.53826, -1.35758, -0.180679, -0.00230133
19.7887, 0.0322633, -0.000261568, -108.956, -1.53825, -1.35755, -0.180698, -0.0023018
19.7942, 0.0326874, -0.000359777, -108.893, -1.53825, -1.35753, -0.180717, -0.00230227
19.7997, 0.0329361, -5.05282e-06, -108.83, -1.53824, -1.35751, -0.180736, -0.00230274
19.8052, 0.0326995, 0.000350811, -108.768, -1.53824, -1.35748, -0.180755, -0.00230321
19.8107, 0.0322852, 0.000255335, -108.705, -1.53823, -1.35746, -0.180774, -0.00230368
19.8162, 0.0322261, -0.0001699, -108.643, -1.53823, -1.35743, -0.180793, -0.00230414
19.8217, 0.0326034, -0.000385083, -108.58, -1.53822, -1.35741, -0.180812, -0.00230461
19.8272, 0.032945, -0.000117591, -108.518, -1.53822, -1.35738, -0.180831, -0.00230508
19.8327, 0.0328247, 0.000293505, -108.455, -1.53821, -1.35736, -0.18085, -0.00230555
19.8382, 0.0324015, 0.000328049, -108.393, -1.53821, -1.35734, -0.18087, -0.00230602
19.8437, 0.0322168, -5.73495e-05, -108.331, -1.5382, -1.35731, -0.180889, -0.00230649
19.8492, 0.0325101, -0.000375837, -108.268, -1.5382, -1.35729, -0.180908, -0.00230696
19.8548, 0.0329175, -0.000225789, -108.206, -1.53819, -1.35726, -0.180927, -0.00230743
19.8603, 0.0329321, 0.00020341, -108.144, -1.53819, -1.35724, -0.180946, -0.0023079
19.8658, 0.0325422, 0.000371354, -108.082, -1.53818, -1.35722, -0.180965, -0.00230836
19.8713, 0.0322447, 6.70692e-05, -108.02, -1.53818, -1.35719, -0.180984, -0.00230883
19.8768, 0.0324196, -0.000326896, -107.958, -1.53817, -1.35717, -0.181003, -0.0023093
19.8823, 0.0328534, -0.000316132, -107.896, -1.53817, -1.35714, -0.181022, -0.00230977
19.8878, 0.0330086, 8.55669e-05, -107.834, -1.53816, -1.35712, -0.181041, -0.00231024
19.8933, 0.0326973, 0.000374884, -107.772, -1.53816, -1.35709, -0.181061, -0.00231071
19.8988, 0.0323157, 0.000189976, -107.71, -1.53815, -1.35707, -0.18108, -0.00231118
19.9043, 0.032347, -0.000237721, -107.648, -1.53815, -1.35705, -0.181099, -0.00231165
19.9098, 0.0327582, -0.000374076, -107.586, -1.53814, -1.35702, -0.181118, -0.00231212
19.9153, 0.0330424, -4.92564e-05, -107.524, -1.53813, -1.357, -0.181137, -0.00231258
19.9208, 0.032852, 0.000331694, -107.463, -1.53813, -1.35697, -0.181156, -0.00231305
19.9263, 0.0324305, 0.000294592, -107.401, -1.53812, -1.35695, -0.181176, -0.00231352
19.9318, 0.0323086, -0.000114107, -107.339, -1.53812, -1.35693, -0.181195, -0.00231399
19.9373, 0.0326436, -0.000386474, -107.278, -1.53811, -1.3569, -0.181214, -0.00231446
19.9428, 0.0330258, -0.000184658, -107.216, -1.53811, -1.35688, -0.181233, -0.00231493
19.9483, 0.0329877, 0.000240804, -107.155, -1.5381, -1.35685, -0.181252, -0.0023154
19.9538, 0.032583, 0.000362883, -107.093, -1.5381, -1.35683, -0.181271, -0.00231586
19.9593, 0.0323189, 3.08034e-05, -107.032, -1.53809, -1.3568, -0.181291, -0.00231633
19.9648, 0.0325279, -0.000344694, -106.97, -1.53809, -1.35678, -0.18131, -0.0023168
19.9703, 0.0329578, -0.000300015, -106.909, -1.53808, -1.35676, -0.181329, -0.00231727
19.9758, 0.0330845, 0.000109399, -106.848, -1.53808, -1.35673, -0.181348, -0.00231774
19.9813, 0.0327583, 0.000378847, -106.786, -1.53807, -1.35671, -0.181368, -0.00231821
19.9868, 0.0323873, 0.000176817, -106.725, -1.53807, -1.35668, -0.181387, -0.00231867
19.9923, 0.0324338, -0.000247907, -106.664, -1.53806, -1.35666, -0.181406, -0.00231914
19.9978, 0.0328466, -0.000373474, -106.603, -1.53806, -1.35663, -0.181425, -0.00231961
20.0033, 0.033125, -4.6062e-05, -106.542, -1.53805, -1.35661, -0.181445, -0.00232008
20.0088, 0.032934, 0.000332625, -106.481, -1.53805, -1.35659, -0.181464, -0.00232055
20.0143, 0.0325141, 0.000298838, -106.419, -1.53804, -1.35656, -0.181483, -0.00232102
20.0198, 0.0323852, -0.000105747, -106.358, -1.53804, -1.35654, -0.181502, -0.00232148
20.0253, 0.0327108, -0.00038641, -106.297, -1.53803, -1.35651, -0.181522, -0.00232195
20.0308, 0.0330991, -0.000200632, -106.237, -1.53803, -1.35649, -0.181541, -0.00232242
20.0363, 0.0330826, 0.000224628, -106.176, -1.53802, -1.35646, -0.18156, -0.00232289
20.0418, 0.0326879, 0.000371076, -106.115, -1.53802, -1.35644, -0.18158, -0.00232336
20.0473, 0.0324018, 6.0718e-05, -106.054, -1.53801, -1.35642, -0.181599, -0.00232383
20.0528, 0.0325781, -0.000328719, -105.993, -1.53801, -1.35639, -0.181618, -0.00232429
20.0583, 0.0330083, -0.00032417, -105.932, -1.538, -1.35637, -0.181638, -0.00232476
20.0638, 0.0331764, 6.85006e-05, -105.872, -1.538, -1.35634, -0.181657, -0.00232523
20.0693, 0.0328849, 0.000373001, -105.811, -1.53799, -1.35632, -0.181676, -0.0023257
20.0748, 0.0324931, 0.000220701, -105.751, -1.53799, -1.35629, -0.181696, -0.00232617
20.0803, 0.0324813, -0.000203773, -105.69, -1.53798, -1.35627, -0.181715, -0.00232663
20.0858, 0.0328693, -0.00038725, -105.629, -1.53798, -1.35624, -0.181734, -0.0023271
20.0913, 0.0331944, -0.000108459, -105.569, -1.53797, -1.35622, -0.181754, -0.00232757
20.0968, 0.0330707, 0.000295984, -105.508, -1.53797, -1.3562, -0.181773, -0.00232804
20.1023, 0.0326536, 0.000338734, -105.448, -1.53796, -1.35617, -0.181792, -0.00232851
20.1078, 0.0324513, -3.13342e-05, -105.388, -1.53796, -1.35615, -0.181812, -0.00232898
20.1133, 0.0327129, -0.000368935, -105.327, -1.53795, -1.35612, -0.181831, -0.00232944
20.1188, 0.0331297, -0.000268634, -105.267, -1.53795, -1.3561, -0.18185, -0.00232991
20.1245, 0.0332006, 0.000164555, -105.204, -1.53794, -1.35607, -0.181871, -0.0023304
20.1302, 0.0328253, 0.000381561, -105.142, -1.53794, -1.35605, -0.181891, -0.00233088
20.136, 0.032491, 0.000104788, -105.079, -1.53793, -1.35602, -0.181911, -0.00233137
20.1417, 0.0326318, -0.000311554, -105.017, -1.53793, -1.356, -0.181931, -0.00233185
20.1474, 0.0330741, -0.00033561, -104.955, -1.53792, -1.35597, -0.181951, -0.00233234
20.1531, 0.0332599, 6.30329e-05, -104.892, -1.53792, -1.35595, -0.181971, -0.00233283
20.1588, 0.0329592, 0.000375991, -104.83, -1.53791, -1.35592, -0.181992, -0.00233331
20.1645, 0.0325618, 0.000204868, -104.768, -1.53791, -1.3559, -0.182012, -0.0023338
20.1702, 0.0325797, -0.000232345, -104.705, -1.5379, -1.35587, -0.182032, -0.00233428
20.1759, 0.0329964, -0.000379966, -104.643, -1.5379, -1.35585, -0.182052, -0.00233477
20.1817, 0.0332894, -5.08484e-05, -104.581, -1.53789, -1.35582, -0.182072, -0.00233525
20.1874, 0.0330937, 0.000337382, -104.519, -1.53789, -1.35579, -0.182093, -0.00233574
20.1931, 0.0326641, 0.000292977, -104.457, -1.53788, -1.35577, -0.182113, -0.00233623
20.1988, 0.0325508, -0.000127563, -104.395, -1.53788, -1.35574, -0.182133, -0.00233671
20.2045, 0.0329033, -0.000392448, -104.333, -1.53787, -1.35572, -0.182153, -0.0023372
20.2102, 0.0332826, -0.000167369, -104.271, -1.53787, -1.35569, -0.182174, -0.00233768
20.2159, 0.0332169, 0.000263429, -104.209, -1.53786, -1.35567, -0.182194, -0.00233817
20.2216, 0.0327957, 0.000357028, -104.147, -1.53786, -1.35564, -0.182214, -0.00233865
20.2274, 0.0325559, -4.11453e-06, -104.085, -1.53785, -1.35562, -0.182234, -0.00233914
20.2331, 0.0328053, -0.000365603, -104.024, -1.53785, -1.35559, -0.182255, -0.00233962
20.2388, 0.0332367, -0.000273435, -103.962, -1.53784, -1.35557, -0.182275, -0.00234011
20.2445, 0.0333153, 0.0001564, -103.9, -1.53784, -1.35554, -0.182295, -0.0023406
20.2502, 0.0329491, 0.000384927, -103.839, -1.53783, -1.35552, -0.182315, -0.00234108
20.2559, 0.0326035, 0.000126194, -103.777, -1.53783, -1.35549, -0.182336, -0.00234157
20.2616, 0.0327171, -0.000295826, -103.715, -1.53782, -1.35546, -0.182356, -0.00234205
20.2673, 0.0331539, -0.000353754, -103.654, -1.53782, -1.35544, -0.182376, -0.00234254
20.273, 0.033375, 2.44112e-05, -103.592, -1.53781, -1.35541, -0.182397, -0.00234302
20.2788, 0.0331113, 0.000366851, -103.531, -1.53781, -1.35539, -0.182417, -0.00234351
20.2845, 0.0326979, 0.000247114, -103.47, -1.5378, -1.35536, -0.182437, -0.00234399
20.2902, 0.0326557, -0.000185458, -103.408, -1.53779, -1.35534, -0.182458, -0.00234448
20.2959, 0.0330431, -0.000393011, -103.347, -1.53779, -1.35531, -0.182478, -0.00234496
20.3016, 0.0333852, -0.000118056, -103.286, -1.53778, -1.35529, -0.182498, -0.00234545
20.3073, 0.0332641, 0.00029801, -103.224, -1.53778, -1.35526, -0.182519, -0.00234593
20.313, 0.0328365, 0.000339612, -103.163, -1.53777, -1.35524, -0.182539, -0.00234642
20.3187, 0.0326382, -4.4422e-05, -103.102, -1.53777, -1.35521, -0.182559, -0.0023469
20.3245, 0.0329205, -0.000378963, -103.041, -1.53776, -1.35518, -0.18258, -0.00234739
20.3302, 0.0333406, -0.000250902, -102.98, -1.53776, -1.35516, -0.1826, -0.00234787
20.3359, 0.0333865, 0.00018138, -102.919, -1.53775, -1.35513, -0.182621, -0.00234836
20.3416, 0.0330081, 0.000384885, -102.858, -1.53775, -1.35511, -0.182641, -0.00234884
20.3473, 0.032678, 0.000109276, -102.797, -1.53774, -1.35508, -0.182661, -0.00234933
20.353, 0.0328083, -0.000306092, -102.736, -1.53774, -1.35506, -0.182682, -0.00234981
20.3587, 0.0332448, -0.000350821, -102.675, -1.53773, -1.35503, -0.182702, -0.0023503
20.3644, 0.0334578, 2.96584e-05, -102.614, -1.53773, -1.35501, -0.182723, -0.00235078
20.3702, 0.0331926, 0.000368536, -102.554, -1.53772, -1.35498, -0.182743, -0.00235127
20.3759, 0.0327807, 0.000250849, -102.493, -1.53772, -1.35495, -0.182764, -0.00235175
20.3816, 0.0327322, -0.000179029, -102.432, -1.53771, -1.35493, -0.182784, -0.00235224
20.3873, 0.0331124, -0.00039549, -102.371, -1.53771, -1.3549, -0.182804, -0.00235272
20.393, 0.0334629, -0.000134475, -102.311, -1.5377, -1.35488, -0.182825, -0.00235321
20.3987, 0.0333625, 0.000285284, -102.25, -1.5377, -1.35485, -0.182845, -0.00235369
20.4044, 0.0329401, 0.000352292, -102.19, -1.53769, -1.35483, -0.182866, -0.00235418
20.4101, 0.0327162, -1.46755e-05, -102.129, -1.53769, -1.3548, -0.182886, -0.00235466
20.4159, 0.032969, -0.000369128, -102.069, -1.53768, -1.35478, -0.182907, -0.00235515
20.4216, 0.0333972, -0.000280644, -102.008, -1.53768, -1.35475, -0.182927, -0.00235563
20.4273, 0.0334873, 0.000143031, -101.948, -1.53767, -1.35472, -0.182948, -0.00235612
20.433, 0.0331367, 0.000388179, -101.888, -1.53767, -1.3547, -0.182968, -0.0023566
20.4387, 0.0327762, 0.000158203, -101.827, -1.53766, -1.35467, -0.182989, -0.00235709
20.4444, 0.0328479, -0.000268357, -101.767, -1.53766, -1.35465, -0.183009, -0.00235757
20.4501, 0.0332709, -0.000376044, -101.707, -1.53765, -1.35462, -0.18303, -0.00235806
20.4558, 0.0335405, -3.52083e-05, -101.647, -1.53765, -1.3546, -0.18305, -0.00235854
20.4616, 0.033338, 0.000342872, -101.587, -1.53764, -1.35457, -0.183071, -0.00235903
20.4673, 0.0329137, 0.000302887, -101.527, -1.53764, -1.35455, -0.183092, -0.00235951
20.473, 0.0327844, -0.000106671, -101.466, -1.53763, -1.35452, -0.183112, -0.00235999
20.4787, 0.0331111, -0.000393313, -101.406, -1.53763, -1.35449, -0.183133, -0.00236048
20.4844, 0.0335074, -0.00021308, -101.346, -1.53762, -1.35447, -0.183153, -0.00236096
20.4901, 0.033504, 0.000217463, -101.287, -1.53762, -1.35444, -0.183174, -0.00236145
20.4958, 0.0331114, 0.000382351, -101.227, -1.53761, -1.35442, -0.183194, -0.00236193
20.5015, 0.0328058, 8.45364e-05, -101.167, -1.53761, -1.35439, -0.183215, -0.00236242
20.5073, 0.0329584, -0.000319551, -101.107, -1.5376, -1.35437, -0.183236, -0.0023629
20.513, 0.0333926, -0.000347303, -101.047, -1.5376, -1.35434, -0.183256, -0.00236339
20.5187, 0.0335962, 3.40169e-05, -100.988, -1.53759, -1.35432, -0.183277, -0.00236387
20.5244, 0.0333328, 0.000369646, -100.928, -1.53759, -1.35429, -0.183297, -0.00236435
20.5301, 0.0329224, 0.000260131, -100.868, -1.53758, -1.35426, -0.183318, -0.00236484
20.5361, 0.0328681, -0.000182408, -100.806, -1.53758, -1.35424, -0.18334, -0.00236535
20.542, 0.0332651, -0.000396484, -100.744, -1.53757, -1.35421, -0.183361, -0.00236585
20.548, 0.0336106, -0.000107689, -100.681, -1.53757, -1.35418, -0.183383, -0.00236636
20.554, 0.0334688, 0.000313598, -100.619, -1.53756, -1.35416, -0.183404, -0.00236686
20.56, 0.0330281, 0.000328105, -100.557, -1.53756, -1.35413, -0.183426, -0.00236737
20.5659, 0.0328589, -8.24103e-05, -100.495, -1.53755, -1.3541, -0.183447, -0.00236788
20.5719, 0.0331838, -0.000393389, -100.433, -1.53755, -1.35408, -0.183469, -0.00236838
20.5779, 0.0335945, -0.00020821, -100.371, -1.53754, -1.35405, -0.183491, -0.00236889
20.5838, 0.0335744, 0.000236783, -100.309, -1.53753, -1.35402, -0.183512, -0.00236939
20.5898, 0.033156, 0.000374975, -100.247, -1.53753, -1.354, -0.183534, -0.0023699
20.5958, 0.0328783, 3.0895e-05, -100.185, -1.53752, -1.35397, -0.183556, -0.0023704
20.6017, 0.0331005, -0.000358072, -100.124, -1.53752, -1.35394, -0.183577, -0.00237091
20.6077, 0.033547, -0.000298408, -100.062, -1.53751, -1.35392, -0.183599, -0.00237142
20.6137, 0.0336583, 0.000133919, -100, -1.53751, -1.35389, -0.183621, -0.00237192
20.6196, 0.0333005, 0.000391313, -99.9385, -1.5375, -1.35386, -0.183642, -0.00237243
20.6256, 0.0329329, 0.000148424, -99.8768, -1.5375, -1.35383, -0.183664, -0.00237293
20.6316, 0.0330265, -0.000287536, -99.8152, -1.53749, -1.35381, -0.183686, -0.00237344
20.6375, 0.0334694, -0.000366318, -99.7537, -1.53749, -1.35378, -0.183707, -0.00237395
20.6435, 0.0337096, 1.10862e-05, -99.6922, -1.53748, -1.35375, -0.183729, -0.00237445
20.6495, 0.0334515, 0.000369132, -99.6307, -1.53748, -1.35373, -0.183751, -0.00237496
20.6555, 0.0330266, 0.000257528, -99.5693, -1.53747, -1.3537, -0.183772, -0.00237546
20.6614, 0.0329754, -0.000183129, -99.5079, -1.53747, -1.35367, -0.183794, -0.00237597
20.6674, 0.0333684, -0.000399572, -99.4466, -1.53746, -1.35365, -0.183816, -0.00237647
20.6734, 0.0337191, -0.000120664, -99.3853, -1.53746, -1.35362, -0.183837, -0.00237698
20.6793, 0.0335949, 0.00030393, -99.3241, -1.53745, -1.35359, -0.183859, -0.00237748
20.6853, 0.033158, 0.00034299, -99.2629, -1.53745, -1.35357, -0.183881, -0.00237799
20.6913, 0.0329611, -5.19608e-05, -99.2017, -1.53744, -1.35354, -0.183903, -0.0023785
20.6972, 0.0332562, -0.000387614, -99.1406, -1.53744, -1.35351, -0.183924, -0.002379
20.7032, 0.0336814, -0.000245549, -99.0795, -1.53743, -1.35348, -0.183946, -0.00237951
20.7092, 0.0337136, 0.000196895, -99.0185, -1.53743, -1.35346, -0.183968, -0.00238001
20.7151, 0.0333194, 0.000389048, -98.9575, -1.53742, -1.35343, -0.18399, -0.00238052
20.7211, 0.0329956, 9.23453e-05, -98.8965, -1.53742, -1.3534, -0.184012, -0.00238102
20.7271, 0.0331505, -0.000324486, -98.8356, -1.53741, -1.35338, -0.184033, -0.00238153
20.7331, 0.033598, -0.000344492, -98.7747, -1.5374, -1.35335, -0.184055, -0.00238203
20.739, 0.03379, 5.67547e-05, -98.7139, -1.5374, -1.35332, -0.184077, -0.00238254
20.745, 0.0334956, 0.000382437, -98.6531, -1.53739, -1.3533, -0.184099, -0.00238304
20.751, 0.0330855, 0.000230114, -98.5924, -1.53739, -1.35327, -0.184121, -0.00238355
20.7569, 0.0330724, -0.000211737, -98.5317, -1.53738, -1.35324, -0.184142, -0.00238405
20.7629, 0.0334785, -0.000397966, -98.4711, -1.53738, -1.35321, -0.184164, -0.00238456
20.7689, 0.0338096, -9.94011e-05, -98.4104, -1.53737, -1.35319, -0.184186, -0.00238506
20.7748, 0.0336646, 0.00031613, -98.3499, -1.53737, -1.35316, -0.184208, -0.00238557
20.7808, 0.0332286, 0.000337765, -98.2894, -1.53736, -1.35313, -0.18423, -0.00238607
20.7868, 0.0330435, -6.06978e-05, -98.2289, -1.53736, -1.35311, -0.184252, -0.00238658
20.7927, 0.0333424, -0.000390167, -98.1684, -1.53735, -1.35308, -0.184274, -0.00238709
20.7987, 0.033765, -0.000247063, -98.108, -1.53735, -1.35305, -0.184295, -0.00238759
20.8047, 0.0338003, 0.000193041, -98.0477, -1.53734, -1.35303, -0.184317, -0.0023881
20.8106, 0.0334118, 0.000391858, -97.9874, -1.53734, -1.353, -0.184339, -0.0023886
20.8166, 0.0330806, 0.000106833, -97.9271, -1.53733, -1.35297, -0.184361, -0.00238911
20.8226, 0.0332169, -0.000313907, -97.8668, -1.53733, -1.35294, -0.184383, -0.00238961
20.8286, 0.0336605, -0.000357581, -97.8067, -1.53732, -1.35292, -0.184405, -0.00239012
20.8345, 0.0338774, 2.86065e-05, -97.7465, -1.53732, -1.35289, -0.184427, -0.00239062
20.8405, 0.0336104, 0.000374719, -97.6864, -1.53731, -1.35286, -0.184449, -0.00239112
20.8465, 0.0331905, 0.000260452, -97.6263, -1.53731, -1.35284, -0.184471, -0.00239163
20.8524, 0.0331334, -0.000175128, -97.5663, -1.5373, -1.35281, -0.184493, -0.00239213
20.8584, 0.0335143, -0.000403871, -97.5063, -1.5373, -1.35278, -0.184515, -0.00239264
20.8644, 0.0338777, -0.000149089, -97.4464, -1.53729, -1.35275, -0.184537, -0.00239314
20.8703, 0.0337906, 0.000280671, -97.3865, -1.53729, -1.35273, -0.184559, -0.00239365
20.8763, 0.0333647, 0.000366156, -97.3266, -1.53728, -1.3527, -0.184581, -0.00239415
20.8823, 0.0331205, 4.56345e-06, -97.2668, -1.53728, -1.35267, -0.184603, -0.00239466
20.8882, 0.0333582, -0.000367873, -97.2071, -1.53727, -1.35265, -0.184625, -0.00239516
20.8942, 0.0337974, -0.000302775, -97.1473, -1.53727, -1.35262, -0.184647, -0.00239567
20.9002, 0.0339159, 0.000121136, -97.0876, -1.53726, -1.35259, -0.184669, -0.00239617
20.9061, 0.0335778, 0.000394277, -97.028, -1.53726, -1.35256, -0.184691, -0.00239668
20.9121, 0.0331954, 0.000189046, -96.9684, -1.53725, -1.35254, -0.184713, -0.00239718
20.9181, 0.0332332, -0.00024808, -96.9088, -1.53725, -1.35251, -0.184735, -0.00239769
20.9241, 0.0336517, -0.000393492, -96.8493, -1.53724, -1.35248, -0.184757, -0.00239819
20.93, 0.033956, -7.35744e-05, -96.7898, -1.53723, -1.35246, -0.184779, -0.0023987
20.936, 0.0337888, 0.000328995, -96.7304, -1.53723, -1.35243, -0.184801, -0.0023992
20.942, 0.0333562, 0.000333709, -96.671, -1.53722, -1.3524, -0.184823, -0.0023997
20.9479, 0.0331803, -6.4644e-05, -96.6116, -1.53722, -1.35237, -0.184845, -0.00240021
20.9539, 0.0334763, -0.000391301, -96.5523, -1.53721, -1.35235, -0.184867, -0.00240071
20.9599, 0.0338978, -0.000257788, -96.493, -1.53721, -1.35232, -0.184889, -0.00240122
20.9661, 0.0339422, 0.000191518, -96.4316, -1.5372, -1.35229, -0.184912, -0.00240174
20.9722, 0.0335443, 0.000393365, -96.3703, -1.5372, -1.35226, -0.184935, -0.00240226
20.9784, 0.0332133, 9.31964e-05, -96.309, -1.53719, -1.35224, -0.184958, -0.00240279
20.9846, 0.0333731, -0.000330121, -96.2478, -1.53719, -1.35221, -0.184981, -0.00240331
20.9908, 0.0338287, -0.000343381, -96.1866, -1.53718, -1.35218, -0.185004, -0.00240383
20.997, 0.0340133, 6.97412e-05, -96.1255, -1.53718, -1.35215, -0.185027, -0.00240435
21.0032, 0.0337019, 0.000389782, -96.0644, -1.53717, -1.35212, -0.18505, -0.00240488
21.0093, 0.0332923, 0.000215139, -96.0033, -1.53717, -1.35209, -0.185072, -0.0024054
21.0155, 0.0333047, -0.000234806, -95.9423, -1.53716, -1.35207, -0.185095, -0.00240592
21.0217, 0.0337298, -0.000396357, -95.8813, -1.53716, -1.35204, -0.185118, -0.00240644
21.0279, 0.0340421, -6.76928e-05, -95.8204, -1.53715, -1.35201, -0.185141, -0.00240696
21.0341, 0.033858, 0.000340096, -95.7595, -1.53715, -1.35198, -0.185164, -0.00240749
21.0403, 0.0334143, 0.000317995, -95.6987, -1.53714, -1.35195, -0.185187, -0.00240801
21.0464, 0.0332709, -0.000106056, -95.6379, -1.53714, -1.35193, -0.18521, -0.00240853
21.0526, 0.0336127, -0.000403647, -95.5772, -1.53713, -1.3519, -0.185233, -0.00240905
21.0588, 0.0340205, -0.000204738, -95.5165, -1.53713, -1.35187, -0.185256, -0.00240958
21.065, 0.0339942, 0.000243082, -95.4558, -1.53712, -1.35184, -0.185279, -0.0024101
21.0712, 0.0335733, 0.000383818, -95.3952, -1.53711, -1.35181, -0.185302, -0.00241062
21.0774, 0.0332864, 4.32904e-05, -95.3346, -1.53711, -1.35178, -0.185325, -0.00241114
21.0835, 0.0334952, -0.000356395, -95.2741, -1.5371, -1.35176, -0.185348, -0.00241166
21.0897, 0.0339474, -0.000320831, -95.2136, -1.5371, -1.35173, -0.185371, -0.00241219
21.0959, 0.0340906, 0.000105634, -95.1531, -1.53709, -1.3517, -0.185394, -0.00241271
21.1021, 0.0337548, 0.000396342, -95.0927, -1.53709, -1.35167, -0.185418, -0.00241323
21.1083, 0.0333609, 0.000193069, -95.0324, -1.53708, -1.35164, -0.185441, -0.00241375
21.1145, 0.0334003, -0.000253426, -94.972, -1.53708, -1.35161, -0.185464, -0.00241427
21.1206, 0.0338306, -0.000393763, -94.9118, -1.53707, -1.35159, -0.185487, -0.0024148
21.1268, 0.0341292, -5.58313e-05, -94.8515, -1.53707, -1.35156, -0.18551, -0.00241532
21.133, 0.0339362, 0.000345217, -94.7914, -1.53706, -1.35153, -0.185533, -0.00241584
21.1392, 0.033495, 0.000317732, -94.7312, -1.53706, -1.3515, -0.185556, -0.00241636
21.1454, 0.0333525, -0.000104218, -94.6711, -1.53705, -1.35147, -0.185579, -0.00241688
21.1516, 0.033689, -0.000404205, -94.6111, -1.53705, -1.35144, -0.185602, -0.00241741
21.1577, 0.0340993, -0.00021588, -94.551, -1.53704, -1.35142, -0.185625, -0.00241793
21.1639, 0.0340891, 0.000230471, -94.4911, -1.53704, -1.35139, -0.185649, -0.00241845
21.1701, 0.0336775, 0.00039055, -94.4311, -1.53703, -1.35136, -0.185672, -0.00241897
21.1763, 0.0333724, 6.97455e-05, -94.3713, -1.53703, -1.35133, -0.185695, -0.00241949
21.1825, 0.0335511, -0.000341325, -94.3114, -1.53702, -1.3513, -0.185718, -0.00242001
21.1887, 0.0340023, -0.000343225, -94.2516, -1.53702, -1.35127, -0.185741, -0.00242054
21.1948, 0.0341846, 6.59371e-05, -94.1919, -1.53701, -1.35125, -0.185764, -0.00242106
21.201, 0.0338836, 0.000389835, -94.1321, -1.53701, -1.35122, -0.185788, -0.00242158
21.2072, 0.0334705, 0.000236428, -94.0725, -1.537, -1.35119, -0.185811, -0.0024221
21.2134, 0.0334512, -0.000208285, -94.0128, -1.53699, -1.35116, -0.185834, -0.00242262
21.2196, 0.0338549, -0.000406831, -93.9533, -1.53699, -1.35113, -0.185857, -0.00242314
21.2258, 0.0342003, -0.000119907, -93.8937, -1.53698, -1.3511, -0.18588, -0.00242367
21.2319, 0.0340775, 0.000306185, -93.8342, -1.53698, -1.35108, -0.185904, -0.00242419
21.2381, 0.033641, 0.000358355, -93.7747, -1.53697, -1.35105, -0.185927, -0.00242471
21.2443, 0.0334223, -2.57414e-05, -93.7153, -1.53697, -1.35102, -0.18595, -0.00242523
21.2505, 0.03369, -0.000384304, -93.656, -1.53696, -1.35099, -0.185973, -0.00242575
21.2567, 0.0341287, -0.000287169, -93.5966, -1.53696, -1.35096, -0.185997, -0.00242627
21.2629, 0.0342186, 0.000148775, -93.5373, -1.53695, -1.35093, -0.18602, -0.00242679
21.269, 0.0338587, 0.000401317, -93.4781, -1.53695, -1.35091, -0.186043, -0.00242732
21.2752, 0.0334859, 0.000168685, -93.4189, -1.53694, -1.35088, -0.186067, -0.00242784
21.2814, 0.0335518, -0.000270761, -93.3597, -1.53694, -1.35085, -0.18609, -0.00242836
21.2876, 0.0339833, -0.000392536, -93.3006, -1.53693, -1.35082, -0.186113, -0.00242888
21.2938, 0.0342721, -5.18657e-05, -93.2415, -1.53693, -1.35079, -0.186136, -0.0024294
21.3, 0.0340806, 0.000345243, -93.1825, -1.53692, -1.35076, -0.18616, -0.00242992
21.3061, 0.0336432, 0.000326575, -93.1235, -1.53692, -1.35073, -0.186183, -0.00243044
21.3123, 0.0334858, -8.52497e-05, -93.0645, -1.53691, -1.35071, -0.186206, -0.00243096
21.3185, 0.0338008, -0.00040126, -93.0056, -1.53691, -1.35068, -0.18623, -0.00243148
21.3247, 0.0342207, -0.000247102, -92.9468, -1.5369, -1.35065, -0.186253, -0.00243201
21.3309, 0.0342544, 0.000194245, -92.8879, -1.5369, -1.35062, -0.186277, -0.00243253
21.3371, 0.0338686, 0.000400667, -92.8291, -1.53689, -1.35059, -0.1863, -0.00243305
21.3432, 0.0335254, 0.000128648, -92.7704, -1.53689, -1.35056, -0.186323, -0.00243357
21.3494, 0.0336357, -0.000300406, -92.7117, -1.53688, -1.35053, -0.186347, -0.00243409
21.3559, 0.0340941, -0.000372509, -92.6505, -1.53688, -1.3505, -0.186371, -0.00243463
21.3623, 0.0343319, 2.28681e-05, -92.5893, -1.53687, -1.35048, -0.186395, -0.00243518
21.3688, 0.0340544, 0.000383665, -92.5281, -1.53687, -1.35045, -0.18642, -0.00243572
21.3752, 0.0336205, 0.000252671, -92.467, -1.53686, -1.35042, -0.186444, -0.00243627
21.3817, 0.0335864, -0.000203861, -92.406, -1.53685, -1.35039, -0.186469, -0.00243681
21.3882, 0.0340016, -0.000408427, -92.345, -1.53685, -1.35036, -0.186493, -0.00243735
21.3946, 0.0343481, -0.000102914, -92.284, -1.53684, -1.35033, -0.186518, -0.0024379
21.4011, 0.0341956, 0.000326841, -92.2231, -1.53684, -1.3503, -0.186542, -0.00243844
21.4075, 0.0337435, 0.000339266, -92.1622, -1.53683, -1.35027, -0.186567, -0.00243898
21.414, 0.0335676, -8.0895e-05, -92.1014, -1.53683, -1.35024, -0.186591, -0.00243953
21.4204, 0.0338956, -0.000405109, -92.0406, -1.53682, -1.35021, -0.186616, -0.00244007
21.4269, 0.0343219, -0.00022641, -91.9799, -1.53682, -1.35018, -0.18664, -0.00244061
21.4333, 0.0343184, 0.000230634, -91.9192, -1.53681, -1.35015, -0.186665, -0.00244116
21.4398, 0.0338967, 0.000393276, -91.8585, -1.53681, -1.35012, -0.186689, -0.0024417
21.4462, 0.0335914, 5.83067e-05, -91.7979, -1.5368, -1.35009, -0.186714, -0.00244225
21.4527, 0.0337906, -0.000355206, -91.7374, -1.5368, -1.35006, -0.186738, -0.00244279
21.4592, 0.0342518, -0.000331042, -91.6769, -1.53679, -1.35003, -0.186763, -0.00244333
21.4656, 0.0344065, 0.000100251, -91.6164, -1.53679, -1.35, -0.186788, -0.00244388
21.4721, 0.0340688, 0.0004012, -91.556, -1.53678, -1.34997, -0.186812, -0.00244442
21.4785, 0.033666, 0.000197599, -91.4956, -1.53677, -1.34994, -0.186837, -0.00244496
21.485, 0.0337051, -0.000257113, -91.4353, -1.53677, -1.34991, -0.186861, -0.00244551
21.4914, 0.0341438, -0.00039843, -91.375, -1.53676, -1.34988, -0.186886, -0.00244605
21.4979, 0.0344445, -5.1502e-05, -91.3148, -1.53676, -1.34985, -0.18691, -0.00244659
21.5043, 0.0342417, 0.000353683, -91.2546, -1.53675, -1.34982, -0.186935, -0.00244714
21.5108, 0.0337932, 0.000316024, -91.1944, -1.53675, -1.34979, -0.18696, -0.00244768
21.5173, 0.0336598, -0.000117525, -91.1343, -1.53674, -1.34976, -0.186984, -0.00244822
21.5237, 0.0340122, -0.000411707, -91.0742, -1.53674, -1.34973, -0.187009, -0.00244877
21.5302, 0.0344223, -0.000204158, -91.0142, -1.53673, -1.3497, -0.187034, -0.00244931
21.5366, 0.0343917, 0.000249162, -90.9542, -1.53673, -1.34967, -0.187058, -0.00244985
21.5431, 0.0339651, 0.000390707, -90.8943, -1.53672, -1.34964, -0.187083, -0.00245039
21.5495, 0.0336731, 4.69875e-05, -90.8344, -1.53672, -1.34961, -0.187108, -0.00245094
21.556, 0.0338803, -0.000359933, -90.7746, -1.53671, -1.34958, -0.187132, -0.00245148
21.5624, 0.0343388, -0.000331491, -90.7148, -1.53671, -1.34955, -0.187157, -0.00245202
21.5689, 0.0344938, 9.70612e-05, -90.655, -1.5367, -1.34952, -0.187182, -0.00245257
21.5753, 0.0341626, 0.000401535, -90.5953, -1.5367, -1.34949, -0.187207, -0.00245311
21.5818, 0.0337565, 0.000210369, -90.5357, -1.53669, -1.34946, -0.187231, -0.00245365
21.5883, 0.0337772, -0.000242825, -90.476, -1.53668, -1.34943, -0.187256, -0.0024542
21.5947, 0.0342054, -0.000405826, -90.4165, -1.53668, -1.3494, -0.187281, -0.00245474
21.6012, 0.0345263, -8.0653e-05, -90.3569, -1.53667, -1.34937, -0.187305, -0.00245528
21.6076, 0.0343564, 0.000337072, -90.2974, -1.53667, -1.34934, -0.18733, -0.00245582
21.6141, 0.0339089, 0.000340284, -90.238, -1.53666, -1.34931, -0.187355, -0.00245637
21.6205, 0.0337329, -7.44691e-05, -90.1786, -1.53666, -1.34928, -0.18738, -0.00245691
21.627, 0.0340476, -0.00040456, -90.1192, -1.53665, -1.34925, -0.187405, -0.00245745
21.6334, 0.0344782, -0.000250876, -90.0599, -1.53665, -1.34922, -0.187429, -0.002458
21.6399, 0.0345108, 0.000200414, -90.0007, -1.53664, -1.34919, -0.187454, -0.00245854
21.6463, 0.0341129, 0.000404484, -89.9414, -1.53664, -1.34916, -0.187479, -0.00245908
21.6528, 0.0337707, 0.00011567, -89.8823, -1.53663, -1.34913, -0.187504, -0.00245962
21.6593, 0.0339025, -0.000317838, -89.8231, -1.53663, -1.3491, -0.187529, -0.00246017
21.6657, 0.0343556, -0.000374671, -89.764, -1.53662, -1.34907, -0.187553, -0.00246071
21.6722, 0.0345918, 1.3007e-05, -89.705, -1.53662, -1.34904, -0.187578, -0.00246125
21.6786, 0.0343343, 0.000379684, -89.646, -1.53661, -1.34901, -0.187603, -0.00246179
21.6851, 0.0338985, 0.000286069, -89.587, -1.53661, -1.34898, -0.187628, -0.00246234
21.6915, 0.0338123, -0.000155299, -89.5281, -1.5366, -1.34895, -0.187653, -0.00246288
21.698, 0.0341847, -0.000416471, -89.4692, -1.5366, -1.34892, -0.187678, -0.00246342
21.7044, 0.0345768, -0.00018584, -89.4104, -1.53659, -1.34889, -0.187703, -0.00246396
21.7109, 0.0345272, 0.000261015, -89.3516, -1.53658, -1.34886, -0.187728, -0.00246451
21.7174, 0.0341018, 0.000391604, -89.2928, -1.53658, -1.34883, -0.187752, -0.00246505
21.7238, 0.0338133, 5.09217e-05, -89.2341, -1.53657, -1.3488, -0.187777, -0.00246559
21.7303, 0.0340106, -0.000355663, -89.1755, -1.53657, -1.34877, -0.187802, -0.00246613
21.7367, 0.0344652, -0.000345497, -89.1169, -1.53656, -1.34874, -0.187827, -0.00246668
21.7432, 0.034644, 6.88889e-05, -89.0583, -1.53656, -1.34871, -0.187852, -0.00246722
21.7496, 0.0343419, 0.000396344, -88.9998, -1.53655, -1.34868, -0.187877, -0.00246776
21.7561, 0.0339228, 0.000249673, -88.9413, -1.53655, -1.34865, -0.187902, -0.0024683
21.7625, 0.0338882, -0.000197307, -88.8828, -1.53654, -1.34862, -0.187927, -0.00246884
21.769, 0.0342846, -0.000416828, -88.8244, -1.53654, -1.34859, -0.187952, -0.00246939
21.7754, 0.0346504, -0.000150429, -88.7661, -1.53653, -1.34856, -0.187977, -0.00246993
21.7819, 0.0345612, 0.000287714, -88.7078, -1.53653, -1.34853, -0.188002, -0.00247047
21.7886, 0.0341108, 0.000375034, -88.6471, -1.53652, -1.34849, -0.188028, -0.00247103
21.7953, 0.0338666, -1.60905e-05, -88.5865, -1.53652, -1.34846, -0.188054, -0.0024716
21.8021, 0.0341427, -0.000392765, -88.526, -1.53651, -1.34843, -0.18808, -0.00247216
21.8088, 0.0345982, -0.000281339, -88.4655, -1.53651, -1.3484, -0.188106, -0.00247273
21.8155, 0.0346677, 0.000177762, -88.405, -1.5365, -1.34837, -0.188132, -0.00247329
21.8222, 0.0342711, 0.000408272, -88.3446, -1.53649, -1.34834, -0.188158, -0.00247385
21.8289, 0.0339126, 0.000121601, -88.2843, -1.53649, -1.3483, -0.188184, -0.00247442
21.8356, 0.0340475, -0.000322992, -88.224, -1.53648, -1.34827, -0.188211, -0.00247498
21.8424, 0.0345135, -0.000369649, -88.1637, -1.53648, -1.34824, -0.188237, -0.00247555
21.8491, 0.0347352, 3.94752e-05, -88.1035, -1.53647, -1.34821, -0.188263, -0.00247611
21.8558, 0.0344431, 0.000393788, -88.0433, -1.53647, -1.34818, -0.188289, -0.00247667
21.8625, 0.0340083, 0.00025209, -87.9832, -1.53646, -1.34815, -0.188315, -0.00247724
21.8692, 0.0339784, -0.00020886, -87.9231, -1.53646, -1.34812, -0.188341, -0.0024778
21.8759, 0.0343969, -0.000416068, -87.8631, -1.53645, -1.34808, -0.188367, -0.00247837
21.8827, 0.0347507, -0.00011268, -87.8031, -1.53645, -1.34805, -0.188393, -0.00247893
21.8894, 0.034608, 0.000324768, -87.7431, -1.53644, -1.34802, -0.18842, -0.00247949
21.8961, 0.0341527, 0.000354635, -87.6832, -1.53644, -1.34799, -0.188446, -0.00248006
21.9028, 0.0339547, -5.95798e-05, -87.6234, -1.53643, -1.34796, -0.188472, -0.00248062
21.9095, 0.0342648, -0.000405914, -87.5636, -1.53642, -1.34793, -0.188498, -0.00248118
21.9162, 0.0347067, -0.000257281, -87.5038, -1.53642, -1.3479, -0.188524, -0.00248175
21.923, 0.0347425, 0.000202695, -87.4441, -1.53641, -1.34786, -0.188551, -0.00248231
21.9297, 0.0343352, 0.000407736, -87.3844, -1.53641, -1.34783, -0.188577, -0.00248287
21.9364, 0.0339923, 0.000106138, -87.3248, -1.5364, -1.3478, -0.188603, -0.00248344
21.9431, 0.0341413, -0.000331372, -87.2652, -1.5364, -1.34777, -0.188629, -0.002484
21.9498, 0.0346055, -0.000368298, -87.2057, -1.53639, -1.34774, -0.188656, -0.00248456
21.9566, 0.0348227, 4.01391e-05, -87.1462, -1.53639, -1.34771, -0.188682, -0.00248513
21.9633, 0.0345342, 0.000393955, -87.0867, -1.53638, -1.34767, -0.188708, -0.00248569
21.97, 0.0340994, 0.000261033, -87.0274, -1.53638, -1.34764, -0.188734, -0.00248625
21.9767, 0.0340555, -0.000195931, -86.968, -1.53637, -1.34761, -0.188761, -0.00248682
21.9834, 0.034462, -0.000419766, -86.9087, -1.53637, -1.34758, -0.188787, -0.00248738
21.9901, 0.0348303, -0.000138316, -86.8494, -1.53636, -1.34755, -0.188813, -0.00248794
21.9969, 0.0347191, 0.000305737, -86.7902, -1.53636, -1.34752, -0.18884, -0.00248851
22.0036, 0.0342706, 0.000373093, -86.731, -1.53635, -1.34748, -0.188866, -0.00248907
22.0103, 0.0340353, -1.75047e-05, -86.6719, -1.53634, -1.34745, -0.188892, -0.00248963
22.017, 0.0343046, -0.000392473, -86.6128, -1.53634, -1.34742, -0.188919, -0.0024902
22.0237, 0.0347585, -0.00029824, -86.5538, -1.53633, -1.34739, -0.188945, -0.00249076
22.0304, 0.0348549, 0.000150808, -86.4948, -1.53633, -1.34736, -0.188971, -0.00249132
22.0372, 0.0344842, 0.00041238, -86.4359, -1.53632, -1.34733, -0.188998, -0.00249189
22.0439, 0.0341003, 0.000171422, -86.377, -1.53632, -1.34729, -0.189024, -0.00249245
22.0506, 0.0341717, -0.000281422, -86.3181, -1.53631, -1.34726, -0.18905, -0.00249301
22.0573, 0.0346184, -0.000401429, -86.2593, -1.53631, -1.34723, -0.189077, -0.00249358
22.064, 0.03491, -4.48674e-05, -86.2005, -1.5363, -1.3472, -0.189103, -0.00249414
22.0707, 0.0347032, 0.000360034, -86.1418, -1.5363, -1.34717, -0.18913, -0.0024947
22.0775, 0.0342528, 0.00032815, -86.0831, -1.53629, -1.34714, -0.189156, -0.00249526
22.0842, 0.0341042, -0.000101861, -86.0245, -1.53629, -1.3471, -0.189183, -0.00249583
22.0909, 0.0344411, -0.000415634, -85.9659, -1.53628, -1.34707, -0.189209, -0.00249639
22.0976, 0.0348671, -0.000238778, -85.9074, -1.53628, -1.34704, -0.189235, -0.00249695
22.1043, 0.0348805, 0.000217283, -85.8489, -1.53627, -1.34701, -0.189262, -0.00249751
22.111, 0.0344722, 0.000409168, -85.7904, -1.53626, -1.34698, -0.189288, -0.00249808
22.1178, 0.0341346, 0.000108981, -85.732, -1.53626, -1.34694, -0.189315, -0.00249864
22.1245, 0.0342749, -0.000326115, -85.6737, -1.53625, -1.34691, -0.189341, -0.0024992
22.1312, 0.0347324, -0.000379759, -85.6153, -1.53625, -1.34688, -0.189368, -0.00249977
22.1379, 0.0349708, 1.11571e-05, -85.5571, -1.53624, -1.34685, -0.189394, -0.00250033
22.1446, 0.0347146, 0.000383436, -85.4988, -1.53624, -1.34682, -0.189421, -0.00250089
22.1513, 0.0342734, 0.000297031, -85.4406, -1.53623, -1.34679, -0.189448, -0.00250145
22.1581, 0.0341746, -0.000145489, -85.3825, -1.53623, -1.34675, -0.189474, -0.00250202
22.1648, 0.0345405, -0.000421862, -85.3244, -1.53622, -1.34672, -0.189501, -0.00250258
22.1715, 0.0349459, -0.000206783, -85.2663, -1.53622, -1.34669, -0.189527, -0.00250314
22.1782, 0.0349199, 0.000246137, -85.2083, -1.53621, -1.34666, -0.189554, -0.0025037
22.1849, 0.0344999, 0.000404453, -85.1504, -1.53621, -1.34663, -0.18958, -0.00250427
22.1917, 0.0341854, 8.27425e-05, -85.0924, -1.5362, -1.34659, -0.189607, -0.00250483
22.1984, 0.0343511, -0.000341333, -85.0346, -1.5362, -1.34656, -0.189634, -0.00250539
22.2051, 0.0348085, -0.000371202, -84.9767, -1.53619, -1.34653, -0.18966, -0.00250595
22.2118, 0.0350287, 2.75698e-05, -84.9189, -1.53619, -1.3465, -0.189687, -0.00250652
22.2185, 0.0347609, 0.000388756, -84.8612, -1.53618, -1.34647, -0.189713, -0.00250708
22.2252, 0.0343242, 0.000291116, -84.8035, -1.53617, -1.34643, -0.18974, -0.00250764
22.2322, 0.0342407, -0.000168058, -84.7436, -1.53617, -1.3464, -0.189768, -0.00250822
22.2392, 0.0346374, -0.00042402, -84.6838, -1.53616, -1.34637, -0.189795, -0.00250881
22.2462, 0.0350278, -0.000159036, -84.6241, -1.53616, -1.34634, -0.189823, -0.00250939
22.2531, 0.0349344, 0.00029758, -84.5643, -1.53615, -1.3463, -0.189851, -0.00250997
22.2601, 0.0344801, 0.000379829, -84.5047, -1.53615, -1.34627, -0.189879, -0.00251056
22.2671, 0.0342343, -1.36671e-05, -84.4451, -1.53614, -1.34624, -0.189906, -0.00251114
22.2741, 0.0345073, -0.00039603, -84.3855, -1.53614, -1.3462, -0.189934, -0.00251172
22.281, 0.0349683, -0.000295268, -84.326, -1.53613, -1.34617, -0.189962, -0.00251231
22.288, 0.0350553, 0.000163854, -84.2665, -1.53613, -1.34614, -0.18999, -0.00251289
22.295, 0.0346684, 0.000415593, -84.207, -1.53612, -1.3461, -0.190017, -0.00251348
22.3019, 0.0342906, 0.000150586, -84.1476, -1.53612, -1.34607, -0.190045, -0.00251406
22.3089, 0.0343926, -0.000305086, -84.0883, -1.53611, -1.34604, -0.190073, -0.00251464
22.3159, 0.0348554, -0.000392219, -84.029, -1.5361, -1.346, -0.190101, -0.00251523
22.3229, 0.0351182, -4.47596e-06, -83.9698, -1.5361, -1.34597, -0.190128, -0.00251581
22.3298, 0.0348664, 0.000383133, -83.9106, -1.53609, -1.34594, -0.190156, -0.00251639
22.3368, 0.0344148, 0.000296895, -83.8514, -1.53609, -1.3459, -0.190184, -0.00251697
22.3438, 0.0343216, -0.000157384, -83.7923, -1.53608, -1.34587, -0.190212, -0.00251756
22.3508, 0.0347065, -0.000425482, -83.7332, -1.53608, -1.34584, -0.19024, -0.00251814
22.3577, 0.035107, -0.000181191, -83.6742, -1.53607, -1.3458, -0.190268, -0.00251872
22.3647, 0.0350426, 0.000277827, -83.6153, -1.53607, -1.34577, -0.190296, -0.00251931
22.3717, 0.0345986, 0.000393844, -83.5563, -1.53606, -1.34574, -0.190323, -0.00251989
22.3787, 0.0343206, 2.65323e-05, -83.4975, -1.53606, -1.3457, -0.190351, -0.00252047
22.3856, 0.0345517, -0.000378557, -83.4386, -1.53605, -1.34567, -0.190379, -0.00252106
22.3926, 0.0350182, -0.000331246, -83.3798, -1.53604, -1.34564, -0.190407, -0.00252164
22.3996, 0.0351626, 0.000110756, -83.3211, -1.53604, -1.3456, -0.190435, -0.00252222
22.4066, 0.0348176, 0.000413522, -83.2624, -1.53603, -1.34557, -0.190463, -0.00252281
22.4135, 0.034406, 0.000212262, -83.2038, -1.53603, -1.34554, -0.190491, -0.00252339
22.4205, 0.0344301, -0.000250126, -83.1452, -1.53602, -1.3455, -0.190519, -0.00252397
22.4275, 0.0348667, -0.000417365, -83.0866, -1.53602, -1.34547, -0.190547, -0.00252455
22.4344, 0.0351976, -8.8979e-05, -83.0281, -1.53601, -1.34544, -0.190575, -0.00252514
22.4414, 0.0350324, 0.000340575, -82.9696, -1.53601, -1.3454, -0.190603, -0.00252572
22.4484, 0.0345761, 0.000356626, -82.9112, -1.536, -1.34537, -0.190631, -0.0025263
22.4554, 0.0343814, -5.95254e-05, -82.8529, -1.536, -1.34534, -0.190659, -0.00252688
22.4623, 0.034687, -0.000410109, -82.7945, -1.53599, -1.3453, -0.190687, -0.00252747
22.4693, 0.035134, -0.000276834, -82.7363, -1.53599, -1.34527, -0.190715, -0.00252805
22.4763, 0.035196, 0.000180857, -82.678, -1.53598, -1.34524, -0.190743, -0.00252863
22.4833, 0.0348059, 0.00041774, -82.6198, -1.53597, -1.3452, -0.190771, -0.00252922
22.4902, 0.0344345, 0.000152462, -82.5617, -1.53597, -1.34517, -0.190799, -0.0025298
22.4972, 0.0345291, -0.000299365, -82.5036, -1.53596, -1.34514, -0.190827, -0.00253038
22.5042, 0.0349833, -0.00040169, -82.4456, -1.53596, -1.3451, -0.190855, -0.00253096
22.5112, 0.035265, -3.37587e-05, -82.3876, -1.53595, -1.34507, -0.190883, -0.00253155
22.5181, 0.0350476, 0.000368604, -82.3296, -1.53595, -1.34504, -0.190911, -0.00253213
22.5251, 0.0345948, 0.000329987, -82.2717, -1.53594, -1.345, -0.190939, -0.00253271
22.5321, 0.0344476, -0.000103487, -82.2138, -1.53594, -1.34497, -0.190967, -0.00253329
22.5391, 0.0347854, -0.00042048, -82.156, -1.53593, -1.34494, -0.190996, -0.00253387
22.546, 0.0352162, -0.000248044, -82.0982, -1.53593, -1.3449, -0.191024, -0.00253446
22.553, 0.0352398, 0.000210494, -82.0405, -1.53592, -1.34487, -0.191052, -0.00253504
22.56, 0.0348353, 0.000416424, -81.9828, -1.53592, -1.34484, -0.19108, -0.00253562
22.5669, 0.0344838, 0.000128603, -81.9252, -1.53591, -1.3448, -0.191108, -0.0025362
22.5739, 0.0346031, -0.000315269, -81.8676, -1.53591, -1.34477, -0.191136, -0.00253679
22.5811, 0.0350758, -0.000388674, -81.8079, -1.5359, -1.34473, -0.191166, -0.00253739
22.5884, 0.0353255, 1.61708e-05, -81.7483, -1.53589, -1.3447, -0.191195, -0.00253799
22.5956, 0.0350487, 0.000395169, -81.6887, -1.53589, -1.34466, -0.191224, -0.0025386
22.6028, 0.0345967, 0.000277548, -81.6292, -1.53588, -1.34463, -0.191253, -0.0025392
22.6101, 0.0345373, -0.000190208, -81.5697, -1.53588, -1.34459, -0.191283, -0.0025398
22.6173, 0.0349505, -0.000428144, -81.5103, -1.53587, -1.34456, -0.191312, -0.00254041
22.6245, 0.0353313, -0.000142098, -81.451, -1.53587, -1.34453, -0.191341, -0.00254101
22.6318, 0.0352159, 0.000313825, -81.3916, -1.53586, -1.34449, -0.191371, -0.00254161
22.639, 0.0347542, 0.000376718, -81.3324, -1.53586, -1.34446, -0.1914, -0.00254222
22.6462, 0.0345224, -3.04882e-05, -81.2731, -1.53585, -1.34442, -0.191429, -0.00254282
22.6534, 0.0348124, -0.000405963, -81.214, -1.53584, -1.34439, -0.191459, -0.00254342
22.6607, 0.0352738, -0.000288119, -81.1548, -1.53584, -1.34435, -0.191488, -0.00254403
22.6679, 0.0353466, 0.000177766, -81.0957, -1.53583, -1.34432, -0.191517, -0.00254463
22.6751, 0.0349487, 0.000419981, -81.0367, -1.53583, -1.34428, -0.191547, -0.00254523
22.6824, 0.0345747, 0.000142153, -80.9777, -1.53582, -1.34425, -0.191576, -0.00254583
22.6896, 0.0346887, -0.00031529, -80.9188, -1.53582, -1.34421, -0.191605, -0.00254644
22.6968, 0.0351576, -0.000393358, -80.8599, -1.53581, -1.34418, -0.191635, -0.00254704
22.7041, 0.0354157, 2.72941e-06, -80.801, -1.53581, -1.34414, -0.191664, -0.00254764
22.7113, 0.0351554, 0.000389822, -80.7423, -1.5358, -1.34411, -0.191694, -0.00254825
22.7185, 0.0347008, 0.00029692, -80.6835, -1.5358, -1.34407, -0.191723, -0.00254885
22.7257, 0.0346112, -0.000162499, -80.6248, -1.53579, -1.34404, -0.191752, -0.00254945
22.733, 0.0350015, -0.000430419, -80.5661, -1.53578, -1.344, -0.191782, -0.00255006
22.7402, 0.0354047, -0.000182339, -80.5075, -1.53578, -1.34397, -0.191811, -0.00255066
22.7474, 0.0353393, 0.000280805, -80.449, -1.53577, -1.34393, -0.191841, -0.00255126
22.7547, 0.0348915, 0.000398833, -80.3905, -1.53577, -1.3439, -0.19187, -0.00255186
22.7619, 0.0346091, 2.9668e-05, -80.332, -1.53576, -1.34386, -0.1919, -0.00255247
22.7691, 0.034839, -0.000380942, -80.2736, -1.53576, -1.34383, -0.191929, -0.00255307
22.7763, 0.0353102, -0.00033847, -80.2152, -1.53575, -1.34379, -0.191959, -0.00255367
22.7836, 0.0354624, 0.000105435, -80.1569, -1.53575, -1.34376, -0.191988, -0.00255427
22.7908, 0.0351196, 0.000417076, -80.0986, -1.53574, -1.34372, -0.192018, -0.00255488
22.798, 0.0347003, 0.00022278, -80.0404, -1.53574, -1.34369, -0.192048, -0.00255548
22.8053, 0.0347134, -0.000244041, -79.9822, -1.53573, -1.34365, -0.192077, -0.00255608
22.8125, 0.0351492, -0.000424502, -79.9241, -1.53572, -1.34362, -0.192107, -0.00255668
22.8197, 0.0354929, -0.000103332, -79.866, -1.53572, -1.34358, -0.192136, -0.00255729
22.827, 0.035341, 0.000335548, -79.808, -1.53571, -1.34355, -0.192166, -0.00255789
22.8342, 0.0348816, 0.000368913, -79.75, -1.53571, -1.34351, -0.192196, -0.00255849
22.8414, 0.0346684, -4.24306e-05, -79.692, -1.5357, -1.34348, -0.192225, -0.00255909
22.8486, 0.034961, -0.000408923, -79.6341, -1.5357, -1.34344, -0.192255, -0.0025597
22.8559, 0.0354178, -0.000295521, -79.5763, -1.53569, -1.34341, -0.192285, -0.0025603
22.8631, 0.0355034, 0.000162692, -79.5185, -1.53569, -1.34337, -0.192314, -0.0025609
22.8703, 0.0351233, 0.000422677, -79.4607, -1.53568, -1.34334, -0.192344, -0.0025615
22.8776, 0.0347341, 0.000177234, -79.403, -1.53568, -1.3433, -0.192374, -0.0025621
22.8848, 0.0348018, -0.000283089, -79.3453, -1.53567, -1.34327, -0.192403, -0.00256271
22.892, 0.0352524, -0.00041504, -79.2877, -1.53566, -1.34323, -0.192433, -0.00256331
22.8992, 0.0355609, -6.3616e-05, -79.2301, -1.53566, -1.3432, -0.192463, -0.00256391
22.9065, 0.035371, 0.000357096, -79.1726, -1.53565, -1.34316, -0.192492, -0.00256451
22.9137, 0.0349127, 0.000352683, -79.1151, -1.53565, -1.34313, -0.192522, -0.00256511
22.9209, 0.0347307, -7.11108e-05, -79.0577, -1.53564, -1.34309, -0.192552, -0.00256572
22.9282, 0.035044, -0.000417074, -79.0003, -1.53564, -1.34306, -0.192582, -0.00256632
22.9354, 0.0354918, -0.000280399, -78.943, -1.53563, -1.34302, -0.192611, -0.00256692
22.9426, 0.0355566, 0.000178506, -78.8857, -1.53563, -1.34299, -0.192641, -0.00256752
22.9499, 0.0351697, 0.000423496, -78.8284, -1.53562, -1.34295, -0.192671, -0.00256812
22.9571, 0.034789, 0.000169238, -78.7712, -1.53562, -1.34292, -0.192701, -0.00256873
22.9643, 0.0348641, -0.000287549, -78.7141, -1.53561, -1.34288, -0.192731, -0.00256933
22.9715, 0.0353132, -0.000415426, -78.657, -1.53561, -1.34284, -0.19276, -0.00256993
22.9788, 0.0356206, -6.6338e-05, -78.5999, -1.5356, -1.34281, -0.19279, -0.00257053
22.986, 0.0354362, 0.000354183, -78.5429, -1.53559, -1.34277, -0.19282, -0.00257113
22.9932, 0.0349804, 0.000358945, -78.4859, -1.53559, -1.34274, -0.19285, -0.00257173
23.0005, 0.0347872, -5.69883e-05, -78.429, -1.53558, -1.3427, -0.19288, -0.00257234
23.0077, 0.0350856, -0.000412508, -78.3721, -1.53558, -1.34267, -0.19291, -0.00257294
23.0149, 0.0355368, -0.000297499, -78.3153, -1.53557, -1.34263, -0.19294, -0.00257354
23.0225, 0.0356179, 0.000176427, -78.2557, -1.53557, -1.3426, -0.192971, -0.00257417
23.0301, 0.0352125, 0.000423759, -78.1963, -1.53556, -1.34256, -0.193002, -0.0025748
23.0376, 0.0348348, 0.000135699, -78.1368, -1.53556, -1.34252, -0.193034, -0.00257543
23.0452, 0.0349631, -0.000327653, -78.0775, -1.53555, -1.34249, -0.193065, -0.00257606
23.0528, 0.0354439, -0.000388652, -78.0182, -1.53554, -1.34245, -0.193097, -0.00257669
23.0604, 0.0356854, 2.81389e-05, -77.9589, -1.53554, -1.34241, -0.193128, -0.00257732
23.068, 0.0353947, 0.00040413, -77.8997, -1.53553, -1.34237, -0.193159, -0.00257795
23.0755, 0.0349402, 0.00027269, -77.8405, -1.53553, -1.34234, -0.193191, -0.00257858
23.0831, 0.0348924, -0.000202647, -77.7814, -1.53552, -1.3423, -0.193222, -0.00257921
23.0907, 0.0353169, -0.000433067, -77.7223, -1.53552, -1.34226, -0.193254, -0.00257984
23.0983, 0.0356953, -0.000134028, -77.6633, -1.53551, -1.34223, -0.193285, -0.00258047
23.1058, 0.0355674, 0.000324651, -77.6043, -1.53551, -1.34219, -0.193317, -0.0025811
23.1134, 0.0350984, 0.000377285, -77.5454, -1.5355, -1.34215, -0.193348, -0.00258173
23.121, 0.034873, -4.04294e-05, -77.4865, -1.53549, -1.34211, -0.19338, -0.00258236
23.1286, 0.035175, -0.000414313, -77.4277, -1.53549, -1.34208, -0.193411, -0.00258299
23.1362, 0.0356397, -0.000285337, -77.3689, -1.53548, -1.34204, -0.193443, -0.00258362
23.1437, 0.035704, 0.000187714, -77.3102, -1.53548, -1.342, -0.193474, -0.00258425
23.1513, 0.0352964, 0.00042512, -77.2515, -1.53547, -1.34197, -0.193506, -0.00258488
23.1589, 0.0349229, 0.000136846, -77.1929, -1.53547, -1.34193, -0.193537, -0.00258551
23.1665, 0.0350463, -0.000324381, -77.1343, -1.53546, -1.34189, -0.193569, -0.00258614
23.174, 0.0355223, -0.000395815, -77.0758, -1.53546, -1.34185, -0.193601, -0.00258677
23.1816, 0.0357775, 9.04938e-06, -77.0173, -1.53545, -1.34182, -0.193632, -0.0025874
23.1892, 0.0355085, 0.000397146, -76.9589, -1.53544, -1.34178, -0.193664, -0.00258803
23.1968, 0.0350495, 0.000297072, -76.9005, -1.53544, -1.34174, -0.193696, -0.00258866
23.2044, 0.0349643, -0.000169146, -76.8422, -1.53543, -1.34171, -0.193727, -0.00258929
23.2119, 0.0353624, -0.000436245, -76.7839, -1.53543, -1.34167, -0.193759, -0.00258992
23.2195, 0.0357682, -0.00018135, -76.7256, -1.53542, -1.34163, -0.193791, -0.00259055
23.2271, 0.0356982, 0.0002869, -76.6675, -1.53542, -1.34159, -0.193822, -0.00259118
23.2347, 0.0352441, 0.000403264, -76.6093, -1.53541, -1.34156, -0.193854, -0.00259181
23.2422, 0.0349603, 2.79965e-05, -76.5512, -1.53541, -1.34152, -0.193886, -0.00259244
23.2498, 0.0351947, -0.000386703, -76.4932, -1.5354, -1.34148, -0.193917, -0.00259307
23.2574, 0.0356716, -0.000342456, -76.4352, -1.53539, -1.34145, -0.193949, -0.0025937
23.265, 0.035825, 0.000107026, -76.3773, -1.53539, -1.34141, -0.193981, -0.00259433
23.2726, 0.0354782, 0.000422534, -76.3194, -1.53538, -1.34137, -0.194013, -0.00259496
23.2801, 0.0350535, 0.000226648, -76.2615, -1.53538, -1.34133, -0.194044, -0.00259558
23.2877, 0.0350652, -0.000245826, -76.2038, -1.53537, -1.3413, -0.194076, -0.00259621
23.2953, 0.0355054, -0.000430587, -76.146, -1.53537, -1.34126, -0.194108, -0.00259684
23.3029, 0.0358553, -0.000107799, -76.0883, -1.53536, -1.34122, -0.19414, -0.00259747
23.3104, 0.0357052, 0.000337617, -76.0307, -1.53536, -1.34118, -0.194172, -0.0025981
23.318, 0.0352407, 0.000376009, -75.9731, -1.53535, -1.34115, -0.194203, -0.00259873
23.3256, 0.0350202, -3.76442e-05, -75.9155, -1.53534, -1.34111, -0.194235, -0.00259936
23.3332, 0.0353113, -0.000412325, -75.858, -1.53534, -1.34107, -0.194267, -0.00259999
23.3408, 0.0357752, -0.000304493, -75.8006, -1.53533, -1.34103, -0.194299, -0.00260062
23.3483, 0.0358697, 0.00015769, -75.7431, -1.53533, -1.341, -0.194331, -0.00260125
23.3559, 0.0354902, 0.000428017, -75.6858, -1.53532, -1.34096, -0.194363, -0.00260187
23.3635, 0.0350914, 0.000188002, -75.6285, -1.53532, -1.34092, -0.194395, -0.0026025
23.3711, 0.0351494, -0.000279017, -75.5712, -1.53531, -1.34088, -0.194427, -0.00260313
23.3786, 0.0356018, -0.000423532, -75.514, -1.53531, -1.34085, -0.194459, -0.00260376
23.3862, 0.0359232, -7.62843e-05, -75.4568, -1.5353, -1.34081, -0.194491, -0.00260439
23.3938, 0.0357434, 0.000354789, -75.3997, -1.5353, -1.34077, -0.194522, -0.00260502
23.4014, 0.0352799, 0.0003647, -75.3426, -1.53529, -1.34074, -0.194554, -0.00260565
23.4089, 0.0350818, -5.75482e-05, -75.2856, -1.53528, -1.3407, -0.194586, -0.00260628
23.4165, 0.0353865, -0.000418146, -75.2286, -1.53528, -1.34066, -0.194618, -0.0026069
23.4241, 0.0358442, -0.000296567, -75.1717, -1.53527, -1.34062, -0.19465, -0.00260753
23.432, 0.0359203, 0.000182349, -75.1126, -1.53527, -1.34058, -0.194684, -0.00260819
23.4398, 0.0355094, 0.000428458, -75.0536, -1.53526, -1.34054, -0.194717, -0.00260884
23.4477, 0.0351297, 0.000136234, -74.9946, -1.53526, -1.34051, -0.19475, -0.00260949
23.4556, 0.0352594, -0.000331032, -74.9357, -1.53525, -1.34047, -0.194784, -0.00261014
23.4635, 0.0357441, -0.000394107, -74.8769, -1.53524, -1.34043, -0.194817, -0.0026108
23.4713, 0.0359907, 2.45429e-05, -74.818, -1.53524, -1.34039, -0.19485, -0.00261145
23.4792, 0.0357017, 0.000406975, -74.7593, -1.53523, -1.34035, -0.194884, -0.0026121
23.4871, 0.0352414, 0.000281322, -74.7006, -1.53523, -1.34031, -0.194917, -0.00261275
23.4949, 0.0351843, -0.000196926, -74.6419, -1.53522, -1.34027, -0.19495, -0.00261341
23.5028, 0.035607, -0.00043881, -74.5833, -1.53522, -1.34023, -0.194984, -0.00261406
23.5107, 0.0359965, -0.000147405, -74.5247, -1.53521, -1.34019, -0.195017, -0.00261471
23.5185, 0.0358818, 0.000319003, -74.4662, -1.53521, -1.34015, -0.19505, -0.00261536
23.5264, 0.035411, 0.000388645, -74.4077, -1.5352, -1.34012, -0.195084, -0.00261602
23.5343, 0.0351677, -2.31778e-05, -74.3493, -1.53519, -1.34008, -0.195117, -0.00261667
23.5422, 0.0354557, -0.000412587, -74.291, -1.53519, -1.34004, -0.195151, -0.00261732
23.55, 0.0359298, -0.000304425, -74.2327, -1.53518, -1.34, -0.195184, -0.00261797
23.5579, 0.0360189, 0.00016884, -74.1744, -1.53518, -1.33996, -0.195218, -0.00261863
23.5658, 0.0356219, 0.000430808, -74.1162, -1.53517, -1.33992, -0.195251, -0.00261928
23.5736, 0.0352288, 0.000163422, -74.058, -1.53517, -1.33988, -0.195285, -0.00261993
23.5815, 0.0353234, -0.000308134, -73.9999, -1.53516, -1.33984, -0.195318, -0.00262058
23.5894, 0.0357973, -0.000412155, -73.9419, -1.53515, -1.3398, -0.195352, -0.00262123
23.5972, 0.0360832, -2.3265e-05, -73.8839, -1.53515, -1.33976, -0.195385, -0.00262189
23.6051, 0.0358428, 0.000387918, -73.8259, -1.53514, -1.33972, -0.195419, -0.00262254
23.613, 0.0353736, 0.000325175, -73.768, -1.53514, -1.33969, -0.195452, -0.00262319
23.6209, 0.0352481, -0.000135236, -73.7102, -1.53513, -1.33965, -0.195486, -0.00262384
23.6287, 0.0356237, -0.000438723, -73.6524, -1.53513, -1.33961, -0.19552, -0.00262449
23.6366, 0.036055, -0.00022081, -73.5946, -1.53512, -1.33957, -0.195553, -0.00262515
23.6445, 0.0360312, 0.000256279, -73.5369, -1.53512, -1.33953, -0.195587, -0.0026258
23.6523, 0.0355881, 0.000420469, -73.4792, -1.53511, -1.33949, -0.19562, -0.00262645
23.6602, 0.0352633, 7.57166e-05, -73.4216, -1.5351, -1.33945, -0.195654, -0.0026271
23.6681, 0.0354514, -0.000365288, -73.3641, -1.5351, -1.33941, -0.195688, -0.00262775
23.6759, 0.0359339, -0.000376152, -73.3066, -1.53509, -1.33937, -0.195721, -0.0026284
23.6838, 0.0361421, 5.54618e-05, -73.2491, -1.53509, -1.33933, -0.195755, -0.00262906
23.6917, 0.0358353, 0.000415306, -73.1917, -1.53508, -1.33929, -0.195789, -0.00262971
23.6996, 0.0353854, 0.00027587, -73.1344, -1.53508, -1.33925, -0.195823, -0.00263036
23.7074, 0.0353332, -0.00019667, -73.0771, -1.53507, -1.33921, -0.195856, -0.00263101
23.7153, 0.0357465, -0.000441874, -73.0198, -1.53506, -1.33917, -0.19589, -0.00263166
23.7232, 0.0361422, -0.000169908, -72.9626, -1.53506, -1.33914, -0.195924, -0.00263231
23.731, 0.0360593, 0.000297098, -72.9054, -1.53505, -1.3391, -0.195958, -0.00263296
23.7389, 0.0356029, 0.000407771, -72.8483, -1.53505, -1.33906, -0.195991, -0.00263362
23.7468, 0.0353179, 3.22103e-05, -72.7913, -1.53504, -1.33902, -0.196025, -0.00263427
23.7546, 0.0355461, -0.000386936, -72.7343, -1.53504, -1.33898, -0.196059, -0.00263492
23.7625, 0.036025, -0.000357064, -72.6773, -1.53503, -1.33894, -0.196093, -0.00263557
23.7704, 0.0361989, 8.61116e-05, -72.6204, -1.53503, -1.3389, -0.196127, -0.00263622
23.7783, 0.0358709, 0.00042266, -72.5635, -1.53502, -1.33886, -0.196161, -0.00263687
23.7861, 0.0354321, 0.000258913, -72.5067, -1.53501, -1.33882, -0.196194, -0.00263752
23.794, 0.0354019, -0.000213044, -72.4499, -1.53501, -1.33878, -0.196228, -0.00263817
23.8019, 0.0358214, -0.000442024, -72.3932, -1.535, -1.33874, -0.196262, -0.00263882
23.8097, 0.0362076, -0.000161564, -72.3366, -1.535, -1.3387, -0.196296, -0.00263948
23.8176, 0.0361176, 0.000301216, -72.2799, -1.53499, -1.33866, -0.19633, -0.00264013
23.8258, 0.0356468, 0.000402088, -72.2214, -1.53499, -1.33862, -0.196365, -0.0026408
23.8339, 0.035377, 6.83534e-07, -72.1629, -1.53498, -1.33858, -0.1964, -0.00264147
23.842, 0.0356475, -0.000407593, -72.1044, -1.53498, -1.33854, -0.196436, -0.00264215
23.8502, 0.0361318, -0.000320255, -72.046, -1.53497, -1.3385, -0.196471, -0.00264282
23.8583, 0.0362413, 0.000154687, -71.9877, -1.53496, -1.33846, -0.196506, -0.0026435
23.8665, 0.0358493, 0.00043386, -71.9294, -1.53496, -1.33842, -0.196541, -0.00264417
23.8746, 0.0354438, 0.000175422, -71.8711, -1.53495, -1.33838, -0.196576, -0.00264484
23.8828, 0.035528, -0.000303647, -71.8129, -1.53495, -1.33834, -0.196612, -0.00264552
23.8909, 0.0360054, -0.000417668, -71.7548, -1.53494, -1.33829, -0.196647, -0.00264619
23.8991, 0.0362998, -2.8025e-05, -71.6967, -1.53494, -1.33825, -0.196682, -0.00264686
23.9072, 0.0360599, 0.000389841, -71.6386, -1.53493, -1.33821, -0.196717, -0.00264754
23.9154, 0.0355851, 0.000327496, -71.5806, -1.53492, -1.33817, -0.196753, -0.00264821
23.9235, 0.0354596, -0.000138645, -71.5227, -1.53492, -1.33813, -0.196788, -0.00264888
23.9317, 0.035842, -0.000442522, -71.4648, -1.53491, -1.33809, -0.196823, -0.00264956
23.9398, 0.0362753, -0.000216249, -71.407, -1.53491, -1.33805, -0.196859, -0.00265023
23.948, 0.0362421, 0.000265708, -71.3492, -1.5349, -1.33801, -0.196894, -0.0026509
23.9561, 0.0357901, 0.000420822, -71.2915, -1.5349, -1.33797, -0.196929, -0.00265158
23.9643, 0.0354719, 6.24645e-05, -71.2338, -1.53489, -1.33792, -0.196965, -0.00265225
23.9724, 0.0356775, -0.000377011, -71.1761, -1.53488, -1.33788, -0.197, -0.00265292
23.9806, 0.0361656, -0.000368932, -71.1186, -1.53488, -1.33784, -0.197036, -0.0026536
23.9887, 0.0363565, 7.63513e-05, -71.061, -1.53487, -1.3378, -0.197071, -0.00265427
23.9969, 0.0360285, 0.000424201, -71.0036, -1.53487, -1.33776, -0.197106, -0.00265494
24.005, 0.0355819, 0.000258204, -70.9461, -1.53486, -1.33772, -0.197142, -0.00265562
24.0131, 0.0355577, -0.000222395, -70.8888, -1.53486, -1.33768, -0.197177, -0.00265629
24.0213, 0.035991, -0.000443269, -70.8315, -1.53485, -1.33764, -0.197213, -0.00265696
24.0294, 0.0363712, -0.000141444, -70.7742, -1.53484, -1.3376, -0.197248, -0.00265763
24.0376, 0.0362525, 0.000322946, -70.717, -1.53484, -1.33755, -0.197284, -0.00265831
24.0457, 0.0357834, 0.000397541, -70.6598, -1.53483, -1.33751, -0.197319, -0.00265898
24.0539, 0.0355282, -5.6412e-06, -70.6027, -1.53483, -1.33747, -0.197355, -0.00265965
24.062, 0.0357956, -0.000407924, -70.5456, -1.53482, -1.33743, -0.19739, -0.00266033
24.0702, 0.0362751, -0.000333096, -70.4886, -1.53482, -1.33739, -0.197426, -0.002661
24.0783, 0.0364062, 0.000129673, -70.4316, -1.53481, -1.33735, -0.197462, -0.00266167
24.0865, 0.0360413, 0.000433561, -70.3747, -1.5348, -1.33731, -0.197497, -0.00266234
24.0946, 0.035618, 0.000220624, -70.3178, -1.5348, -1.33727, -0.197533, -0.00266302
24.1028, 0.0356411, -0.000257737, -70.261, -1.53479, -1.33722, -0.197569, -0.00266369
24.1109, 0.0360895, -0.00043892, -70.2043, -1.53479, -1.33718, -0.197604, -0.00266436
24.1191, 0.0364429, -0.000110747, -70.1476, -1.53478, -1.33714, -0.19764, -0.00266503
24.1272, 0.0362939, 0.000341423, -70.0909, -1.53478, -1.3371, -0.197676, -0.00266571
24.1354, 0.0358242, 0.000388274, -70.0343, -1.53477, -1.33706, -0.197711, -0.00266638
24.1435, 0.0355897, -2.43175e-05, -69.9777, -1.53477, -1.33702, -0.197747, -0.00266705
24.1517, 0.0358703, -0.000414228, -69.9212, -1.53476, -1.33698, -0.197783, -0.00266772
24.1598, 0.0363447, -0.000327197, -69.8648, -1.53475, -1.33694, -0.197818, -0.00266839
24.168, 0.0364673, 0.000134777, -69.8083, -1.53475, -1.33689, -0.197854, -0.00266907
24.1761, 0.0361027, 0.000434404, -69.752, -1.53474, -1.33685, -0.19789, -0.00266974
24.1842, 0.0356811, 0.000224339, -69.6957, -1.53474, -1.33681, -0.197926, -0.00267041
24.1924, 0.0356975, -0.000251278, -69.6394, -1.53473, -1.33677, -0.197961, -0.00267108
24.2005, 0.0361387, -0.000441867, -69.5832, -1.53473, -1.33673, -0.197997, -0.00267175
24.2087, 0.0365009, -0.000127731, -69.527, -1.53472, -1.33669, -0.198033, -0.00267243
24.2168, 0.0363729, 0.000328005, -69.4709, -1.53471, -1.33665, -0.198069, -0.0026731
24.225, 0.0359093, 0.000400226, -69.4149, -1.53471, -1.3366, -0.198105, -0.00267377
24.2331, 0.0356504, 6.47937e-06, -69.3589, -1.5347, -1.33656, -0.198141, -0.00267444
24.2413, 0.0358994, -0.000400312, -69.3029, -1.5347, -1.33652, -0.198177, -0.00267511
24.2494, 0.0363765, -0.000353638, -69.247, -1.53469, -1.33648, -0.198212, -0.00267579
24.2576, 0.0365414, 9.23289e-05, -69.1911, -1.53469, -1.33644, -0.198248, -0.00267646
24.2657, 0.0362123, 0.000427009, -69.1353, -1.53468, -1.3364, -0.198284, -0.00267713
24.2739, 0.0357723, 0.000268445, -69.0795, -1.53468, -1.33636, -0.19832, -0.0026778
24.282, 0.0357295, -0.000201787, -69.0238, -1.53467, -1.33631, -0.198356, -0.00267847
24.2902, 0.0361383, -0.000447828, -68.9682, -1.53466, -1.33627, -0.198392, -0.00267914
24.2983, 0.0365397, -0.000190331, -68.9126, -1.53466, -1.33623, -0.198428, -0.00267982
24.3065, 0.0364842, 0.000277574, -68.857, -1.53465, -1.33619, -0.198464, -0.00268049
24.3149, 0.0360243, 0.000420398, -68.7994, -1.53465, -1.33615, -0.198502, -0.00268118
24.3234, 0.0357146, 4.97155e-05, -68.7419, -1.53464, -1.3361, -0.198539, -0.00268188
24.3318, 0.035935, -0.000386856, -68.6845, -1.53464, -1.33606, -0.198576, -0.00268258
24.3403, 0.0364265, -0.000363721, -68.6271, -1.53463, -1.33602, -0.198614, -0.00268327
24.3487, 0.0366048, 9.06213e-05, -68.5697, -1.53462, -1.33597, -0.198651, -0.00268397
24.3571, 0.0362633, 0.000430256, -68.5124, -1.53462, -1.33593, -0.198688, -0.00268466
24.3656, 0.0358189, 0.00024836, -68.4552, -1.53461, -1.33589, -0.198726, -0.00268536
24.374, 0.0358104, -0.000236629, -68.398, -1.53461, -1.33584, -0.198763, -0.00268606
24.3825, 0.0362541, -0.000444802, -68.3409, -1.5346, -1.3358, -0.198801, -0.00268675
24.3909, 0.0366269, -0.000128237, -68.2838, -1.5346, -1.33576, -0.198838, -0.00268745
24.3994, 0.0364915, 0.000335164, -68.2268, -1.53459, -1.33571, -0.198876, -0.00268814
24.4078, 0.0360167, 0.000393985, -68.1698, -1.53458, -1.33567, -0.198913, -0.00268884
24.4163, 0.0357737, -2.10103e-05, -68.1129, -1.53458, -1.33563, -0.198951, -0.00268953
24.4247, 0.036057, -0.000416946, -68.056, -1.53457, -1.33558, -0.198988, -0.00269023
24.4332, 0.0365372, -0.000325013, -67.9992, -1.53457, -1.33554, -0.199026, -0.00269092
24.4416, 0.036653, 0.000145328, -67.9424, -1.53456, -1.3355, -0.199064, -0.00269162
24.4501, 0.0362749, 0.000438193, -67.8857, -1.53456, -1.33545, -0.199101, -0.00269232
24.4585, 0.0358562, 0.000208615, -67.829, -1.53455, -1.33541, -0.199139, -0.00269301
24.467, 0.0358966, -0.00027235, -67.7724, -1.53454, -1.33537, -0.199176, -0.00269371
24.4754, 0.0363545, -0.000439008, -67.7159, -1.53454, -1.33532, -0.199214, -0.0026944
24.4839, 0.0366986, -9.62705e-05, -67.6593, -1.53453, -1.33528, -0.199252, -0.0026951
24.4923, 0.0365325, 0.000353417, -67.6029, -1.53453, -1.33524, -0.199289, -0.00269579
24.5007, 0.0360581, 0.000383705, -67.5465, -1.53452, -1.33519, -0.199327, -0.00269649
24.5092, 0.0358367, -4.01242e-05, -67.4901, -1.53452, -1.33515, -0.199365, -0.00269718
24.5176, 0.0361329, -0.000422902, -67.4338, -1.53451, -1.33511, -0.199402, -0.00269788
24.5261, 0.0366074, -0.000318809, -67.3776, -1.5345, -1.33506, -0.19944, -0.00269857
24.5345, 0.0367147, 0.000150294, -67.3214, -1.5345, -1.33502, -0.199478, -0.00269927
24.543, 0.0363373, 0.000438999, -67.2652, -1.53449, -1.33498, -0.199516, -0.00269996
24.5514, 0.0359203, 0.000212795, -67.2091, -1.53449, -1.33493, -0.199554, -0.00270066
24.5599, 0.0359532, -0.000265551, -67.1531, -1.53448, -1.33489, -0.199591, -0.00270135
24.5683, 0.0364037, -0.000442562, -67.0971, -1.53448, -1.33485, -0.199629, -0.00270205
24.5768, 0.0367577, -0.000114375, -67.0411, -1.53447, -1.3348, -0.199667, -0.00270274
24.5852, 0.0366137, 0.000339858, -66.9853, -1.53446, -1.33476, -0.199705, -0.00270344
24.5937, 0.0361448, 0.000397086, -66.9294, -1.53446, -1.33472, -0.199743, -0.00270413
24.6021, 0.035897, -7.81153e-06, -66.8736, -1.53445, -1.33467, -0.199781, -0.00270483
24.6106, 0.0361608, -0.000409408, -66.8179, -1.53445, -1.33463, -0.199819, -0.00270552
24.619, 0.0366395, -0.000347522, -66.7622, -1.53444, -1.33459, -0.199856, -0.00270622
24.6275, 0.0367915, 0.000106265, -66.7066, -1.53444, -1.33454, -0.199894, -0.00270691
24.6359, 0.0364502, 0.000432857, -66.651, -1.53443, -1.3345, -0.199932, -0.0027076
24.6444, 0.0360121, 0.000259897, -66.5954, -1.53443, -1.33446, -0.19997, -0.0027083
24.6528, 0.0359829, -0.000214767, -66.54, -1.53442, -1.33441, -0.200008, -0.00270899
24.6612, 0.0364015, -0.000450762, -66.4845, -1.53441, -1.33437, -0.200046, -0.00270969
24.6697, 0.0367982, -0.000180479, -66.4291, -1.53441, -1.33432, -0.200084, -0.00271038
24.6781, 0.0367295, 0.000288733, -66.3738, -1.5344, -1.33428, -0.200122, -0.00271108
24.6869, 0.036261, 0.000419383, -66.3163, -1.5344, -1.33424, -0.200162, -0.0027118
24.6957, 0.0359605, 3.46649e-05, -66.2588, -1.53439, -1.33419, -0.200202, -0.00271252
24.7045, 0.0361993, -0.000398157, -66.2014, -1.53439, -1.33414, -0.200241, -0.00271324
24.7133, 0.0366944, -0.00035502, -66.144, -1.53438, -1.3341, -0.200281, -0.00271397
24.7221, 0.0368542, 0.000111193, -66.0867, -1.53437, -1.33405, -0.20032, -0.00271469
24.7309, 0.0364932, 0.000437145, -66.0294, -1.53437, -1.33401, -0.20036, -0.00271541
24.7397, 0.0360544, 0.000230267, -65.9722, -1.53436, -1.33396, -0.2004, -0.00271613
24.7485, 0.0360729, -0.000259694, -65.915, -1.53436, -1.33392, -0.20044, -0.00271686
24.7573, 0.0365327, -0.000443688, -65.8579, -1.53435, -1.33387, -0.200479, -0.00271758
24.7661, 0.0368886, -0.000101504, -65.8009, -1.53434, -1.33383, -0.200519, -0.0027183
24.7749, 0.0367216, 0.000356213, -65.7439, -1.53434, -1.33378, -0.200559, -0.00271902
24.7836, 0.0362391, 0.000381948, -65.6869, -1.53433, -1.33373, -0.200599, -0.00271974
24.7924, 0.0360247, -5.43371e-05, -65.63, -1.53433, -1.33369, -0.200638, -0.00272047
24.8012, 0.0363404, -0.000431811, -65.5732, -1.53432, -1.33364, -0.200678, -0.00272119
24.81, 0.0368166, -0.000301281, -65.5164, -1.53432, -1.3336, -0.200718, -0.00272191
24.8188, 0.0368939, 0.000181309, -65.4597, -1.53431, -1.33355, -0.200758, -0.00272263
24.8276, 0.0364882, 0.000442753, -65.403, -1.5343, -1.33351, -0.200798, -0.00272335
24.8364, 0.0360878, 0.000173664, -65.3464, -1.5343, -1.33346, -0.200838, -0.00272408
24.8452, 0.0361732, -0.000306786, -65.2898, -1.53429, -1.33341, -0.200878, -0.0027248
24.854, 0.0366496, -0.000430796, -65.2333, -1.53429, -1.33337, -0.200918, -0.00272552
24.8628, 0.0369614, -5.27109e-05, -65.1769, -1.53428, -1.33332, -0.200958, -0.00272624
24.8716, 0.0367485, 0.000381466, -65.1205, -1.53427, -1.33328, -0.200998, -0.00272696
24.8804, 0.0362689, 0.000361209, -65.0641, -1.53427, -1.33323, -0.201038, -0.00272768
24.8892, 0.0360928, -8.89536e-05, -65.0078, -1.53426, -1.33319, -0.201078, -0.00272841
24.8979, 0.0364328, -0.00044072, -64.9516, -1.53426, -1.33314, -0.201118, -0.00272913
24.9067, 0.036897, -0.000282622, -64.8954, -1.53425, -1.33309, -0.201158, -0.00272985
24.9155, 0.0369496, 0.000199768, -64.8392, -1.53425, -1.33305, -0.201198, -0.00273057
24.9243, 0.0365366, 0.000443162, -64.7832, -1.53424, -1.333, -0.201238, -0.00273129
24.9331, 0.0361466, 0.000164461, -64.7271, -1.53423, -1.33296, -0.201278, -0.00273201
24.9419, 0.0362398, -0.000311337, -64.6712, -1.53423, -1.33291, -0.201318, -0.00273273
24.9507, 0.0367139, -0.000431416, -64.6152, -1.53422, -1.33286, -0.201358, -0.00273346
24.9595, 0.0370252, -5.71645e-05, -64.5594, -1.53422, -1.33282, -0.201398, -0.00273418
24.9683, 0.0368204, 0.000377349, -64.5035, -1.53421, -1.33277, -0.201438, -0.0027349
24.9771, 0.0363436, 0.000369812, -64.4478, -1.53421, -1.33273, -0.201479, -0.00273562
24.9859, 0.0361522, -7.03248e-05, -64.3921, -1.5342, -1.33268, -0.201519, -0.00273634
24.9947, 0.0364729, -0.000435188, -64.3364, -1.53419, -1.33264, -0.201559, -0.00273706
25.0035, 0.0369424, -0.000305155, -64.2808, -1.53419, -1.33259, -0.201599, -0.00273778
25.0126, 0.0370205, 0.000186359, -64.2232, -1.53418, -1.33254, -0.201641, -0.00273853
25.0217, 0.0366021, 0.000444031, -64.1657, -1.53418, -1.33249, -0.201683, -0.00273928
25.0308, 0.0362054, 0.000153949, -64.1083, -1.53417, -1.33245, -0.201724, -0.00274002
25.0399, 0.0363208, -0.000329773, -64.0509, -1.53416, -1.3324, -0.201766, -0.00274077
25.049, 0.0368143, -0.000418716, -63.9936, -1.53416, -1.33235, -0.201808, -0.00274152
25.0581, 0.0370935, -5.54833e-06, -63.9363, -1.53415, -1.3323, -0.20185, -0.00274226
25.0672, 0.0368275, 0.000408188, -63.8791, -1.53415, -1.33226, -0.201891, -0.00274301
25.0763, 0.0363462, 0.000321863, -63.8219, -1.53414, -1.33221, -0.201933, -0.00274376
25.0854, 0.0362386, -0.000159427, -63.7648, -1.53413, -1.33216, -0.201975, -0.0027445
25.0946, 0.0366409, -0.000454529, -63.7077, -1.53413, -1.33211, -0.202017, -0.00274525
25.1037, 0.0370751, -0.000208375, -63.6507, -1.53412, -1.33206, -0.202059, -0.002746
25.1128, 0.0370261, 0.000282192, -63.5938, -1.53412, -1.33202, -0.202101, -0.00274674
25.1219, 0.0365606, 0.000427887, -63.5369, -1.53411, -1.33197, -0.202143, -0.00274749
25.131, 0.0362443, 5.46606e-05, -63.4801, -1.53411, -1.33192, -0.202185, -0.00274823
25.1401, 0.0364625, -0.000390032, -63.4233, -1.5341, -1.33187, -0.202227, -0.00274898
25.1492, 0.0369606, -0.000374808, -63.3666, -1.53409, -1.33182, -0.202269, -0.00274973
25.1583, 0.0371511, 8.1406e-05, -63.3099, -1.53409, -1.33178, -0.202311, -0.00275047
25.1674, 0.0368147, 0.000434577, -63.2533, -1.53408, -1.33173, -0.202353, -0.00275122
25.1765, 0.0363592, 0.000264961, -63.1967, -1.53408, -1.33168, -0.202395, -0.00275197
25.1856, 0.0363325, -0.000225214, -63.1402, -1.53407, -1.33163, -0.202437, -0.00275271
25.1948, 0.0367726, -0.00045446, -63.0838, -1.53406, -1.33159, -0.202479, -0.00275346
25.2039, 0.0371647, -0.000151951, -63.0274, -1.53406, -1.33154, -0.202521, -0.0027542
25.213, 0.0370527, 0.000324018, -62.9711, -1.53405, -1.33149, -0.202563, -0.00275495
25.2221, 0.0365765, 0.000411729, -62.9148, -1.53405, -1.33144, -0.202605, -0.00275569
25.2312, 0.0363043, 8.55121e-06, -62.8586, -1.53404, -1.33139, -0.202647, -0.00275644
25.2403, 0.0365628, -0.000410631, -62.8024, -1.53403, -1.33135, -0.202689, -0.00275719
25.2494, 0.0370545, -0.000353716, -62.7463, -1.53403, -1.3313, -0.202732, -0.00275793
25.2585, 0.0372095, 0.000111769, -62.6902, -1.53402, -1.33125, -0.202774, -0.00275868
25.2676, 0.036854, 0.000440425, -62.6342, -1.53402, -1.3312, -0.202816, -0.00275942
25.2767, 0.0364109, 0.000248524, -62.5783, -1.53401, -1.33115, -0.202858, -0.00276017
25.2859, 0.0364041, -0.000239193, -62.5224, -1.53401, -1.3311, -0.202901, -0.00276091
25.295, 0.0368476, -0.000454236, -62.4665, -1.534, -1.33106, -0.202943, -0.00276166
25.3041, 0.0372316, -0.000147054, -62.4108, -1.53399, -1.33101, -0.202985, -0.0027624
25.3132, 0.0371174, 0.000324845, -62.355, -1.53399, -1.33096, -0.203028, -0.00276315
25.3223, 0.0366448, 0.000414243, -62.2993, -1.53398, -1.33091, -0.20307, -0.0027639
25.3314, 0.0363682, 1.83662e-05, -62.2437, -1.53398, -1.33086, -0.203112, -0.00276464
25.3405, 0.0366134, -0.000404574, -62.1882, -1.53397, -1.33082, -0.203155, -0.00276539
25.3496, 0.0371034, -0.000366694, -62.1326, -1.53396, -1.33077, -0.203197, -0.00276613
25.3587, 0.0372802, 8.75626e-05, -62.0772, -1.53396, -1.33072, -0.203239, -0.00276688
25.3678, 0.0369477, 0.000435163, -62.0218, -1.53395, -1.33067, -0.203282, -0.00276762
25.3769, 0.0364953, 0.000277277, -61.9664, -1.53395, -1.33062, -0.203324, -0.00276837
25.3861, 0.0364482, -0.00020424, -61.9111, -1.53394, -1.33057, -0.203367, -0.00276911
25.3952, 0.0368664, -0.000457826, -61.8559, -1.53394, -1.33053, -0.203409, -0.00276986
25.4043, 0.0372778, -0.00019419, -61.8007, -1.53393, -1.33048, -0.203452, -0.0027706
25.4134, 0.0372198, 0.000285027, -61.7455, -1.53392, -1.33043, -0.203494, -0.00277134
25.4225, 0.036766, 0.00043371, -61.6905, -1.53392, -1.33038, -0.203537, -0.00277209
25.4316, 0.0364395, 8.34106e-05, -61.6354, -1.53391, -1.33033, -0.203579, -0.00277283
25.4407, 0.0366174, -0.000367325, -61.5805, -1.53391, -1.33028, -0.203622, -0.00277358
25.4498, 0.0371036, -0.000407486, -61.5255, -1.5339, -1.33024, -0.203665, -0.00277432
25.4589, 0.037354, 7.6188e-06, -61.4707, -1.5339, -1.33019, -0.203707, -0.00277507
25.468, 0.0370927, 0.000408206, -61.4158, -1.53389, -1.33014, -0.20375, -0.00277581
25.4772, 0.0366218, 0.000342481, -61.3611, -1.53388, -1.33009, -0.203793, -0.00277656
25.4863, 0.0364785, -0.000114687, -61.3064, -1.53388, -1.33004, -0.203835, -0.0027773
25.4954, 0.0368298, -0.000448588, -61.2517, -1.53387, -1.32999, -0.203878, -0.00277805
25.5045, 0.0372869, -0.000284652, -61.1971, -1.53387, -1.32995, -0.203921, -0.00277879
25.5136, 0.0373438, 0.000192475, -61.1426, -1.53386, -1.3299, -0.203963, -0.00277953
25.5227, 0.036944, 0.000448351, -61.0881, -1.53385, -1.32985, -0.204006, -0.00278028
25.5318, 0.0365414, 0.000197546, -61.0336, -1.53385, -1.3298, -0.204049, -0.00278102
25.5409, 0.0365915, -0.000279268, -60.9792, -1.53384, -1.32975, -0.204092, -0.00278177
25.5504, 0.0370629, -0.000446772, -60.9228, -1.53384, -1.3297, -0.204136, -0.00278254
25.5598, 0.0374107, -8.96432e-05, -60.8665, -1.53383, -1.32965, -0.204181, -0.00278331
25.5693, 0.0372297, 0.00036764, -60.8102, -1.53383, -1.3296, -0.204225, -0.00278408
25.5787, 0.0367422, 0.000383455, -60.754, -1.53382, -1.32955, -0.20427, -0.00278485
25.5882, 0.036532, -6.01142e-05, -60.6978, -1.53381, -1.3295, -0.204314, -0.00278563
25.5976, 0.0368538, -0.000438782, -60.6417, -1.53381, -1.32945, -0.204359, -0.0027864
25.6071, 0.0373344, -0.00030652, -60.5857, -1.5338, -1.3294, -0.204403, -0.00278717
25.6165, 0.0374152, 0.000180185, -60.5297, -1.5338, -1.32935, -0.204448, -0.00278794
25.626, 0.0370091, 0.000449154, -60.4737, -1.53379, -1.3293, -0.204493, -0.00278871
25.6355, 0.0365999, 0.000185443, -60.4179, -1.53378, -1.32925, -0.204537, -0.00278949
25.6449, 0.0366736, -0.000301334, -60.362, -1.53378, -1.3292, -0.204582, -0.00279026
25.6544, 0.0371501, -0.000441973, -60.3063, -1.53377, -1.32915, -0.204626, -0.00279103
25.6638, 0.0374797, -7.30366e-05, -60.2506, -1.53377, -1.3291, -0.204671, -0.0027918
25.6733, 0.0372857, 0.000374866, -60.1949, -1.53376, -1.32904, -0.204716, -0.00279257
25.6827, 0.0368015, 0.000380799, -60.1393, -1.53375, -1.32899, -0.204761, -0.00279334
25.6922, 0.0365965, -6.13195e-05, -60.0838, -1.53375, -1.32894, -0.204805, -0.00279411
25.7016, 0.0369147, -0.000438303, -60.0283, -1.53374, -1.32889, -0.20485, -0.00279489
25.7111, 0.0373937, -0.000314112, -59.9728, -1.53374, -1.32884, -0.204895, -0.00279566
25.7209, 0.0374801, 0.000183102, -59.9156, -1.53373, -1.32879, -0.204941, -0.00279645
25.7306, 0.0370593, 0.000449823, -59.8584, -1.53372, -1.32874, -0.204988, -0.00279725
25.7404, 0.0366539, 0.000160503, -59.8012, -1.53372, -1.32868, -0.205034, -0.00279805
25.7502, 0.0367659, -0.00033095, -59.7441, -1.53371, -1.32863, -0.20508, -0.00279885
25.76, 0.0372653, -0.000425661, -59.6871, -1.53371, -1.32858, -0.205127, -0.00279964
25.7697, 0.0375518, -9.16588e-06, -59.6301, -1.5337, -1.32853, -0.205173, -0.00280044
25.7795, 0.0372853, 0.000412125, -59.5732, -1.53369, -1.32847, -0.20522, -0.00280124
25.7893, 0.0367971, 0.000327726, -59.5164, -1.53369, -1.32842, -0.205266, -0.00280203
25.7991, 0.0366854, -0.000159389, -59.4596, -1.53368, -1.32837, -0.205313, -0.00280283
25.8088, 0.0370919, -0.000460284, -59.4029, -1.53368, -1.32832, -0.205359, -0.00280363
25.8186, 0.0375328, -0.000212551, -59.3462, -1.53367, -1.32826, -0.205406, -0.00280443
25.8284, 0.0374849, 0.000284696, -59.2896, -1.53366, -1.32821, -0.205452, -0.00280522
25.8382, 0.0370138, 0.000433599, -59.233, -1.53366, -1.32816, -0.205499, -0.00280602
25.8479, 0.0366926, 5.61806e-05, -59.1765, -1.53365, -1.32811, -0.205546, -0.00280682
25.8577, 0.0369129, -0.000394713, -59.1201, -1.53365, -1.32805, -0.205592, -0.00280761
25.8675, 0.0374176, -0.000379986, -59.0637, -1.53364, -1.328, -0.205639, -0.00280841
25.8773, 0.0376111, 8.19487e-05, -59.0074, -1.53363, -1.32795, -0.205686, -0.00280921
25.887, 0.0372707, 0.000439992, -58.9511, -1.53363, -1.3279, -0.205732, -0.00281
25.8968, 0.0368093, 0.000268527, -58.8949, -1.53362, -1.32784, -0.205779, -0.0028108
25.9066, 0.0367821, -0.000227918, -58.8388, -1.53362, -1.32779, -0.205826, -0.00281159
25.9164, 0.0372277, -0.000460362, -58.7827, -1.53361, -1.32774, -0.205873, -0.00281239
25.9261, 0.0376251, -0.000154264, -58.7267, -1.5336, -1.32768, -0.205919, -0.00281319
25.9359, 0.0375121, 0.000327829, -58.6707, -1.5336, -1.32763, -0.205966, -0.00281398
25.9457, 0.03703, 0.00041712, -58.6148, -1.53359, -1.32758, -0.206013, -0.00281478
25.9555, 0.036754, 9.2214e-06, -58.5589, -1.53359, -1.32753, -0.20606, -0.00281558
25.9652, 0.0370152, -0.0004156, -58.5031, -1.53358, -1.32747, -0.206107, -0.00281637
25.975, 0.0375132, -0.000358929, -58.4474, -1.53357, -1.32742, -0.206154, -0.00281717
25.9848, 0.0376713, 0.000111964, -58.3917, -1.53357, -1.32737, -0.206201, -0.00281796
25.9946, 0.0373124, 0.000445745, -58.3361, -1.53356, -1.32731, -0.206248, -0.00281876
26.0043, 0.0368633, 0.000253085, -58.2805, -1.53356, -1.32726, -0.206295, -0.00281956
26.0141, 0.0368545, -0.000240542, -58.225, -1.53355, -1.32721, -0.206342, -0.00282035
26.0239, 0.0373023, -0.000460375, -58.1695, -1.53354, -1.32715, -0.206389, -0.00282115
26.0337, 0.0376929, -0.000151656, -58.1142, -1.53354, -1.3271, -0.206436, -0.00282194
26.0434, 0.0375804, 0.000326726, -58.0588, -1.53353, -1.32705, -0.206483, -0.00282274
26.0532, 0.037103, 0.000420822, -58.0035, -1.53353, -1.327, -0.20653, -0.00282353
26.063, 0.0368198, 2.26521e-05, -57.9483, -1.53352, -1.32694, -0.206577, -0.00282433
26.0728, 0.0370639, -0.000407617, -57.8931, -1.53351, -1.32689, -0.206624, -0.00282513
26.0826, 0.0375602, -0.000374522, -57.838, -1.53351, -1.32684, -0.206671, -0.00282592
26.0923, 0.0377445, 8.30037e-05, -57.783, -1.5335, -1.32678, -0.206719, -0.00282672
26.1021, 0.0374129, 0.000439148, -57.728, -1.5335, -1.32673, -0.206766, -0.00282751
26.1119, 0.0369529, 0.00028614, -57.6731, -1.53349, -1.32668, -0.206813, -0.00282831
26.1217, 0.0368977, -0.000200064, -57.6182, -1.53348, -1.32662, -0.20686, -0.0028291
26.1314, 0.0373163, -0.000463767, -57.5633, -1.53348, -1.32657, -0.206908, -0.0028299
26.1412, 0.0377374, -0.000204873, -57.5086, -1.53347, -1.32652, -0.206955, -0.00283069
26.151, 0.0376888, 0.000281048, -57.4539, -1.53347, -1.32646, -0.207002, -0.00283149
26.1608, 0.0372333, 0.000441655, -57.3992, -1.53346, -1.32641, -0.20705, -0.00283228
26.1705, 0.0368949, 9.54819e-05, -57.3446, -1.53345, -1.32636, -0.207097, -0.00283308
26.1803, 0.0370631, -0.000364643, -57.2901, -1.53345, -1.3263, -0.207144, -0.00283387
26.1901, 0.0375536, -0.00041857, -57.2356, -1.53344, -1.32625, -0.207192, -0.00283467
26.1999, 0.0378191, -6.27209e-06, -57.1812, -1.53344, -1.3262, -0.207239, -0.00283546
26.2096, 0.0375677, 0.00040703, -57.1268, -1.53343, -1.32614, -0.207287, -0.00283626
26.2194, 0.0370897, 0.0003567, -57.0725, -1.53342, -1.32609, -0.207334, -0.00283705
26.2292, 0.0369287, -9.98572e-05, -57.0182, -1.53342, -1.32604, -0.207382, -0.00283785
26.239, 0.037271, -0.000450325, -56.964, -1.53341, -1.32598, -0.207429, -0.00283864
26.2487, 0.0377394, -0.000302938, -56.9098, -1.53341, -1.32593, -0.207477, -0.00283943
26.2589, 0.0378092, 0.000194928, -56.8536, -1.5334, -1.32587, -0.207526, -0.00284026
26.269, 0.0373857, 0.000453773, -56.7975, -1.53339, -1.32582, -0.207576, -0.00284108
26.2792, 0.0369816, 0.00016565, -56.7414, -1.53339, -1.32576, -0.207625, -0.00284191
26.2894, 0.0370848, -0.000325739, -56.6854, -1.53338, -1.32571, -0.207675, -0.00284274
26.2995, 0.0375791, -0.000436621, -56.6294, -1.53338, -1.32565, -0.207724, -0.00284356
26.3097, 0.0378851, -3.63117e-05, -56.5735, -1.53337, -1.3256, -0.207774, -0.00284439
26.3198, 0.0376484, 0.000400626, -56.5177, -1.53336, -1.32554, -0.207823, -0.00284521
26.33, 0.0371569, 0.000358111, -56.4619, -1.53336, -1.32548, -0.207873, -0.00284604
26.3401, 0.0369975, -0.000112818, -56.4062, -1.53335, -1.32543, -0.207922, -0.00284686
26.3503, 0.0373645, -0.000457145, -56.3505, -1.53335, -1.32537, -0.207972, -0.00284769
26.3605, 0.0378328, -0.000270622, -56.2949, -1.53334, -1.32532, -0.208022, -0.00284851
26.3706, 0.0378602, 0.000226991, -56.2394, -1.53333, -1.32526, -0.208071, -0.00284933
26.3808, 0.0374227, 0.000452581, -56.1839, -1.53333, -1.32521, -0.208121, -0.00285016
26.3909, 0.0370394, 0.000143065, -56.1285, -1.53332, -1.32515, -0.208171, -0.00285098
26.4011, 0.0371645, -0.00033947, -56.0731, -1.53332, -1.32509, -0.208221, -0.00285181
26.4112, 0.0376584, -0.000432811, -56.0178, -1.53331, -1.32504, -0.20827, -0.00285263
26.4214, 0.0379533, -2.92302e-05, -55.9625, -1.5333, -1.32498, -0.20832, -0.00285346
26.4316, 0.0377145, 0.000402009, -55.9073, -1.5333, -1.32493, -0.20837, -0.00285428
26.4417, 0.0372266, 0.000361356, -55.8522, -1.53329, -1.32487, -0.20842, -0.00285511
26.4519, 0.0370613, -0.000103252, -55.7971, -1.53328, -1.32481, -0.20847, -0.00285593
26.462, 0.0374157, -0.000454727, -55.7421, -1.53328, -1.32476, -0.20852, -0.00285675
26.4722, 0.0378874, -0.000288344, -55.6872, -1.53327, -1.3247, -0.20857, -0.00285758
26.4823, 0.0379406, 0.000203499, -55.6323, -1.53327, -1.32465, -0.20862, -0.0028584
26.4925, 0.0375221, 0.000455467, -55.5774, -1.53326, -1.32459, -0.20867, -0.00285923
26.5027, 0.0371193, 0.000179267, -55.5227, -1.53325, -1.32453, -0.20872, -0.00286005
26.5128, 0.0372, -0.000308054, -55.4679, -1.53325, -1.32448, -0.20877, -0.00286088
26.523, 0.0376779, -0.00044954, -55.4133, -1.53324, -1.32442, -0.20882, -0.0028617
26.5331, 0.0380143, -8.45984e-05, -55.3587, -1.53324, -1.32437, -0.20887, -0.00286252
26.5433, 0.0378335, 0.000370439, -55.3041, -1.53323, -1.32431, -0.20892, -0.00286335
26.5534, 0.0373488, 0.000398473, -55.2497, -1.53322, -1.32425, -0.20897, -0.00286417
26.5636, 0.0371172, -3.14187e-05, -55.1952, -1.53322, -1.3242, -0.20902, -0.00286499
26.5737, 0.0374072, -0.000431675, -55.1409, -1.53321, -1.32414, -0.20907, -0.00286582
26.5839, 0.0378968, -0.00035008, -55.0865, -1.53321, -1.32409, -0.209121, -0.00286664
26.5941, 0.0380401, 0.000120337, -55.0323, -1.5332, -1.32403, -0.209171, -0.00286746
26.6042, 0.0376832, 0.000449091, -54.9781, -1.53319, -1.32397, -0.209221, -0.00286829
26.6144, 0.0372351, 0.000266955, -54.9239, -1.53319, -1.32392, -0.209271, -0.00286911
26.6245, 0.0372054, -0.000220657, -54.8699, -1.53318, -1.32386, -0.209322, -0.00286993
26.6347, 0.0376333, -0.000466979, -54.8158, -1.53318, -1.3238, -0.209372, -0.00287076
26.6448, 0.0380461, -0.000197115, -54.7619, -1.53317, -1.32375, -0.209422, -0.00287158
26.655, 0.0379898, 0.00028667, -54.708, -1.53316, -1.32369, -0.209473, -0.0028724
26.6656, 0.0375151, 0.000439965, -54.652, -1.53316, -1.32363, -0.209525, -0.00287326
26.6761, 0.0371872, 6.21504e-05, -54.596, -1.53315, -1.32357, -0.209578, -0.00287412
26.6867, 0.0374035, -0.00039598, -54.5402, -1.53315, -1.32352, -0.20963, -0.00287497
26.6972, 0.0379133, -0.000389906, -54.4844, -1.53314, -1.32346, -0.209683, -0.00287583
26.7078, 0.0381187, 7.22458e-05, -54.4286, -1.53313, -1.3234, -0.209735, -0.00287668
26.7184, 0.0377845, 0.000442428, -54.3729, -1.53313, -1.32334, -0.209788, -0.00287754
26.7289, 0.037314, 0.000283363, -54.3173, -1.53312, -1.32328, -0.20984, -0.00287839
26.7395, 0.0372697, -0.000216263, -54.2617, -1.53311, -1.32322, -0.209893, -0.00287925
26.7501, 0.0377103, -0.000467497, -54.2062, -1.53311, -1.32316, -0.209946, -0.0028801
26.7606, 0.0381242, -0.000175572, -54.1508, -1.5331, -1.3231, -0.209998, -0.00288096
26.7712, 0.0380331, 0.000315948, -54.0954, -1.5331, -1.32305, -0.210051, -0.00288181
26.7817, 0.037552, 0.000431092, -54.0401, -1.53309, -1.32299, -0.210104, -0.00288267
26.7923, 0.0372512, 3.60363e-05, -53.9848, -1.53308, -1.32293, -0.210156, -0.00288352
26.8029, 0.0374885, -0.000407266, -53.9296, -1.53308, -1.32287, -0.210209, -0.00288438
26.8134, 0.0379936, -0.000382456, -53.8745, -1.53307, -1.32281, -0.210262, -0.00288523
26.824, 0.0381859, 8.06634e-05, -53.8194, -1.53307, -1.32275, -0.210315, -0.00288609
26.8345, 0.0378502, 0.000443819, -53.7644, -1.53306, -1.32269, -0.210368, -0.00288694
26.8451, 0.0373834, 0.000286605, -53.7095, -1.53305, -1.32263, -0.210421, -0.0028878
26.8557, 0.0373326, -0.000208152, -53.6546, -1.53305, -1.32257, -0.210473, -0.00288865
26.8662, 0.0377626, -0.000468818, -53.5997, -1.53304, -1.32251, -0.210526, -0.00288951
26.8768, 0.0381842, -0.000195628, -53.545, -1.53303, -1.32246, -0.210579, -0.00289036
26.8873, 0.0381197, 0.0002962, -53.4903, -1.53303, -1.3224, -0.210632, -0.00289122
26.8979, 0.0376512, 0.000441758, -53.4356, -1.53302, -1.32234, -0.210685, -0.00289207
26.9085, 0.0373232, 7.50236e-05, -53.381, -1.53302, -1.32228, -0.210738, -0.00289293
26.919, 0.0375175, -0.000383584, -53.3265, -1.53301, -1.32222, -0.210791, -0.00289378
26.9296, 0.0380182, -0.000410433, -53.272, -1.533, -1.32216, -0.210844, -0.00289463
26.9402, 0.0382612, 2.41513e-05, -53.2176, -1.533, -1.3221, -0.210898, -0.00289549
26.9507, 0.0379776, 0.000424984, -53.1633, -1.53299, -1.32204, -0.210951, -0.00289634
26.9613, 0.0374974, 0.000337145, -53.109, -1.53299, -1.32198, -0.211004, -0.0028972
26.9718, 0.037372, -0.000138805, -53.0547, -1.53298, -1.32192, -0.211057, -0.00289805
26.9824, 0.0377494, -0.000463761, -53.0006, -1.53297, -1.32186, -0.21111, -0.0028989
26.993, 0.0382093, -0.00027121, -52.9465, -1.53297, -1.3218, -0.211164, -0.00289976
27.0035, 0.0382403, 0.000220767, -52.8924, -1.53296, -1.32174, -0.211217, -0.00290061
27.0141, 0.0378152, 0.000458173, -52.8384, -1.53296, -1.32169, -0.21127, -0.00290147
27.0246, 0.0374191, 0.000175018, -52.7845, -1.53295, -1.32163, -0.211324, -0.00290232
27.0352, 0.0375027, -0.000310263, -52.7306, -1.53294, -1.32157, -0.211377, -0.00290317
27.0462, 0.037999, -0.000448491, -52.6746, -1.53294, -1.3215, -0.211432, -0.00290406
27.0572, 0.0383277, -5.49876e-05, -52.6186, -1.53293, -1.32144, -0.211488, -0.00290495
27.0682, 0.038103, 0.000397809, -52.5627, -1.53292, -1.32138, -0.211544, -0.00290584
27.0792, 0.0376022, 0.00036842, -52.5069, -1.53292, -1.32132, -0.211599, -0.00290673
27.0902, 0.037431, -0.0001071, -52.4511, -1.53291, -1.32126, -0.211655, -0.00290762
27.1012, 0.0378001, -0.000461465, -52.3954, -1.53291, -1.32119, -0.211711, -0.0029085
27.1122, 0.0382771, -0.000273657, -52.3397, -1.5329, -1.32113, -0.211767, -0.00290939
27.1232, 0.0383033, 0.000232356, -52.2842, -1.53289, -1.32107, -0.211822, -0.00291028
27.1342, 0.037856, 0.000456638, -52.2286, -1.53289, -1.32101, -0.211878, -0.00291117
27.1452, 0.0374724, 0.000134657, -52.1732, -1.53288, -1.32095, -0.211934, -0.00291206
27.1562, 0.0376124, -0.000352568, -52.1178, -1.53287, -1.32088, -0.21199, -0.00291295
27.1672, 0.0381174, -0.000430943, -52.0625, -1.53287, -1.32082, -0.212046, -0.00291383
27.1782, 0.0384004, -9.2115e-06, -52.0072, -1.53286, -1.32076, -0.212102, -0.00291472
27.1892, 0.0381373, 0.000416826, -51.952, -1.53286, -1.3207, -0.212158, -0.00291561
27.2002, 0.0376446, 0.000348307, -51.8969, -1.53285, -1.32064, -0.212214, -0.0029165
27.2112, 0.0375059, -0.000133644, -51.8418, -1.53284, -1.32057, -0.21227, -0.00291738
27.2221, 0.0378896, -0.00046597, -51.7868, -1.53284, -1.32051, -0.212326, -0.00291827
27.2331, 0.0383551, -0.00026208, -51.7318, -1.53283, -1.32045, -0.212382, -0.00291916
27.2441, 0.0383686, 0.000239948, -51.6769, -1.53282, -1.32039, -0.212438, -0.00292005
27.2551, 0.0379226, 0.000457196, -51.6221, -1.53282, -1.32032, -0.212494, -0.00292094
27.2661, 0.0375417, 0.000138779, -51.5673, -1.53281, -1.32026, -0.21255, -0.00292182
27.2771, 0.037673, -0.000346236, -51.5126, -1.53281, -1.3202, -0.212607, -0.00292271
27.2881, 0.0381712, -0.000438145, -51.458, -1.5328, -1.32014, -0.212663, -0.0029236
27.2991, 0.0384692, -3.20104e-05, -51.4034, -1.53279, -1.32007, -0.212719, -0.00292448
27.3101, 0.0382322, 0.000404482, -51.3489, -1.53279, -1.32001, -0.212776, -0.00292537
27.3211, 0.0377403, 0.000370739, -51.2945, -1.53278, -1.31995, -0.212832, -0.00292626
27.3321, 0.0375641, -9.35952e-05, -51.2401, -1.53277, -1.31989, -0.212888, -0.00292715
27.3431, 0.0379113, -0.000457147, -51.1858, -1.53277, -1.31982, -0.212945, -0.00292803
27.3541, 0.038392, -0.000305627, -51.1315, -1.53276, -1.31976, -0.213001, -0.00292892
27.3651, 0.0384659, 0.000187395, -51.0773, -1.53276, -1.3197, -0.213057, -0.00292981
27.3761, 0.038057, 0.000461165, -51.0232, -1.53275, -1.31964, -0.213114, -0.00293069
27.3871, 0.037637, 0.000205795, -50.9691, -1.53274, -1.31957, -0.21317, -0.00293158
27.3981, 0.0376882, -0.000288583, -50.9151, -1.53274, -1.31951, -0.213227, -0.00293247
27.4091, 0.0381586, -0.000463096, -50.8611, -1.53273, -1.31945, -0.213284, -0.00293335
27.4201, 0.0385241, -0.000121742, -50.8072, -1.53272, -1.31938, -0.21334, -0.00293424
27.4311, 0.0383806, 0.000350266, -50.7534, -1.53272, -1.31932, -0.213397, -0.00293513
27.4421, 0.0378973, 0.000422591, -50.6996, -1.53271, -1.31926, -0.213453, -0.00293601
27.4531, 0.0376236, 1.50655e-05, -50.6459, -1.53271, -1.3192, -0.21351, -0.0029369
27.4641, 0.0378721, -0.00041534, -50.5922, -1.5327, -1.31913, -0.213567, -0.00293778
27.4751, 0.038371, -0.000388004, -50.5387, -1.53269, -1.31907, -0.213624, -0.00293867
27.4861, 0.0385707, 6.55718e-05, -50.4851, -1.53269, -1.31901, -0.21368, -0.00293956
27.4971, 0.0382565, 0.000439901, -50.4317, -1.53268, -1.31894, -0.213737, -0.00294044
27.5081, 0.0377853, 0.000319584, -50.3783, -1.53268, -1.31888, -0.213794, -0.00294133
27.5196, 0.037696, -0.000185418, -50.3222, -1.53267, -1.31882, -0.213854, -0.00294226
27.5312, 0.0381279, -0.000473105, -50.2663, -1.53266, -1.31875, -0.213914, -0.00294319
27.5427, 0.0385671, -0.000197199, -50.2104, -1.53266, -1.31868, -0.213973, -0.00294412
27.5543, 0.0384929, 0.000309213, -50.1545, -1.53265, -1.31862, -0.214033, -0.00294505
27.5658, 0.0380034, 0.000437687, -50.0988, -1.53264, -1.31855, -0.214093, -0.00294598
27.5774, 0.0376935, 3.51014e-05, -50.0431, -1.53264, -1.31848, -0.214153, -0.00294691
27.5889, 0.0379412, -0.00041601, -49.9874, -1.53263, -1.31842, -0.214213, -0.00294784
27.6005, 0.0384573, -0.000377194, -49.9319, -1.53262, -1.31835, -0.214273, -0.00294877
27.612, 0.0386342, 0.000104254, -49.8764, -1.53262, -1.31828, -0.214333, -0.0029497
27.6236, 0.03827, 0.000455089, -49.8209, -1.53261, -1.31822, -0.214393, -0.00295063
27.6351, 0.0378055, 0.000259395, -49.7656, -1.5326, -1.31815, -0.214453, -0.00295156
27.6467, 0.0377985, -0.000249941, -49.7103, -1.5326, -1.31809, -0.214513, -0.00295249
27.6582, 0.0382638, -0.000470397, -49.655, -1.53259, -1.31802, -0.214573, -0.00295342
27.6698, 0.0386592, -0.000142634, -49.5999, -1.53259, -1.31795, -0.214633, -0.00295435
27.6813, 0.038527, 0.000346379, -49.5448, -1.53258, -1.31789, -0.214694, -0.00295528
27.6929, 0.0380312, 0.00042189, -49.4897, -1.53257, -1.31782, -0.214754, -0.00295621
27.7044, 0.0377612, -3.70406e-06, -49.4348, -1.53257, -1.31775, -0.214814, -0.00295714
27.716, 0.0380399, -0.000431368, -49.3799, -1.53256, -1.31769, -0.214874, -0.00295807
27.7275, 0.0385481, -0.000361751, -49.325, -1.53255, -1.31762, -0.214935, -0.002959
27.7391, 0.0387004, 0.000122903, -49.2702, -1.53255, -1.31755, -0.214995, -0.00295992
27.7506, 0.038328, 0.000458011, -49.2155, -1.53254, -1.31749, -0.215056, -0.00296085
27.7622, 0.0378717, 0.000254954, -49.1609, -1.53253, -1.31742, -0.215116, -0.00296178
27.7737, 0.0378675, -0.000249837, -49.1063, -1.53253, -1.31735, -0.215176, -0.00296271
27.7853, 0.0383268, -0.000472102, -49.0518, -1.53252, -1.31728, -0.215237, -0.00296364
27.7968, 0.0387257, -0.000156042, -48.9973, -1.53252, -1.31722, -0.215297, -0.00296457
27.8084, 0.0386125, 0.000333172, -48.943, -1.53251, -1.31715, -0.215358, -0.0029655
27.8199, 0.0381256, 0.000432937, -48.8886, -1.5325, -1.31708, -0.215419, -0.00296643
27.8315, 0.0378317, 2.97209e-05, -48.8344, -1.5325, -1.31702, -0.215479, -0.00296735
27.843, 0.0380739, -0.000413785, -48.7802, -1.53249, -1.31695, -0.21554, -0.00296828
27.8546, 0.0385816, -0.000390846, -48.7261, -1.53248, -1.31688, -0.215601, -0.00296921
27.8661, 0.0387825, 7.13039e-05, -48.672, -1.53248, -1.31682, -0.215661, -0.00297014
27.8777, 0.038456, 0.000445798, -48.618, -1.53247, -1.31675, -0.215722, -0.00297107
27.8893, 0.0379812, 0.000307577, -48.5641, -1.53246, -1.31668, -0.215783, -0.002972
27.9008, 0.0379036, -0.000185521, -48.5102, -1.53246, -1.31661, -0.215844, -0.00297292
27.9124, 0.0383173, -0.000474952, -48.4564, -1.53245, -1.31655, -0.215905, -0.00297385
27.9239, 0.0387612, -0.000234486, -48.4027, -1.53245, -1.31648, -0.215966, -0.00297478
27.9355, 0.0387422, 0.000263733, -48.349, -1.53244, -1.31641, -0.216027, -0.00297571
27.947, 0.0382899, 0.000458943, -48.2954, -1.53243, -1.31635, -0.216087, -0.00297664
27.9586, 0.0379199, 0.000132817, -48.2418, -1.53243, -1.31628, -0.216148, -0.00297756
27.9701, 0.0380533, -0.000348207, -48.1883, -1.53242, -1.31621, -0.21621, -0.00297849
27.9821, 0.0385642, -0.000439426, -48.133, -1.53241, -1.31614, -0.216273, -0.00297945
27.994, 0.0388591, -1.61182e-05, -48.0778, -1.53241, -1.31607, -0.216336, -0.00298041
28.006, 0.038597, 0.000419513, -48.0227, -1.5324, -1.316, -0.216399, -0.00298137
28.0179, 0.0380965, 0.000352873, -47.9676, -1.53239, -1.31593, -0.216463, -0.00298233
28.0299, 0.0379558, -0.000136339, -47.9126, -1.53239, -1.31586, -0.216526, -0.00298329
28.0418, 0.0383471, -0.000471667, -47.8576, -1.53238, -1.31579, -0.216589, -0.00298425
28.0538, 0.0388175, -0.00025981, -47.8027, -1.53238, -1.31572, -0.216653, -0.00298521
28.0657, 0.0388232, 0.000249767, -47.7479, -1.53237, -1.31565, -0.216716, -0.00298617
28.0777, 0.0383663, 0.0004606, -47.6932, -1.53236, -1.31558, -0.21678, -0.00298713
28.0897, 0.0379883, 0.00012739, -47.6385, -1.53236, -1.31551, -0.216843, -0.00298809
28.1016, 0.0381368, -0.000360621, -47.5839, -1.53235, -1.31544, -0.216907, -0.00298905
28.1136, 0.0386455, -0.000436017, -47.5293, -1.53234, -1.31537, -0.21697, -0.00299001
28.1255, 0.038931, -1.23383e-05, -47.4749, -1.53234, -1.3153, -0.217034, -0.00299097
28.1375, 0.0386711, 0.000418951, -47.4205, -1.53233, -1.31523, -0.217098, -0.00299192
28.1494, 0.0381745, 0.000359758, -47.3661, -1.53232, -1.31516, -0.217161, -0.00299288
28.1614, 0.0380215, -0.000120544, -47.3118, -1.53232, -1.31509, -0.217225, -0.00299384
28.1733, 0.0383947, -0.000468557, -47.2576, -1.53231, -1.31502, -0.217289, -0.0029948
28.1853, 0.0388718, -0.000285164, -47.2035, -1.5323, -1.31495, -0.217353, -0.00299576
28.1973, 0.0389135, 0.000218307, -47.1494, -1.5323, -1.31488, -0.217417, -0.00299672
28.2092, 0.0384804, 0.000465597, -47.0954, -1.53229, -1.31481, -0.217481, -0.00299768
28.2212, 0.0380751, 0.000175232, -47.0414, -1.53229, -1.31474, -0.217545, -0.00299863
28.2331, 0.0381661, -0.00032096, -46.9876, -1.53228, -1.31467, -0.217608, -0.00299959
28.2451, 0.0386562, -0.000458799, -46.9338, -1.53227, -1.3146, -0.217673, -0.00300055
28.257, 0.0389959, -8.28852e-05, -46.88, -1.53227, -1.31453, -0.217737, -0.00300151
28.269, 0.0388086, 0.00038024, -46.8263, -1.53226, -1.31446, -0.217801, -0.00300247
28.2809, 0.0383142, 0.000407475, -46.7727, -1.53225, -1.31439, -0.217865, -0.00300343
28.2929, 0.0380777, -3.08088e-05, -46.7192, -1.53225, -1.31432, -0.217929, -0.00300438
28.3048, 0.0383715, -0.000440671, -46.6657, -1.53224, -1.31425, -0.217993, -0.00300534
28.3168, 0.0388719, -0.000362279, -46.6123, -1.53223, -1.31418, -0.218057, -0.0030063
28.3288, 0.0390251, 0.000115386, -46.5589, -1.53223, -1.31411, -0.218122, -0.00300726
28.3407, 0.0386679, 0.000457558, -46.5056, -1.53222, -1.31404, -0.218186, -0.00300821
28.3527, 0.0382069, 0.00028298, -46.4524, -1.53222, -1.31397, -0.21825, -0.00300917
28.3646, 0.0381626, -0.000212789, -46.3992, -1.53221, -1.31389, -0.218315, -0.00301013
28.3766, 0.0385901, -0.000478354, -46.3461, -1.5322, -1.31382, -0.218379, -0.00301109
28.3885, 0.0390215, -0.000219955, -46.2931, -1.5322, -1.31375, -0.218443, -0.00301204
28.4005, 0.0389866, 0.000275303, -46.2402, -1.53219, -1.31368, -0.218508, -0.003013
28.4128, 0.0385149, 0.000456853, -46.1855, -1.53218, -1.31361, -0.218575, -0.00301399
28.4252, 0.038158, 9.7508e-05, -46.1308, -1.53218, -1.31354, -0.218641, -0.00301498
28.4376, 0.0383397, -0.000382161, -46.0763, -1.53217, -1.31346, -0.218708, -0.00301597
28.4499, 0.0388547, -0.000423384, -46.0218, -1.53216, -1.31339, -0.218775, -0.00301696
28.4623, 0.0391115, 2.06699e-05, -45.9674, -1.53216, -1.31332, -0.218842, -0.00301795
28.4746, 0.0388205, 0.000433989, -45.9131, -1.53215, -1.31324, -0.218909, -0.00301894
28.487, 0.0383273, 0.00033846, -45.8588, -1.53214, -1.31317, -0.218976, -0.00301993
28.4994, 0.0382092, -0.000154391, -45.8046, -1.53214, -1.31309, -0.219043, -0.00302092
28.5117, 0.038609, -0.000475805, -45.7504, -1.53213, -1.31302, -0.21911, -0.00302191
28.5241, 0.0390731, -0.000256704, -45.6964, -1.53212, -1.31295, -0.219177, -0.00302289
28.5364, 0.0390766, 0.00025023, -45.6424, -1.53212, -1.31287, -0.219244, -0.00302388
28.5488, 0.0386239, 0.000463971, -45.5884, -1.53211, -1.3128, -0.219311, -0.00302487
28.5612, 0.0382408, 0.000141078, -45.5346, -1.53211, -1.31273, -0.219378, -0.00302586
28.5735, 0.0383711, -0.000349051, -45.4808, -1.5321, -1.31265, -0.219445, -0.00302685
28.5859, 0.0388728, -0.000448483, -45.427, -1.53209, -1.31258, -0.219513, -0.00302784
28.5982, 0.0391827, -4.53298e-05, -45.3734, -1.53209, -1.31251, -0.21958, -0.00302883
28.6106, 0.0389577, 0.000402503, -45.3198, -1.53208, -1.31243, -0.219647, -0.00302981
28.623, 0.0384607, 0.000388722, -45.2662, -1.53207, -1.31236, -0.219715, -0.0030308
28.6353, 0.0382602, -6.9972e-05, -45.2128, -1.53207, -1.31228, -0.219782, -0.00303179
28.6477, 0.0385885, -0.000456202, -45.1594, -1.53206, -1.31221, -0.21985, -0.00303278
28.66, 0.0390827, -0.000336373, -45.1061, -1.53205, -1.31214, -0.219917, -0.00303377
28.6729, 0.0391878, 0.000175313, -45.0505, -1.53205, -1.31206, -0.219988, -0.0030348
28.6858, 0.0387644, 0.000468515, -44.995, -1.53204, -1.31198, -0.220058, -0.00303583
28.6987, 0.0383312, 0.000190919, -44.9396, -1.53203, -1.3119, -0.220129, -0.00303686
28.7116, 0.0384165, -0.000322782, -44.8843, -1.53203, -1.31183, -0.220199, -0.00303789
28.7245, 0.0389249, -0.000456548, -44.829, -1.53202, -1.31175, -0.22027, -0.00303892
28.7374, 0.0392556, -5.13892e-05, -44.7738, -1.53201, -1.31167, -0.22034, -0.00303995
28.7503, 0.0390225, 0.000408082, -44.7187, -1.53201, -1.3116, -0.220411, -0.00304098
28.7632, 0.0385124, 0.000374845, -44.6637, -1.532, -1.31152, -0.220482, -0.00304201
28.7761, 0.0383398, -0.000110422, -44.6087, -1.53199, -1.31144, -0.220553, -0.00304304
28.789, 0.0387162, -0.000471557, -44.5538, -1.53199, -1.31136, -0.220624, -0.00304407
28.8019, 0.0392031, -0.000281852, -44.499, -1.53198, -1.31129, -0.220694, -0.0030451
28.8148, 0.0392337, 0.000233506, -44.4442, -1.53197, -1.31121, -0.220765, -0.00304613
28.8277, 0.0387808, 0.000467005, -44.3895, -1.53197, -1.31113, -0.220836, -0.00304716
28.8406, 0.0383856, 0.000145063, -44.3349, -1.53196, -1.31105, -0.220907, -0.00304819
28.8534, 0.0385188, -0.000353595, -44.2804, -1.53195, -1.31097, -0.220978, -0.00304922
28.8663, 0.0390312, -0.000445349, -44.2259, -1.53195, -1.3109, -0.22105, -0.00305025
28.8792, 0.0393316, -2.41547e-05, -44.1715, -1.53194, -1.31082, -0.221121, -0.00305127
28.8921, 0.0390785, 0.000418268, -44.1172, -1.53193, -1.31074, -0.221192, -0.0030523
28.905, 0.038575, 0.000367854, -44.0629, -1.53193, -1.31066, -0.221263, -0.00305333
28.9179, 0.0384132, -0.000115709, -44.0087, -1.53192, -1.31059, -0.221334, -0.00305436
28.9308, 0.0387869, -0.000471983, -43.9546, -1.53191, -1.31051, -0.221406, -0.00305539
28.9437, 0.0392712, -0.000290101, -43.9006, -1.53191, -1.31043, -0.221477, -0.00305642
28.9566, 0.0393156, 0.000219099, -43.8466, -1.5319, -1.31035, -0.221548, -0.00305745
28.9695, 0.0388779, 0.000469662, -43.7927, -1.53189, -1.31027, -0.22162, -0.00305848
28.9824, 0.0384687, 0.000174966, -43.7389, -1.53189, -1.3102, -0.221691, -0.0030595
28.9953, 0.0385636, -0.000326445, -43.6851, -1.53188, -1.31012, -0.221763, -0.00306053
29.0082, 0.0390606, -0.000461673, -43.6314, -1.53187, -1.31004, -0.221835, -0.00306156
29.0211, 0.0393999, -7.7647e-05, -43.5778, -1.53187, -1.30996, -0.221906, -0.00306259
29.034, 0.0392039, 0.000387839, -43.5243, -1.53186, -1.30988, -0.221978, -0.00306362
29.0468, 0.0387037, 0.000406717, -43.4708, -1.53185, -1.3098, -0.22205, -0.00306464
29.0597, 0.0384734, -4.12106e-05, -43.4174, -1.53185, -1.30973, -0.222121, -0.00306567
29.0726, 0.0387798, -0.000449016, -43.364, -1.53184, -1.30965, -0.222193, -0.0030667
29.0855, 0.0392837, -0.000357415, -43.3108, -1.53183, -1.30957, -0.222265, -0.00306773
29.0984, 0.0394255, 0.000129315, -43.2576, -1.53183, -1.30949, -0.222337, -0.00306876
29.1113, 0.0390545, 0.000464239, -43.2044, -1.53182, -1.30941, -0.222409, -0.00306978
29.1242, 0.0385946, 0.000272954, -43.1514, -1.53181, -1.30933, -0.222481, -0.00307081
29.1371, 0.0385668, -0.000229559, -43.0984, -1.53181, -1.30926, -0.222553, -0.00307184
29.15, 0.0390082, -0.000482609, -43.0455, -1.5318, -1.30918, -0.222625, -0.00307287
29.1629, 0.0394342, -0.000205553, -42.9926, -1.5318, -1.3091, -0.222697, -0.00307389
29.1758, 0.0393795, 0.000292873, -42.9398, -1.53179, -1.30902, -0.222769, -0.00307492
29.1891, 0.0388944, 0.000455957, -42.8852, -1.53178, -1.30894, -0.222844, -0.00307598
29.2025, 0.0385507, 7.49605e-05, -42.8306, -1.53178, -1.30886, -0.222919, -0.00307705
29.2159, 0.0387599, -0.000400916, -42.7761, -1.53177, -1.30877, -0.222994, -0.00307811
29.2292, 0.0392832, -0.000413387, -42.7217, -1.53176, -1.30869, -0.223069, -0.00307918
29.2426, 0.0395153, 5.09291e-05, -42.6673, -1.53176, -1.30861, -0.223144, -0.00308024
29.256, 0.039194, 0.000448772, -42.613, -1.53175, -1.30853, -0.223219, -0.00308131
29.2693, 0.0387027, 0.00031695, -42.5588, -1.53174, -1.30845, -0.223294, -0.00308237
29.2827, 0.0386206, -0.000189967, -42.5047, -1.53173, -1.30837, -0.223369, -0.00308344
29.2961, 0.0390496, -0.000483279, -42.4506, -1.53173, -1.30828, -0.223445, -0.0030845
29.3094, 0.0394998, -0.000224262, -42.3966, -1.53172, -1.3082, -0.22352, -0.00308556
29.3228, 0.0394594, 0.000286679, -42.3427, -1.53171, -1.30812, -0.223595, -0.00308663
29.3362, 0.0389839, 0.000460525, -42.2889, -1.53171, -1.30804, -0.223671, -0.00308769
29.3496, 0.0386284, 9.8442e-05, -42.2351, -1.5317, -1.30796, -0.223746, -0.00308875
29.3629, 0.0388079, -0.0003831, -42.1814, -1.53169, -1.30787, -0.223821, -0.00308982
29.3763, 0.0393232, -0.000433067, -42.1278, -1.53169, -1.30779, -0.223897, -0.00309088
29.3897, 0.0395931, 4.39213e-06, -42.0742, -1.53168, -1.30771, -0.223973, -0.00309194
29.403, 0.0393186, 0.000429939, -42.0207, -1.53167, -1.30763, -0.224048, -0.00309301
29.4164, 0.0388205, 0.000360242, -41.9673, -1.53167, -1.30754, -0.224124, -0.00309407
29.4298, 0.0386715, -0.000124375, -41.914, -1.53166, -1.30746, -0.2242, -0.00309513
29.4431, 0.0390466, -0.000474843, -41.8607, -1.53165, -1.30738, -0.224275, -0.0030962
29.4565, 0.0395287, -0.000296164, -41.8075, -1.53165, -1.3073, -0.224351, -0.00309726
29.4699, 0.0395825, 0.000209106, -41.7544, -1.53164, -1.30721, -0.224427, -0.00309832
29.4832, 0.0391561, 0.00047267, -41.7014, -1.53163, -1.30713, -0.224503, -0.00309939
29.4966, 0.038736, 0.000199889, -41.6484, -1.53163, -1.30705, -0.224579, -0.00310045
29.51, 0.0387993, -0.000302839, -41.5955, -1.53162, -1.30697, -0.224655, -0.00310151
29.5233, 0.0392813, -0.000474193, -41.5427, -1.53161, -1.30688, -0.224731, -0.00310257
29.5367, 0.039652, -0.000124415, -41.4899, -1.53161, -1.3068, -0.224807, -0.00310364
29.5501, 0.0395074, 0.000356721, -41.4372, -1.5316, -1.30672, -0.224883, -0.0031047
29.5634, 0.0390165, 0.000435905, -41.3846, -1.5316, -1.30664, -0.224959, -0.00310576
29.5768, 0.03873, 2.67408e-05, -41.332, -1.53159, -1.30655, -0.225036, -0.00310682
29.5902, 0.0389706, -0.000418261, -41.2796, -1.53158, -1.30647, -0.225112, -0.00310788
29.6035, 0.0394793, -0.000409455, -41.2272, -1.53158, -1.30639, -0.225188, -0.00310895
29.6169, 0.0397043, 4.22209e-05, -41.1748, -1.53157, -1.3063, -0.225265, -0.00311001
29.6303, 0.0394072, 0.000440899, -41.1226, -1.53156, -1.30622, -0.225341, -0.00311107
29.6436, 0.0389212, 0.000351139, -41.0704, -1.53156, -1.30614, -0.225418, -0.00311213
29.6576, 0.0387914, -0.000152711, -41.0157, -1.53155, -1.30605, -0.225498, -0.00311324
29.6717, 0.0392023, -0.000482504, -40.9611, -1.53154, -1.30596, -0.225578, -0.00311436
29.6857, 0.0396749, -0.000248831, -40.9065, -1.53153, -1.30588, -0.225659, -0.00311547
29.6997, 0.0396597, 0.000271187, -40.8521, -1.53153, -1.30579, -0.225739, -0.00311658
29.7137, 0.039184, 0.000464916, -40.7977, -1.53152, -1.3057, -0.22582, -0.0031177
29.7278, 0.0388156, 0.000105843, -40.7434, -1.53151, -1.30561, -0.2259, -0.00311881
29.7418, 0.0389935, -0.000384047, -40.6892, -1.53151, -1.30553, -0.225981, -0.00311992
29.7558, 0.0395165, -0.000432095, -40.6351, -1.5315, -1.30544, -0.226061, -0.00312104
29.7698, 0.0397821, 1.64786e-05, -40.581, -1.53149, -1.30535, -0.226142, -0.00312215
29.7839, 0.0394901, 0.000438753, -40.527, -1.53149, -1.30526, -0.226223, -0.00312326
29.7979, 0.0389887, 0.000344995, -40.4731, -1.53148, -1.30518, -0.226304, -0.00312437
29.8119, 0.0388666, -0.000154874, -40.4193, -1.53147, -1.30509, -0.226385, -0.00312549
29.8259, 0.0392716, -0.000482679, -40.3655, -1.53147, -1.305, -0.226466, -0.0031266
29.8399, 0.0397436, -0.000261385, -40.3118, -1.53146, -1.30491, -0.226547, -0.00312771
29.854, 0.039748, 0.00025322, -40.2582, -1.53145, -1.30483, -0.226628, -0.00312882
29.868, 0.0392889, 0.000470482, -40.2047, -1.53145, -1.30474, -0.226709, -0.00312994
29.882, 0.0389003, 0.000142806, -40.1512, -1.53144, -1.30465, -0.22679, -0.00313105
29.896, 0.0390331, -0.000354486, -40.0978, -1.53143, -1.30456, -0.226871, -0.00313216
29.9101, 0.0395423, -0.000454997, -40.0445, -1.53143, -1.30447, -0.226952, -0.00313327
29.9241, 0.0398566, -4.57465e-05, -39.9913, -1.53142, -1.30439, -0.227034, -0.00313438
29.9381, 0.0396282, 0.0004083, -39.9381, -1.53141, -1.3043, -0.227115, -0.00313549
29.9521, 0.0391244, 0.000393991, -39.885, -1.53141, -1.30421, -0.227196, -0.00313661
29.9662, 0.0389215, -7.12093e-05, -39.832, -1.5314, -1.30412, -0.227278, -0.00313772
29.9802, 0.0392544, -0.000462893, -39.7791, -1.53139, -1.30403, -0.227359, -0.00313883
29.9942, 0.0397557, -0.000341875, -39.7262, -1.53138, -1.30394, -0.227441, -0.00313994
30.0088, 0.0398639, 0.000175572, -39.6713, -1.53138, -1.30385, -0.227526, -0.0031411
30.0234, 0.0394376, 0.000474976, -39.6164, -1.53137, -1.30376, -0.227611, -0.00314225
30.038, 0.0389969, 0.000198618, -39.5616, -1.53136, -1.30367, -0.227696, -0.00314341
30.0526, 0.0390763, -0.000321984, -39.5069, -1.53136, -1.30358, -0.227781, -0.00314457
30.0672, 0.0395882, -0.000466181, -39.4523, -1.53135, -1.30348, -0.227867, -0.00314572
30.0818, 0.0399316, -6.37304e-05, -39.3977, -1.53134, -1.30339, -0.227952, -0.00314688
30.0964, 0.0397083, 0.00040692, -39.3432, -1.53134, -1.3033, -0.228037, -0.00314803
30.111, 0.0391922, 0.000389223, -39.2888, -1.53133, -1.30321, -0.228123, -0.00314919
30.1256, 0.0390009, -9.45784e-05, -39.2345, -1.53132, -1.30311, -0.228208, -0.00315035
30.1402, 0.0393667, -0.000474087, -39.1803, -1.53131, -1.30302, -0.228294, -0.0031515
30.1548, 0.039867, -0.000304301, -39.1261, -1.53131, -1.30293, -0.228379, -0.00315266
30.1694, 0.039924, 0.00021448, -39.0721, -1.5313, -1.30284, -0.228465, -0.00315381
30.184, 0.0394805, 0.000475536, -39.0181, -1.53129, -1.30274, -0.228551, -0.00315497
30.1986, 0.0390626, 0.000175552, -38.9642, -1.53129, -1.30265, -0.228636, -0.00315612
30.2132, 0.0391639, -0.000335333, -38.9103, -1.53128, -1.30256, -0.228722, -0.00315728
30.2278, 0.0396734, -0.000464425, -38.8566, -1.53127, -1.30247, -0.228808, -0.00315843
30.2424, 0.0400091, -6.35914e-05, -38.8029, -1.53127, -1.30237, -0.228894, -0.00315959
30.257, 0.0397922, 0.000403372, -38.7493, -1.53126, -1.30228, -0.22898, -0.00316074
30.2716, 0.0392819, 0.000399085, -38.6958, -1.53125, -1.30219, -0.229066, -0.0031619
30.2862, 0.0390725, -7.01595e-05, -38.6423, -1.53125, -1.30209, -0.229152, -0.00316305
30.3008, 0.0394108, -0.000465862, -38.5889, -1.53124, -1.302, -0.229238, -0.00316421
30.3154, 0.0399167, -0.000336405, -38.5357, -1.53123, -1.30191, -0.229325, -0.00316536
30.33, 0.0400214, 0.000169206, -38.4824, -1.53122, -1.30181, -0.229411, -0.00316651
30.3446, 0.039615, 0.000475371, -38.4293, -1.53122, -1.30172, -0.229497, -0.00316767
30.3592, 0.0391673, 0.000235668, -38.3763, -1.53121, -1.30163, -0.229584, -0.00316882
30.3738, 0.0391926, -0.000277277, -38.3233, -1.5312, -1.30153, -0.22967, -0.00316998
30.3884, 0.0396685, -0.000484157, -38.2704, -1.5312, -1.30144, -0.229757, -0.00317113
30.403, 0.0400662, -0.000153147, -38.2176, -1.53119, -1.30135, -0.229843, -0.00317228
30.4176, 0.0399472, 0.000342675, -38.1648, -1.53118, -1.30125, -0.22993, -0.00317344
30.4322, 0.039454, 0.000447769, -38.1121, -1.53118, -1.30116, -0.230017, -0.00317459
30.4468, 0.0391461, 4.59521e-05, -38.0595, -1.53117, -1.30107, -0.230103, -0.00317575
30.4614, 0.0393736, -0.00041367, -38.007, -1.53116, -1.30097, -0.23019, -0.0031769
30.476, 0.0398896, -0.000420226, -37.9546, -1.53116, -1.30088, -0.230277, -0.00317805
30.4906, 0.040129, 3.21751e-05, -37.9022, -1.53115, -1.30079, -0.230364, -0.0031792
30.5052, 0.0398354, 0.000441951, -37.8499, -1.53114, -1.30069, -0.230451, -0.00318036
30.5198, 0.0393418, 0.000357293, -37.7977, -1.53114, -1.3006, -0.230538, -0.00318151
30.5349, 0.0392051, -0.000146881, -37.7436, -1.53113, -1.3005, -0.230629, -0.00318271
30.5501, 0.0396116, -0.000485676, -37.6895, -1.53112, -1.3004, -0.230719, -0.0031839
30.5652, 0.0400919, -0.000262942, -37.6356, -1.53111, -1.3003, -0.23081, -0.0031851
30.5804, 0.0400934, 0.000259547, -37.5817, -1.53111, -1.30021, -0.2309, -0.0031863
30.5956, 0.0396238, 0.000472313, -37.5279, -1.5311, -1.30011, -0.230991, -0.00318749
30.6107, 0.0392384, 0.00012909, -37.4742, -1.53109, -1.30001, -0.231082, -0.00318869
30.6259, 0.0393917, -0.000370724, -37.4205, -1.53109, -1.29991, -0.231173, -0.00318989
30.641, 0.039913, -0.000448952, -37.367, -1.53108, -1.29982, -0.231264, -0.00319108
30.6562, 0.0402083, -1.66817e-05, -37.3135, -1.53107, -1.29972, -0.231355, -0.00319228
30.6713, 0.0399468, 0.000427452, -37.2601, -1.53107, -1.29962, -0.231446, -0.00319347
30.6865, 0.0394382, 0.000373992, -37.2068, -1.53106, -1.29952, -0.231537, -0.00319467
30.7017, 0.0392731, -0.000114389, -37.1535, -1.53105, -1.29942, -0.231628, -0.00319587
30.7168, 0.0396469, -0.000479064, -37.1004, -1.53104, -1.29932, -0.231719, -0.00319706
30.732, 0.0401404, -0.000305346, -37.0473, -1.53104, -1.29923, -0.231811, -0.00319826
30.7471, 0.040201, 0.00020789, -36.9943, -1.53103, -1.29913, -0.231902, -0.00319945
30.7623, 0.0397692, 0.000478425, -36.9414, -1.53102, -1.29903, -0.231994, -0.00320065
30.7774, 0.0393422, 0.000201446, -36.8886, -1.53102, -1.29893, -0.232085, -0.00320184
30.7926, 0.0394089, -0.000309322, -36.8358, -1.53101, -1.29883, -0.232177, -0.00320304
30.8078, 0.0399006, -0.000479223, -36.7831, -1.531, -1.29873, -0.232268, -0.00320423
30.8229, 0.0402727, -0.000118899, -36.7305, -1.531, -1.29864, -0.23236, -0.00320543
30.8381, 0.0401175, 0.000367183, -36.678, -1.53099, -1.29854, -0.232452, -0.00320662
30.8532, 0.0396173, 0.000436629, -36.6256, -1.53098, -1.29844, -0.232544, -0.00320782
30.8684, 0.0393373, 1.35041e-05, -36.5732, -1.53097, -1.29834, -0.232636, -0.00320901
30.8835, 0.0395951, -0.000431269, -36.5209, -1.53097, -1.29824, -0.232728, -0.0032102
30.8987, 0.0401114, -0.000405503, -36.4687, -1.53096, -1.29814, -0.23282, -0.0032114
30.9139, 0.0403233, 6.08785e-05, -36.4166, -1.53095, -1.29804, -0.232912, -0.00321259
30.929, 0.040006, 0.000453094, -36.3646, -1.53095, -1.29794, -0.233004, -0.00321379
30.9442, 0.0395173, 0.000340742, -36.3126, -1.53094, -1.29784, -0.233096, -0.00321498
30.9601, 0.0394098, -0.000177863, -36.258, -1.53093, -1.29774, -0.233193, -0.00321624
30.9761, 0.0398453, -0.000491041, -36.2035, -1.53093, -1.29763, -0.23329, -0.00321749
30.992, 0.0403114, -0.000225883, -36.1491, -1.53092, -1.29753, -0.233388, -0.00321875
31.008, 0.0402622, 0.000300416, -36.0948, -1.53091, -1.29743, -0.233485, -0.00322
31.0239, 0.0397662, 0.000462672, -36.0406, -1.5309, -1.29732, -0.233582, -0.00322126
31.0398, 0.0394203, 7.00258e-05, -35.9864, -1.5309, -1.29722, -0.23368, -0.00322251
31.0558, 0.0396406, -0.000412483, -35.9323, -1.53089, -1.29711, -0.233778, -0.00322377
31.0717, 0.0401747, -0.000416743, -35.8784, -1.53088, -1.29701, -0.233875, -0.00322502
31.0877, 0.0404031, 6.07501e-05, -35.8245, -1.53087, -1.2969, -0.233973, -0.00322628
31.1036, 0.0400679, 0.000459562, -35.7707, -1.53087, -1.2968, -0.234071, -0.00322753
31.1196, 0.0395706, 0.000314364, -35.7169, -1.53086, -1.29669, -0.234168, -0.00322878
31.1355, 0.039499, -0.000204088, -35.6633, -1.53085, -1.29659, -0.234266, -0.00323004
31.1515, 0.0399433, -0.000492625, -35.6097, -1.53085, -1.29648, -0.234364, -0.00323129
31.1674, 0.0403957, -0.000217847, -35.5563, -1.53084, -1.29638, -0.234462, -0.00323255
31.1834, 0.0403419, 0.000301108, -35.5029, -1.53083, -1.29627, -0.234561, -0.0032338
31.1993, 0.0398538, 0.000465721, -35.4496, -1.53082, -1.29617, -0.234659, -0.00323506
31.2152, 0.0395017, 8.80278e-05, -35.3964, -1.53082, -1.29606, -0.234757, -0.00323631
31.2312, 0.0396967, -0.000397544, -35.3432, -1.53081, -1.29595, -0.234856, -0.00323756
31.2471, 0.0402225, -0.000435863, -35.2902, -1.5308, -1.29585, -0.234954, -0.00323882
31.2631, 0.040487, 1.52876e-05, -35.2372, -1.5308, -1.29574, -0.235053, -0.00324007
31.279, 0.0401986, 0.000441632, -35.1843, -1.53079, -1.29564, -0.235151, -0.00324132
31.295, 0.039694, 0.000360049, -35.1315, -1.53078, -1.29553, -0.23525, -0.00324258
31.3109, 0.0395524, -0.000135603, -35.0788, -1.53077, -1.29543, -0.235349, -0.00324383
31.3269, 0.0399401, -0.000485251, -35.0262, -1.53077, -1.29532, -0.235447, -0.00324508
31.3428, 0.0404276, -0.000296294, -34.9736, -1.53076, -1.29521, -0.235546, -0.00324633
31.3587, 0.0404759, 0.000217642, -34.9212, -1.53075, -1.29511, -0.235645, -0.00324759
31.3747, 0.0400404, 0.000480817, -34.8688, -1.53075, -1.295, -0.235744, -0.00324884
31.3906, 0.0396162, 0.00020057, -34.8165, -1.53074, -1.2949, -0.235843, -0.00325009
31.4066, 0.039683, -0.000309633, -34.7643, -1.53073, -1.29479, -0.235943, -0.00325134
31.4225, 0.0401729, -0.00048314, -34.7121, -1.53072, -1.29468, -0.236042, -0.00325259
31.4385, 0.0405504, -0.000129143, -34.6601, -1.53072, -1.29458, -0.236141, -0.00325385
31.4544, 0.0404073, 0.000360077, -34.6081, -1.53071, -1.29447, -0.236241, -0.0032551
31.4704, 0.0399104, 0.000445823, -34.5562, -1.5307, -1.29436, -0.23634, -0.00325635
31.4863, 0.039614, 3.53539e-05, -34.5044, -1.5307, -1.29426, -0.23644, -0.0032576
31.5023, 0.0398494, -0.000420508, -34.4527, -1.53069, -1.29415, -0.236539, -0.00325885
31.5182, 0.0403656, -0.000424122, -34.401, -1.53068, -1.29404, -0.236639, -0.0032601
31.5341, 0.0406075, 2.69211e-05, -34.3495, -1.53068, -1.29394, -0.236739, -0.00326136
31.5501, 0.0403211, 0.000441508, -34.298, -1.53067, -1.29383, -0.236839, -0.00326261
31.566, 0.0398258, 0.000370967, -34.2466, -1.53066, -1.29372, -0.236939, -0.00326386
31.5827, 0.0396702, -0.000129818, -34.193, -1.53065, -1.29361, -0.237043, -0.00326516
31.5993, 0.0400638, -0.000486783, -34.1395, -1.53065, -1.2935, -0.237148, -0.00326647
31.616, 0.0405567, -0.000286344, -34.0861, -1.53064, -1.29339, -0.237252, -0.00326777
31.6326, 0.0405868, 0.000237796, -34.0328, -1.53063, -1.29328, -0.237357, -0.00326908
31.6493, 0.0401295, 0.000479974, -33.9796, -1.53062, -1.29316, -0.237462, -0.00327039
31.6659, 0.0397207, 0.000162561, -33.9264, -1.53062, -1.29305, -0.237566, -0.00327169
31.6826, 0.0398375, -0.000348495, -33.8734, -1.53061, -1.29294, -0.237671, -0.003273
31.6992, 0.0403529, -0.000467994, -33.8204, -1.5306, -1.29283, -0.237776, -0.0032743
31.7159, 0.040686, -6.09572e-05, -33.7675, -1.5306, -1.29271, -0.237882, -0.00327561
31.7325, 0.0404667, 0.000407865, -33.7147, -1.53059, -1.2926, -0.237987, -0.00327691
31.7492, 0.0399539, 0.000406509, -33.662, -1.53058, -1.29249, -0.238092, -0.00327821
31.7658, 0.0397368, -6.19017e-05, -33.6094, -1.53057, -1.29238, -0.238197, -0.00327952
31.7825, 0.0400674, -0.000467473, -33.5569, -1.53057, -1.29226, -0.238303, -0.00328082
31.7991, 0.0405801, -0.000354273, -33.5044, -1.53056, -1.29215, -0.238408, -0.00328213
31.8158, 0.0407074, 0.00014896, -33.4521, -1.53055, -1.29204, -0.238514, -0.00328343
31.8324, 0.0403163, 0.000478064, -33.3998, -1.53055, -1.29193, -0.23862, -0.00328474
31.849, 0.0398528, 0.000266593, -33.3476, -1.53054, -1.29181, -0.238725, -0.00328604
31.8657, 0.0398406, -0.000248409, -33.2955, -1.53053, -1.2917, -0.238831, -0.00328734
31.8823, 0.0402998, -0.000494754, -33.2435, -1.53052, -1.29159, -0.238937, -0.00328865
31.899, 0.0407287, -0.000200942, -33.1916, -1.53052, -1.29147, -0.239043, -0.00328995
31.9156, 0.0406625, 0.000307133, -33.1397, -1.53051, -1.29136, -0.239149, -0.00329125
31.9329, 0.040163, 0.000464707, -33.0859, -1.5305, -1.29124, -0.23926, -0.00329261
31.9503, 0.0398185, 6.81835e-05, -33.0322, -1.53049, -1.29112, -0.23937, -0.00329396
31.9676, 0.040041, -0.000415673, -32.9785, -1.53049, -1.29101, -0.239481, -0.00329532
31.9849, 0.0405773, -0.000420941, -32.925, -1.53048, -1.29089, -0.239591, -0.00329667
32.0022, 0.0408097, 5.68771e-05, -32.8715, -1.53047, -1.29077, -0.239702, -0.00329803
32.0195, 0.0404779, 0.000460784, -32.8182, -1.53046, -1.29065, -0.239813, -0.00329938
32.0368, 0.0399769, 0.00032296, -32.7649, -1.53046, -1.29053, -0.239924, -0.00330073
32.0541, 0.0398947, -0.000195473, -32.7117, -1.53045, -1.29041, -0.240035, -0.00330209
32.0714, 0.0403332, -0.000495897, -32.6586, -1.53044, -1.2903, -0.240146, -0.00330344
32.0887, 0.0407953, -0.00023395, -32.6056, -1.53043, -1.29018, -0.240257, -0.00330479
32.106, 0.04076, 0.000288355, -32.5527, -1.53043, -1.29006, -0.240369, -0.00330615
32.1233, 0.0402779, 0.000473568, -32.4999, -1.53042, -1.28994, -0.24048, -0.0033075
32.1407, 0.0399079, 0.000111945, -32.4472, -1.53041, -1.28982, -0.240592, -0.00330885
32.158, 0.0400781, -0.000383976, -32.3945, -1.53041, -1.2897, -0.240703, -0.00331021
32.1753, 0.0406023, -0.000452252, -32.342, -1.5304, -1.28958, -0.240815, -0.00331156
32.1926, 0.0408957, -1.73229e-05, -32.2895, -1.53039, -1.28946, -0.240927, -0.00331291
32.2099, 0.0406372, 0.000429463, -32.2371, -1.53038, -1.28934, -0.241038, -0.00331427
32.2272, 0.0401271, 0.000386619, -32.1849, -1.53038, -1.28923, -0.24115, -0.00331562
32.2445, 0.0399453, -9.61702e-05, -32.1327, -1.53037, -1.28911, -0.241262, -0.00331697
32.2618, 0.0403017, -0.00047864, -32.0806, -1.53036, -1.28899, -0.241375, -0.00331832
32.2791, 0.0408059, -0.000335637, -32.0285, -1.53035, -1.28887, -0.241487, -0.00331967
32.2964, 0.0409063, 0.000172312, -31.9766, -1.53035, -1.28875, -0.241599, -0.00332103
32.3137, 0.0405013, 0.00048206, -31.9248, -1.53034, -1.28863, -0.241712, -0.00332238
32.331, 0.0400474, 0.000252713, -31.873, -1.53033, -1.28851, -0.241824, -0.00332373
32.3484, 0.040052, -0.000261587, -31.8213, -1.53033, -1.28839, -0.241937, -0.00332508
32.3657, 0.0405163, -0.00049592, -31.7698, -1.53032, -1.28827, -0.242049, -0.00332643
32.383, 0.040939, -0.00019513, -31.7183, -1.53031, -1.28815, -0.242162, -0.00332778
32.4003, 0.0408674, 0.000310958, -31.6669, -1.5303, -1.28803, -0.242275, -0.00332913
32.4184, 0.0403638, 0.000464887, -31.613, -1.5303, -1.2879, -0.242394, -0.00333055
32.4366, 0.0400221, 6.19537e-05, -31.5593, -1.53029, -1.28778, -0.242512, -0.00333197
32.4548, 0.040253, -0.00042147, -31.5056, -1.53028, -1.28765, -0.242631, -0.00333338
32.4729, 0.0407924, -0.00041767, -31.4521, -1.53027, -1.28752, -0.24275, -0.0033348
32.4911, 0.0410168, 6.71567e-05, -31.3986, -1.53027, -1.2874, -0.242869, -0.00333622
32.5092, 0.0406744, 0.000465646, -31.3453, -1.53026, -1.28727, -0.242988, -0.00333763
32.5274, 0.0401743, 0.000314613, -31.292, -1.53025, -1.28714, -0.243107, -0.00333905
32.5456, 0.0401057, -0.000208824, -31.2388, -1.53024, -1.28702, -0.243226, -0.00334047
32.5637, 0.0405552, -0.000498192, -31.1858, -1.53024, -1.28689, -0.243346, -0.00334188
32.5819, 0.0410114, -0.000220837, -31.1328, -1.53023, -1.28676, -0.243465, -0.0033433
32.6, 0.0409588, 0.000302474, -31.0799, -1.53022, -1.28664, -0.243585, -0.00334471
32.6182, 0.0404681, 0.000471355, -31.0271, -1.53021, -1.28651, -0.243704, -0.00334613
32.6364, 0.04011, 9.42309e-05, -30.9744, -1.5302, -1.28638, -0.243824, -0.00334754
32.6545, 0.0403002, -0.000397503, -30.9218, -1.5302, -1.28625, -0.243944, -0.00334896
32.6727, 0.0408293, -0.00044525, -30.8693, -1.53019, -1.28613, -0.244064, -0.00335038
32.6908, 0.0411058, 3.37408e-06, -30.8168, -1.53018, -1.286, -0.244184, -0.00335179
32.709, 0.0408271, 0.000440374, -30.7645, -1.53017, -1.28587, -0.244304, -0.0033532
32.7272, 0.0403172, 0.000374259, -30.7123, -1.53017, -1.28574, -0.244425, -0.00335462
32.7453, 0.0401571, -0.00011896, -30.6601, -1.53016, -1.28561, -0.244545, -0.00335603
32.7635, 0.0405328, -0.0004863, -30.6081, -1.53015, -1.28549, -0.244666, -0.00335745
32.7816, 0.041032, -0.00031883, -30.5561, -1.53015, -1.28536, -0.244786, -0.00335886
32.7998, 0.0411077, 0.000195352, -30.5043, -1.53014, -1.28523, -0.244907, -0.00336028
32.818, 0.040686, 0.000485356, -30.4525, -1.53013, -1.2851, -0.245028, -0.00336169
32.8361, 0.0402426, 0.000231757, -30.4008, -1.53012, -1.28497, -0.245149, -0.0033631
32.8543, 0.040274, -0.00028418, -30.3492, -1.53012, -1.28485, -0.24527, -0.00336452
32.8724, 0.040752, -0.00049516, -30.2977, -1.53011, -1.28472, -0.245391, -0.00336593
32.8906, 0.04116, -0.00017148, -30.2463, -1.5301, -1.28459, -0.245512, -0.00336734
32.9088, 0.0410612, 0.000331701, -30.195, -1.53009, -1.28446, -0.245633, -0.00336876
32.9278, 0.0405487, 0.000458587, -30.1413, -1.53009, -1.28432, -0.245761, -0.00337024
32.9468, 0.0402277, 3.6778e-05, -30.0877, -1.53008, -1.28419, -0.245888, -0.00337172
32.9658, 0.0404839, -0.00043591, -30.0342, -1.53007, -1.28405, -0.246016, -0.0033732
32.9849, 0.041024, -0.000405487, -29.9809, -1.53006, -1.28392, -0.246143, -0.00337468
33.0039, 0.0412252, 9.06146e-05, -29.9276, -1.53005, -1.28378, -0.246271, -0.00337616
33.0229, 0.0408635, 0.000473078, -29.8744, -1.53005, -1.28365, -0.246399, -0.00337764
33.042, 0.0403697, 0.000298488, -29.8213, -1.53004, -1.28351, -0.246527, -0.00337912
33.061, 0.0403245, -0.000229077, -29.7683, -1.53003, -1.28338, -0.246655, -0.0033806
33.08, 0.0407871, -0.000499931, -29.7154, -1.53002, -1.28324, -0.246783, -0.00338208
33.099, 0.0412327, -0.00020373, -29.6626, -1.53002, -1.2831, -0.246911, -0.00338355
33.1181, 0.0411595, 0.000317958, -29.61, -1.53001, -1.28297, -0.24704, -0.00338503
33.1371, 0.040662, 0.000468414, -29.5574, -1.53, -1.28283, -0.247168, -0.00338651
33.1561, 0.0403168, 7.77706e-05, -29.5049, -1.52999, -1.2827, -0.247297, -0.00338799
33.1752, 0.0405239, -0.000408544, -29.4525, -1.52999, -1.28256, -0.247426, -0.00338947
33.1942, 0.0410554, -0.000440008, -29.4002, -1.52998, -1.28242, -0.247555, -0.00339095
33.2132, 0.0413193, 1.70815e-05, -29.3479, -1.52997, -1.28229, -0.247684, -0.00339243
33.2323, 0.0410286, 0.000447006, -29.2958, -1.52996, -1.28215, -0.247813, -0.0033939
33.2513, 0.0405197, 0.00036814, -29.2438, -1.52996, -1.28201, -0.247942, -0.00339538
33.2703, 0.0403703, -0.000129437, -29.1919, -1.52995, -1.28188, -0.248072, -0.00339686
33.2893, 0.0407539, -0.000490098, -29.1401, -1.52994, -1.28174, -0.248201, -0.00339834
33.3084, 0.041251, -0.000314125, -29.0884, -1.52993, -1.2816, -0.248331, -0.00339981
33.3274, 0.0413196, 0.000201678, -29.0367, -1.52992, -1.28146, -0.24846, -0.00340129
33.3464, 0.0408942, 0.000487165, -28.9852, -1.52992, -1.28133, -0.24859, -0.00340277
33.3655, 0.0404526, 0.000229436, -28.9337, -1.52991, -1.28119, -0.24872, -0.00340424
33.3845, 0.040487, -0.000286953, -28.8824, -1.5299, -1.28105, -0.24885, -0.00340572
33.4035, 0.0409662, -0.000496974, -28.8311, -1.52989, -1.28091, -0.248981, -0.0034072
33.4226, 0.0413749, -0.000173208, -28.78, -1.52989, -1.28078, -0.249111, -0.00340867
33.4416, 0.041278, 0.000330836, -28.7289, -1.52988, -1.28064, -0.249241, -0.00341015
33.4616, 0.0407648, 0.000461093, -28.6754, -1.52987, -1.28049, -0.249378, -0.0034117
33.4816, 0.0404403, 4.017e-05, -28.622, -1.52986, -1.28035, -0.249516, -0.00341325
33.5016, 0.0406939, -0.000435682, -28.5686, -1.52986, -1.2802, -0.249653, -0.0034148
33.5215, 0.0412359, -0.000409551, -28.5154, -1.52985, -1.28006, -0.249791, -0.00341635
33.5415, 0.0414423, 8.60937e-05, -28.4623, -1.52984, -1.27991, -0.249928, -0.0034179
33.5615, 0.0410837, 0.000473374, -28.4093, -1.52983, -1.27977, -0.250066, -0.00341945
33.5815, 0.0405868, 0.000304148, -28.3563, -1.52982, -1.27962, -0.250204, -0.003421
33.6015, 0.0405348, -0.000224004, -28.3035, -1.52982, -1.27947, -0.250342, -0.00342255
33.6215, 0.0409948, -0.000501979, -28.2508, -1.52981, -1.27933, -0.250481, -0.0034241
33.6415, 0.0414461, -0.000212035, -28.1982, -1.5298, -1.27918, -0.250619, -0.00342564
33.6615, 0.041382, 0.000312149, -28.1457, -1.52979, -1.27904, -0.250757, -0.00342719
33.6815, 0.0408865, 0.000472531, -28.0933, -1.52979, -1.27889, -0.250896, -0.00342874
33.7015, 0.0405326, 8.85093e-05, -28.041, -1.52978, -1.27874, -0.251035, -0.00343029
33.7214, 0.0407291, -0.000403183, -27.9888, -1.52977, -1.2786, -0.251174, -0.00343184
33.7414, 0.0412609, -0.000447626, -27.9367, -1.52976, -1.27845, -0.251313, -0.00343338
33.7614, 0.0415376, 3.28772e-06, -27.8847, -1.52975, -1.2783, -0.251452, -0.00343493
33.7814, 0.041259, 0.000442407, -27.8328, -1.52975, -1.27816, -0.251591, -0.00343648
33.8014, 0.0407472, 0.000379525, -27.781, -1.52974, -1.27801, -0.25173, -0.00343803
33.8214, 0.0405811, -0.000113316, -27.7293, -1.52973, -1.27786, -0.25187, -0.00343957
33.8414, 0.0409522, -0.000487783, -27.6777, -1.52972, -1.27771, -0.25201, -0.00344112
33.8614, 0.0414565, -0.000330487, -27.6262, -1.52972, -1.27757, -0.25215, -0.00344267
33.8814, 0.0415465, 0.000183074, -27.5748, -1.52971, -1.27742, -0.252289, -0.00344421
33.9014, 0.0411336, 0.000487573, -27.5234, -1.5297, -1.27727, -0.25243, -0.00344576
33.9213, 0.04068, 0.000250697, -27.4722, -1.52969, -1.27712, -0.25257, -0.00344731
33.9413, 0.0406891, -0.000266961, -27.4211, -1.52968, -1.27697, -0.25271, -0.00344885
33.9613, 0.0411573, -0.000501587, -27.3701, -1.52968, -1.27683, -0.252851, -0.0034504
33.9813, 0.0415838, -0.000200225, -27.3192, -1.52967, -1.27668, -0.252991, -0.00345194
34.0013, 0.0415166, 0.000309495, -27.2684, -1.52966, -1.27653, -0.253132, -0.00345349
34.0223, 0.0410113, 0.000471577, -27.2151, -1.52965, -1.27637, -0.25328, -0.00345512
34.0434, 0.0406605, 7.1375e-05, -27.1618, -1.52965, -1.27622, -0.253429, -0.00345674
34.0644, 0.0408837, -0.00042029, -27.1087, -1.52964, -1.27606, -0.253577, -0.00345837
34.0854, 0.0414274, -0.000429502, -27.0556, -1.52963, -1.2759, -0.253726, -0.00345999
34.1065, 0.0416676, 5.24147e-05, -27.0027, -1.52962, -1.27575, -0.253875, -0.00346162
34.1275, 0.0413366, 0.000465142, -26.9499, -1.52961, -1.27559, -0.254024, -0.00346324
34.1485, 0.0408281, 0.000332544, -26.8972, -1.52961, -1.27543, -0.254173, -0.00346487
34.1696, 0.040737, -0.000190548, -26.8446, -1.5296, -1.27528, -0.254322, -0.00346649
34.1906, 0.0411751, -0.000502879, -26.7921, -1.52959, -1.27512, -0.254472, -0.00346812
34.2116, 0.0416488, -0.000248595, -26.7397, -1.52958, -1.27496, -0.254621, -0.00346974
34.2327, 0.0416279, 0.000280435, -26.6874, -1.52957, -1.2748, -0.254771, -0.00347136
34.2537, 0.0411472, 0.00048297, -26.6352, -1.52957, -1.27464, -0.254921, -0.00347299
34.2747, 0.040761, 0.00013149, -26.5832, -1.52956, -1.27449, -0.255071, -0.00347461
34.2958, 0.0409128, -0.000375743, -26.5312, -1.52955, -1.27433, -0.255221, -0.00347623
34.3168, 0.0414388, -0.000468761, -26.4793, -1.52954, -1.27417, -0.255372, -0.00347786
34.3378, 0.0417579, -4.53346e-05, -26.4276, -1.52953, -1.27401, -0.255522, -0.00347948
34.3589, 0.0415242, 0.000420373, -26.3759, -1.52953, -1.27385, -0.255673, -0.0034811
34.3799, 0.0410084, 0.000410965, -26.3244, -1.52952, -1.27369, -0.255824, -0.00348273
34.4009, 0.0407913, -6.10737e-05, -26.2729, -1.52951, -1.27354, -0.255975, -0.00348435
34.422, 0.0411197, -0.000473158, -26.2216, -1.5295, -1.27338, -0.256126, -0.00348597
34.443, 0.0416389, -0.000372712, -26.1704, -1.52949, -1.27322, -0.256277, -0.00348759
34.4649, 0.0417821, 0.000149194, -26.1172, -1.52949, -1.27305, -0.256435, -0.00348928
34.4868, 0.0413718, 0.000487648, -26.0641, -1.52948, -1.27289, -0.256593, -0.00349097
34.5086, 0.0408988, 0.000248448, -26.0111, -1.52947, -1.27272, -0.256751, -0.00349265
34.5305, 0.0409229, -0.000287741, -25.9583, -1.52946, -1.27255, -0.256909, -0.00349434
34.5524, 0.0414233, -0.000498396, -25.9055, -1.52945, -1.27239, -0.257067, -0.00349603
34.5743, 0.0418298, -0.000141779, -25.8529, -1.52945, -1.27222, -0.257225, -0.00349771
34.5962, 0.0416844, 0.000369421, -25.8004, -1.52944, -1.27205, -0.257384, -0.0034994
34.618, 0.0411656, 0.000448675, -25.7479, -1.52943, -1.27189, -0.257543, -0.00350108
34.6399, 0.0408766, 7.40153e-06, -25.6956, -1.52942, -1.27172, -0.257701, -0.00350277
34.6618, 0.0411544, -0.000450058, -25.6435, -1.52941, -1.27155, -0.257861, -0.00350445
34.6837, 0.0416907, -0.00040509, -25.5914, -1.52941, -1.27139, -0.25802, -0.00350614
34.7056, 0.0418878, 8.92581e-05, -25.5394, -1.5294, -1.27122, -0.258179, -0.00350782
34.7274, 0.0415344, 0.000474673, -25.4875, -1.52939, -1.27105, -0.258339, -0.00350951
34.7493, 0.0410383, 0.000319515, -25.4358, -1.52938, -1.27088, -0.258499, -0.00351119
34.7712, 0.0409633, -0.000200449, -25.3841, -1.52937, -1.27071, -0.258659, -0.00351288
34.7931, 0.0413999, -0.000504836, -25.3326, -1.52937, -1.27055, -0.258819, -0.00351456
34.815, 0.0418705, -0.000257079, -25.2811, -1.52936, -1.27038, -0.258979, -0.00351624
34.8369, 0.0418638, 0.000266547, -25.2298, -1.52935, -1.27021, -0.259139, -0.00351793
34.8587, 0.0413982, 0.000488323, -25.1786, -1.52934, -1.27004, -0.2593, -0.00351961
34.8806, 0.0409953, 0.000166369, -25.1275, -1.52933, -1.26987, -0.259461, -0.0035213
34.9025, 0.0411037, -0.000344974, -25.0765, -1.52933, -1.2697, -0.259622, -0.00352298
34.9254, 0.0416371, -0.00048051, -25.0232, -1.52932, -1.26953, -0.25979, -0.00352474
34.9483, 0.0419839, -5.80592e-05, -24.97, -1.52931, -1.26935, -0.259959, -0.0035265
34.9713, 0.0417475, 0.000423754, -24.9169, -1.5293, -1.26917, -0.260129, -0.00352827
34.9942, 0.0412169, 0.000401009, -24.864, -1.52929, -1.26899, -0.260298, -0.00353003
35.0171, 0.0410214, -9.74852e-05, -24.8111, -1.52928, -1.26882, -0.260467, -0.00353179
35.04, 0.0413961, -0.000490814, -24.7584, -1.52928, -1.26864, -0.260637, -0.00353355
35.0629, 0.0419146, -0.000324561, -24.7058, -1.52927, -1.26846, -0.260807, -0.00353531
35.0859, 0.0419884, 0.000207128, -24.6533, -1.52926, -1.26828, -0.260977, -0.00353707
35.1088, 0.0415442, 0.00049229, -24.6009, -1.52925, -1.2681, -0.261147, -0.00353883
35.1317, 0.0411019, 0.000206006, -24.5487, -1.52924, -1.26792, -0.261318, -0.00354059
35.1546, 0.0411746, -0.000322967, -24.4965, -1.52923, -1.26775, -0.261489, -0.00354235
35.1775, 0.0416867, -0.000493261, -24.4445, -1.52923, -1.26757, -0.261659, -0.00354411
35.2005, 0.0420666, -0.000114066, -24.3926, -1.52922, -1.26739, -0.26183, -0.00354587
35.2234, 0.0418963, 0.000385011, -24.3407, -1.52921, -1.26721, -0.262002, -0.00354763
35.2463, 0.0413787, 0.000443531, -24.2891, -1.5292, -1.26703, -0.262173, -0.00354939
35.2692, 0.041103, -1.82205e-06, -24.2375, -1.52919, -1.26685, -0.262345, -0.00355115
35.2921, 0.0413841, -0.000452866, -24.186, -1.52919, -1.26667, -0.262517, -0.00355291
35.3151, 0.0419167, -0.000409367, -24.1347, -1.52918, -1.26649, -0.262689, -0.00355467
35.338, 0.0421202, 7.82491e-05, -24.0834, -1.52917, -1.26631, -0.262861, -0.00355643
35.3609, 0.0417811, 0.000471195, -24.0323, -1.52916, -1.26613, -0.263033, -0.00355819
35.3838, 0.0412828, 0.000339111, -23.9813, -1.52915, -1.26595, -0.263206, -0.00355995
35.4077, 0.0411874, -0.00019273, -23.9282, -1.52914, -1.26576, -0.263386, -0.00356178
35.4316, 0.0416359, -0.000507163, -23.8753, -1.52914, -1.26557, -0.263566, -0.00356361
35.4554, 0.0421128, -0.000238663, -23.8226, -1.52913, -1.26538, -0.263746, -0.00356544
35.4793, 0.0420738, 0.000298188, -23.7699, -1.52912, -1.26519, -0.263927, -0.00356727
35.5032, 0.0415764, 0.000481161, -23.7174, -1.52911, -1.265, -0.264108, -0.0035691
35.5271, 0.0412054, 0.000101163, -23.6649, -1.5291, -1.26481, -0.264289, -0.00357093
35.5509, 0.0413956, -0.000403048, -23.6126, -1.52909, -1.26462, -0.26447, -0.00357276
35.5748, 0.0419365, -0.000454591, -23.5604, -1.52909, -1.26443, -0.264651, -0.00357459
35.5987, 0.0422201, 2.99941e-06, -23.5084, -1.52908, -1.26424, -0.264833, -0.00357642
35.6226, 0.0419356, 0.000448364, -23.4564, -1.52907, -1.26405, -0.265015, -0.00357824
35.6464, 0.0414165, 0.000378552, -23.4046, -1.52906, -1.26386, -0.265197, -0.00358007
35.6703, 0.0412573, -0.000125377, -23.3529, -1.52905, -1.26367, -0.265379, -0.0035819
35.6942, 0.0416439, -0.000496649, -23.3013, -1.52904, -1.26348, -0.265562, -0.00358373
35.718, 0.0421515, -0.000321576, -23.2498, -1.52904, -1.26329, -0.265745, -0.00358556
35.7419, 0.0422244, 0.000202515, -23.1985, -1.52903, -1.2631, -0.265928, -0.00358739
35.7658, 0.0417933, 0.000493613, -23.1472, -1.52902, -1.26291, -0.266111, -0.00358921
35.7897, 0.0413452, 0.000231853, -23.0961, -1.52901, -1.26272, -0.266294, -0.00359104
35.8135, 0.0413815, -0.00029249, -23.0451, -1.529, -1.26252, -0.266478, -0.00359287
35.8374, 0.0418691, -0.000504453, -22.9942, -1.52899, -1.26233, -0.266662, -0.00359469
35.8613, 0.0422833, -0.000174639, -22.9434, -1.52899, -1.26214, -0.266846, -0.00359652
35.8852, 0.042184, 0.00033625, -22.8928, -1.52898, -1.26195, -0.26703, -0.00359835
35.9102, 0.0416657, 0.00046739, -22.8398, -1.52897, -1.26175, -0.267223, -0.00360026
35.9351, 0.0413368, 4.34418e-05, -22.7871, -1.52896, -1.26154, -0.267416, -0.00360217
35.9601, 0.0415891, -0.000439407, -22.7344, -1.52895, -1.26134, -0.26761, -0.00360408
35.9851, 0.0421371, -0.000421224, -22.6819, -1.52894, -1.26114, -0.267804, -0.00360599
36.0101, 0.0423568, 7.4468e-05, -22.6295, -1.52893, -1.26094, -0.267998, -0.0036079
36.0351, 0.0420071, 0.000475453, -22.5772, -1.52893, -1.26073, -0.268192, -0.00360981
36.0601, 0.0415009, 0.000323184, -22.525, -1.52892, -1.26053, -0.268386, -0.00361172
36.0851, 0.0414259, -0.000205941, -22.473, -1.52891, -1.26033, -0.268581, -0.00361363
36.1101, 0.0418747, -0.000509302, -22.4211, -1.5289, -1.26012, -0.268776, -0.00361554
36.1351, 0.0423467, -0.000245093, -22.3693, -1.52889, -1.25992, -0.268971, -0.00361745
36.1601, 0.0423201, 0.000286289, -22.3176, -1.52888, -1.25972, -0.269167, -0.00361936
36.1851, 0.0418367, 0.000487661, -22.2661, -1.52888, -1.25951, -0.269363, -0.00362127
36.21, 0.0414481, 0.000135877, -22.2147, -1.52887, -1.25931, -0.269559, -0.00362317
36.235, 0.0415953, -0.000375037, -22.1634, -1.52886, -1.2591, -0.269755, -0.00362508
36.26, 0.0421219, -0.000478514, -22.1122, -1.52885, -1.2589, -0.269951, -0.00362699
36.285, 0.0424545, -6.2582e-05, -22.0611, -1.52884, -1.25869, -0.270148, -0.0036289
36.31, 0.0422381, 0.000413279, -22.0102, -1.52883, -1.25849, -0.270345, -0.0036308
36.335, 0.0417215, 0.000428356, -21.9594, -1.52882, -1.25828, -0.270542, -0.00363271
36.36, 0.0414779, -3.13533e-05, -21.9087, -1.52882, -1.25808, -0.270739, -0.00363462
36.385, 0.0417793, -0.000464795, -21.8581, -1.52881, -1.25787, -0.270937, -0.00363652
36.41, 0.0423062, -0.000404002, -21.8076, -1.5288, -1.25766, -0.271135, -0.00363843
36.4359, 0.0424962, 0.000102205, -21.7555, -1.52879, -1.25745, -0.27134, -0.0036404
36.4617, 0.0421264, 0.000482621, -21.7035, -1.52878, -1.25724, -0.271546, -0.00364238
36.4876, 0.0416294, 0.000305875, -21.6516, -1.52877, -1.25702, -0.271751, -0.00364435
36.5135, 0.0415778, -0.000225215, -21.5999, -1.52876, -1.25681, -0.271957, -0.00364632
36.5394, 0.0420369, -0.000510781, -21.5483, -1.52876, -1.25659, -0.272164, -0.0036483
36.5653, 0.042499, -0.000231987, -21.4968, -1.52875, -1.25638, -0.27237, -0.00365027
36.5911, 0.0424577, 0.000296909, -21.4454, -1.52874, -1.25616, -0.272577, -0.00365224
36.617, 0.0419713, 0.000486669, -21.3942, -1.52873, -1.25595, -0.272784, -0.00365421
36.6429, 0.0415899, 0.000129097, -21.3431, -1.52872, -1.25573, -0.272991, -0.00365619
36.6688, 0.0417427, -0.000378809, -21.2921, -1.52871, -1.25551, -0.273199, -0.00365816
36.6947, 0.0422685, -0.000478935, -21.2412, -1.52871, -1.2553, -0.273407, -0.00366013
36.7206, 0.0426002, -6.41153e-05, -21.1905, -1.5287, -1.25508, -0.273615, -0.0036621
36.7464, 0.0423871, 0.000411574, -21.1399, -1.52869, -1.25486, -0.273823, -0.00366407
36.7723, 0.0418724, 0.000432544, -21.0894, -1.52868, -1.25465, -0.274032, -0.00366604
36.7982, 0.0416219, -2.13358e-05, -21.039, -1.52867, -1.25443, -0.274241, -0.00366801
36.8241, 0.0419123, -0.000460063, -20.9887, -1.52866, -1.25421, -0.27445, -0.00366998
36.85, 0.0424391, -0.000414632, -20.9386, -1.52865, -1.25399, -0.27466, -0.00367195
36.8768, 0.0426463, 8.39083e-05, -20.8868, -1.52865, -1.25377, -0.274877, -0.00367399
36.9037, 0.0422927, 0.000478171, -20.8351, -1.52864, -1.25354, -0.275095, -0.00367603
36.9305, 0.0417897, 0.000324534, -20.7835, -1.52863, -1.25331, -0.275313, -0.00367807
36.9573, 0.041712, -0.000201649, -20.732, -1.52862, -1.25309, -0.275532, -0.00368012
36.9842, 0.0421538, -0.000510756, -20.6807, -1.52861, -1.25286, -0.27575, -0.00368216
37.011, 0.0426307, -0.000260378, -20.6295, -1.5286, -1.25263, -0.275969, -0.0036842
37.0379, 0.0426244, 0.000269242, -20.5784, -1.52859, -1.2524, -0.276189, -0.00368624
37.0647, 0.042154, 0.000492994, -20.5275, -1.52858, -1.25218, -0.276408, -0.00368828
37.0915, 0.0417477, 0.000167157, -20.4767, -1.52858, -1.25195, -0.276628, -0.00369032
37.1184, 0.0418582, -0.000349358, -20.426, -1.52857, -1.25172, -0.276848, -0.00369236
37.1464, 0.0423964, -0.000486694, -20.3731, -1.52856, -1.25148, -0.277079, -0.00369449
37.1745, 0.0427486, -6.26607e-05, -20.3204, -1.52855, -1.25124, -0.277309, -0.00369662
37.2026, 0.0425155, 0.000424884, -20.2679, -1.52854, -1.251, -0.277541, -0.00369875
37.2306, 0.0419815, 0.000409422, -20.2154, -1.52853, -1.25076, -0.277772, -0.00370088
37.2587, 0.0417759, -8.83308e-05, -20.1631, -1.52852, -1.25052, -0.278004, -0.00370302
37.2868, 0.0421437, -0.000492967, -20.111, -1.52851, -1.25028, -0.278236, -0.00370515
37.3148, 0.0426707, -0.000341648, -20.059, -1.5285, -1.25004, -0.278468, -0.00370728
37.3429, 0.0427654, 0.000189945, -20.0071, -1.5285, -1.24979, -0.278701, -0.00370941
37.3709, 0.042333, 0.000496472, -19.9553, -1.52849, -1.24955, -0.278934, -0.00371154
37.399, 0.0418749, 0.000233053, -19.9037, -1.52848, -1.24931, -0.279168, -0.00371366
37.4271, 0.0419162, -0.000300912, -19.8523, -1.52847, -1.24907, -0.279401, -0.00371579
37.4551, 0.0424177, -0.000506421, -19.8009, -1.52846, -1.24882, -0.279635, -0.00371792
37.4832, 0.0428281, -0.000156527, -19.7497, -1.52845, -1.24858, -0.27987, -0.00372005
37.5113, 0.0427028, 0.000357655, -19.6987, -1.52844, -1.24834, -0.280105, -0.00372218
37.5393, 0.042193, 0.00046783, -19.6478, -1.52843, -1.24809, -0.28034, -0.00372431
37.5674, 0.0418705, 5.53696e-05, -19.597, -1.52842, -1.24785, -0.280575, -0.00372643
37.5955, 0.0420963, -0.000425789, -19.5463, -1.52842, -1.2476, -0.280811, -0.00372856
37.6235, 0.0426311, -0.000451738, -19.4958, -1.52841, -1.24736, -0.281047, -0.00373069
37.6516, 0.0429034, 2.91438e-06, -19.4454, -1.5284, -1.24711, -0.281283, -0.00373281
37.6796, 0.0426306, 0.000445229, -19.3951, -1.52839, -1.24687, -0.28152, -0.00373494
37.7077, 0.0421181, 0.00040072, -19.345, -1.52838, -1.24662, -0.281757, -0.00373707
37.7358, 0.041924, -8.01787e-05, -19.295, -1.52837, -1.24638, -0.281994, -0.00373919
37.7638, 0.0422619, -0.000483718, -19.2452, -1.52836, -1.24613, -0.282232, -0.00374132
37.7919, 0.0427804, -0.000383454, -19.1954, -1.52835, -1.24588, -0.28247, -0.00374344
37.8218, 0.0429327, 0.000145701, -19.1427, -1.52835, -1.24562, -0.282724, -0.0037457
37.8516, 0.0425204, 0.000494134, -19.09, -1.52834, -1.24536, -0.282978, -0.00374796
37.8815, 0.0420383, 0.000256627, -19.0375, -1.52833, -1.24509, -0.283232, -0.00375022
37.9113, 0.042057, -0.00028771, -18.9852, -1.52832, -1.24483, -0.283487, -0.00375248
37.9412, 0.0425624, -0.000508526, -18.933, -1.52831, -1.24457, -0.283743, -0.00375474
37.9711, 0.0429815, -0.000154092, -18.881, -1.5283, -1.2443, -0.283998, -0.003757
38.0009, 0.0428461, 0.000366855, -18.8291, -1.52829, -1.24404, -0.284254, -0.00375926
38.0308, 0.0423241, 0.000460624, -18.7773, -1.52828, -1.24377, -0.284511, -0.00376152
38.0607, 0.0420191, 2.36769e-05, -18.7257, -1.52827, -1.2435, -0.284767, -0.00376378
38.0905, 0.0422837, -0.000448516, -18.6743, -1.52826, -1.24324, -0.285025, -0.00376604
38.1204, 0.0428279, -0.000426457, -18.6229, -1.52825, -1.24297, -0.285282, -0.00376829
38.1503, 0.0430532, 6.21749e-05, -18.5718, -1.52824, -1.2427, -0.28554, -0.00377055
38.1801, 0.0427215, 0.000472144, -18.5207, -1.52824, -1.24244, -0.285798, -0.00377281
38.21, 0.0422127, 0.000351161, -18.4698, -1.52823, -1.24217, -0.286057, -0.00377506
38.2411, 0.0421048, -0.000186059, -18.417, -1.52822, -1.24189, -0.286327, -0.00377741
38.2721, 0.0425541, -0.000513706, -18.3644, -1.52821, -1.24161, -0.286597, -0.00377976
38.3032, 0.0430431, -0.000250225, -18.3119, -1.5282, -1.24133, -0.286868, -0.00378211
38.3343, 0.0430139, 0.000294345, -18.2595, -1.52819, -1.24105, -0.287139, -0.00378445
38.3654, 0.0425144, 0.000488345, -18.2073, -1.52818, -1.24077, -0.28741, -0.0037868
38.3965, 0.042133, 0.000110738, -18.1553, -1.52817, -1.24049, -0.287682, -0.00378915
38.4276, 0.0423164, -0.000402557, -18.1034, -1.52816, -1.24021, -0.287954, -0.00379149
38.4586, 0.0428626, -0.000466052, -18.0516, -1.52815, -1.23993, -0.288227, -0.00379384
38.4897, 0.043161, -1.06814e-05, -18, -1.52814, -1.23964, -0.2885, -0.00379618
38.5208, 0.0428871, 0.000446858, -17.9486, -1.52813, -1.23936, -0.288773, -0.00379853
38.5519, 0.0423623, 0.000393383, -17.8973, -1.52812, -1.23908, -0.289047, -0.00380087
38.583, 0.042184, -0.000108149, -17.8461, -1.52811, -1.23879, -0.289322, -0.00380322
38.614, 0.0425582, -0.000498108, -17.7952, -1.52811, -1.23851, -0.289597, -0.00380556
38.6451, 0.0430782, -0.000346569, -17.7443, -1.5281, -1.23822, -0.289872, -0.0038079
38.6762, 0.0431818, 0.000176433, -17.6936, -1.52809, -1.23794, -0.290148, -0.00381024
38.7073, 0.0427685, 0.000496794, -17.643, -1.52808, -1.23765, -0.290424, -0.00381259
38.7384, 0.0423011, 0.000267465, -17.5926, -1.52807, -1.23737, -0.290701, -0.00381493
38.7695, 0.0422955, -0.000259855, -17.5424, -1.52806, -1.23708, -0.290978, -0.00381727
38.8005, 0.0427644, -0.000515683, -17.4923, -1.52805, -1.2368, -0.291255, -0.00381961
38.8316, 0.0432125, -0.000227909, -17.4423, -1.52804, -1.23651, -0.291533, -0.00382195
38.8627, 0.0431722, 0.00029332, -17.3925, -1.52803, -1.23622, -0.291811, -0.00382429
38.8953, 0.0426736, 0.000489629, -17.3404, -1.52802, -1.23592, -0.292104, -0.00382675
38.9279, 0.0422899, 0.000114523, -17.2885, -1.52801, -1.23562, -0.292396, -0.0038292
38.9604, 0.042469, -0.000400264, -17.2367, -1.528, -1.23531, -0.29269, -0.00383165
38.993, 0.0430146, -0.000469675, -17.1851, -1.52799, -1.23501, -0.292983, -0.0038341
39.0256, 0.0433191, -1.83749e-05, -17.1337, -1.52799, -1.23471, -0.293277, -0.00383655
39.0582, 0.0430529, 0.000443502, -17.0824, -1.52798, -1.2344, -0.293572, -0.00383901
39.0907, 0.0425276, 0.000400175, -17.0313, -1.52797, -1.2341, -0.293867, -0.00384146
39.1233, 0.0423387, -9.68208e-05, -16.9803, -1.52796, -1.23379, -0.294163, -0.00384391
39.1559, 0.042703, -0.000495449, -16.9295, -1.52795, -1.23349, -0.294459, -0.00384636
39.1885, 0.0432267, -0.000358459, -16.8789, -1.52794, -1.23318, -0.294756, -0.00384881
39.2222, 0.0433399, 0.000179991, -16.8265, -1.52793, -1.23286, -0.295064, -0.00385134
39.256, 0.0429056, 0.000499298, -16.7743, -1.52792, -1.23255, -0.295372, -0.00385388
39.2898, 0.0424392, 0.000232883, -16.7223, -1.52791, -1.23223, -0.295682, -0.00385642
39.3236, 0.0424867, -0.000309826, -16.6704, -1.5279, -1.23191, -0.295991, -0.00385896
39.3573, 0.0430013, -0.000508262, -16.6187, -1.52789, -1.23159, -0.296301, -0.00386149
39.3911, 0.0434073, -0.000139878, -16.5672, -1.52788, -1.23127, -0.296612, -0.00386403
39.4249, 0.0432585, 0.000376074, -16.5158, -1.52787, -1.23095, -0.296923, -0.00386657
39.4586, 0.0427364, 0.000460143, -16.4646, -1.52786, -1.23063, -0.297235, -0.0038691
39.4924, 0.0424363, 2.16314e-05, -16.4136, -1.52785, -1.2303, -0.297548, -0.00387164
39.5262, 0.0426998, -0.000449658, -16.3627, -1.52784, -1.22998, -0.297861, -0.00387417
39.5599, 0.043243, -0.000433949, -16.3119, -1.52783, -1.22966, -0.298174, -0.00387671
39.5937, 0.0434788, 4.80688e-05, -16.2614, -1.52782, -1.22934, -0.298488, -0.00387924
39.6275, 0.0431627, 0.000467597, -16.2109, -1.52781, -1.22901, -0.298803, -0.00388177
39.6613, 0.0426515, 0.000370278, -16.1607, -1.5278, -1.22869, -0.299118, -0.00388431
39.6965, 0.0425149, -0.000158736, -16.1084, -1.52779, -1.22835, -0.299447, -0.00388695
39.7318, 0.0429418, -0.000513217, -16.0563, -1.52778, -1.22801, -0.299777, -0.00388959
39.767, 0.0434482, -0.000286486, -16.0043, -1.52778, -1.22767, -0.300108, -0.00389224
39.8023, 0.0434653, 0.000257833, -15.9526, -1.52777, -1.22733, -0.300439, -0.00389488
39.8375, 0.0429883, 0.000498244, -15.901, -1.52776, -1.22698, -0.300771, -0.00389752
39.8728, 0.0425713, 0.000165054, -15.8495, -1.52775, -1.22664, -0.301104, -0.00390016
39.908, 0.0426937, -0.000362931, -15.7983, -1.52774, -1.2263, -0.301437, -0.0039028
39.9433, 0.0432255, -0.00049409, -15.7472, -1.52773, -1.22596, -0.301771, -0.00390544
39.9785, 0.0435835, -8.5587e-05, -15.6962, -1.52772, -1.22561, -0.302105, -0.00390808
40.0138, 0.0433841, 0.000407232, -15.6455, -1.52771, -1.22527, -0.30244, -0.00391072
40.049, 0.0428611, 0.000442388, -15.5949, -1.5277, -1.22492, -0.302775, -0.00391336
40.0843, 0.0425986, -1.51267e-05, -15.5444, -1.52769, -1.22458, -0.303112, -0.003916
40.1195, 0.0428901, -0.000464926, -15.4941, -1.52768, -1.22423, -0.303448, -0.00391864
40.1548, 0.0434272, -0.000421575, -15.444, -1.52767, -1.22388, -0.303786, -0.00392128
40.19, 0.043642, 6.46987e-05, -15.3941, -1.52766, -1.22354, -0.304124, -0.00392391
40.2252, 0.043318, 0.000471786, -15.3443, -1.52765, -1.22319, -0.304463, -0.00392655
40.2605, 0.0428129, 0.000368518, -15.2947, -1.52764, -1.22284, -0.304802, -0.00392919
40.2979, 0.0426807, -0.000165033, -15.2422, -1.52763, -1.22247, -0.305163, -0.00393199
40.3353, 0.0431155, -0.000515458, -15.1899, -1.52762, -1.2221, -0.305524, -0.00393478
40.3728, 0.0436204, -0.000277723, -15.1377, -1.52761, -1.22172, -0.305887, -0.00393758
40.4102, 0.0436244, 0.000269624, -15.0858, -1.5276, -1.22135, -0.30625, -0.00394038
40.4476, 0.0431384, 0.000497129, -15.034, -1.52759, -1.22098, -0.306614, -0.00394317
40.485, 0.0427307, 0.0001482, -14.9824, -1.52758, -1.2206, -0.306978, -0.00394597
40.5225, 0.0428736, -0.000377873, -14.931, -1.52757, -1.22023, -0.307343, -0.00394877
40.5599, 0.0434132, -0.000488089, -14.8798, -1.52756, -1.21985, -0.307709, -0.00395156
40.5973, 0.0437544, -6.25075e-05, -14.8287, -1.52755, -1.21947, -0.308076, -0.00395436
40.6347, 0.0435309, 0.000421927, -14.7778, -1.52754, -1.2191, -0.308443, -0.00395715
40.6722, 0.0430047, 0.000429939, -14.7271, -1.52753, -1.21872, -0.308811, -0.00395994
40.7096, 0.0427664, -4.35263e-05, -14.6766, -1.52752, -1.21834, -0.30918, -0.00396274
40.747, 0.0430843, -0.000478426, -14.6262, -1.52751, -1.21796, -0.309549, -0.00396553
40.7844, 0.0436202, -0.000403805, -14.576, -1.5275, -1.21758, -0.30992, -0.00396832
40.8232, 0.0438018, 0.000114949, -14.5243, -1.52749, -1.21719, -0.310304, -0.00397121
40.8619, 0.0434187, 0.000491803, -14.4727, -1.52748, -1.21679, -0.310688, -0.0039741
40.9006, 0.0429201, 0.000301602, -14.4213, -1.52747, -1.2164, -0.311074, -0.00397699
40.9394, 0.0428788, -0.000237338, -14.3701, -1.52746, -1.216, -0.31146, -0.00397988
40.9781, 0.0433485, -0.000520341, -14.3191, -1.52745, -1.2156, -0.311847, -0.00398276
41.0168, 0.0438149, -0.000235456, -14.2682, -1.52744, -1.2152, -0.312235, -0.00398565
41.0556, 0.043775, 0.000298583, -14.2176, -1.52743, -1.21481, -0.312624, -0.00398854
41.0943, 0.0432875, 0.000494675, -14.1671, -1.52742, -1.21441, -0.313014, -0.00399142
41.133, 0.0428977, 0.000142118, -14.1168, -1.52741, -1.21401, -0.313404, -0.00399431
41.1718, 0.0430371, -0.000373284, -14.0667, -1.5274, -1.2136, -0.313795, -0.00399719
41.2119, 0.0435822, -0.000489676, -14.0149, -1.52739, -1.21319, -0.314202, -0.00400018
41.2521, 0.0439263, -5.81794e-05, -13.9633, -1.52738, -1.21277, -0.314609, -0.00400317
41.2923, 0.0436932, 0.000428137, -13.9119, -1.52737, -1.21235, -0.315017, -0.00400616
41.3324, 0.0431613, 0.000421867, -13.8607, -1.52736, -1.21193, -0.315426, -0.00400915
41.3726, 0.0429389, -6.58786e-05, -13.8097, -1.52735, -1.21151, -0.315836, -0.00401214
41.4128, 0.0432815, -0.000489757, -13.7589, -1.52734, -1.21109, -0.316247, -0.00401513
41.4529, 0.0438178, -0.000383, -13.7082, -1.52733, -1.21067, -0.316659, -0.00401811
41.4945, 0.0439647, 0.000151516, -13.656, -1.52732, -1.21023, -0.317085, -0.0040212
41.536, 0.0435493, 0.000499395, -13.6041, -1.52731, -1.20979, -0.317513, -0.00402429
41.5776, 0.0430654, 0.000262861, -13.5523, -1.5273, -1.20936, -0.317942, -0.00402738
41.6191, 0.0430771, -0.000283422, -13.5007, -1.52729, -1.20892, -0.318371, -0.00403047
41.6607, 0.0435787, -0.000518226, -13.4493, -1.52728, -1.20847, -0.318802, -0.00403356
41.7022, 0.0440136, -0.000180185, -13.3981, -1.52727, -1.20803, -0.319234, -0.00403664
41.7438, 0.0439082, 0.000348153, -13.3471, -1.52726, -1.20759, -0.319666, -0.00403973
41.7853, 0.0433955, 0.000479035, -13.2963, -1.52725, -1.20715, -0.3201, -0.00404281
41.8269, 0.0430554, 7.17183e-05, -13.2457, -1.52723, -1.2067, -0.320534, -0.0040459
41.8684, 0.0432697, -0.000423428, -13.1953, -1.52722, -1.20626, -0.320969, -0.00404898
41.91, 0.0438118, -0.000467588, -13.145, -1.52721, -1.20581, -0.321406, -0.00405207
41.9515, 0.0441049, -1.70966e-05, -13.095, -1.5272, -1.20536, -0.321843, -0.00405515
41.9931, 0.043848, 0.000440817, -13.0452, -1.52719, -1.20491, -0.322282, -0.00405823
42.0346, 0.0433302, 0.00041865, -12.9955, -1.52718, -1.20446, -0.322721, -0.00406131
42.0762, 0.0431121, -5.59035e-05, -12.9461, -1.52717, -1.20401, -0.323161, -0.0040644
42.1177, 0.0434306, -0.000480605, -12.8968, -1.52716, -1.20356, -0.323602, -0.00406748
42.1593, 0.0439594, -0.000413113, -12.8477, -1.52715, -1.20311, -0.324045, -0.00407056
42.2032, 0.044154, 0.000103885, -12.7959, -1.52714, -1.20263, -0.324514, -0.00407382
42.2472, 0.0437782, 0.000490802, -12.7444, -1.52713, -1.20215, -0.324985, -0.00407708
42.2912, 0.0432744, 0.000311066, -12.693, -1.52712, -1.20166, -0.325456, -0.00408034
42.3352, 0.0432215, -0.000228281, -12.6419, -1.52711, -1.20118, -0.325929, -0.0040836
42.3792, 0.0436862, -0.000522553, -12.591, -1.5271, -1.2007, -0.326403, -0.00408685
42.4232, 0.044161, -0.000248274, -12.5402, -1.52709, -1.20021, -0.326878, -0.00409011
42.4672, 0.0441356, 0.000287856, -12.4897, -1.52708, -1.19972, -0.327354, -0.00409337
42.5112, 0.0436539, 0.000498476, -12.4394, -1.52707, -1.19924, -0.327831, -0.00409663
42.5552, 0.0432531, 0.000158489, -12.3893, -1.52706, -1.19875, -0.32831, -0.00409988
42.5992, 0.0433748, -0.000361413, -12.3393, -1.52705, -1.19826, -0.32879, -0.00410314
42.6452, 0.0439203, -0.000497239, -12.2873, -1.52704, -1.19774, -0.329292, -0.00410654
42.6912, 0.0442801, -7.26537e-05, -12.2356, -1.52703, -1.19723, -0.329797, -0.00410994
42.7372, 0.0440582, 0.000422992, -12.184, -1.52702, -1.19671, -0.330302, -0.00411335
42.7833, 0.0435235, 0.000428252, -12.1327, -1.527, -1.1962, -0.330809, -0.00411675
42.8293, 0.0432914, -5.81014e-05, -12.0815, -1.52699, -1.19568, -0.331317, -0.00412015
42.8753, 0.0436298, -0.000489409, -12.0306, -1.52698, -1.19516, -0.331826, -0.00412355
42.9213, 0.0441707, -0.000389248, -11.9799, -1.52697, -1.19464, -0.332337, -0.00412695
42.9673, 0.0443304, 0.000127286, -11.9294, -1.52696, -1.19411, -0.332848, -0.00413035
43.0134, 0.0439503, 0.000493532, -11.8792, -1.52695, -1.19359, -0.333361, -0.00413375
43.0594, 0.043458, 0.000315065, -11.8291, -1.52694, -1.19306, -0.333876, -0.00413715
43.1054, 0.0433942, -0.000211352, -11.7793, -1.52693, -1.19254, -0.334392, -0.00414054
43.1514, 0.0438338, -0.000521925, -11.7296, -1.52692, -1.19201, -0.334909, -0.00414394
43.1974, 0.0443187, -0.000290705, -11.6802, -1.52691, -1.19148, -0.335427, -0.00414734
43.2435, 0.0443511, 0.000234518, -11.631, -1.5269, -1.19095, -0.335947, -0.00415073
43.2911, 0.0438932, 0.000504143, -11.5802, -1.52689, -1.1904, -0.336487, -0.00415425
43.3388, 0.0434543, 0.000207372, -11.5296, -1.52688, -1.18985, -0.337028, -0.00415777
43.3865, 0.0435257, -0.000325932, -11.4793, -1.52687, -1.18929, -0.337571, -0.00416128
43.4342, 0.0440364, -0.000515426, -11.4292, -1.52685, -1.18874, -0.338115, -0.0041648
43.4819, 0.0444446, -0.000160871, -11.3793, -1.52684, -1.18818, -0.338661, -0.00416832
43.5296, 0.0443273, 0.000353951, -11.3296, -1.52683, -1.18762, -0.339208, -0.00417183
43.5794, 0.0438031, 0.000475103, -11.278, -1.52682, -1.18704, -0.33978, -0.0041755
43.6291, 0.0434746, 4.67652e-05, -11.2266, -1.52681, -1.18646, -0.340354, -0.00417916
43.6788, 0.0437211, -0.000444247, -11.1755, -1.5268, -1.18587, -0.340929, -0.00418282
43.7286, 0.0442745, -0.000450268, -11.1246, -1.52679, -1.18528, -0.341506, -0.00418649
43.7783, 0.0445323, 3.02647e-05, -11.0739, -1.52678, -1.18469, -0.342085, -0.00419015
43.8281, 0.0442272, 0.0004656, -11.0234, -1.52677, -1.1841, -0.342665, -0.00419381
43.8778, 0.0437087, 0.000383015, -10.9732, -1.52676, -1.18351, -0.343247, -0.00419747
43.9293, 0.0435549, -0.000141878, -10.9215, -1.52674, -1.18289, -0.34385, -0.00420126
43.9808, 0.0439669, -0.00051572, -10.8701, -1.52673, -1.18228, -0.344456, -0.00420504
44.0322, 0.0444872, -0.000318928, -10.8188, -1.52672, -1.18166, -0.345063, -0.00420882
44.0837, 0.044546, 0.00022248, -10.7679, -1.52671, -1.18104, -0.345672, -0.00421261
44.1352, 0.0440955, 0.000505016, -10.7171, -1.5267, -1.18042, -0.346282, -0.00421639
44.1866, 0.0436485, 0.000221141, -10.6666, -1.52669, -1.17979, -0.346895, -0.00422017
44.2381, 0.0437038, -0.000313837, -10.6163, -1.52668, -1.17917, -0.347509, -0.00422395
44.2896, 0.0442083, -0.000519519, -10.5663, -1.52667, -1.17854, -0.348125, -0.00422773
44.341, 0.0446288, -0.000179334, -10.5165, -1.52665, -1.17791, -0.348743, -0.00423151
44.3925, 0.0445316, 0.000339566, -10.467, -1.52664, -1.17728, -0.349362, -0.00423529
44.4467, 0.0440089, 0.000481072, -10.415, -1.52663, -1.17662, -0.350016, -0.00423927
44.5008, 0.0436657, 6.03538e-05, -10.3634, -1.52662, -1.17595, -0.350672, -0.00424324
44.555, 0.0439022, -0.000439322, -10.312, -1.52661, -1.17528, -0.35133, -0.00424722
44.6092, 0.044459, -0.000455645, -10.2608, -1.5266, -1.17461, -0.35199, -0.00425119
44.6634, 0.0447253, 2.40528e-05, -10.2099, -1.52659, -1.17393, -0.352652, -0.00425517
44.7175, 0.0444231, 0.000464662, -10.1593, -1.52657, -1.17326, -0.353316, -0.00425914
44.7717, 0.043902, 0.000384657, -10.1089, -1.52656, -1.17258, -0.353982, -0.00426311
44.8259, 0.0437417, -0.000123263, -10.0587, -1.52655, -1.1719, -0.354651, -0.00426708
44.88, 0.0441225, -0.000508484, -10.0088, -1.52654, -1.17122, -0.355321, -0.00427105
44.9342, 0.0446446, -0.000362286, -9.95918, -1.52653, -1.17054, -0.355993, -0.00427502
44.9909, 0.0447592, 0.000178983, -9.90749, -1.52652, -1.16982, -0.356699, -0.00427917
45.0476, 0.0443292, 0.000504156, -9.85607, -1.52651, -1.1691, -0.357407, -0.00428332
45.1042, 0.0438575, 0.000250451, -9.80491, -1.52649, -1.16838, -0.358117, -0.00428747
45.1609, 0.0438824, -0.000292902, -9.75402, -1.52648, -1.16765, -0.358829, -0.00429161
45.2176, 0.0443835, -0.000523364, -9.70339, -1.52647, -1.16693, -0.359544, -0.00429576
45.2743, 0.0448203, -0.000192978, -9.65302, -1.52646, -1.1662, -0.360261, -0.00429991
45.3309, 0.0447335, 0.000333966, -9.60291, -1.52645, -1.16547, -0.360981, -0.00430405
45.3903, 0.0442097, 0.00048309, -9.5507, -1.52644, -1.1647, -0.361737, -0.00430839
45.4497, 0.0438619, 6.23257e-05, -9.49877, -1.52642, -1.16393, -0.362496, -0.00431273
45.509, 0.044099, -0.000440575, -9.44712, -1.52641, -1.16315, -0.363257, -0.00431707
45.5684, 0.0446591, -0.000455599, -9.39575, -1.5264, -1.16238, -0.364021, -0.00432141
45.6278, 0.044924, 2.80031e-05, -9.34466, -1.52639, -1.1616, -0.364787, -0.00432574
45.6871, 0.0446166, 0.000467423, -9.29384, -1.52638, -1.16082, -0.365557, -0.00433008
45.7465, 0.0440948, 0.00038042, -9.24329, -1.52636, -1.16004, -0.366329, -0.00433441
45.8058, 0.0439419, -0.000131745, -9.19302, -1.52635, -1.15925, -0.367103, -0.00433875
45.8652, 0.0443305, -0.000511987, -9.14302, -1.52634, -1.15846, -0.36788, -0.00434308
45.9246, 0.0448518, -0.000356409, -9.09329, -1.52633, -1.15767, -0.36866, -0.00434741
45.9864, 0.0449578, 0.000185678, -9.04175, -1.52632, -1.15684, -0.369476, -0.00435192
46.0483, 0.0445253, 0.000505073, -8.9905, -1.5263, -1.15601, -0.370294, -0.00435644
46.1102, 0.0440567, 0.000248653, -8.93954, -1.52629, -1.15518, -0.371115, -0.00436095
46.172, 0.0440828, -0.000293202, -8.88886, -1.52628, -1.15434, -0.37194, -0.00436545
46.2339, 0.0445817, -0.000525077, -8.83847, -1.52627, -1.1535, -0.372767, -0.00436996
46.2957, 0.0450208, -0.000200464, -8.78836, -1.52626, -1.15266, -0.373598, -0.00437447
46.3576, 0.044944, 0.00032598, -8.73854, -1.52624, -1.15181, -0.374431, -0.00437898
46.4229, 0.0444221, 0.000486462, -8.6862, -1.52623, -1.15092, -0.375315, -0.00438373
46.4883, 0.0440659, 7.15215e-05, -8.63418, -1.52622, -1.15002, -0.376202, -0.00438849
46.5536, 0.0442947, -0.000436482, -8.58246, -1.52621, -1.14912, -0.377092, -0.00439325
46.619, 0.0448558, -0.000461513, -8.53105, -1.52619, -1.14821, -0.377986, -0.004398
46.6843, 0.0451303, 1.77988e-05, -8.47995, -1.52618, -1.1473, -0.378883, -0.00440276
46.7497, 0.0448319, 0.000463747, -8.42914, -1.52617, -1.14639, -0.379784, -0.00440751
46.815, 0.0443088, 0.000388296, -8.37864, -1.52616, -1.14547, -0.380689, -0.00441226
46.8804, 0.0441441, -0.000119569, -8.32844, -1.52615, -1.14455, -0.381596, -0.00441701
46.9457, 0.0445224, -0.000509481, -8.27853, -1.52613, -1.14363, -0.382508, -0.00442176
47.0111, 0.0450479, -0.000369719, -8.22892, -1.52612, -1.1427, -0.383423, -0.00442651
47.0797, 0.0451714, 0.000171922, -8.17714, -1.52611, -1.14172, -0.384387, -0.00443149
47.1483, 0.0447462, 0.000504583, -8.12568, -1.5261, -1.14074, -0.385356, -0.00443648
47.217, 0.0442703, 0.000258799, -8.07455, -1.52608, -1.13976, -0.386328, -0.00444146
47.2856, 0.044285, -0.000285012, -8.02372, -1.52607, -1.13877, -0.387305, -0.00444644
47.3542, 0.0447809, -0.000527381, -7.97322, -1.52606, -1.13777, -0.388285, -0.00445142
47.4228, 0.0452277, -0.000210501, -7.92303, -1.52605, -1.13678, -0.38927, -0.0044564
47.4914, 0.0451615, 0.000318399, -7.87315, -1.52603, -1.13578, -0.390258, -0.00446137
47.5637, 0.0446447, 0.000490237, -7.82096, -1.52602, -1.13472, -0.391304, -0.00446661
47.636, 0.0442787, 8.63865e-05, -7.76911, -1.52601, -1.13366, -0.392354, -0.00447185
47.7082, 0.0444906, -0.000426854, -7.7176, -1.526, -1.13259, -0.393408, -0.00447709
47.7805, 0.0450487, -0.000473166, -7.66643, -1.52598, -1.13152, -0.394467, -0.00448232
47.8527, 0.0453443, -8.46936e-06, -7.61559, -1.52597, -1.13044, -0.395531, -0.00448755
47.925, 0.0450722, 0.000451356, -7.56508, -1.52596, -1.12936, -0.396599, -0.00449279
47.9973, 0.0445488, 0.000409677, -7.5149, -1.52595, -1.12827, -0.397673, -0.00449802
48.0695, 0.0443499, -8.12739e-05, -7.46505, -1.52593, -1.12718, -0.39875, -0.00450325
48.1418, 0.0446936, -0.00049684, -7.41553, -1.52592, -1.12609, -0.399833, -0.00450847
48.214, 0.0452262, -0.000405293, -7.36633, -1.52591, -1.12499, -0.40092, -0.0045137
48.2912, 0.0454016, 0.000127421, -7.31414, -1.52589, -1.12381, -0.402087, -0.00451928
48.3684, 0.0450049, 0.000499275, -7.26232, -1.52588, -1.12262, -0.403259, -0.00452486
48.4455, 0.0445082, 0.000292895, -7.21086, -1.52587, -1.12143, -0.404436, -0.00453043
48.5227, 0.0444815, -0.000252241, -7.15976, -1.52586, -1.12024, -0.405619, -0.00453601
48.5998, 0.0449609, -0.000530555, -7.10902, -1.52584, -1.11903, -0.406808, -0.00454158
48.677, 0.0454312, -0.000244017, -7.05863, -1.52583, -1.11783, -0.408002, -0.00454715
48.7541, 0.0454018, 0.000290584, -7.00859, -1.52582, -1.11661, -0.409202, -0.00455272
48.8343, 0.0449049, 0.000499664, -6.95697, -1.5258, -1.11535, -0.410455, -0.0045585
48.9144, 0.0445088, 0.000135559, -6.90574, -1.52579, -1.11408, -0.411713, -0.00456429
48.9946, 0.0446639, -0.00038989, -6.85487, -1.52578, -1.1128, -0.412978, -0.00457007
49.0747, 0.0452061, -0.00050131, -6.80437, -1.52576, -1.11151, -0.41425, -0.00457585
49.1549, 0.0455598, -8.60275e-05, -6.75423, -1.52575, -1.11022, -0.415527, -0.00458162
49.235, 0.0453668, 0.000406179, -6.70446, -1.52574, -1.10893, -0.416812, -0.0045874
49.3152, 0.0448523, 0.000458623, -6.65505, -1.52572, -1.10762, -0.418102, -0.00459317
49.3953, 0.0445667, 2.47756e-05, -6.60599, -1.52571, -1.10631, -0.419399, -0.00459895
49.4755, 0.0448102, -0.000444685, -6.55729, -1.5257, -1.105, -0.420703, -0.00460472
49.5556, 0.0453415, -0.000477086, -6.50894, -1.52569, -1.10367, -0.422013, -0.00461049
49.6399, 0.0456429, -2.03907e-05, -6.45848, -1.52567, -1.10228, -0.423397, -0.00461655
49.7242, 0.0453868, 0.000443231, -6.40841, -1.52566, -1.10087, -0.424789, -0.00462261
49.8084, 0.0448678, 0.000423957, -6.35872, -1.52565, -1.09946, -0.426188, -0.00462867
49.8927, 0.044645, -4.93351e-05, -6.3094, -1.52563, -1.09804, -0.427595, -0.00463473
49.9769, 0.0449551, -0.000482367, -6.26046, -1.52562, -1.09661, -0.429009, -0.00464079
50.0612, 0.0454876, -0.00043755, -6.21189, -1.52561, -1.09518, -0.430431, -0.00464684
50.1514, 0.0457162, 6.94019e-05, -6.1603, -1.52559, -1.09363, -0.431961, -0.00465332
50.2416, 0.045373, 0.000483289, -6.10913, -1.52558, -1.09208, -0.433501, -0.0046598
50.3318, 0.0448602, 0.000352378, -6.05838, -1.52557, -1.09052, -0.435049, -0.00466628
50.4255, 0.0447568, -0.00019186, -6.00613, -1.52555, -1.08889, -0.436665, -0.004673
50.5191, 0.045208, -0.000529809, -5.95432, -1.52554, -1.08725, -0.438292, -0.00467971
50.6127, 0.0457138, -0.0002875, -5.90295, -1.52552, -1.0856, -0.439928, -0.00468643
50.7064, 0.0457314, 0.000256578, -5.85201, -1.52551, -1.08394, -0.441573, -0.00469314
50.8, 0.0452665, 0.000506365, -5.8015, -1.5255, -1.08227, -0.443229, -0.00469985
50.8937, 0.0448399, 0.000201121, -5.75142, -1.52548, -1.08059, -0.444895, -0.00470656
50.9873, 0.0449134, -0.000327155, -5.70176, -1.52547, -1.0789, -0.446571, -0.00471327
51.0865, 0.045448, -0.000521856, -5.64961, -1.52545, -1.0771, -0.448358, -0.00472037
51.1857, 0.0458604, -0.000140951, -5.59792, -1.52544, -1.07528, -0.450155, -0.00472747
51.2848, 0.0457111, 0.000380495, -5.5467, -1.52543, -1.07346, -0.451965, -0.00473457
51.384, 0.0451906, 0.000470038, -5.49594, -1.52541, -1.07163, -0.453786, -0.00474167
51.4832, 0.044881, 4.06892e-05, -5.44563, -1.5254, -1.06978, -0.455619, -0.00474876
51.5824, 0.0451195, -0.000442928, -5.39576, -1.52538, -1.06792, -0.457464, -0.00475585
51.6816, 0.0456611, -0.000477296, -5.34634, -1.52537, -1.06605, -0.459322, -0.00476294
51.7808, 0.0459599, -3.71185e-05, -5.29736, -1.52536, -1.06417, -0.461191, -0.00477003
51.88, 0.0457349, 0.000424974, -5.24882, -1.52534, -1.06227, -0.463072, -0.00477711
51.983, 0.0452154, 0.000442175, -5.19885, -1.52533, -1.06029, -0.46504, -0.00478447
52.0861, 0.0449613, -1.43163e-05, -5.14933, -1.52531, -1.05829, -0.467021, -0.00479182
52.1891, 0.0452409, -0.000466942, -5.10028, -1.5253, -1.05628, -0.469016, -0.00479918
52.2922, 0.045775, -0.00046089, -5.05168, -1.52529, -1.05426, -0.471025, -0.00480653
52.4017, 0.0460436, 2.13222e-05, -5.0005, -1.52527, -1.0521, -0.473176, -0.00481434
52.5113, 0.045748, 0.000463518, -4.94983, -1.52526, -1.04992, -0.475342, -0.00482215
52.6208, 0.0452314, 0.000396195, -4.89966, -1.52524, -1.04772, -0.477525, -0.00482995
52.7353, 0.0450589, -0.000122587, -4.84777, -1.52523, -1.04541, -0.479822, -0.00483811
52.8498, 0.0454516, -0.000517277, -4.79641, -1.52521, -1.04308, -0.482137, -0.00484626
52.9642, 0.0459847, -0.000361765, -4.74558, -1.5252, -1.04073, -0.48447, -0.0048544
53.0787, 0.0461017, 0.000164391, -4.69528, -1.52518, -1.03836, -0.48682, -0.00486255
53.1931, 0.0457059, 0.000501387, -4.64549, -1.52517, -1.03598, -0.48919, -0.00487069
53.3076, 0.0452312, 0.000308099, -4.59621, -1.52516, -1.03358, -0.491577, -0.00487883
53.4277, 0.0451832, -0.000232201, -4.54505, -1.52514, -1.03104, -0.494103, -0.00488736
53.5478, 0.0456441, -0.000533878, -4.49444, -1.52513, -1.02848, -0.496649, -0.0048959
53.6679, 0.0461303, -0.000285063, -4.44437, -1.52511, -1.02589, -0.499216, -0.00490443
53.788, 0.0461539, 0.000242587, -4.39485, -1.5251, -1.02329, -0.501805, -0.00491295
53.9141, 0.0456914, 0.000506859, -4.34341, -1.52508, -1.02053, -0.504546, -0.00492191
54.0403, 0.0452579, 0.000205681, -4.29255, -1.52507, -1.01775, -0.507312, -0.00493086
54.1664, 0.0453283, -0.000326118, -4.24227, -1.52505, -1.01495, -0.510102, -0.0049398
54.2992, 0.0458608, -0.000525481, -4.18995, -1.52504, -1.01197, -0.513065, -0.00494922
54.432, 0.0462788, -0.000153916, -4.13826, -1.52502, -1.00896, -0.516056, -0.00495863
54.5648, 0.0461474, 0.000367585, -4.08718, -1.525, -1.00593, -0.519075, -0.00496803
54.6976, 0.0456386, 0.000479371, -4.03671, -1.52499, -1.00287, -0.522121, -0.00497744
54.8304, 0.0453089, 7.69361e-05, -3.98684, -1.52497, -0.999778, -0.525196, -0.00498684
54.9632, 0.045504, -0.000415104, -3.93757, -1.52496, -0.996659, -0.5283, -0.00499623
55.1023, 0.046054, -0.000495226, -3.88656, -1.52494, -0.99336, -0.531584, -0.00500607
55.2415, 0.0463871, -6.59901e-05, -3.8362, -1.52493, -0.990028, -0.5349, -0.00501591
55.3807, 0.0461818, 0.000413537, -3.78646, -1.52491, -0.986664, -0.538249, -0.00502575
55.5198, 0.0456771, 0.000457994, -3.73734, -1.5249, -0.983267, -0.541631, -0.00503558
55.6657, 0.0453932, 1.13351e-05, -3.68653, -1.52488, -0.97967, -0.545212, -0.00504588
55.8115, 0.0456563, -0.000458647, -3.63637, -1.52487, -0.976037, -0.54883, -0.00505617
55.9573, 0.0461961, -0.000471553, -3.58688, -1.52485, -0.972365, -0.552486, -0.00506646
56.1104, 0.0464824, -2.90026e-06, -3.53565, -1.52484, -0.968472, -0.556363, -0.00507725
56.2634, 0.0462146, 0.000449739, -3.48512, -1.52482, -0.964537, -0.560283, -0.00508804
56.4164, 0.0457038, 0.000420288, -3.43529, -1.5248, -0.960558, -0.564246, -0.00509882
56.5779, 0.0454901, -7.52993e-05, -3.38343, -1.52479, -0.956311, -0.568477, -0.0051102
56.7394, 0.0458362, -0.000501346, -3.33233, -1.52477, -0.952014, -0.572758, -0.00512157
56.9009, 0.0463763, -0.000413919, -3.28196, -1.52476, -0.947667, -0.577089, -0.00513293
57.073, 0.0465626, 0.000114461, -3.2291, -1.52474, -0.942978, -0.581761, -0.00514504
57.2451, 0.0461861, 0.000494887, -3.17706, -1.52472, -0.938231, -0.586492, -0.00515714
57.4172, 0.0456915, 0.000322705, -3.12582, -1.52471, -0.933424, -0.591283, -0.00516924
57.5892, 0.045618, -0.000201016, -3.07537, -1.52469, -0.928556, -0.596134, -0.00518132
57.7613, 0.0460406, -0.000530678, -3.0257, -1.52467, -0.923627, -0.601048, -0.00519341
57.9334, 0.0465389, -0.000348606, -2.9768, -1.52466, -0.918635, -0.606024, -0.00520549
58.1181, 0.0466354, 0.00018688, -2.92518, -1.52464, -0.913208, -0.611434, -0.00521844
58.3027, 0.0462236, 0.000504347, -2.87442, -1.52463, -0.907707, -0.616919, -0.00523139
58.4873, 0.0457614, 0.000288516, -2.82449, -1.52461, -0.902131, -0.622479, -0.00524433
58.6807, 0.0457355, -0.000248125, -2.7731, -1.52459, -0.896208, -0.628385, -0.00525787
58.8741, 0.0461956, -0.000536923, -2.7226, -1.52458, -0.8902, -0.634377, -0.00527141
59.0674, 0.0466744, -0.000298081, -2.67297, -1.52456, -0.884104, -0.640457, -0.00528494
59.2704, 0.0467097, 0.00023635, -2.62183, -1.52454, -0.877612, -0.646933, -0.00529914
59.4733, 0.0462755, 0.000506931, -2.57161, -1.52453, -0.87102, -0.653508, -0.00531333
59.6762, 0.0458393, 0.000257823, -2.52231, -1.52451, -0.864327, -0.660185, -0.00532751
59.8905, 0.0458479, -0.000274991, -2.47124, -1.5245, -0.857149, -0.667346, -0.00534248
60.1136, 0.0463397, -0.000537425, -2.4191, -1.52448, -0.849549, -0.674929, -0.00535805
60.3368, 0.0468029, -0.00024792, -2.368, -1.52446, -0.84182, -0.682642, -0.00537362
60.5599, 0.0467871, 0.000272976, -2.31793, -1.52444, -0.833959, -0.690486, -0.00538918
60.8014, 0.0463055, 0.000503092, -2.26487, -1.52443, -0.825299, -0.699128, -0.00540602
61.043, 0.0458983, 0.000171863, -2.21296, -1.52441, -0.816479, -0.707931, -0.00542284
61.2845, 0.0459999, -0.000348395, -2.16218, -1.52439, -0.807496, -0.716898, -0.00543966
61.5442, 0.0465392, -0.00052457, -2.10882, -1.52438, -0.797651, -0.726725, -0.00545773
61.804, 0.0469428, -0.000149511, -2.05671, -1.52436, -0.787611, -0.736748, -0.00547579
62.0637, 0.0468198, 0.000358042, -2.00581, -1.52434, -0.77737, -0.746972, -0.00549384
62.3379, 0.046311, 0.000481827, -1.95336, -1.52432, -0.766334, -0.757991, -0.0055129
62.6122, 0.0459761, 8.85891e-05, -1.90221, -1.52431, -0.755065, -0.769243, -0.00553193
62.8865, 0.0461517, -0.0004012, -1.85233, -1.52429, -0.74356, -0.780732, -0.00555096
63.1804, 0.0466926, -0.000509794, -1.80025, -1.52427, -0.730963, -0.793312, -0.00557134
63.4743, 0.0470514, -0.000116631, -1.74955, -1.52426, -0.718083, -0.806175, -0.00559171
63.7682, 0.0469113, 0.000366637, -1.7002, -1.52424, -0.704916, -0.819326, -0.00561206
64.0875, 0.0464078, 0.00048108, -1.64809, -1.52422, -0.690282, -0.833943, -0.00563416
64.4067, 0.046077, 9.65933e-05, -1.59749, -1.52421, -0.675296, -0.848913, -0.00565623
64.7372, 0.0462487, -0.000398927, -1.54664, -1.52419, -0.659406, -0.864787, -0.00567907
65.0888, 0.0467865, -0.000511278, -1.49421, -1.52418, -0.642067, -0.882108, -0.00570337
65.4405, 0.0471478, -0.000126695, -1.44345, -1.52416, -0.62428, -0.89988, -0.00572764
65.8055, 0.0470094, 0.000367546, -1.39248, -1.52414, -0.605337, -0.918807, -0.00575282
66.195, 0.0465073, 0.000482502, -1.33996, -1.52413, -0.584578, -0.939549, -0.00577966
66.5845, 0.0461755, 0.000105628, -1.28931, -1.52411, -0.563249, -0.960863, -0.00580648
66.9924, 0.0463352, -0.000389364, -1.23817, -1.5241, -0.540293, -0.983804, -0.00583456
67.4304, 0.0468651, -0.000515331, -1.18539, -1.52408, -0.51494, -1.00914, -0.00586468
67.8684, 0.0472349, -0.000150346, -1.13471, -1.52407, -0.488859, -1.03521, -0.00589478
68.3307, 0.0471229, 0.000347569, -1.08342, -1.52405, -0.460544, -1.06351, -0.00592653
68.8314, 0.0466295, 0.000493938, -1.03031, -1.52404, -0.428982, -1.09506, -0.00596088
69.3322, 0.0462744, 0.000149462, -0.979633, -1.52403, -0.396507, -1.12752, -0.0059952
69.8664, 0.0463861, -0.000350681, -0.92813, -1.52401, -0.360887, -1.16313, -0.0060318
70.453, 0.0468967, -0.000524573, -0.874479, -1.524, -0.320674, -1.20333, -0.00607194
71.0397, 0.0472932, -0.000205507, -0.823719, -1.52399, -0.279392, -1.2446, -0.00611205
71.6726, 0.0472416, 0.000298098, -0.772027, -1.52398, -0.233772, -1.29021, -0.00615528
72.3805, 0.0467692, 0.000512497, -0.717784, -1.52397, -0.181604, -1.34237, -0.00620358
73.0883, 0.0463699, 0.000235584, -0.667083, -1.52396, -0.128462, -1.3955, -0.00625183
73.8672, 0.0463851, -0.000263228, -0.615132, -1.52396, -0.0691965, -1.45476, -0.00630487
74.7553, 0.0468382, -0.000524266, -0.560457, -1.52396, -0.0010967, -1.52286, -0.00636527
75.6434, 0.0472658, -0.000305421, -0.510287, -1.52396, 0.0669601, -1.59092, -0.00642561
76.6553, 0.0473302, 0.000186389, -0.458172, -1.52396, 0.143666, -1.66763, -0.00649428
77.805, 0.0469487, 0.000521921, -0.404914, -1.52397, 0.228696, -1.75267, -0.00657219
79.0334, 0.0464778, 0.000418696, -0.354325, -1.52399, 0.3159, -1.83989, -0.00665533
80.4896, 0.0462721, -1.50324e-05, -0.301872, -1.52402, 0.413091, -1.93711, -0.00675374
82.1503, 0.0464783, -0.000395967, -0.250766, -1.52406, 0.514581, -2.03864, -0.00686579
84.0796, 0.046868, -0.00043355, -0.201374, -1.52411, 0.619403, -2.14352, -0.00699575
86.5706, 0.0471244, -0.000101846, -0.150724, -1.52421, 0.734858, -2.25906, -0.00716324
89.5783, 0.0470363, 0.000341177, -0.105169, -1.52434, 0.848218, -2.37256, -0.00736505
93.8595, 0.0466642, 0.000708317, -0.0618249, -1.52458, 0.971345, -2.49593, -0.00765166
99.9342, 0.0462372, 0.000929754, -0.0282285, -1.52501, 1.09352, -2.61853, -0.00805731
110.297, 0.0459064, 0.00113542, -0.00804814, -1.52592, 1.22197, -2.74789, -0.00874747
128.384, 0.0456421, 0.00151841, -0.00645322, -1.52801, 1.33921, -2.86722, -0.00995009
138.244, 0.0453368, 0.00210352, -0.0112897, -1.52935, 1.3774, -2.90676, -0.0106058
145.504, 0.0448371, 0.00294476, -0.0163064, -1.53043, 1.39933, -2.92976, -0.0110889
155.055, 0.0433773, 0.00470092, -0.0238797, -1.53193, 1.42273, -2.95467, -0.011725
164.288, 0.0404397, 0.00670968, -0.031368, -1.53348, 1.4411, -2.97458, -0.0123404
172.695, 0.0361601, 0.00775425, -0.0377226, -1.53496, 1.45517, -2.99013, -0.012901
182.054, 0.0305411, 0.0064615, -0.0438438, -1.53669, 1.46857, -3.00526, -0.0135253
188.563, 0.0274733, 0.0037175, -0.0473767, -1.53792, 1.47678, -3.0147, -0.0139593
195.936, 0.0262565, -0.000279637, -0.0506119, -1.53937, 1.48518, -3.02455, -0.0144507
202.186, 0.0273993, -0.00294206, -0.0527195, -1.54062, 1.49167, -3.03229, -0.014867
208.437, 0.0297496, -0.00361107, -0.054268, -1.5419, 1.49767, -3.03957, -0.0152829
215.038, 0.0318342, -0.00165358, -0.0553364, -1.54328, 1.50353, -3.04681, -0.0157216
221.64, 0.0317336, 0.00216942, -0.0558737, -1.54468, 1.50897, -3.05365, -0.0161594
228.241, 0.0287131, 0.00590425, -0.0559375, -1.54612, 1.51404, -3.06016, -0.0165963
234.843, 0.0236086, 0.00760634, -0.055587, -1.54757, 1.51879, -3.06637, -0.0170321
241.444, 0.0183533, 0.00645465, -0.0548808, -1.54905, 1.52325, -3.07231, -0.0174666
248.046, 0.0148633, 0.00315894, -0.0538746, -1.55056, 1.52746, -3.07801, -0.0178995
254.647, 0.0140245, -0.000539159, -0.0526207, -1.55208, 1.53143, -3.08351, -0.0183309
261.249, 0.0153625, -0.00286116, -0.0511667, -1.55363, 1.5352, -3.08883, -0.0187603
267.85, 0.0174609, -0.00284656, -0.0495558, -1.5552, 1.53878, -3.09398, -0.0191876
274.709, 0.0187723, -0.000533957, -0.0477568, -1.55685, 1.54232, -3.09917, -0.0196292
281.567, 0.0180928, 0.00299967, -0.0458672, -1.55852, 1.5457, -3.10422, -0.0200681
289.123, 0.0148795, 0.00661366, -0.0437193, -1.56039, 1.54924, -3.10963, -0.0205483
296.679, 0.00997782, 0.00858585, -0.0415373, -1.56228, 1.55262, -3.1149, -0.0210246
304.677, 0.00448403, 0.00839565, -0.039224, -1.56431, 1.55603, -3.12034, -0.0215242
313.08, -0.000151792, 0.00624187, -0.0368205, -1.56647, 1.55945, -3.12592, -0.0220438
321.888, -0.00297516, 0.00315912, -0.0343594, -1.56877, 1.56287, -3.13164, -0.0225818
331.714, -0.00388753, 0.000347552, -0.0317106, -1.57137, 1.5665, -3.13787, -0.0231737
341.541, -0.00349403, -0.000772434, -0.0291857, 4.70917, 1.56996, 3.13921, -0.0237561
352.88, -0.00298146, 0.000205249, -0.0264444, 1.56448, -1.56783, 3.13231, -0.0244153
364.902, -0.00365507, 0.00308805, -0.0237521, 1.56113, -1.56401, 3.12514, -0.0250982
378.132, -0.00635016, 0.00704656, -0.0210479, 1.55738, -1.56001, 3.11739, -0.025829
393.714, -0.0116139, 0.0112203, -0.0182039, 1.55287, -1.55557, 3.10844, -0.0266597
410.685, -0.0185734, 0.0143123, -0.0155024, 1.54783, -1.55101, 3.09885, -0.0275246
431.197, -0.0269715, 0.0162089, -0.0127376, 1.54158, -1.54585, 3.08742, -0.0285096
455.403, -0.0355835, 0.0171002, -0.0100867, 1.53393, -1.54018, 3.07411, -0.0295795
484.682, -0.0438797, 0.0179779, -0.00760685, 1.5243, -1.53384, 3.05813, -0.0307277
521.63, -0.0519489, 0.0201682, -0.00534728, 1.51146, -1.52653, 3.03798, -0.0319271
566.72, -0.0596229, 0.0246501, -0.00351449, 1.49462, -1.51847, 3.01309, -0.0329794
626.523, -0.0675045, 0.0323985, -0.00206721, 1.46991, -1.50897, 2.97888, -0.0336228
713.402, -0.0756184, 0.0445724, -0.00102517, 1.4277, -1.4971, 2.9248, -0.0329638
832.629, -0.0824464, 0.0603229, -0.000462586, 1.3513, -1.48371, 2.83502, -0.0291649
1014.77, -0.0881481, 0.0830949, -0.000209433, 1.15099, -1.4682, 2.61918, -0.0191261
1168.08, -0.0904394, 0.1053, -0.000156396, 0.7857, -1.45884, 2.24454, -0.0108771
1248.82, -0.0899462, 0.117231, -0.000138436, 0.446878, -1.45508, 1.90196, -0.00844679
1359.4, -0.0872942, 0.123558, -8.53274e-05, -0.133931, -1.45114, 1.31721, -0.00913852
1469.99, -0.085775, 0.120305, -3.89616e-05, -0.583853, -1.4485, 0.864649, -0.0158583
1613.66, -0.0851038, 0.116585, -1.73812e-05, -0.893744, -1.44688, 0.553141, -0.0338817
1787.74, -0.0846854, 0.115428, 1.07305e-07, -1.07119, -1.44746, 0.376267, -0.0654038
1961.81, -0.0848694, 0.115522, 5.88262e-07, -1.16256, -1.45056, 0.287998, -0.0984335
2242.91, -0.0852989, 0.11561, 2.54606e-07, -1.23619, -1.4601, 0.223915, -0.132789
2283.38, -0.0853585, 0.115618, 2.36633e-07, -1.24247, -1.46187, 0.219402, -0.134707
