57.5, 0.0901037, 0.000167738, -40.2357, -1.48062, 1.49155, -2.97217, -0.00105894
57.5, 0.0901037, 0.000167732, -40.2357, -1.48062, 1.49155, -2.97217, -0.00105894
57.5, 0.0901036, 0.000167707, -40.2357, -1.48062, 1.49155, -2.97217, -0.00105894
57.5, 0.0901033, 0.000167596, -40.2357, -1.48062, 1.49155, -2.97217, -0.00105894
57.5001, 0.0901021, 0.000167088, -40.2355, -1.48062, 1.49155, -2.97217, -0.00105895
57.5005, 0.0900966, 0.000164698, -40.2348, -1.48062, 1.49155, -2.97217, -0.00105895
57.5024, 0.0900731, 0.000151908, -40.2314, -1.48063, 1.49155, -2.97218, -0.00105899
57.5107, 0.0899993, 6.14394e-05, -40.2164, -1.48063, 1.49156, -2.9722, -0.00105913
57.5277, 0.0900665, -0.000140207, -40.1856, -1.48065, 1.49158, -2.97223, -0.00105943
57.5454, 0.0902712, -9.28293e-05, -40.1537, -1.48066, 1.4916, -2.97227, -0.00105975
57.5631, 0.0902413, 0.000131699, -40.1217, -1.48068, 1.49163, -2.9723, -0.00106006
57.5808, 0.0900018, 0.000149822, -40.0898, -1.48069, 1.49165, -2.97234, -0.00106037
57.5985, 0.0899357, -6.98374e-05, -40.0579, -1.48071, 1.49167, -2.97238, -0.00106069
57.6163, 0.0901306, -0.000153136, -40.0261, -1.48072, 1.49169, -2.97241, -0.001061
57.634, 0.0902296, 4.21068e-05, -39.9942, -1.48074, 1.49171, -2.97245, -0.00106131
57.6517, 0.0900386, 0.00018439, -39.9624, -1.48075, 1.49173, -2.97248, -0.00106163
57.6694, 0.0898561, 3.19324e-05, -39.9307, -1.48077, 1.49175, -2.97252, -0.00106194
57.6871, 0.0899662, -0.000157214, -39.8989, -1.48078, 1.49177, -2.97256, -0.00106225
57.7048, 0.0901576, -6.26689e-05, -39.8672, -1.4808, 1.4918, -2.97259, -0.00106257
57.7225, 0.0900813, 0.000156187, -39.8356, -1.48081, 1.49182, -2.97263, -0.00106288
57.7402, 0.0898403, 0.000129838, -39.8039, -1.48083, 1.49184, -2.97267, -0.00106319
57.7579, 0.0898157, -9.77049e-05, -39.7723, -1.48084, 1.49186, -2.9727, -0.00106351
57.7756, 0.090024, -0.000143381, -39.7407, -1.48086, 1.49188, -2.97274, -0.00106382
57.7933, 0.0900899, 7.00273e-05, -39.7091, -1.48087, 1.4919, -2.97277, -0.00106413
57.811, 0.0898772, 0.000184372, -39.6776, -1.48089, 1.49192, -2.97281, -0.00106445
57.8287, 0.0897171, 7.5911e-06, -39.6461, -1.4809, 1.49195, -2.97285, -0.00106476
57.8464, 0.089853, -0.000164524, -39.6146, -1.48092, 1.49197, -2.97288, -0.00106508
57.8641, 0.0900327, -4.38642e-05, -39.5832, -1.48093, 1.49199, -2.97292, -0.00106539
57.8818, 0.0899309, 0.000168405, -39.5517, -1.48095, 1.49201, -2.97296, -0.0010657
57.8996, 0.0896919, 0.000118119, -39.5203, -1.48096, 1.49203, -2.97299, -0.00106602
57.9173, 0.0896889, -0.000111313, -39.489, -1.48098, 1.49205, -2.97303, -0.00106633
57.935, 0.0899023, -0.000138206, -39.4576, -1.48099, 1.49207, -2.97307, -0.00106665
57.9527, 0.0899526, 8.24961e-05, -39.4263, -1.48101, 1.49209, -2.9731, -0.00106696
57.9704, 0.0897311, 0.000184765, -39.3951, -1.48102, 1.49212, -2.97314, -0.00106728
57.9881, 0.0895797, -1.13956e-06, -39.3638, -1.48104, 1.49214, -2.97317, -0.00106759
58.0058, 0.0897243, -0.000167808, -39.3326, -1.48105, 1.49216, -2.97321, -0.0010679
58.0235, 0.0899013, -3.95795e-05, -39.3014, -1.48107, 1.49218, -2.97325, -0.00106822
58.0412, 0.0897937, 0.000172242, -39.2702, -1.48108, 1.4922, -2.97328, -0.00106853
58.0589, 0.0895536, 0.000118458, -39.2391, -1.4811, 1.49222, -2.97332, -0.00106885
58.0766, 0.0895515, -0.000112715, -39.208, -1.48111, 1.49224, -2.97336, -0.00106916
58.0943, 0.0897664, -0.00014128, -39.1769, -1.48113, 1.49226, -2.97339, -0.00106948
58.112, 0.0898209, 7.99845e-05, -39.1459, -1.48114, 1.49228, -2.97343, -0.00106979
58.1297, 0.0896007, 0.000188483, -39.1148, -1.48116, 1.49231, -2.97346, -0.00107011
58.1474, 0.0894414, 6.34326e-06, -39.0838, -1.48117, 1.49233, -2.9735, -0.00107042
58.1651, 0.0895792, -0.000168828, -39.0529, -1.48119, 1.49235, -2.97354, -0.00107074
58.1829, 0.0897646, -5.0816e-05, -39.0219, -1.4812, 1.49237, -2.97357, -0.00107105
58.2006, 0.0896706, 0.000168228, -38.991, -1.48122, 1.49239, -2.97361, -0.00107137
58.2183, 0.0894255, 0.000131545, -38.9601, -1.48123, 1.49241, -2.97365, -0.00107168
58.236, 0.0894033, -0.000101473, -38.9293, -1.48125, 1.49243, -2.97368, -0.001072
58.2537, 0.0896159, -0.000152394, -38.8985, -1.48126, 1.49245, -2.97372, -0.00107232
58.2714, 0.089694, 6.16507e-05, -38.8677, -1.48128, 1.49248, -2.97375, -0.00107263
58.2891, 0.0894865, 0.000194104, -38.8369, -1.48129, 1.4925, -2.97379, -0.00107295
58.3068, 0.0893044, 3.05228e-05, -38.8062, -1.48131, 1.49252, -2.97383, -0.00107326
58.3245, 0.0894177, -0.000165018, -38.7754, -1.48132, 1.49254, -2.97386, -0.00107358
58.3422, 0.0896195, -7.69169e-05, -38.7447, -1.48134, 1.49256, -2.9739, -0.00107389
58.3599, 0.0895602, 0.000153139, -38.7141, -1.48135, 1.49258, -2.97394, -0.00107421
58.3776, 0.0893107, 0.000154988, -38.6835, -1.48137, 1.4926, -2.97397, -0.00107453
58.3953, 0.0892476, -7.45607e-05, -38.6529, -1.48138, 1.49262, -2.97401, -0.00107484
58.413, 0.0894481, -0.000167206, -38.6223, -1.4814, 1.49264, -2.97404, -0.00107516
58.4307, 0.0895668, 2.57385e-05, -38.5917, -1.48141, 1.49267, -2.97408, -0.00107547
58.4485, 0.0893894, 0.000195648, -38.5612, -1.48143, 1.49269, -2.97412, -0.00107579
58.4662, 0.089175, 7.08465e-05, -38.5307, -1.48144, 1.49271, -2.97415, -0.00107611
58.4839, 0.0892418, -0.000149644, -38.5003, -1.48146, 1.49273, -2.97419, -0.00107642
58.5016, 0.0894594, -0.000114295, -38.4698, -1.48148, 1.49275, -2.97423, -0.00107674
58.5193, 0.0894573, 0.000120847, -38.4394, -1.48149, 1.49277, -2.97426, -0.00107706
58.537, 0.0892146, 0.000182022, -38.409, -1.48151, 1.49279, -2.9743, -0.00107737
58.5547, 0.0890925, -2.80562e-05, -38.3787, -1.48152, 1.49281, -2.97433, -0.00107769
58.5724, 0.0892607, -0.000176404, -38.3483, -1.48154, 1.49283, -2.97437, -0.00107801
58.5901, 0.0894291, -2.79869e-05, -38.318, -1.48155, 1.49286, -2.97441, -0.00107832
58.6078, 0.0893073, 0.000182687, -38.2878, -1.48157, 1.49288, -2.97444, -0.00107864
58.6255, 0.0890636, 0.000122898, -38.2575, -1.48158, 1.4929, -2.97448, -0.00107896
58.6432, 0.0890584, -0.000113223, -38.2273, -1.4816, 1.49292, -2.97451, -0.00107927
58.6609, 0.0892762, -0.000153811, -38.1971, -1.48161, 1.49294, -2.97455, -0.00107959
58.6786, 0.0893506, 6.5146e-05, -38.167, -1.48163, 1.49296, -2.97459, -0.00107991
58.6963, 0.0891408, 0.000199838, -38.1368, -1.48164, 1.49298, -2.97462, -0.00108022
58.714, 0.088952, 3.88952e-05, -38.1067, -1.48166, 1.493, -2.97466, -0.00108054
58.7318, 0.0890562, -0.000165682, -38.0766, -1.48167, 1.49302, -2.9747, -0.00108086
58.7495, 0.0892669, -9.37887e-05, -38.0466, -1.48169, 1.49304, -2.97473, -0.00108118
58.7672, 0.0892311, 0.000142419, -38.0166, -1.4817, 1.49307, -2.97477, -0.00108149
58.7849, 0.0889809, 0.000174446, -37.9866, -1.48172, 1.49309, -2.9748, -0.00108181
58.8026, 0.0888824, -4.77202e-05, -37.9566, -1.48173, 1.49311, -2.97484, -0.00108213
58.8203, 0.0890654, -0.000178443, -37.9266, -1.48175, 1.49313, -2.97488, -0.00108244
58.838, 0.089222, -1.44828e-05, -37.8967, -1.48176, 1.49315, -2.97491, -0.00108276
58.8557, 0.0890856, 0.000189847, -37.8668, -1.48178, 1.49317, -2.97495, -0.00108308
58.8734, 0.0888439, 0.000117868, -37.837, -1.48179, 1.49319, -2.97499, -0.0010834
58.8911, 0.0888475, -0.00011912, -37.8071, -1.48181, 1.49321, -2.97502, -0.00108372
58.9088, 0.0890674, -0.000154833, -37.7773, -1.48182, 1.49323, -2.97506, -0.00108403
58.9265, 0.0891408, 6.59706e-05, -37.7475, -1.48184, 1.49325, -2.97509, -0.00108435
58.9442, 0.088931, 0.000203016, -37.7178, -1.48185, 1.49328, -2.97513, -0.00108467
58.9619, 0.0887375, 4.5293e-05, -37.6881, -1.48187, 1.4933, -2.97517, -0.00108499
58.9796, 0.0888344, -0.000164802, -37.6584, -1.48188, 1.49332, -2.9752, -0.00108531
58.9973, 0.0890497, -0.000104688, -37.6287, -1.4819, 1.49334, -2.97524, -0.00108562
59.0151, 0.0890299, 0.000133576, -37.599, -1.48192, 1.49336, -2.97528, -0.00108594
59.0328, 0.088782, 0.000185226, -37.5694, -1.48193, 1.49338, -2.97531, -0.00108626
59.0505, 0.0886616, -2.87674e-05, -37.5398, -1.48195, 1.4934, -2.97535, -0.00108658
59.0682, 0.0888294, -0.000181677, -37.5103, -1.48196, 1.49342, -2.97538, -0.0010869
59.0859, 0.0890064, -4.02714e-05, -37.4807, -1.48198, 1.49344, -2.97542, -0.00108722
59.1036, 0.0888998, 0.000180192, -37.4512, -1.48199, 1.49346, -2.97546, -0.00108753
59.1221, 0.0886398, 0.000135575, -37.4204, -1.48201, 1.49349, -2.97549, -0.00108787
59.1406, 0.0886236, -0.000112644, -37.3895, -1.48202, 1.49351, -2.97553, -0.0010882
59.1591, 0.0888519, -0.00015816, -37.3588, -1.48204, 1.49353, -2.97557, -0.00108853
59.1777, 0.0889255, 7.37472e-05, -37.328, -1.48206, 1.49355, -2.97561, -0.00108887
59.1962, 0.088698, 0.000204669, -37.2973, -1.48207, 1.49357, -2.97565, -0.0010892
59.2147, 0.088514, 2.09678e-05, -37.2666, -1.48209, 1.4936, -2.97568, -0.00108954
59.2332, 0.0886473, -0.000178513, -37.2359, -1.4821, 1.49362, -2.97572, -0.00108987
59.2518, 0.0888555, -6.9327e-05, -37.2053, -1.48212, 1.49364, -2.97576, -0.0010902
59.2703, 0.0887746, 0.00017156, -37.1746, -1.48214, 1.49366, -2.9758, -0.00109054
59.2888, 0.0885096, 0.00015362, -37.1441, -1.48215, 1.49368, -2.97583, -0.00109087
59.3073, 0.0884637, -9.43556e-05, -37.1135, -1.48217, 1.49371, -2.97587, -0.0010912
59.3258, 0.0886854, -0.000171526, -37.083, -1.48218, 1.49373, -2.97591, -0.00109154
59.3444, 0.0887912, 4.69454e-05, -37.0525, -1.4822, 1.49375, -2.97595, -0.00109187
59.3629, 0.0885845, 0.000209021, -37.022, -1.48222, 1.49377, -2.97599, -0.00109221
59.3814, 0.0883722, 5.36258e-05, -36.9916, -1.48223, 1.49379, -2.97602, -0.00109254
59.3999, 0.08847, -0.000169606, -36.9612, -1.48225, 1.49381, -2.97606, -0.00109288
59.4184, 0.0886955, -0.000102191, -36.9308, -1.48226, 1.49384, -2.9761, -0.00109321
59.437, 0.0886615, 0.00014804, -36.9004, -1.48228, 1.49386, -2.97614, -0.00109354
59.4555, 0.0883966, 0.000180506, -36.8701, -1.48229, 1.49388, -2.97617, -0.00109388
59.474, 0.0882987, -5.6893e-05, -36.8398, -1.48231, 1.4939, -2.97621, -0.00109421
59.4925, 0.0884987, -0.000185222, -36.8096, -1.48233, 1.49392, -2.97625, -0.00109455
59.5111, 0.0886524, 2.99681e-07, -36.7793, -1.48234, 1.49395, -2.97629, -0.00109488
59.5296, 0.0884894, 0.000204482, -36.7491, -1.48236, 1.49397, -2.97633, -0.00109522
59.5481, 0.0882433, 0.000102627, -36.7189, -1.48238, 1.49399, -2.97636, -0.00109555
59.5666, 0.0882794, -0.000143724, -36.6888, -1.48239, 1.49401, -2.9764, -0.00109589
59.5851, 0.0885153, -0.000143962, -36.6586, -1.48241, 1.49403, -2.97644, -0.00109622
59.6037, 0.0885522, 0.000102493, -36.6285, -1.48242, 1.49405, -2.97648, -0.00109656
59.6222, 0.0883062, 0.000206068, -36.5985, -1.48244, 1.49408, -2.97651, -0.00109689
59.6407, 0.0881403, 3.10507e-06, -36.5684, -1.48246, 1.4941, -2.97655, -0.00109723
59.6592, 0.0882909, -0.000186498, -36.5384, -1.48247, 1.49412, -2.97659, -0.00109756
59.6777, 0.0884958, -6.41136e-05, -36.5084, -1.48249, 1.49414, -2.97663, -0.0010979
59.6963, 0.0884076, 0.000178009, -36.4785, -1.4825, 1.49416, -2.97667, -0.00109823
59.7148, 0.0881394, 0.000159722, -36.4486, -1.48252, 1.49418, -2.9767, -0.00109857
59.7333, 0.0880866, -9.04359e-05, -36.4187, -1.48254, 1.49421, -2.97674, -0.00109891
59.7518, 0.0883068, -0.000180821, -36.3888, -1.48255, 1.49423, -2.97678, -0.00109924
59.7704, 0.0884308, 3.00249e-05, -36.359, -1.48257, 1.49425, -2.97682, -0.00109958
59.7889, 0.0882397, 0.000213016, -36.3291, -1.48258, 1.49427, -2.97685, -0.00109991
59.8074, 0.0880065, 8.27873e-05, -36.2994, -1.4826, 1.49429, -2.97689, -0.00110025
59.8259, 0.0880692, -0.000157999, -36.2696, -1.48262, 1.49431, -2.97693, -0.00110058
59.8444, 0.0883055, -0.000134934, -36.2399, -1.48263, 1.49434, -2.97697, -0.00110092
59.863, 0.0883236, 0.000116309, -36.2102, -1.48265, 1.49436, -2.97701, -0.00110126
59.8815, 0.0880704, 0.000206241, -36.1805, -1.48266, 1.49438, -2.97704, -0.00110159
59.9, 0.087913, -4.45384e-06, -36.1508, -1.48268, 1.4944, -2.97708, -0.00110193
59.9185, 0.08807, -0.000190068, -36.1212, -1.4827, 1.49442, -2.97712, -0.00110227
59.937, 0.0882743, -6.39466e-05, -36.0916, -1.48271, 1.49444, -2.97716, -0.0011026
59.9556, 0.0881861, 0.000179564, -36.0621, -1.48273, 1.49447, -2.97719, -0.00110294
59.9741, 0.0879163, 0.000165549, -36.0325, -1.48274, 1.49449, -2.97723, -0.00110327
59.9926, 0.0878551, -8.45097e-05, -36.003, -1.48276, 1.49451, -2.97727, -0.00110361
60.0111, 0.0880717, -0.000186695, -35.9736, -1.48278, 1.49453, -2.97731, -0.00110395
60.0297, 0.0882095, 1.5748e-05, -35.9441, -1.48279, 1.49455, -2.97735, -0.00110428
60.0482, 0.0880327, 0.000212939, -35.9147, -1.48281, 1.49457, -2.97738, -0.00110462
60.0667, 0.0877871, 0.000103374, -35.8853, -1.48282, 1.4946, -2.97742, -0.00110496
60.0859, 0.0878298, -0.000151772, -35.8549, -1.48284, 1.49462, -2.97746, -0.00110531
60.105, 0.0880752, -0.000142621, -35.8245, -1.48286, 1.49464, -2.9775, -0.00110566
60.1242, 0.0881004, 0.00011634, -35.7942, -1.48287, 1.49466, -2.97754, -0.001106
60.1434, 0.0878378, 0.000208014, -35.7639, -1.48289, 1.49469, -2.97758, -0.00110635
60.1625, 0.0876829, -1.52719e-05, -35.7336, -1.48291, 1.49471, -2.97762, -0.0011067
60.1817, 0.0878579, -0.000194962, -35.7034, -1.48292, 1.49473, -2.97766, -0.00110705
60.2008, 0.0880556, -4.2646e-05, -35.6732, -1.48294, 1.49475, -2.97769, -0.0011074
60.22, 0.0879324, 0.000197917, -35.643, -1.48296, 1.49478, -2.97773, -0.00110775
60.2392, 0.0876585, 0.0001419, -35.6129, -1.48297, 1.4948, -2.97777, -0.0011081
60.2583, 0.0876448, -0.00012142, -35.5827, -1.48299, 1.49482, -2.97781, -0.00110845
60.2775, 0.0878867, -0.00017207, -35.5526, -1.48301, 1.49484, -2.97785, -0.0011088
60.2967, 0.0879724, 7.08316e-05, -35.5226, -1.48302, 1.49486, -2.97789, -0.00110915
60.3158, 0.087739, 0.000221103, -35.4925, -1.48304, 1.49489, -2.97793, -0.0011095
60.335, 0.0875304, 3.99767e-05, -35.4625, -1.48306, 1.49491, -2.97797, -0.00110985
60.3542, 0.0876511, -0.000185448, -35.4326, -1.48307, 1.49493, -2.97801, -0.00111019
60.3733, 0.0878837, -9.81084e-05, -35.4026, -1.48309, 1.49495, -2.97805, -0.00111054
60.3925, 0.0878339, 0.000164082, -35.3727, -1.48311, 1.49498, -2.97808, -0.00111089
60.4117, 0.0875538, 0.000187145, -35.3428, -1.48312, 1.495, -2.97812, -0.00111124
60.4308, 0.0874587, -6.54257e-05, -35.313, -1.48314, 1.49502, -2.97816, -0.00111159
60.45, 0.0876721, -0.000196012, -35.2831, -1.48316, 1.49504, -2.9782, -0.00111194
60.4691, 0.0878323, 8.39616e-07, -35.2533, -1.48318, 1.49507, -2.97824, -0.00111229
60.4883, 0.0876615, 0.000216215, -35.2235, -1.48319, 1.49509, -2.97828, -0.00111264
60.5075, 0.087401, 0.000112421, -35.1938, -1.48321, 1.49511, -2.97832, -0.00111299
60.5266, 0.0874325, -0.000148173, -35.1641, -1.48323, 1.49513, -2.97836, -0.00111334
60.5458, 0.0876807, -0.000158178, -35.1344, -1.48324, 1.49515, -2.9784, -0.0011137
60.565, 0.0877321, 9.81707e-05, -35.1047, -1.48326, 1.49518, -2.97844, -0.00111405
60.5841, 0.0874804, 0.000221365, -35.0751, -1.48328, 1.4952, -2.97847, -0.0011144
60.6033, 0.0872912, 1.95781e-05, -35.0455, -1.48329, 1.49522, -2.97851, -0.00111475
60.6225, 0.0874327, -0.00019363, -35.0159, -1.48331, 1.49524, -2.97855, -0.0011151
60.6416, 0.0876594, -8.72853e-05, -34.9864, -1.48333, 1.49527, -2.97859, -0.00111545
60.6608, 0.0875939, 0.000173921, -34.9569, -1.48334, 1.49529, -2.97863, -0.0011158
60.68, 0.0873117, 0.000185774, -34.9274, -1.48336, 1.49531, -2.97867, -0.00111615
60.6991, 0.0872229, -7.01161e-05, -34.8979, -1.48338, 1.49533, -2.97871, -0.0011165
60.7183, 0.0874388, -0.000198901, -34.8685, -1.48339, 1.49535, -2.97875, -0.00111685
60.7374, 0.0876009, -2.04989e-06, -34.8391, -1.48341, 1.49538, -2.97879, -0.0011172
60.7566, 0.087434, 0.000217629, -34.8097, -1.48343, 1.4954, -2.97883, -0.00111755
60.7758, 0.0871686, 0.000122596, -34.7804, -1.48344, 1.49542, -2.97886, -0.00111791
60.7949, 0.0871863, -0.000141394, -34.7511, -1.48346, 1.49544, -2.9789, -0.00111826
60.8141, 0.0874343, -0.00016988, -34.7218, -1.48348, 1.49547, -2.97894, -0.00111861
60.8333, 0.0875076, 8.07949e-05, -34.6925, -1.48349, 1.49549, -2.97898, -0.00111896
60.8524, 0.0872686, 0.000227739, -34.6633, -1.48351, 1.49551, -2.97902, -0.00111931
60.8716, 0.0870562, 4.67809e-05, -34.6341, -1.48353, 1.49553, -2.97906, -0.00111966
60.8908, 0.0871684, -0.000186458, -34.6049, -1.48354, 1.49555, -2.9791, -0.00112001
60.9099, 0.0874091, -0.000117179, -34.5758, -1.48356, 1.49558, -2.97914, -0.00112037
60.9291, 0.0873871, 0.000149452, -34.5467, -1.48358, 1.4956, -2.97918, -0.00112072
60.9483, 0.0871104, 0.000209071, -34.5176, -1.48359, 1.49562, -2.97922, -0.00112107
60.9674, 0.0869725, -2.86213e-05, -34.4885, -1.48361, 1.49564, -2.97925, -0.00112142
60.9866, 0.0871566, -0.00020416, -34.4595, -1.48363, 1.49567, -2.97929, -0.00112177
61.0057, 0.0873594, -5.24307e-05, -34.4305, -1.48364, 1.49569, -2.97933, -0.00112213
61.0249, 0.0872496, 0.000197803, -34.4015, -1.48366, 1.49571, -2.97937, -0.00112248
61.0441, 0.0869674, 0.000169768, -34.3726, -1.48368, 1.49573, -2.97941, -0.00112283
61.0632, 0.0869117, -9.4371e-05, -34.3436, -1.48369, 1.49575, -2.97945, -0.00112318
61.0824, 0.087141, -0.000198013, -34.3147, -1.48371, 1.49578, -2.97949, -0.00112354
61.1016, 0.0872862, 1.42446e-05, -34.2859, -1.48373, 1.4958, -2.97953, -0.00112389
61.1207, 0.0871049, 0.00022465, -34.257, -1.48375, 1.49582, -2.97957, -0.00112424
61.1399, 0.0868428, 0.000118687, -34.2282, -1.48376, 1.49584, -2.9796, -0.00112459
61.1591, 0.0868662, -0.000145433, -34.1995, -1.48378, 1.49586, -2.97964, -0.00112495
61.1782, 0.087115, -0.000173992, -34.1707, -1.4838, 1.49589, -2.97968, -0.0011253
61.1974, 0.0871939, 7.55178e-05, -34.142, -1.48381, 1.49591, -2.97972, -0.00112565
61.2165, 0.0869606, 0.000232254, -34.1133, -1.48383, 1.49593, -2.97976, -0.00112601
61.2357, 0.0867364, 6.3635e-05, -34.0846, -1.48385, 1.49595, -2.9798, -0.00112636
61.2549, 0.0868286, -0.000180394, -34.056, -1.48386, 1.49597, -2.97984, -0.00112671
61.274, 0.0870758, -0.000138691, -34.0273, -1.48388, 1.496, -2.97988, -0.00112706
61.2932, 0.0870878, 0.000127094, -33.9988, -1.4839, 1.49602, -2.97992, -0.00112742
61.3124, 0.0868221, 0.000224777, -33.9702, -1.48391, 1.49604, -2.97995, -0.00112777
61.3315, 0.0866454, 1.04861e-05, -33.9417, -1.48393, 1.49606, -2.97999, -0.00112812
61.3507, 0.0867929, -0.000200426, -33.9132, -1.48395, 1.49609, -2.98003, -0.00112848
61.3699, 0.0870231, -9.80943e-05, -33.8847, -1.48396, 1.49611, -2.98007, -0.00112883
61.3898, 0.0869648, 0.000175315, -33.8551, -1.48398, 1.49613, -2.98011, -0.0011292
61.4097, 0.0866714, 0.000195182, -33.8256, -1.484, 1.49615, -2.98015, -0.00112957
61.4296, 0.086574, -6.964e-05, -33.7961, -1.48402, 1.49618, -2.98019, -0.00112993
61.4495, 0.0867973, -0.00020595, -33.7666, -1.48403, 1.4962, -2.98023, -0.0011303
61.4695, 0.0869661, -1.25374e-06, -33.7371, -1.48405, 1.49622, -2.98027, -0.00113067
61.4894, 0.0867905, 0.000226091, -33.7077, -1.48407, 1.49624, -2.98031, -0.00113104
61.5093, 0.0865159, 0.000122887, -33.6783, -1.48409, 1.49627, -2.98035, -0.00113141
61.5292, 0.0865412, -0.000150853, -33.649, -1.4841, 1.49629, -2.98039, -0.00113177
61.5491, 0.0868, -0.000171123, -33.6196, -1.48412, 1.49631, -2.98044, -0.00113214
61.5691, 0.0868651, 9.35302e-05, -33.5903, -1.48414, 1.49634, -2.98048, -0.00113251
61.589, 0.0866087, 0.00023447, -33.5611, -1.48416, 1.49636, -2.98052, -0.00113288
61.6089, 0.0863991, 3.43358e-05, -33.5318, -1.48417, 1.49638, -2.98056, -0.00113325
61.6288, 0.086532, -0.000198767, -33.5026, -1.48419, 1.4964, -2.9806, -0.00113362
61.6487, 0.0867762, -0.000106423, -33.4734, -1.48421, 1.49643, -2.98064, -0.00113398
61.6686, 0.0867298, 0.000169691, -33.4443, -1.48423, 1.49645, -2.98068, -0.00113435
61.6886, 0.086437, 0.000206368, -33.4151, -1.48424, 1.49647, -2.98072, -0.00113472
61.7085, 0.086319, -5.25541e-05, -33.386, -1.48426, 1.4965, -2.98076, -0.00113509
61.7284, 0.0865294, -0.000211378, -33.357, -1.48428, 1.49652, -2.9808, -0.00113546
61.7483, 0.0867203, -2.76927e-05, -33.3279, -1.4843, 1.49654, -2.98084, -0.00113583
61.7682, 0.0865741, 0.000218669, -33.2989, -1.48432, 1.49656, -2.98088, -0.0011362
61.7882, 0.0862864, 0.000152894, -33.2699, -1.48433, 1.49659, -2.98092, -0.00113657
61.8081, 0.0862676, -0.000125098, -33.241, -1.48435, 1.49661, -2.98096, -0.00113694
61.828, 0.0865195, -0.0001936, -33.2121, -1.48437, 1.49663, -2.981, -0.00113731
61.8479, 0.086634, 5.1179e-05, -33.1832, -1.48439, 1.49666, -2.98104, -0.00113768
61.8678, 0.0864113, 0.000239063, -33.1543, -1.4844, 1.49668, -2.98108, -0.00113804
61.8878, 0.0861612, 8.63383e-05, -33.1255, -1.48442, 1.4967, -2.98112, -0.00113841
61.9077, 0.0862343, -0.000176683, -33.0967, -1.48444, 1.49672, -2.98116, -0.00113878
61.9276, 0.086494, -0.000153964, -33.0679, -1.48446, 1.49675, -2.9812, -0.00113915
61.9475, 0.0865234, 0.000120351, -33.0391, -1.48447, 1.49677, -2.98124, -0.00113952
61.9674, 0.086252, 0.000234489, -33.0104, -1.48449, 1.49679, -2.98128, -0.00113989
61.9873, 0.0860601, 1.74006e-05, -32.9817, -1.48451, 1.49681, -2.98132, -0.00114026
62.0073, 0.0862087, -0.000205964, -32.953, -1.48453, 1.49684, -2.98136, -0.00114063
62.0272, 0.0864493, -0.000101788, -32.9244, -1.48454, 1.49686, -2.9814, -0.001141
62.0471, 0.0863966, 0.000174463, -32.8958, -1.48456, 1.49688, -2.98144, -0.00114137
62.067, 0.086103, 0.000211197, -32.8672, -1.48458, 1.49691, -2.98148, -0.00114174
62.0869, 0.085979, -4.61798e-05, -32.8387, -1.4846, 1.49693, -2.98153, -0.00114211
62.1069, 0.0861827, -0.000215277, -32.8101, -1.48461, 1.49695, -2.98157, -0.00114248
62.1268, 0.0863857, -4.52793e-05, -32.7817, -1.48463, 1.49697, -2.98161, -0.00114285
62.1467, 0.0862613, 0.000211999, -32.7532, -1.48465, 1.497, -2.98165, -0.00114323
62.1666, 0.0859674, 0.000176101, -32.7248, -1.48467, 1.49702, -2.98169, -0.0011436
62.1865, 0.085912, -9.98805e-05, -32.6963, -1.48468, 1.49704, -2.98173, -0.00114397
62.2064, 0.0861507, -0.000208973, -32.668, -1.4847, 1.49706, -2.98177, -0.00114434
62.2264, 0.0863061, 9.40085e-06, -32.6396, -1.48472, 1.49709, -2.98181, -0.00114471
62.2463, 0.0861239, 0.000234177, -32.6113, -1.48474, 1.49711, -2.98185, -0.00114508
62.2662, 0.0858457, 0.000135464, -32.583, -1.48476, 1.49713, -2.98189, -0.00114545
62.2861, 0.0858534, -0.000141954, -32.5547, -1.48477, 1.49716, -2.98193, -0.00114582
62.306, 0.0861098, -0.000192046, -32.5265, -1.48479, 1.49718, -2.98197, -0.00114619
62.326, 0.0862144, 5.83233e-05, -32.4983, -1.48481, 1.4972, -2.98201, -0.00114656
62.3459, 0.0859889, 0.000243797, -32.4701, -1.48483, 1.49722, -2.98205, -0.00114694
62.3658, 0.0857362, 9.42297e-05, -32.4419, -1.48484, 1.49725, -2.98209, -0.00114731
62.3857, 0.0857982, -0.000172677, -32.4138, -1.48486, 1.49727, -2.98213, -0.00114768
62.4063, 0.0860666, -0.000162708, -32.3848, -1.48488, 1.49729, -2.98217, -0.00114806
62.4269, 0.0861052, 0.000118524, -32.3557, -1.4849, 1.49732, -2.98221, -0.00114845
62.4475, 0.0858266, 0.000239327, -32.3267, -1.48492, 1.49734, -2.98225, -0.00114883
62.4681, 0.0856299, 1.45218e-05, -32.2977, -1.48493, 1.49736, -2.9823, -0.00114922
62.4888, 0.0857881, -0.000211844, -32.2688, -1.48495, 1.49739, -2.98234, -0.0011496
62.5094, 0.0860316, -9.38241e-05, -32.2399, -1.48497, 1.49741, -2.98238, -0.00114999
62.53, 0.0859609, 0.000188558, -32.211, -1.48499, 1.49743, -2.98242, -0.00115037
62.5506, 0.0856559, 0.000205138, -32.1821, -1.48501, 1.49746, -2.98246, -0.00115076
62.5712, 0.0855526, -6.92979e-05, -32.1533, -1.48503, 1.49748, -2.9825, -0.00115114
62.5918, 0.0857802, -0.00021793, -32.1245, -1.48504, 1.4975, -2.98255, -0.00115153
62.6124, 0.0859658, -1.53435e-05, -32.0957, -1.48506, 1.49753, -2.98259, -0.00115191
62.633, 0.0858006, 0.000231747, -32.067, -1.48508, 1.49755, -2.98263, -0.0011523
62.6536, 0.0855068, 0.000149818, -32.0383, -1.4851, 1.49757, -2.98267, -0.00115268
62.6742, 0.0855002, -0.000137429, -32.0096, -1.48512, 1.4976, -2.98271, -0.00115307
62.6948, 0.0857631, -0.000197047, -31.9809, -1.48514, 1.49762, -2.98275, -0.00115345
62.7154, 0.0858724, 6.06814e-05, -31.9523, -1.48515, 1.49764, -2.9828, -0.00115384
62.736, 0.0856363, 0.00024852, -31.9237, -1.48517, 1.49767, -2.98284, -0.00115423
62.7566, 0.0853816, 8.4711e-05, -31.8952, -1.48519, 1.49769, -2.98288, -0.00115461
62.7773, 0.0854623, -0.00018532, -31.8666, -1.48521, 1.49771, -2.98292, -0.001155
62.7979, 0.0857304, -0.000157695, -31.8381, -1.48523, 1.49774, -2.98296, -0.00115538
62.8185, 0.085758, 0.000126309, -31.8096, -1.48525, 1.49776, -2.983, -0.00115577
62.8391, 0.0854768, 0.000243241, -31.7812, -1.48526, 1.49778, -2.98305, -0.00115616
62.8597, 0.0852781, 1.90867e-05, -31.7528, -1.48528, 1.49781, -2.98309, -0.00115654
62.8803, 0.08543, -0.000212894, -31.7244, -1.4853, 1.49783, -2.98313, -0.00115693
62.9009, 0.0856798, -0.00010841, -31.696, -1.48532, 1.49785, -2.98317, -0.00115731
62.9215, 0.0856302, 0.000177659, -31.6677, -1.48534, 1.49788, -2.98321, -0.0011577
62.9421, 0.0853275, 0.000222062, -31.6394, -1.48536, 1.4979, -2.98325, -0.00115809
62.9627, 0.0851919, -4.07053e-05, -31.6111, -1.48537, 1.49792, -2.9833, -0.00115847
62.9833, 0.0853962, -0.000222977, -31.5829, -1.48539, 1.49794, -2.98334, -0.00115886
63.0039, 0.0856125, -5.63403e-05, -31.5547, -1.48541, 1.49797, -2.98338, -0.00115925
63.0245, 0.0854957, 0.000214101, -31.5265, -1.48543, 1.49799, -2.98342, -0.00115964
63.0451, 0.0851905, 0.000191305, -31.4983, -1.48545, 1.49801, -2.98346, -0.00116002
63.0657, 0.0851174, -9.11884e-05, -31.4702, -1.48547, 1.49804, -2.9835, -0.00116041
63.0864, 0.0853564, -0.000219821, -31.4421, -1.48548, 1.49806, -2.98355, -0.0011608
63.107, 0.0855314, -6.66185e-06, -31.4141, -1.4855, 1.49808, -2.98359, -0.00116118
63.1276, 0.0853602, 0.00023717, -31.386, -1.48552, 1.49811, -2.98363, -0.00116157
63.1482, 0.0850657, 0.000156476, -31.358, -1.48554, 1.49813, -2.98367, -0.00116196
63.1688, 0.0850495, -0.000131213, -31.33, -1.48556, 1.49815, -2.98371, -0.00116235
63.1894, 0.0853084, -0.00020798, -31.3021, -1.48558, 1.49818, -2.98375, -0.00116273
63.21, 0.0854402, 3.74128e-05, -31.2741, -1.48559, 1.4982, -2.98379, -0.00116312
63.2306, 0.0852275, 0.000249558, -31.2462, -1.48561, 1.49822, -2.98384, -0.00116351
63.2512, 0.0849514, 0.000121828, -31.2184, -1.48563, 1.49825, -2.98388, -0.0011639
63.2718, 0.0849839, -0.000161232, -31.1905, -1.48565, 1.49827, -2.98392, -0.00116429
63.2924, 0.0852515, -0.000191607, -31.1627, -1.48567, 1.49829, -2.98396, -0.00116467
63.313, 0.0853426, 7.42948e-05, -31.135, -1.48569, 1.49832, -2.984, -0.00116506
63.3336, 0.0851, 0.000254332, -31.1072, -1.4857, 1.49834, -2.98404, -0.00116545
63.3542, 0.0848455, 9.03266e-05, -31.0795, -1.48572, 1.49836, -2.98409, -0.00116584
63.3749, 0.0849172, -0.000182617, -31.0518, -1.48574, 1.49839, -2.98413, -0.00116623
63.3963, 0.0851956, -0.000165641, -31.0229, -1.48576, 1.49841, -2.98417, -0.00116663
63.4178, 0.0852293, 0.000127704, -30.9941, -1.48578, 1.49843, -2.98421, -0.00116704
63.4393, 0.0849373, 0.000247934, -30.9653, -1.4858, 1.49846, -2.98426, -0.00116744
63.4608, 0.0847369, 1.11122e-05, -30.9366, -1.48582, 1.49848, -2.9843, -0.00116785
63.4823, 0.084905, -0.000220996, -30.9078, -1.48584, 1.49851, -2.98434, -0.00116825
63.5038, 0.0851558, -9.4378e-05, -30.8791, -1.48586, 1.49853, -2.98439, -0.00116866
63.5253, 0.0850783, 0.000198192, -30.8505, -1.48588, 1.49855, -2.98443, -0.00116906
63.5468, 0.0847611, 0.000211957, -30.8218, -1.48589, 1.49858, -2.98447, -0.00116947
63.5683, 0.0846565, -7.39414e-05, -30.7932, -1.48591, 1.4986, -2.98452, -0.00116988
63.5897, 0.0848939, -0.000226214, -30.7647, -1.48593, 1.49863, -2.98456, -0.00117028
63.6112, 0.0850851, -1.4463e-05, -30.7361, -1.48595, 1.49865, -2.9846, -0.00117069
63.6327, 0.0849122, 0.000241438, -30.7076, -1.48597, 1.49867, -2.98465, -0.00117109
63.6542, 0.084607, 0.000155571, -30.6791, -1.48599, 1.4987, -2.98469, -0.0011715
63.6757, 0.0846002, -0.000142702, -30.6507, -1.48601, 1.49872, -2.98473, -0.00117191
63.6972, 0.084873, -0.000204922, -30.6222, -1.48603, 1.49875, -2.98478, -0.00117231
63.7187, 0.0849871, 6.22827e-05, -30.5938, -1.48605, 1.49877, -2.98482, -0.00117272
63.7402, 0.0847427, 0.000258459, -30.5655, -1.48607, 1.49879, -2.98486, -0.00117313
63.7617, 0.0844768, 9.01368e-05, -30.5371, -1.48609, 1.49882, -2.98491, -0.00117353
63.7831, 0.0845579, -0.000191148, -30.5088, -1.48611, 1.49884, -2.98495, -0.00117394
63.8046, 0.0848362, -0.000165848, -30.4806, -1.48613, 1.49887, -2.98499, -0.00117435
63.8261, 0.0848687, 0.00012831, -30.4523, -1.48614, 1.49889, -2.98504, -0.00117475
63.8476, 0.0845785, 0.000253981, -30.4241, -1.48616, 1.49891, -2.98508, -0.00117516
63.8691, 0.0843679, 2.47128e-05, -30.3959, -1.48618, 1.49894, -2.98512, -0.00117557
63.8906, 0.0845204, -0.000219621, -30.3678, -1.4862, 1.49896, -2.98517, -0.00117597
63.9121, 0.0847818, -0.000117505, -30.3397, -1.48622, 1.49899, -2.98521, -0.00117638
63.9336, 0.0847375, 0.000180128, -30.3116, -1.48624, 1.49901, -2.98525, -0.00117679
63.9551, 0.0844246, 0.000234297, -30.2835, -1.48626, 1.49903, -2.98529, -0.0011772
63.9766, 0.0842755, -3.46419e-05, -30.2555, -1.48628, 1.49906, -2.98534, -0.0011776
63.998, 0.0844811, -0.000231189, -30.2275, -1.4863, 1.49908, -2.98538, -0.00117801
64.0195, 0.0847112, -6.68821e-05, -30.1995, -1.48632, 1.49911, -2.98542, -0.00117842
64.041, 0.0846004, 0.000217384, -30.1716, -1.48634, 1.49913, -2.98547, -0.00117883
64.0625, 0.0842828, 0.000205702, -30.1437, -1.48636, 1.49915, -2.98551, -0.00117924
64.084, 0.0841942, -8.47084e-05, -30.1158, -1.48638, 1.49918, -2.98555, -0.00117964
64.1055, 0.0844356, -0.000230184, -30.0879, -1.4864, 1.4992, -2.9856, -0.00118005
64.127, 0.0846273, -1.89632e-05, -30.0601, -1.48641, 1.49923, -2.98564, -0.00118046
64.1485, 0.0844626, 0.000241757, -30.0323, -1.48643, 1.49925, -2.98568, -0.00118087
64.17, 0.0841528, 0.000173587, -30.0045, -1.48645, 1.49927, -2.98573, -0.00118128
64.1914, 0.0841189, -0.000124498, -29.9768, -1.48647, 1.4993, -2.98577, -0.00118168
64.2129, 0.0843819, -0.000221118, -29.9491, -1.48649, 1.49932, -2.98581, -0.00118209
64.2344, 0.084534, 2.31897e-05, -29.9214, -1.48651, 1.49935, -2.98586, -0.0011825
64.2559, 0.084328, 0.00025595, -29.8938, -1.48653, 1.49937, -2.9859, -0.00118291
64.2774, 0.084033, 0.00014208, -29.8662, -1.48655, 1.49939, -2.98594, -0.00118332
64.2989, 0.0840453, -0.000154507, -29.8386, -1.48657, 1.49942, -2.98599, -0.00118373
64.3204, 0.0843194, -0.000208038, -29.811, -1.48659, 1.49944, -2.98603, -0.00118414
64.3419, 0.0844348, 5.8055e-05, -29.7835, -1.48661, 1.49947, -2.98607, -0.00118455
64.3634, 0.0841988, 0.000262936, -29.756, -1.48663, 1.49949, -2.98612, -0.00118496
64.3849, 0.0839213, 0.000114051, -29.7285, -1.48665, 1.49951, -2.98616, -0.00118537
64.4063, 0.0839704, -0.000176036, -29.7011, -1.48667, 1.49954, -2.9862, -0.00118577
64.4278, 0.0842485, -0.000194223, -29.6737, -1.48668, 1.49956, -2.98624, -0.00118618
64.4493, 0.0843327, 8.51716e-05, -29.6463, -1.4867, 1.49958, -2.98629, -0.00118659
64.4708, 0.0840763, 0.000265471, -29.6189, -1.48672, 1.49961, -2.98633, -0.001187
64.4923, 0.0838154, 9.13196e-05, -29.5916, -1.48674, 1.49963, -2.98637, -0.00118741
64.5138, 0.0838917, -0.000190651, -29.5643, -1.48676, 1.49966, -2.98642, -0.00118782
64.5362, 0.0841795, -0.000173762, -29.5359, -1.48678, 1.49968, -2.98646, -0.00118825
64.5585, 0.0842183, 0.000128878, -29.5076, -1.4868, 1.49971, -2.98651, -0.00118868
64.5809, 0.0839193, 0.00026046, -29.4792, -1.48682, 1.49973, -2.98655, -0.0011891
64.6033, 0.0837028, 2.27672e-05, -29.451, -1.48684, 1.49975, -2.9866, -0.00118953
64.6257, 0.0838641, -0.000226524, -29.4227, -1.48686, 1.49978, -2.98664, -0.00118996
64.648, 0.0841308, -0.000112984, -29.3945, -1.48688, 1.4998, -2.98669, -0.00119039
64.6704, 0.0840726, 0.000193083, -29.3663, -1.4869, 1.49983, -2.98673, -0.00119081
64.6928, 0.0837468, 0.000233497, -29.3381, -1.48692, 1.49985, -2.98678, -0.00119124
64.7151, 0.0836101, -5.20374e-05, -29.31, -1.48694, 1.49988, -2.98682, -0.00119167
64.7375, 0.0838365, -0.000237392, -29.2818, -1.48696, 1.4999, -2.98687, -0.0011921
64.7599, 0.0840586, -4.64897e-05, -29.2538, -1.48698, 1.49993, -2.98691, -0.00119252
64.7823, 0.0839162, 0.000236691, -29.2257, -1.487, 1.49995, -2.98696, -0.00119295
64.8046, 0.0835909, 0.00019174, -29.1977, -1.48702, 1.49998, -2.987, -0.00119338
64.827, 0.0835351, -0.000114572, -29.1697, -1.48704, 1.5, -2.98705, -0.00119381
64.8494, 0.0838013, -0.000228882, -29.1418, -1.48706, 1.50003, -2.98709, -0.00119424
64.8718, 0.0839665, 1.76168e-05, -29.1139, -1.48708, 1.50005, -2.98714, -0.00119466
64.8941, 0.0837573, 0.000261268, -29.086, -1.4871, 1.50008, -2.98718, -0.00119509
64.9165, 0.0834523, 0.000143363, -29.0581, -1.48712, 1.5001, -2.98722, -0.00119552
64.9389, 0.0834701, -0.0001626, -29.0303, -1.48714, 1.50013, -2.98727, -0.00119595
64.9613, 0.083755, -0.000207521, -29.0025, -1.48716, 1.50015, -2.98731, -0.00119638
64.9836, 0.0838598, 7.43063e-05, -28.9747, -1.48718, 1.50017, -2.98736, -0.00119681
65.006, 0.0836019, 0.000270541, -28.947, -1.4872, 1.5002, -2.9874, -0.00119724
65.0284, 0.0833286, 9.4715e-05, -28.9193, -1.48722, 1.50022, -2.98745, -0.00119766
65.0508, 0.0834089, -0.000196634, -28.8916, -1.48725, 1.50025, -2.98749, -0.00119809
65.0731, 0.0836964, -0.000179405, -28.8639, -1.48727, 1.50027, -2.98754, -0.00119852
65.0955, 0.083744, 0.000121216, -28.8363, -1.48729, 1.5003, -2.98758, -0.00119895
65.1179, 0.0834535, 0.00026903, -28.8087, -1.48731, 1.50032, -2.98763, -0.00119938
65.1402, 0.0832166, 5.01015e-05, -28.7812, -1.48733, 1.50035, -2.98767, -0.00119981
65.1626, 0.0833466, -0.000218809, -28.7537, -1.48735, 1.50037, -2.98772, -0.00120024
65.185, 0.0836265, -0.000149521, -28.7262, -1.48737, 1.5004, -2.98776, -0.00120067
65.2074, 0.0836238, 0.00015793, -28.6987, -1.48739, 1.50042, -2.98781, -0.0012011
65.2297, 0.0833135, 0.00026113, -28.6713, -1.48741, 1.50045, -2.98785, -0.00120153
65.2521, 0.0831125, 1.20313e-05, -28.6439, -1.48743, 1.50047, -2.9879, -0.00120196
65.2745, 0.0832799, -0.000231945, -28.6165, -1.48745, 1.50049, -2.98794, -0.00120239
65.2969, 0.0835469, -0.000121554, -28.5892, -1.48747, 1.50052, -2.98799, -0.00120282
65.3192, 0.0835031, 0.000185221, -28.5619, -1.48749, 1.50054, -2.98803, -0.00120325
65.3416, 0.0831823, 0.000250599, -28.5346, -1.48751, 1.50057, -2.98808, -0.00120368
65.364, 0.0830129, -1.83308e-05, -28.5073, -1.48753, 1.50059, -2.98812, -0.00120411
65.3864, 0.0832069, -0.00023889, -28.4801, -1.48755, 1.50062, -2.98817, -0.00120454
65.4087, 0.08346, -9.79974e-05, -28.4529, -1.48757, 1.50064, -2.98821, -0.00120497
65.4311, 0.0833847, 0.00020441, -28.4257, -1.48759, 1.50067, -2.98825, -0.0012054
65.4535, 0.0830593, 0.000240365, -28.3986, -1.48761, 1.50069, -2.9883, -0.00120583
65.4758, 0.0829151, -4.06754e-05, -28.3715, -1.48763, 1.50072, -2.98834, -0.00120626
65.4982, 0.0831267, -0.00024211, -28.3444, -1.48765, 1.50074, -2.98839, -0.00120669
65.5206, 0.0833675, -8.04019e-05, -28.3174, -1.48767, 1.50076, -2.98843, -0.00120713
65.543, 0.0832706, 0.000216882, -28.2904, -1.48769, 1.50079, -2.98848, -0.00120756
65.5653, 0.0829439, 0.000232515, -28.2634, -1.48771, 1.50081, -2.98852, -0.00120799
65.5877, 0.0828169, -5.51254e-05, -28.2364, -1.48773, 1.50084, -2.98857, -0.00120842
65.6101, 0.0830388, -0.000243481, -28.2095, -1.48775, 1.50086, -2.98861, -0.00120885
65.6325, 0.0832712, -6.96458e-05, -28.1826, -1.48777, 1.50089, -2.98866, -0.00120928
65.6548, 0.083162, 0.000223769, -28.1558, -1.48779, 1.50091, -2.9887, -0.00120971
65.6781, 0.0828234, 0.000220227, -28.1278, -1.48781, 1.50094, -2.98875, -0.00121016
65.7014, 0.0827248, -8.76536e-05, -28.0999, -1.48783, 1.50096, -2.98879, -0.00121061
65.7248, 0.0829814, -0.000241504, -28.072, -1.48785, 1.50099, -2.98884, -0.00121106
65.7481, 0.0831806, -1.27775e-05, -28.0441, -1.48787, 1.50101, -2.98889, -0.00121151
65.7714, 0.0829956, 0.000259136, -28.0163, -1.4879, 1.50104, -2.98893, -0.00121196
65.7947, 0.0826693, 0.000171627, -27.9885, -1.48792, 1.50106, -2.98898, -0.00121241
65.818, 0.082653, -0.000145758, -27.9608, -1.48794, 1.50109, -2.98903, -0.00121286
65.8413, 0.0829393, -0.000224545, -27.933, -1.48796, 1.50111, -2.98907, -0.00121332
65.8646, 0.0830754, 5.12303e-05, -27.9054, -1.48798, 1.50114, -2.98912, -0.00121377
65.8879, 0.0828301, 0.000275867, -27.8777, -1.488, 1.50117, -2.98917, -0.00121422
65.9112, 0.0825328, 0.000119644, -27.8501, -1.48802, 1.50119, -2.98921, -0.00121467
65.9345, 0.0825883, -0.000188251, -27.8225, -1.48804, 1.50122, -2.98926, -0.00121512
65.9578, 0.0828843, -0.000197254, -27.7949, -1.48806, 1.50124, -2.98931, -0.00121557
65.9811, 0.0829576, 0.000105634, -27.7673, -1.48809, 1.50127, -2.98935, -0.00121602
66.0044, 0.0826706, 0.00027864, -27.7398, -1.48811, 1.50129, -2.9894, -0.00121647
66.0277, 0.0824106, 7.0063e-05, -27.7124, -1.48813, 1.50132, -2.98945, -0.00121692
66.051, 0.0825247, -0.000216764, -27.6849, -1.48815, 1.50134, -2.98949, -0.00121737
66.0743, 0.0828165, -0.00016572, -27.6575, -1.48817, 1.50137, -2.98954, -0.00121783
66.0976, 0.0828328, 0.00014908, -27.6301, -1.48819, 1.50139, -2.98959, -0.00121828
66.1209, 0.0825197, 0.000272427, -27.6028, -1.48821, 1.50142, -2.98963, -0.00121873
66.1442, 0.0822987, 2.64864e-05, -27.5755, -1.48823, 1.50144, -2.98968, -0.00121918
66.1675, 0.0824577, -0.000234153, -27.5482, -1.48825, 1.50147, -2.98972, -0.00121963
66.1908, 0.0827374, -0.000134629, -27.5209, -1.48828, 1.5015, -2.98977, -0.00122009
66.2141, 0.0827057, 0.000181932, -27.4937, -1.4883, 1.50152, -2.98982, -0.00122054
66.2374, 0.0823782, 0.000261704, -27.4665, -1.48832, 1.50155, -2.98986, -0.00122099
66.2607, 0.0821933, -9.23103e-06, -27.4393, -1.48834, 1.50157, -2.98991, -0.00122144
66.284, 0.0823849, -0.000243603, -27.4122, -1.48836, 1.5016, -2.98996, -0.00122189
66.3073, 0.0826493, -0.00010725, -27.3851, -1.48838, 1.50162, -2.99, -0.00122235
66.3307, 0.0825801, 0.000205468, -27.358, -1.4884, 1.50165, -2.99005, -0.0012228
66.354, 0.0822458, 0.000250086, -27.331, -1.48842, 1.50167, -2.9901, -0.00122325
66.3773, 0.0820909, -3.64288e-05, -27.304, -1.48845, 1.5017, -2.99014, -0.00122371
66.4006, 0.0823046, -0.000248048, -27.277, -1.48847, 1.50172, -2.99019, -0.00122416
66.4239, 0.0825546, -8.56707e-05, -27.25, -1.48849, 1.50175, -2.99024, -0.00122461
66.4472, 0.0824582, 0.00022125, -27.2231, -1.48851, 1.50177, -2.99028, -0.00122506
66.4705, 0.0821218, 0.000240237, -27.1962, -1.48853, 1.5018, -2.99033, -0.00122552
66.4938, 0.0819888, -5.51172e-05, -27.1694, -1.48855, 1.50182, -2.99037, -0.00122597
66.5171, 0.0822162, -0.000249843, -27.1426, -1.48857, 1.50185, -2.99042, -0.00122642
66.5404, 0.0824552, -7.11068e-05, -27.1158, -1.48859, 1.50187, -2.99047, -0.00122688
66.5637, 0.0823418, 0.000230688, -27.089, -1.48861, 1.5019, -2.99051, -0.00122733
66.587, 0.0820052, 0.000233939, -27.0623, -1.48864, 1.50192, -2.99056, -0.00122779
66.6103, 0.0818854, -6.55617e-05, -27.0356, -1.48866, 1.50195, -2.99061, -0.00122824
66.6336, 0.0821195, -0.000250617, -27.0089, -1.48868, 1.50198, -2.99065, -0.00122869
66.6569, 0.0823524, -6.41908e-05, -26.9822, -1.4887, 1.502, -2.9907, -0.00122915
66.6802, 0.0822318, 0.000234767, -26.9556, -1.48872, 1.50203, -2.99075, -0.0012296
66.7044, 0.0818847, 0.000224384, -26.928, -1.48874, 1.50205, -2.99079, -0.00123007
66.7286, 0.0817872, -9.19285e-05, -26.9005, -1.48876, 1.50208, -2.99084, -0.00123055
66.7528, 0.0820502, -0.00024844, -26.873, -1.48879, 1.5021, -2.99089, -0.00123102
66.777, 0.0822549, -1.52841e-05, -26.8455, -1.48881, 1.50213, -2.99094, -0.00123149
66.8011, 0.0820688, 0.000265399, -26.818, -1.48883, 1.50216, -2.99099, -0.00123196
66.8253, 0.0817325, 0.000182706, -26.7906, -1.48885, 1.50218, -2.99103, -0.00123243
66.8495, 0.0817053, -0.000142255, -26.7632, -1.48887, 1.50221, -2.99108, -0.00123291
66.8737, 0.0819947, -0.000235256, -26.7358, -1.4889, 1.50223, -2.99113, -0.00123338
66.8979, 0.082147, 3.89958e-05, -26.7085, -1.48892, 1.50226, -2.99118, -0.00123385
66.9221, 0.081909, 0.000281619, -26.6812, -1.48894, 1.50229, -2.99123, -0.00123432
66.9463, 0.0815944, 0.000140613, -26.6539, -1.48896, 1.50231, -2.99127, -0.0012348
66.9704, 0.0816271, -0.000179471, -26.6267, -1.48898, 1.50234, -2.99132, -0.00123527
66.9946, 0.0819278, -0.000215664, -26.5995, -1.48901, 1.50236, -2.99137, -0.00123574
67.0188, 0.0820304, 8.408e-05, -26.5723, -1.48903, 1.50239, -2.99142, -0.00123621
67.043, 0.0817556, 0.000287661, -26.5452, -1.48905, 1.50242, -2.99147, -0.00123669
67.0672, 0.0814673, 0.000102391, -26.5181, -1.48907, 1.50244, -2.99151, -0.00123716
67.0914, 0.0815477, -0.000205397, -26.491, -1.48909, 1.50247, -2.99156, -0.00123763
67.1156, 0.0818499, -0.000194473, -26.464, -1.48912, 1.50249, -2.99161, -0.00123811
67.1397, 0.0819098, 0.000119291, -26.437, -1.48914, 1.50252, -2.99166, -0.00123858
67.1639, 0.0816107, 0.000287587, -26.41, -1.48916, 1.50255, -2.99171, -0.00123906
67.1881, 0.0813479, 7.06618e-05, -26.3831, -1.48918, 1.50257, -2.99175, -0.00123953
67.2123, 0.081464, -0.000222427, -26.3561, -1.4892, 1.5026, -2.9918, -0.00124
67.2365, 0.0817624, -0.000175258, -26.3293, -1.48923, 1.50262, -2.99185, -0.00124048
67.2607, 0.0817886, 0.000144996, -26.3024, -1.48925, 1.50265, -2.9919, -0.00124095
67.2849, 0.0814746, 0.000284803, -26.2756, -1.48927, 1.50268, -2.99195, -0.00124143
67.309, 0.0812332, 4.68273e-05, -26.2488, -1.48929, 1.5027, -2.99199, -0.0012419
67.3332, 0.0813738, -0.000232889, -26.2221, -1.48931, 1.50273, -2.99204, -0.00124237
67.3574, 0.081667, -0.000160459, -26.1953, -1.48934, 1.50275, -2.99209, -0.00124285
67.3816, 0.0816697, 0.000161996, -26.1686, -1.48936, 1.50278, -2.99214, -0.00124332
67.4058, 0.0813474, 0.000281866, -26.142, -1.48938, 1.50281, -2.99219, -0.0012438
67.43, 0.081121, 3.1517e-05, -26.1153, -1.4894, 1.50283, -2.99223, -0.00124427
67.4542, 0.0812761, -0.000238659, -26.0887, -1.48942, 1.50286, -2.99228, -0.00124475
67.4783, 0.0815651, -0.000151591, -26.0622, -1.48945, 1.50288, -2.99233, -0.00124522
67.5025, 0.0815545, 0.000171078, -26.0356, -1.48947, 1.50291, -2.99238, -0.0012457
67.5267, 0.0812288, 0.000280439, -26.0091, -1.48949, 1.50294, -2.99243, -0.00124617
67.5509, 0.0810098, 2.49558e-05, -25.9827, -1.48951, 1.50296, -2.99247, -0.00124665
67.5751, 0.0811702, -0.000240942, -25.9562, -1.48953, 1.50299, -2.99252, -0.00124713
67.5993, 0.0814573, -0.000149445, -25.9298, -1.48956, 1.50301, -2.99257, -0.0012476
67.6235, 0.0814441, 0.000172738, -25.9034, -1.48958, 1.50304, -2.99262, -0.00124808
67.6476, 0.0811187, 0.000281327, -25.8771, -1.4896, 1.50306, -2.99267, -0.00124855
67.6718, 0.0808989, 2.72056e-05, -25.8508, -1.48962, 1.50309, -2.99271, -0.00124903
67.696, 0.0810561, -0.000240178, -25.8245, -1.48964, 1.50312, -2.99276, -0.00124951
67.7202, 0.0813441, -0.000154229, -25.7982, -1.48967, 1.50314, -2.99281, -0.00124998
67.7444, 0.0813385, 0.000167035, -25.772, -1.48969, 1.50317, -2.99286, -0.00125046
67.7686, 0.0810171, 0.000284501, -25.7458, -1.48971, 1.50319, -2.9929, -0.00125093
67.7928, 0.0807885, 3.82711e-05, -25.7196, -1.48973, 1.50322, -2.99295, -0.00125141
67.8169, 0.0809337, -0.000236014, -25.6935, -1.48976, 1.50325, -2.993, -0.00125189
67.8411, 0.0812249, -0.000165609, -25.6674, -1.48978, 1.50327, -2.99305, -0.00125236
67.8653, 0.0812371, 0.000153582, -25.6413, -1.4898, 1.5033, -2.9931, -0.00125284
67.8895, 0.0809242, 0.000289108, -25.6153, -1.48982, 1.50332, -2.99314, -0.00125332
67.9137, 0.0806797, 5.80681e-05, -25.5893, -1.48984, 1.50335, -2.99319, -0.0012538
67.9379, 0.0808036, -0.000227334, -25.5633, -1.48987, 1.50337, -2.99324, -0.00125427
67.9621, 0.0810988, -0.000182648, -25.5373, -1.48989, 1.5034, -2.99329, -0.00125475
67.9862, 0.0811386, 0.000131642, -25.5114, -1.48991, 1.50343, -2.99334, -0.00125523
68.0104, 0.0808402, 0.000293448, -25.4855, -1.48993, 1.50345, -2.99338, -0.00125571
68.0346, 0.0805743, 8.62593e-05, -25.4597, -1.48995, 1.50348, -2.99343, -0.00125618
68.0588, 0.0806668, -0.000212352, -25.4338, -1.48998, 1.5035, -2.99348, -0.00125666
68.0839, 0.080974, -0.000195417, -25.407, -1.49, 1.50353, -2.99353, -0.00125716
68.1091, 0.0810299, 0.000125545, -25.3802, -1.49002, 1.50356, -2.99358, -0.00125765
68.1342, 0.0807226, 0.000293867, -25.3535, -1.49004, 1.50358, -2.99363, -0.00125815
68.1593, 0.0804561, 7.08184e-05, -25.3268, -1.49007, 1.50361, -2.99368, -0.00125865
68.1845, 0.0805753, -0.000227168, -25.3001, -1.49009, 1.50364, -2.99373, -0.00125915
68.2096, 0.0808789, -0.000178583, -25.2735, -1.49011, 1.50366, -2.99378, -0.00125964
68.2347, 0.0809056, 0.000147661, -25.2469, -1.49014, 1.50369, -2.99383, -0.00126014
68.2598, 0.0805858, 0.000291622, -25.2203, -1.49016, 1.50372, -2.99388, -0.00126064
68.285, 0.0803373, 5.10566e-05, -25.1937, -1.49018, 1.50374, -2.99393, -0.00126114
68.3101, 0.0804766, -0.000235875, -25.1672, -1.49021, 1.50377, -2.99398, -0.00126163
68.3352, 0.080776, -0.000167026, -25.1407, -1.49023, 1.5038, -2.99402, -0.00126213
68.3604, 0.0807843, 0.000160937, -25.1143, -1.49025, 1.50382, -2.99407, -0.00126263
68.3855, 0.0804583, 0.00028987, -25.0879, -1.49027, 1.50385, -2.99412, -0.00126313
68.4106, 0.0802206, 4.03536e-05, -25.0615, -1.4903, 1.50388, -2.99417, -0.00126363
68.4358, 0.0803698, -0.000240064, -25.0351, -1.49032, 1.5039, -2.99422, -0.00126412
68.4609, 0.0806664, -0.000161969, -25.0088, -1.49034, 1.50393, -2.99427, -0.00126462
68.486, 0.0806673, 0.000166009, -24.9825, -1.49037, 1.50396, -2.99432, -0.00126512
68.5112, 0.0803398, 0.000289882, -24.9562, -1.49039, 1.50398, -2.99437, -0.00126562
68.5363, 0.0801048, 3.88777e-05, -24.93, -1.49041, 1.50401, -2.99442, -0.00126612
68.5614, 0.0802544, -0.000240554, -24.9038, -1.49044, 1.50404, -2.99447, -0.00126662
68.5866, 0.0805507, -0.000163915, -24.8777, -1.49046, 1.50406, -2.99452, -0.00126712
68.6117, 0.080555, 0.000163132, -24.8515, -1.49048, 1.50409, -2.99457, -0.00126762
68.6368, 0.0802304, 0.000292004, -24.8254, -1.4905, 1.50412, -2.99462, -0.00126811
68.6619, 0.0799899, 4.66611e-05, -24.7994, -1.49053, 1.50414, -2.99467, -0.00126861
68.6871, 0.0801305, -0.00023732, -24.7733, -1.49055, 1.50417, -2.99472, -0.00126911
68.7122, 0.0804286, -0.000172739, -24.7473, -1.49057, 1.50419, -2.99477, -0.00126961
68.7373, 0.0804472, 0.000152097, -24.7213, -1.4906, 1.50422, -2.99482, -0.00127011
68.7625, 0.08013, 0.00029568, -24.6954, -1.49062, 1.50425, -2.99487, -0.00127061
68.7876, 0.0798764, 6.36283e-05, -24.6695, -1.49064, 1.50427, -2.99492, -0.00127111
68.8127, 0.0799983, -0.000229506, -24.6436, -1.49067, 1.5043, -2.99497, -0.00127161
68.8379, 0.0802995, -0.000187669, -24.6177, -1.49069, 1.50433, -2.99502, -0.00127211
68.863, 0.0803426, 0.000132297, -24.5919, -1.49071, 1.50435, -2.99507, -0.00127261
68.8881, 0.0800391, 0.000299435, -24.5661, -1.49073, 1.50438, -2.99511, -0.00127311
68.9133, 0.0797662, 8.94744e-05, -24.5404, -1.49076, 1.50441, -2.99516, -0.00127362
68.9384, 0.0798589, -0.000215503, -24.5147, -1.49078, 1.50443, -2.99521, -0.00127412
68.9644, 0.0801707, -0.000199749, -24.4881, -1.4908, 1.50446, -2.99526, -0.00127463
68.9904, 0.0802296, 0.000125726, -24.4615, -1.49083, 1.50449, -2.99532, -0.00127515
69.0164, 0.0799189, 0.000300069, -24.435, -1.49085, 1.50452, -2.99537, -0.00127567
69.0424, 0.0796442, 7.72461e-05, -24.4085, -1.49088, 1.50454, -2.99542, -0.00127619
69.0684, 0.0797591, -0.000228161, -24.3821, -1.4909, 1.50457, -2.99547, -0.00127671
69.0944, 0.080068, -0.000186317, -24.3557, -1.49092, 1.5046, -2.99552, -0.00127723
69.1204, 0.0801034, 0.000143646, -24.3293, -1.49095, 1.50462, -2.99557, -0.00127775
69.1464, 0.0797826, 0.000298911, -24.3029, -1.49097, 1.50465, -2.99562, -0.00127827
69.1724, 0.0795215, 6.24883e-05, -24.2766, -1.49099, 1.50468, -2.99567, -0.00127878
69.1984, 0.0796514, -0.000234977, -24.2503, -1.49102, 1.50471, -2.99572, -0.0012793
69.2244, 0.0799575, -0.000178776, -24.2241, -1.49104, 1.50473, -2.99578, -0.00127982
69.2504, 0.0799807, 0.000152503, -24.1979, -1.49107, 1.50476, -2.99583, -0.00128034
69.2764, 0.079656, 0.000298559, -24.1717, -1.49109, 1.50479, -2.99588, -0.00128086
69.3024, 0.0794008, 5.72327e-05, -24.1455, -1.49111, 1.50482, -2.99593, -0.00128138
69.3284, 0.0795351, -0.000237128, -24.1194, -1.49114, 1.50484, -2.99598, -0.0012819
69.3544, 0.07984, -0.000178007, -24.0933, -1.49116, 1.50487, -2.99603, -0.00128242
69.3804, 0.0798623, 0.000152696, -24.0673, -1.49119, 1.5049, -2.99608, -0.00128294
69.4064, 0.0795389, 0.000299781, -24.0412, -1.49121, 1.50492, -2.99613, -0.00128346
69.4324, 0.0792815, 6.15925e-05, -24.0152, -1.49123, 1.50495, -2.99618, -0.00128398
69.4584, 0.0794101, -0.000234939, -23.9893, -1.49126, 1.50498, -2.99624, -0.0012845
69.4844, 0.0797156, -0.000184141, -23.9634, -1.49128, 1.50501, -2.99629, -0.00128503
69.5104, 0.0797482, 0.000144198, -23.9375, -1.4913, 1.50503, -2.99634, -0.00128555
69.5364, 0.0794314, 0.000302354, -23.9116, -1.49133, 1.50506, -2.99639, -0.00128607
69.5624, 0.079164, 7.55094e-05, -23.8858, -1.49135, 1.50509, -2.99644, -0.00128659
69.5884, 0.0792766, -0.00022785, -23.86, -1.49138, 1.50511, -2.99649, -0.00128711
69.6144, 0.0795838, -0.00019659, -23.8342, -1.4914, 1.50514, -2.99654, -0.00128763
69.6404, 0.0796376, 0.000126569, -23.8085, -1.49142, 1.50517, -2.99659, -0.00128815
69.6664, 0.0793336, 0.000305068, -23.7828, -1.49145, 1.5052, -2.99664, -0.00128867
69.6924, 0.0790497, 9.86846e-05, -23.7571, -1.49147, 1.50522, -2.9967, -0.0012892
69.7184, 0.0791355, -0.000214485, -23.7315, -1.4915, 1.50525, -2.99675, -0.00128972
69.7453, 0.0794525, -0.000206525, -23.705, -1.49152, 1.50528, -2.9968, -0.00129026
69.7723, 0.0795189, 0.000122841, -23.6785, -1.49154, 1.50531, -2.99685, -0.0012908
69.7992, 0.0792056, 0.00030558, -23.6521, -1.49157, 1.50533, -2.9969, -0.00129134
69.8261, 0.0789221, 8.29038e-05, -23.6256, -1.49159, 1.50536, -2.99696, -0.00129188
69.853, 0.0790344, -0.00022971, -23.5993, -1.49162, 1.50539, -2.99701, -0.00129242
69.8799, 0.0793487, -0.000190787, -23.5729, -1.49164, 1.50542, -2.99706, -0.00129296
69.9068, 0.079387, 0.000144444, -23.5466, -1.49167, 1.50545, -2.99712, -0.0012935
69.9338, 0.0790611, 0.000304228, -23.5204, -1.49169, 1.50547, -2.99717, -0.00129405
69.9607, 0.0787941, 6.45467e-05, -23.4941, -1.49172, 1.5055, -2.99722, -0.00129459
69.9876, 0.0789254, -0.000238322, -23.4679, -1.49174, 1.50553, -2.99727, -0.00129513
70.0145, 0.0792363, -0.000180824, -23.4418, -1.49177, 1.50556, -2.99733, -0.00129567
70.0414, 0.0792584, 0.000156383, -23.4156, -1.49179, 1.50559, -2.99738, -0.00129621
70.0683, 0.0789267, 0.000303352, -23.3895, -1.49182, 1.50561, -2.99743, -0.00129675
70.0953, 0.0786685, 5.608e-05, -23.3635, -1.49184, 1.50564, -2.99748, -0.0012973
70.1222, 0.0788075, -0.00024185, -23.3375, -1.49187, 1.50567, -2.99754, -0.00129784
70.1491, 0.0791165, -0.000177833, -23.3115, -1.49189, 1.5057, -2.99759, -0.00129838
70.176, 0.0791342, 0.000159213, -23.2855, -1.49192, 1.50573, -2.99764, -0.00129892
70.2029, 0.0788024, 0.000304097, -23.2596, -1.49194, 1.50575, -2.99769, -0.00129947
70.2298, 0.0785443, 5.7681e-05, -23.2337, -1.49197, 1.50578, -2.99775, -0.00130001
70.2567, 0.0786805, -0.000240926, -23.2078, -1.49199, 1.50581, -2.9978, -0.00130055
70.2837, 0.0789897, -0.00018218, -23.182, -1.49201, 1.50584, -2.99785, -0.0013011
70.3106, 0.0790147, 0.00015305, -23.1562, -1.49204, 1.50587, -2.99791, -0.00130164
70.3375, 0.078688, 0.000306534, -23.1304, -1.49206, 1.50589, -2.99796, -0.00130218
70.3644, 0.0784217, 6.934e-05, -23.1047, -1.49209, 1.50592, -2.99801, -0.00130273
70.3913, 0.0785444, -0.000235223, -23.079, -1.49211, 1.50595, -2.99806, -0.00130327
70.4182, 0.0788553, -0.000193467, -23.0533, -1.49214, 1.50598, -2.99812, -0.00130381
70.4452, 0.0788992, 0.000137537, -23.0277, -1.49216, 1.50601, -2.99817, -0.00130436
70.4721, 0.0785838, 0.000309673, -23.0021, -1.49219, 1.50603, -2.99822, -0.0013049
70.499, 0.0783019, 9.08375e-05, -22.9765, -1.49221, 1.50606, -2.99827, -0.00130545
70.5259, 0.0784, -0.000223499, -22.951, -1.49224, 1.50609, -2.99833, -0.00130599
70.5528, 0.0787123, -0.000210468, -22.9255, -1.49226, 1.50612, -2.99838, -0.00130654
70.5797, 0.0787862, 0.000111965, -22.9, -1.49229, 1.50614, -2.99843, -0.00130708
70.6067, 0.0784898, 0.000311459, -22.8746, -1.49231, 1.50617, -2.99848, -0.00130762
70.6336, 0.078187, 0.000121542, -22.8492, -1.49234, 1.5062, -2.99854, -0.00130817
70.6605, 0.0782487, -0.000203738, -22.8238, -1.49236, 1.50623, -2.99859, -0.00130871
70.6885, 0.078571, -0.000223, -22.7974, -1.49239, 1.50626, -2.99864, -0.00130928
70.7166, 0.0786634, 0.000104947, -22.771, -1.49241, 1.50629, -2.9987, -0.00130985
70.7446, 0.0783576, 0.000312419, -22.7447, -1.49244, 1.50632, -2.99875, -0.00131042
70.7727, 0.0780524, 0.000104548, -22.7184, -1.49246, 1.50634, -2.99881, -0.00131099
70.8007, 0.0781443, -0.000223108, -22.6921, -1.49249, 1.50637, -2.99886, -0.00131156
70.8288, 0.0784661, -0.00020628, -22.6659, -1.49252, 1.5064, -2.99892, -0.00131213
70.8568, 0.0785262, 0.000130851, -22.6397, -1.49254, 1.50643, -2.99897, -0.00131269
70.8848, 0.0782038, 0.000312324, -22.6136, -1.49257, 1.50646, -2.99903, -0.00131326
70.9129, 0.0779169, 8.28844e-05, -22.5874, -1.49259, 1.50649, -2.99908, -0.00131383
70.9409, 0.0780323, -0.000234531, -22.5614, -1.49262, 1.50652, -2.99914, -0.0013144
70.969, 0.0783515, -0.00019469, -22.5353, -1.49264, 1.50655, -2.99919, -0.00131497
70.997, 0.0783914, 0.000146215, -22.5093, -1.49267, 1.50658, -2.99925, -0.00131554
71.0251, 0.0780606, 0.000311714, -22.4833, -1.4927, 1.5066, -2.9993, -0.00131611
71.0531, 0.0777847, 7.14141e-05, -22.4574, -1.49272, 1.50663, -2.99935, -0.00131668
71.0812, 0.0779115, -0.000239843, -22.4315, -1.49275, 1.50666, -2.99941, -0.00131725
71.1092, 0.0782286, -0.000189851, -22.4056, -1.49277, 1.50669, -2.99946, -0.00131782
71.1373, 0.0782607, 0.000151659, -22.3797, -1.4928, 1.50672, -2.99952, -0.00131839
71.1653, 0.0779281, 0.000312141, -22.3539, -1.49283, 1.50675, -2.99957, -0.00131896
71.1933, 0.0776547, 7.04584e-05, -22.3282, -1.49285, 1.50678, -2.99963, -0.00131953
71.2214, 0.0777813, -0.000239969, -22.3024, -1.49288, 1.50681, -2.99968, -0.0013201
71.2494, 0.0780979, -0.000192403, -22.2767, -1.4929, 1.50683, -2.99974, -0.00132068
71.2775, 0.0781346, 0.000147423, -22.251, -1.49293, 1.50686, -2.99979, -0.00132125
71.3055, 0.0778062, 0.000313981, -22.2254, -1.49295, 1.50689, -2.99985, -0.00132182
71.3336, 0.0775267, 8.00554e-05, -22.1998, -1.49298, 1.50692, -2.9999, -0.00132239
71.3616, 0.0776417, -0.000234818, -22.1742, -1.49301, 1.50695, -2.99996, -0.00132296
71.3897, 0.0779591, -0.000202109, -22.1487, -1.49303, 1.50698, -3.00001, -0.00132353
71.4177, 0.0780126, 0.000133266, -22.1232, -1.49306, 1.50701, -3.00006, -0.0013241
71.4457, 0.0776951, 0.000316438, -22.0977, -1.49308, 1.50704, -3.00012, -0.00132468
71.4738, 0.0774016, 9.99883e-05, -22.0723, -1.49311, 1.50706, -3.00017, -0.00132525
71.5018, 0.0774933, -0.000223307, -22.0469, -1.49314, 1.50709, -3.00023, -0.00132582
71.5299, 0.0778113, -0.000217827, -22.0215, -1.49316, 1.50712, -3.00028, -0.00132639
71.5579, 0.077893, 0.000108562, -21.9962, -1.49319, 1.50715, -3.00034, -0.00132697
71.586, 0.0775947, 0.000317557, -21.9709, -1.49321, 1.50718, -3.00039, -0.00132754
71.614, 0.0772816, 0.000129609, -21.9456, -1.49324, 1.50721, -3.00045, -0.00132811
71.6421, 0.0773377, -0.000203493, -21.9204, -1.49326, 1.50724, -3.0005, -0.00132869
71.6701, 0.077653, -0.000237356, -21.8952, -1.49329, 1.50726, -3.00055, -0.00132926
71.6981, 0.0777732, 7.26056e-05, -21.87, -1.49332, 1.50729, -3.00061, -0.00132983
71.7262, 0.0775048, 0.00031424, -21.8449, -1.49334, 1.50732, -3.00066, -0.00133041
71.7542, 0.0771698, 0.000167479, -21.8198, -1.49337, 1.50735, -3.00072, -0.00133098
71.7823, 0.0771773, -0.000172874, -21.7947, -1.49339, 1.50738, -3.00077, -0.00133155
71.8103, 0.0774827, -0.000257225, -21.7697, -1.49342, 1.50741, -3.00083, -0.00133213
71.8384, 0.0776491, 2.51198e-05, -21.7447, -1.49345, 1.50744, -3.00088, -0.0013327
71.8664, 0.0774241, 0.000302388, -21.7197, -1.49347, 1.50747, -3.00094, -0.00133328
71.8945, 0.0770696, 0.000210874, -21.6948, -1.4935, 1.50749, -3.00099, -0.00133385
71.9235, 0.0770221, -0.000140205, -21.669, -1.49352, 1.50752, -3.00105, -0.00133445
71.9526, 0.0773232, -0.000266939, -21.6433, -1.49355, 1.50755, -3.0011, -0.00133504
71.9816, 0.0775174, 6.24437e-06, -21.6175, -1.49358, 1.50758, -3.00116, -0.00133564
72.0107, 0.0772989, 0.000300481, -21.5918, -1.4936, 1.50761, -3.00122, -0.00133623
72.0398, 0.0769332, 0.000209162, -21.5662, -1.49363, 1.50764, -3.00127, -0.00133683
72.0688, 0.076888, -0.000141156, -21.5405, -1.49366, 1.50767, -3.00133, -0.00133742
72.0979, 0.0771881, -0.000267932, -21.515, -1.49368, 1.5077, -3.00138, -0.00133802
72.1269, 0.0773841, 2.63187e-06, -21.4894, -1.49371, 1.50773, -3.00144, -0.00133862
72.156, 0.0771708, 0.000299142, -21.4639, -1.49374, 1.50776, -3.0015, -0.00133921
72.1851, 0.0768039, 0.000216072, -21.4384, -1.49376, 1.50779, -3.00155, -0.00133981
72.2141, 0.0767479, -0.000132562, -21.413, -1.49379, 1.50782, -3.00161, -0.00134041
72.2432, 0.077042, -0.000271464, -21.3875, -1.49382, 1.50785, -3.00167, -0.001341
72.2722, 0.0772495, -1.21507e-05, -21.3622, -1.49384, 1.50788, -3.00172, -0.0013416
72.3013, 0.0770528, 0.000293047, -21.3368, -1.49387, 1.50791, -3.00178, -0.0013422
72.3304, 0.0766825, 0.000231001, -21.3115, -1.4939, 1.50794, -3.00183, -0.0013428
72.3594, 0.0766029, -0.000113835, -21.2862, -1.49393, 1.50797, -3.00189, -0.00134339
72.3885, 0.0768847, -0.000276147, -21.261, -1.49395, 1.508, -3.00195, -0.00134399
72.4175, 0.0771122, -3.78847e-05, -21.2358, -1.49398, 1.50802, -3.002, -0.00134459
72.4466, 0.0769442, 0.000280483, -21.2106, -1.49401, 1.50805, -3.00206, -0.00134519
72.4757, 0.0765705, 0.000252398, -21.1855, -1.49403, 1.50808, -3.00212, -0.00134579
72.5047, 0.0764551, -8.396e-05, -21.1604, -1.49406, 1.50811, -3.00217, -0.00134639
72.5338, 0.0767158, -0.000279333, -21.1353, -1.49409, 1.50814, -3.00223, -0.00134698
72.5629, 0.0769692, -7.38589e-05, -21.1103, -1.49411, 1.50817, -3.00228, -0.00134758
72.5919, 0.076843, 0.000258832, -21.0853, -1.49414, 1.5082, -3.00234, -0.00134818
72.6221, 0.0764562, 0.000269358, -21.0593, -1.49417, 1.50823, -3.0024, -0.00134881
72.6524, 0.0763136, -7.06946e-05, -21.0334, -1.4942, 1.50826, -3.00246, -0.00134943
72.6826, 0.0765771, -0.000280014, -21.0075, -1.49422, 1.50829, -3.00252, -0.00135005
72.7128, 0.076835, -6.34374e-05, -20.9817, -1.49425, 1.50832, -3.00257, -0.00135068
72.743, 0.0766851, 0.000273567, -20.9558, -1.49428, 1.50835, -3.00263, -0.0013513
72.7733, 0.0762993, 0.000257448, -20.9301, -1.49431, 1.50838, -3.00269, -0.00135192
72.8035, 0.0761798, -8.864e-05, -20.9043, -1.49433, 1.50841, -3.00275, -0.00135255
72.8337, 0.0764542, -0.00028007, -20.8786, -1.49436, 1.50845, -3.00281, -0.00135317
72.8639, 0.0767001, -4.9846e-05, -20.8529, -1.49439, 1.50848, -3.00287, -0.0013538
72.8942, 0.0765362, 0.000280777, -20.8273, -1.49442, 1.50851, -3.00292, -0.00135442
72.9244, 0.0761521, 0.000252187, -20.8017, -1.49445, 1.50854, -3.00298, -0.00135505
72.9546, 0.0760422, -9.53671e-05, -20.7761, -1.49447, 1.50857, -3.00304, -0.00135567
72.9848, 0.0763196, -0.000280386, -20.7506, -1.4945, 1.5086, -3.0031, -0.0013563
73.0151, 0.076562, -4.76037e-05, -20.7251, -1.49453, 1.50863, -3.00316, -0.00135692
73.0453, 0.0763971, 0.000281593, -20.6997, -1.49456, 1.50866, -3.00322, -0.00135755
73.0755, 0.076014, 0.000254457, -20.6743, -1.49459, 1.50869, -3.00327, -0.00135817
73.1057, 0.0759003, -9.11569e-05, -20.6489, -1.49461, 1.50872, -3.00333, -0.0013588
73.136, 0.0761731, -0.000281517, -20.6235, -1.49464, 1.50875, -3.00339, -0.00135943
73.1662, 0.076421, -5.67899e-05, -20.5982, -1.49467, 1.50878, -3.00345, -0.00136005
73.1964, 0.076268, 0.000276015, -20.5729, -1.4947, 1.50881, -3.00351, -0.00136068
73.2266, 0.075885, 0.000264051, -20.5477, -1.49473, 1.50884, -3.00357, -0.0013613
73.2569, 0.0757544, -7.58115e-05, -20.5225, -1.49475, 1.50887, -3.00362, -0.00136193
73.2871, 0.0760148, -0.000282645, -20.4973, -1.49478, 1.5089, -3.00368, -0.00136256
73.3173, 0.076276, -7.71061e-05, -20.4722, -1.49481, 1.50893, -3.00374, -0.00136318
73.3475, 0.076148, 0.000262923, -20.4471, -1.49484, 1.50896, -3.0038, -0.00136381
73.3778, 0.0757663, 0.000279656, -20.4221, -1.49486, 1.50899, -3.00386, -0.00136444
73.408, 0.0756064, -4.87578e-05, -20.397, -1.49489, 1.50902, -3.00391, -0.00136507
73.4382, 0.0758448, -0.0002816, -20.372, -1.49492, 1.50905, -3.00397, -0.00136569
73.4685, 0.0761247, -0.000107682, -20.3471, -1.49495, 1.50908, -3.00403, -0.00136632
73.4987, 0.0760354, 0.000240247, -20.3222, -1.49498, 1.50911, -3.00409, -0.00136695
73.5289, 0.0756593, 0.000298696, -20.2973, -1.495, 1.50914, -3.00415, -0.00136758
73.5591, 0.0754595, -9.40505e-06, -20.2724, -1.49503, 1.50917, -3.00421, -0.00136821
73.5894, 0.0756636, -0.000274908, -20.2476, -1.49506, 1.5092, -3.00426, -0.00136884
73.6196, 0.0759639, -0.00014666, -20.2229, -1.49509, 1.50923, -3.00432, -0.00136946
73.6509, 0.0759174, 0.000216444, -20.1972, -1.49512, 1.50927, -3.00438, -0.00137012
73.6823, 0.0755369, 0.000308068, -20.1716, -1.49515, 1.5093, -3.00444, -0.00137077
73.7136, 0.0753153, 3.46882e-07, -20.146, -1.49517, 1.50933, -3.0045, -0.00137142
73.745, 0.0755215, -0.000275995, -20.1204, -1.4952, 1.50936, -3.00456, -0.00137207
73.7763, 0.0758271, -0.000135621, -20.0949, -1.49523, 1.50939, -3.00462, -0.00137273
73.8077, 0.0757663, 0.000225524, -20.0695, -1.49526, 1.50942, -3.00468, -0.00137338
73.839, 0.0753841, 0.000305745, -20.044, -1.49529, 1.50945, -3.00474, -0.00137403
73.8704, 0.0751702, -5.57552e-06, -20.0186, -1.49532, 1.50948, -3.0048, -0.00137469
73.9017, 0.0753801, -0.000277449, -19.9933, -1.49535, 1.50952, -3.00486, -0.00137534
73.9331, 0.0756836, -0.000134959, -19.968, -1.49538, 1.50955, -3.00492, -0.001376
73.9644, 0.0756231, 0.000225155, -19.9427, -1.49541, 1.50958, -3.00498, -0.00137665
73.9957, 0.0752426, 0.000308121, -19.9174, -1.49544, 1.50961, -3.00504, -0.0013773
74.0271, 0.0750242, 7.99513e-07, -19.8922, -1.49546, 1.50964, -3.0051, -0.00137796
74.0584, 0.0752267, -0.000275994, -19.867, -1.49549, 1.50967, -3.00516, -0.00137861
74.0898, 0.0755336, -0.00014475, -19.8419, -1.49552, 1.5097, -3.00522, -0.00137927
74.1211, 0.0754877, 0.000215233, -19.8168, -1.49555, 1.50973, -3.00528, -0.00137992
74.1525, 0.0751126, 0.00031477, -19.7917, -1.49558, 1.50976, -3.00534, -0.00138058
74.1838, 0.074878, 1.95143e-05, -19.7667, -1.49561, 1.5098, -3.00541, -0.00138123
74.2152, 0.0750615, -0.000270621, -19.7417, -1.49564, 1.50983, -3.00547, -0.00138189
74.2465, 0.0753759, -0.000164247, -19.7167, -1.49567, 1.50986, -3.00553, -0.00138254
74.2779, 0.0753588, 0.000194771, -19.6918, -1.4957, 1.50989, -3.00559, -0.0013832
74.3092, 0.0749949, 0.000323868, -19.6669, -1.49572, 1.50992, -3.00565, -0.00138386
74.3406, 0.0747337, 5.05378e-05, -19.6421, -1.49575, 1.50995, -3.00571, -0.00138451
74.3719, 0.0748855, -0.000258978, -19.6173, -1.49578, 1.50998, -3.00577, -0.00138517
74.4033, 0.0752084, -0.000191673, -19.5925, -1.49581, 1.51001, -3.00583, -0.00138583
74.4346, 0.0752337, 0.000162176, -19.5678, -1.49584, 1.51004, -3.00589, -0.00138648
74.466, 0.07489, 0.000332104, -19.5431, -1.49587, 1.51008, -3.00595, -0.00138714
74.4973, 0.074595, 9.33315e-05, -19.5184, -1.4959, 1.51011, -3.00601, -0.0013878
74.5287, 0.0747005, -0.000237585, -19.4938, -1.49593, 1.51014, -3.00607, -0.00138845
74.56, 0.0750282, -0.000223848, -19.4692, -1.49596, 1.51017, -3.00613, -0.00138911
74.5914, 0.0751082, 0.000115808, -19.4446, -1.49599, 1.5102, -3.00619, -0.00138977
74.6227, 0.0747979, 0.000334647, -19.4201, -1.49601, 1.51023, -3.00625, -0.00139043
74.654, 0.0744668, 0.00014616, -19.3956, -1.49604, 1.51026, -3.00631, -0.00139108
74.6854, 0.07451, -0.000202311, -19.3712, -1.49607, 1.51029, -3.00637, -0.00139174
74.7167, 0.0748327, -0.00025574, -19.3468, -1.4961, 1.51032, -3.00642, -0.0013924
74.7481, 0.0749764, 5.48561e-05, -19.3224, -1.49613, 1.51035, -3.00648, -0.00139306
74.7794, 0.0747173, 0.000325315, -19.298, -1.49616, 1.51039, -3.00654, -0.00139372
74.8108, 0.0743545, 0.000205231, -19.2737, -1.49619, 1.51042, -3.0066, -0.00139438
74.8436, 0.0743291, -0.000164233, -19.2483, -1.49622, 1.51045, -3.00667, -0.00139507
74.8765, 0.0746525, -0.00027007, -19.2229, -1.49625, 1.51048, -3.00673, -0.00139576
74.9094, 0.0748295, 3.53218e-05, -19.1975, -1.49628, 1.51051, -3.00679, -0.00139645
74.9422, 0.074571, 0.000325209, -19.1722, -1.49631, 1.51055, -3.00686, -0.00139714
74.9751, 0.0741953, 0.000196149, -19.1469, -1.49634, 1.51058, -3.00692, -0.00139783
75.008, 0.0741822, -0.00017185, -19.1216, -1.49637, 1.51061, -3.00698, -0.00139853
75.0408, 0.0745072, -0.000268432, -19.0964, -1.4964, 1.51064, -3.00704, -0.00139922
75.0737, 0.0746784, 3.94771e-05, -19.0712, -1.49643, 1.51068, -3.00711, -0.00139991
75.1066, 0.0744181, 0.000326526, -19.0461, -1.49646, 1.51071, -3.00717, -0.0014006
75.1394, 0.0740435, 0.00019781, -19.021, -1.49649, 1.51074, -3.00723, -0.0014013
75.1723, 0.0740274, -0.000169157, -18.9959, -1.49652, 1.51077, -3.00729, -0.00140199
75.2052, 0.0743496, -0.000271254, -18.9709, -1.49655, 1.5108, -3.00736, -0.00140268
75.238, 0.0745277, 3.05872e-05, -18.9459, -1.49658, 1.51084, -3.00742, -0.00140338
75.2709, 0.0742777, 0.000324121, -18.921, -1.49661, 1.51087, -3.00748, -0.00140407
75.3038, 0.0738993, 0.000210126, -18.8961, -1.49664, 1.5109, -3.00755, -0.00140476
75.3366, 0.073865, -0.000155869, -18.8712, -1.49667, 1.51093, -3.00761, -0.00140546
75.3695, 0.0741795, -0.000277776, -18.8464, -1.4967, 1.51097, -3.00767, -0.00140615
75.4023, 0.0743763, 8.65389e-06, -18.8216, -1.49673, 1.511, -3.00773, -0.00140685
75.4352, 0.0741494, 0.000316622, -18.7968, -1.49676, 1.51103, -3.0078, -0.00140754
75.4681, 0.073764, 0.000232019, -18.7721, -1.4968, 1.51106, -3.00786, -0.00140824
75.5009, 0.0736966, -0.000130829, -18.7474, -1.49683, 1.5111, -3.00792, -0.00140893
75.5338, 0.0739962, -0.000285659, -18.7227, -1.49686, 1.51113, -3.00798, -0.00140963
75.5667, 0.0742214, -2.60939e-05, -18.6981, -1.49689, 1.51116, -3.00805, -0.00141032
75.5995, 0.0740319, 0.000301247, -18.6736, -1.49692, 1.51119, -3.00811, -0.00141102
75.6324, 0.07364, 0.000261157, -18.649, -1.49695, 1.51122, -3.00817, -0.00141171
75.6653, 0.0735257, -9.23929e-05, -18.6245, -1.49698, 1.51126, -3.00823, -0.00141241
75.6981, 0.0737994, -0.000290925, -18.6001, -1.49701, 1.51129, -3.0083, -0.0014131
75.731, 0.0740589, -7.26508e-05, -18.5757, -1.49704, 1.51132, -3.00836, -0.0014138
75.7639, 0.0739226, 0.000274125, -18.5513, -1.49707, 1.51135, -3.00842, -0.0014145
75.7967, 0.0735304, 0.000293523, -18.5269, -1.4971, 1.51138, -3.00848, -0.00141519
75.8296, 0.0733573, -3.91424e-05, -18.5026, -1.49713, 1.51142, -3.00855, -0.00141589
75.8625, 0.0735895, -0.000287976, -18.4783, -1.49716, 1.51145, -3.00861, -0.00141659
75.8953, 0.0738835, -0.000128419, -18.4541, -1.49719, 1.51148, -3.00867, -0.00141729
75.9282, 0.0738169, 0.000230957, -18.4299, -1.49722, 1.51151, -3.00873, -0.00141798
75.961, 0.0734376, 0.000322978, -18.4057, -1.49725, 1.51154, -3.0088, -0.00141868
75.9939, 0.0731984, 2.90301e-05, -18.3816, -1.49728, 1.51158, -3.00886, -0.00141938
76.0268, 0.073369, -0.00026995, -18.3575, -1.49731, 1.51161, -3.00892, -0.00142008
76.0596, 0.0736893, -0.000188261, -18.3335, -1.49734, 1.51164, -3.00898, -0.00142078
76.0925, 0.0737076, 0.000168158, -18.3094, -1.49737, 1.51167, -3.00904, -0.00142147
76.1254, 0.0733622, 0.000341114, -18.2855, -1.4974, 1.5117, -3.00911, -0.00142217
76.1582, 0.0730574, 0.000109516, -18.2615, -1.49743, 1.51174, -3.00917, -0.00142287
76.1911, 0.0731439, -0.000229687, -18.2376, -1.49746, 1.51177, -3.00923, -0.00142357
76.2252, 0.0734831, -0.00023552, -18.2128, -1.49749, 1.5118, -3.0093, -0.0014243
76.2594, 0.0735756, 0.000113614, -18.188, -1.49753, 1.51183, -3.00936, -0.00142502
76.2935, 0.0732535, 0.000343169, -18.1633, -1.49756, 1.51187, -3.00943, -0.00142575
76.3277, 0.0729112, 0.0001426, -18.1386, -1.49759, 1.5119, -3.00949, -0.00142648
76.3618, 0.0729684, -0.000216229, -18.114, -1.49762, 1.51193, -3.00956, -0.00142721
76.396, 0.0733047, -0.000249377, -18.0894, -1.49765, 1.51197, -3.00962, -0.00142793
76.4301, 0.073425, 8.70928e-05, -18.0648, -1.49768, 1.512, -3.00968, -0.00142866
76.4643, 0.0731261, 0.000341172, -18.0403, -1.49772, 1.51203, -3.00975, -0.00142939
76.4984, 0.0727666, 0.000173115, -18.0158, -1.49775, 1.51207, -3.00981, -0.00143012
76.5326, 0.0727844, -0.000191806, -17.9913, -1.49778, 1.5121, -3.00988, -0.00143085
76.5667, 0.073113, -0.000267171, -17.9669, -1.49781, 1.51213, -3.00994, -0.00143157
76.6009, 0.0732733, 4.65626e-05, -17.9425, -1.49784, 1.51217, -3.01001, -0.0014323
76.635, 0.0730114, 0.000332799, -17.9182, -1.49787, 1.5122, -3.01007, -0.00143303
76.6692, 0.0726328, 0.000213191, -17.8939, -1.4979, 1.51223, -3.01014, -0.00143376
76.7033, 0.0725955, -0.000153558, -17.8696, -1.49794, 1.51226, -3.0102, -0.00143449
76.7374, 0.0729064, -0.00028426, -17.8454, -1.49797, 1.5123, -3.01027, -0.00143522
76.7716, 0.0731151, -7.81828e-06, -17.8212, -1.498, 1.51233, -3.01033, -0.00143595
76.8057, 0.0729073, 0.00031287, -17.7971, -1.49803, 1.51236, -3.01039, -0.00143668
76.8399, 0.0725141, 0.000258777, -17.7729, -1.49806, 1.5124, -3.01046, -0.00143741
76.874, 0.0724074, -9.86973e-05, -17.7489, -1.49809, 1.51243, -3.01052, -0.00143814
76.9082, 0.0726842, -0.000294005, -17.7248, -1.49813, 1.51246, -3.01059, -0.00143887
76.9423, 0.0729437, -7.41292e-05, -17.7008, -1.49816, 1.5125, -3.01065, -0.0014396
76.9765, 0.0728093, 0.000275482, -17.6769, -1.49819, 1.51253, -3.01072, -0.00144034
77.012, 0.0724, 0.000295038, -17.652, -1.49822, 1.51256, -3.01078, -0.0014411
77.0475, 0.0722321, -5.65424e-05, -17.6271, -1.49825, 1.5126, -3.01085, -0.00144186
77.0831, 0.0724911, -0.0002943, -17.6023, -1.49829, 1.51263, -3.01092, -0.00144262
77.1186, 0.0727753, -9.17991e-05, -17.5776, -1.49832, 1.51267, -3.01099, -0.00144338
77.1541, 0.0726502, 0.000272615, -17.5528, -1.49835, 1.5127, -3.01105, -0.00144414
77.1896, 0.0722428, 0.000300512, -17.5281, -1.49839, 1.51273, -3.01112, -0.0014449
77.2252, 0.0720645, -4.54e-05, -17.5035, -1.49842, 1.51277, -3.01119, -0.00144567
77.2607, 0.0723127, -0.000293757, -17.4789, -1.49845, 1.5128, -3.01125, -0.00144643
77.2962, 0.0726052, -0.000107715, -17.4543, -1.49848, 1.51284, -3.01132, -0.00144719
77.3317, 0.0725016, 0.000260029, -17.4298, -1.49852, 1.51287, -3.01139, -0.00144796
77.3673, 0.0720983, 0.000312589, -17.4053, -1.49855, 1.5129, -3.01145, -0.00144872
77.4028, 0.071895, -2.00984e-05, -17.3809, -1.49858, 1.51294, -3.01152, -0.00144948
77.4383, 0.0721203, -0.000290142, -17.3564, -1.49862, 1.51297, -3.01159, -0.00145025
77.4738, 0.0724273, -0.00013569, -17.3321, -1.49865, 1.51301, -3.01165, -0.00145101
77.5094, 0.0723616, 0.000235865, -17.3077, -1.49868, 1.51304, -3.01172, -0.00145177
77.5449, 0.0719678, 0.000328542, -17.2835, -1.49871, 1.51307, -3.01179, -0.00145254
77.5804, 0.071727, 1.97171e-05, -17.2592, -1.49875, 1.51311, -3.01186, -0.0014533
77.616, 0.0719149, -0.000279797, -17.235, -1.49878, 1.51314, -3.01192, -0.00145407
77.6515, 0.0722383, -0.000173452, -17.2108, -1.49881, 1.51318, -3.01199, -0.00145483
77.687, 0.0722265, 0.000197429, -17.1867, -1.49884, 1.51321, -3.01206, -0.0014556
77.7225, 0.0718526, 0.000343702, -17.1626, -1.49888, 1.51325, -3.01212, -0.00145636
77.7581, 0.0715657, 7.37168e-05, -17.1385, -1.49891, 1.51328, -3.01219, -0.00145713
77.7936, 0.0716986, -0.000257587, -17.1145, -1.49894, 1.51331, -3.01226, -0.0014579
77.8291, 0.0720338, -0.00021679, -17.0905, -1.49898, 1.51335, -3.01232, -0.00145866
77.8646, 0.0720907, 0.000142059, -17.0666, -1.49901, 1.51338, -3.01239, -0.00145943
77.9002, 0.0717533, 0.000351316, -17.0427, -1.49904, 1.51341, -3.01246, -0.0014602
77.9357, 0.0714179, 0.000139774, -17.0188, -1.49907, 1.51345, -3.01252, -0.00146096
77.9712, 0.0714763, -0.000217601, -16.995, -1.49911, 1.51348, -3.01259, -0.00146173
78.0081, 0.0718217, -0.000251437, -16.9703, -1.49914, 1.51352, -3.01266, -0.00146253
78.045, 0.0719381, 9.82055e-05, -16.9457, -1.49918, 1.51355, -3.01273, -0.00146332
78.0819, 0.0716195, 0.000350606, -16.9211, -1.49921, 1.51359, -3.0128, -0.00146412
78.1188, 0.0712565, 0.000160431, -16.8965, -1.49924, 1.51362, -3.01287, -0.00146492
78.1557, 0.0712984, -0.000211578, -16.872, -1.49928, 1.51366, -3.01294, -0.00146572
78.1925, 0.0716409, -0.000258186, -16.8475, -1.49931, 1.51369, -3.013, -0.00146651
78.2294, 0.0717716, 8.32762e-05, -16.823, -1.49935, 1.51373, -3.01307, -0.00146731
78.2663, 0.0714678, 0.000349191, -16.7986, -1.49938, 1.51376, -3.01314, -0.00146811
78.3032, 0.071095, 0.00018028, -16.7743, -1.49941, 1.5138, -3.01321, -0.00146891
78.3401, 0.0711103, -0.000194648, -16.7499, -1.49945, 1.51383, -3.01328, -0.00146971
78.377, 0.0714464, -0.000270765, -16.7257, -1.49948, 1.51387, -3.01335, -0.00147051
78.4139, 0.071606, 5.34207e-05, -16.7014, -1.49952, 1.5139, -3.01342, -0.00147131
78.4508, 0.0713303, 0.000343198, -16.6772, -1.49955, 1.51394, -3.01349, -0.00147211
78.4877, 0.070943, 0.000211891, -16.6531, -1.49958, 1.51397, -3.01356, -0.00147291
78.5245, 0.0709146, -0.000164634, -16.6289, -1.49962, 1.51401, -3.01363, -0.00147371
78.5614, 0.0712368, -0.000285696, -16.6049, -1.49965, 1.51404, -3.0137, -0.00147451
78.5983, 0.0714369, 8.52102e-06, -16.5808, -1.49969, 1.51408, -3.01376, -0.00147531
78.6352, 0.0712058, 0.000328322, -16.5568, -1.49972, 1.51411, -3.01383, -0.00147611
78.6721, 0.0708042, 0.000252212, -16.5329, -1.49975, 1.51415, -3.0139, -0.00147691
78.709, 0.0707158, -0.000118744, -16.5089, -1.49979, 1.51418, -3.01397, -0.00147771
78.7459, 0.0710111, -0.000297355, -16.4851, -1.49982, 1.51422, -3.01404, -0.00147851
78.7828, 0.0712584, -5.04306e-05, -16.4612, -1.49986, 1.51425, -3.01411, -0.00147931
78.8196, 0.0710908, 0.000298894, -16.4374, -1.49989, 1.51429, -3.01418, -0.00148012
78.8565, 0.0706832, 0.000295849, -16.4137, -1.49992, 1.51432, -3.01425, -0.00148092
78.8934, 0.070521, -5.46823e-05, -16.3899, -1.49996, 1.51436, -3.01432, -0.00148172
78.9303, 0.0707696, -0.000297957, -16.3663, -1.49999, 1.51439, -3.01439, -0.00148252
78.9672, 0.0710629, -0.000120039, -16.3426, -1.50003, 1.51443, -3.01445, -0.00148333
79.0041, 0.0709792, 0.000248882, -16.319, -1.50006, 1.51446, -3.01452, -0.00148413
79.041, 0.0705833, 0.000334382, -16.2955, -1.50009, 1.5145, -3.01459, -0.00148493
79.0779, 0.0703397, 2.76705e-05, -16.2719, -1.50013, 1.51453, -3.01466, -0.00148574
79.1147, 0.070516, -0.000278134, -16.2485, -1.50016, 1.51457, -3.01473, -0.00148654
79.1516, 0.0708429, -0.000193082, -16.225, -1.5002, 1.5146, -3.0148, -0.00148735
79.1885, 0.070861, 0.000173692, -16.2016, -1.50023, 1.51464, -3.01487, -0.00148815
79.2254, 0.0705051, 0.000356245, -16.1782, -1.50026, 1.51467, -3.01494, -0.00148896
79.2623, 0.0701834, 0.000124134, -16.1549, -1.5003, 1.51471, -3.015, -0.00148976
79.2992, 0.0702589, -0.000228557, -16.1316, -1.50033, 1.51474, -3.01507, -0.00149057
79.3377, 0.070606, -0.00024863, -16.1074, -1.50037, 1.51478, -3.01514, -0.00149141
79.3762, 0.070713, 0.000106691, -16.0831, -1.5004, 1.51481, -3.01522, -0.00149225
79.4147, 0.0703881, 0.000356784, -16.059, -1.50044, 1.51485, -3.01529, -0.00149309
79.4532, 0.070022, 0.000165142, -16.0348, -1.50047, 1.51489, -3.01536, -0.00149393
79.4917, 0.0700589, -0.000209706, -16.0107, -1.50051, 1.51492, -3.01543, -0.00149477
79.5302, 0.0704008, -0.00026509, -15.9867, -1.50055, 1.51496, -3.0155, -0.00149561
79.5687, 0.0705428, 7.22702e-05, -15.9626, -1.50058, 1.51499, -3.01557, -0.00149646
79.6072, 0.0702488, 0.000351898, -15.9387, -1.50062, 1.51503, -3.01565, -0.0014973
79.6457, 0.0698635, 0.000202338, -15.9147, -1.50065, 1.51507, -3.01572, -0.00149814
79.6842, 0.0698508, -0.000177031, -15.8909, -1.50069, 1.5151, -3.01579, -0.00149899
79.7227, 0.0701797, -0.000284014, -15.867, -1.50072, 1.51514, -3.01586, -0.00149983
79.7612, 0.0703688, 2.18287e-05, -15.8432, -1.50076, 1.51517, -3.01593, -0.00150067
79.7997, 0.0701231, 0.000337281, -15.8194, -1.50079, 1.51521, -3.016, -0.00150152
79.8382, 0.0697195, 0.000248606, -15.7957, -1.50083, 1.51525, -3.01608, -0.00150236
79.8767, 0.0696399, -0.000127099, -15.772, -1.50086, 1.51528, -3.01615, -0.0015032
79.9152, 0.0699411, -0.000298833, -15.7484, -1.5009, 1.51532, -3.01622, -0.00150405
79.9537, 0.0701839, -4.35913e-05, -15.7248, -1.50094, 1.51535, -3.01629, -0.00150489
79.9922, 0.0700074, 0.000306293, -15.7012, -1.50097, 1.51539, -3.01636, -0.00150574
80.0307, 0.0695951, 0.000297718, -15.6777, -1.50101, 1.51543, -3.01643, -0.00150659
80.0692, 0.0694343, -5.72427e-05, -15.6542, -1.50104, 1.51546, -3.0165, -0.00150743
80.1077, 0.0696856, -0.000300556, -15.6308, -1.50108, 1.5155, -3.01658, -0.00150828
80.1462, 0.0699797, -0.000119997, -15.6074, -1.50111, 1.51553, -3.01665, -0.00150912
80.1847, 0.0698943, 0.000252084, -15.584, -1.50115, 1.51557, -3.01672, -0.00150997
80.2233, 0.0694943, 0.000339909, -15.5607, -1.50118, 1.51561, -3.01679, -0.00151082
80.2618, 0.0692449, 3.24093e-05, -15.5375, -1.50122, 1.51564, -3.01686, -0.00151166
80.3003, 0.0694176, -0.000278538, -15.5142, -1.50125, 1.51568, -3.01693, -0.00151251
80.3388, 0.0697474, -0.00019879, -15.491, -1.50129, 1.51571, -3.017, -0.00151336
80.3773, 0.0697722, 0.000169829, -15.4679, -1.50133, 1.51575, -3.01708, -0.00151421
80.4158, 0.0694168, 0.000361868, -15.4447, -1.50136, 1.51579, -3.01715, -0.00151505
80.4543, 0.0690846, 0.000136418, -15.4217, -1.5014, 1.51582, -3.01722, -0.0015159
80.4928, 0.0691476, -0.000222584, -15.3986, -1.50143, 1.51586, -3.01729, -0.00151675
80.5333, 0.0694976, -0.000255852, -15.3745, -1.50147, 1.51589, -3.01736, -0.00151764
80.5737, 0.0696153, 0.000100302, -15.3503, -1.50151, 1.51593, -3.01744, -0.00151854
80.6142, 0.0692907, 0.00036106, -15.3262, -1.50154, 1.51597, -3.01751, -0.00151943
80.6547, 0.0689142, 0.000173387, -15.3022, -1.50158, 1.51601, -3.01759, -0.00152032
80.6952, 0.0689444, -0.000207935, -15.2782, -1.50162, 1.51604, -3.01766, -0.00152122
80.7357, 0.0692893, -0.000268494, -15.2542, -1.50166, 1.51608, -3.01774, -0.00152211
80.7762, 0.0694345, 7.23438e-05, -15.2303, -1.50169, 1.51612, -3.01781, -0.00152301
80.8167, 0.069136, 0.000356828, -15.2064, -1.50173, 1.51616, -3.01789, -0.0015239
80.8571, 0.0687441, 0.000204951, -15.1826, -1.50177, 1.51619, -3.01796, -0.0015248
80.8976, 0.0687317, -0.00017967, -15.1588, -1.5018, 1.51623, -3.01804, -0.00152569
80.9381, 0.0690648, -0.000285143, -15.1351, -1.50184, 1.51627, -3.01811, -0.00152659
80.9786, 0.0692516, 2.76656e-05, -15.1114, -1.50188, 1.51631, -3.01819, -0.00152748
81.0191, 0.0689963, 0.000344221, -15.0877, -1.50192, 1.51634, -3.01826, -0.00152838
81.0596, 0.0685875, 0.000247282, -15.0641, -1.50195, 1.51638, -3.01834, -0.00152928
81.1, 0.0685141, -0.000134547, -15.0405, -1.50199, 1.51642, -3.01841, -0.00153017
81.1405, 0.0688225, -0.000299867, -15.017, -1.50203, 1.51646, -3.01849, -0.00153107
81.181, 0.0690599, -3.30705e-05, -14.9935, -1.50207, 1.51649, -3.01856, -0.00153197
81.2215, 0.0688683, 0.000316881, -14.9701, -1.5021, 1.51653, -3.01863, -0.00153286
81.262, 0.0684497, 0.000294818, -14.9467, -1.50214, 1.51657, -3.01871, -0.00153376
81.3025, 0.0682991, -6.95648e-05, -14.9233, -1.50218, 1.51661, -3.01878, -0.00153466
81.343, 0.0685624, -0.000304098, -14.9, -1.50221, 1.51664, -3.01886, -0.00153556
81.3834, 0.0688509, -0.00010666, -14.8767, -1.50225, 1.51668, -3.01893, -0.00153646
81.4239, 0.0687457, 0.000267706, -14.8535, -1.50229, 1.51672, -3.01901, -0.00153736
81.4644, 0.068335, 0.000338481, -14.8303, -1.50233, 1.51676, -3.01908, -0.00153825
81.5049, 0.0680974, 1.60772e-05, -14.8072, -1.50236, 1.51679, -3.01916, -0.00153915
81.5454, 0.0682879, -0.000287155, -14.784, -1.5024, 1.51683, -3.01923, -0.00154005
81.5859, 0.0686156, -0.00018556, -14.761, -1.50244, 1.51687, -3.0193, -0.00154095
81.6263, 0.0686174, 0.000190901, -14.738, -1.50247, 1.5169, -3.01938, -0.00154185
81.6668, 0.0682448, 0.000365342, -14.715, -1.50251, 1.51694, -3.01945, -0.00154276
81.7073, 0.067922, 0.000118385, -14.692, -1.50255, 1.51698, -3.01953, -0.00154366
81.7478, 0.068008, -0.000238045, -14.6691, -1.50259, 1.51702, -3.0196, -0.00154456
81.7897, 0.0683576, -0.000249096, -14.6455, -1.50263, 1.51705, -3.01968, -0.00154549
81.8316, 0.0684598, 0.000112303, -14.6219, -1.50266, 1.51709, -3.01976, -0.00154642
81.8734, 0.0681291, 0.000366691, -14.5983, -1.5027, 1.51713, -3.01983, -0.00154736
81.9153, 0.0677525, 0.000178558, -14.5748, -1.50274, 1.51717, -3.01991, -0.00154829
81.9572, 0.0677752, -0.000203119, -14.5513, -1.50278, 1.51721, -3.01999, -0.00154922
81.9991, 0.0681159, -0.000276658, -14.5279, -1.50282, 1.51725, -3.02006, -0.00155016
82.041, 0.0682772, 5.34117e-05, -14.5045, -1.50286, 1.51728, -3.02014, -0.00155109
82.0828, 0.0679989, 0.00035514, -14.4812, -1.50289, 1.51732, -3.02022, -0.00155203
82.1247, 0.0675944, 0.000235908, -14.4579, -1.50293, 1.51736, -3.02029, -0.00155296
82.1666, 0.0675392, -0.000148252, -14.4347, -1.50297, 1.5174, -3.02037, -0.0015539
82.2085, 0.0678539, -0.000299281, -14.4114, -1.50301, 1.51744, -3.02045, -0.00155483
82.2504, 0.0680817, -2.28602e-05, -14.3883, -1.50305, 1.51748, -3.02052, -0.00155577
82.2922, 0.0678801, 0.000324074, -14.3652, -1.50309, 1.51751, -3.0206, -0.00155671
82.3341, 0.0674598, 0.000296134, -14.3421, -1.50313, 1.51755, -3.02068, -0.00155764
82.376, 0.06731, -6.97606e-05, -14.319, -1.50316, 1.51759, -3.02075, -0.00155858
82.4179, 0.0675721, -0.000305631, -14.296, -1.5032, 1.51763, -3.02083, -0.00155952
82.4598, 0.0678624, -0.000111659, -14.2731, -1.50324, 1.51767, -3.02091, -0.00156045
82.5016, 0.0677636, 0.00026481, -14.2502, -1.50328, 1.5177, -3.02098, -0.00156139
82.5435, 0.0673534, 0.000346955, -14.2273, -1.50332, 1.51774, -3.02106, -0.00156233
82.5854, 0.0671016, 3.20839e-05, -14.2045, -1.50336, 1.51778, -3.02114, -0.00156327
82.6273, 0.0672763, -0.000282398, -14.1817, -1.50339, 1.51782, -3.02121, -0.00156421
82.6692, 0.0676087, -0.000201901, -14.159, -1.50343, 1.51786, -3.02129, -0.00156515
82.711, 0.0676345, 0.000171729, -14.1363, -1.50347, 1.5179, -3.02137, -0.00156609
82.7529, 0.0672745, 0.000371581, -14.1136, -1.50351, 1.51793, -3.02144, -0.00156703
82.7948, 0.0669299, 0.00014966, -14.091, -1.50355, 1.51797, -3.02152, -0.00156797
82.8367, 0.0669804, -0.000217406, -14.0684, -1.50359, 1.51801, -3.0216, -0.00156891
82.8809, 0.067333, -0.000264889, -14.0446, -1.50363, 1.51805, -3.02168, -0.0015699
82.9252, 0.0674633, 9.19713e-05, -14.0209, -1.50367, 1.51809, -3.02176, -0.00157089
82.9694, 0.0671405, 0.000368666, -13.9972, -1.50371, 1.51813, -3.02184, -0.00157189
83.0137, 0.066747, 0.000191732, -13.9735, -1.50375, 1.51817, -3.02192, -0.00157288
83.0579, 0.0667583, -0.000199205, -13.9499, -1.50379, 1.51821, -3.022, -0.00157388
83.1022, 0.0671037, -0.000278526, -13.9263, -1.50383, 1.51825, -3.02208, -0.00157487
83.1464, 0.0672654, 5.91566e-05, -13.9028, -1.50387, 1.51829, -3.02216, -0.00157587
83.1907, 0.066974, 0.000361972, -13.8793, -1.50391, 1.51833, -3.02224, -0.00157687
83.2349, 0.0665646, 0.000227075, -13.8559, -1.50395, 1.51837, -3.02232, -0.00157786
83.2792, 0.0665269, -0.000165199, -13.8325, -1.50399, 1.51841, -3.0224, -0.00157886
83.3234, 0.0668561, -0.000295048, -13.8092, -1.50403, 1.51845, -3.02248, -0.00157986
83.3677, 0.0670634, 8.1143e-06, -13.7859, -1.50407, 1.51849, -3.02256, -0.00158085
83.4119, 0.0668231, 0.000344371, -13.7626, -1.50411, 1.51853, -3.02264, -0.00158185
83.4562, 0.0663985, 0.000272766, -13.7394, -1.50415, 1.51857, -3.02272, -0.00158285
83.5004, 0.0662923, -0.000111799, -13.7162, -1.50419, 1.51861, -3.0228, -0.00158385
83.5447, 0.0665891, -0.000307031, -13.6931, -1.50424, 1.51865, -3.02288, -0.00158485
83.5889, 0.0668492, -5.96998e-05, -13.6701, -1.50428, 1.51869, -3.02297, -0.00158585
83.6332, 0.0666833, 0.000308433, -13.647, -1.50432, 1.51873, -3.02305, -0.00158685
83.6774, 0.0662545, 0.000321463, -13.6241, -1.50436, 1.51877, -3.02313, -0.00158785
83.7217, 0.0660639, -3.62355e-05, -13.6011, -1.5044, 1.51881, -3.02321, -0.00158885
83.7659, 0.0663034, -0.000304064, -13.5782, -1.50444, 1.51885, -3.02329, -0.00158985
83.8102, 0.0666131, -0.000139287, -13.5554, -1.50448, 1.51889, -3.02337, -0.00159085
83.8544, 0.0665457, 0.00024645, -13.5326, -1.50452, 1.51893, -3.02345, -0.00159185
83.8987, 0.0661366, 0.00036153, -13.5098, -1.50456, 1.51897, -3.02353, -0.00159285
83.9429, 0.0658546, 6.08269e-05, -13.4871, -1.5046, 1.51901, -3.02361, -0.00159385
83.9872, 0.0660049, -0.000273788, -13.4644, -1.50464, 1.51905, -3.02369, -0.00159486
84.0314, 0.0663454, -0.000220002, -13.4418, -1.50468, 1.51909, -3.02377, -0.00159586
84.0757, 0.0663963, 0.000153358, -13.4192, -1.50472, 1.51913, -3.02385, -0.00159686
84.1199, 0.0660439, 0.000377113, -13.3967, -1.50476, 1.51917, -3.02393, -0.00159786
84.1642, 0.0656795, 0.000172045, -13.3742, -1.5048, 1.51921, -3.02401, -0.00159887
84.2084, 0.0657069, -0.000204745, -13.3518, -1.50484, 1.51925, -3.02409, -0.00159987
84.2544, 0.0660538, -0.000277995, -13.3285, -1.50489, 1.51929, -3.02417, -0.00160092
84.3005, 0.0662114, 6.32822e-05, -13.3052, -1.50493, 1.51933, -3.02426, -0.00160196
84.3465, 0.0659161, 0.000366371, -13.282, -1.50497, 1.51937, -3.02434, -0.00160301
84.3925, 0.0655033, 0.000231684, -13.2589, -1.50501, 1.51941, -3.02442, -0.00160405
84.4385, 0.0654608, -0.000162252, -13.2358, -1.50505, 1.51945, -3.0245, -0.0016051
84.4845, 0.0657881, -0.000298133, -13.2127, -1.5051, 1.51949, -3.02459, -0.00160614
84.5305, 0.0660012, 9.02224e-07, -13.1897, -1.50514, 1.51953, -3.02467, -0.00160719
84.5765, 0.0657681, 0.000343948, -13.1667, -1.50518, 1.51957, -3.02475, -0.00160824
84.6225, 0.0653383, 0.000285349, -13.1438, -1.50522, 1.51962, -3.02484, -0.00160928
84.6685, 0.0652146, -9.7668e-05, -13.1209, -1.50526, 1.51966, -3.02492, -0.00161033
84.7145, 0.0655014, -0.000309534, -13.0981, -1.50531, 1.5197, -3.025, -0.00161138
84.7605, 0.0657742, -7.80477e-05, -13.0753, -1.50535, 1.51974, -3.02509, -0.00161243
84.8065, 0.065629, 0.000298427, -13.0526, -1.50539, 1.51978, -3.02517, -0.00161348
84.8525, 0.0651992, 0.000337937, -13.0299, -1.50543, 1.51982, -3.02525, -0.00161452
84.8985, 0.0649801, -8.73281e-06, -13.0072, -1.50547, 1.51986, -3.02534, -0.00161557
84.9445, 0.0651962, -0.000299531, -12.9847, -1.50552, 1.5199, -3.02542, -0.00161662
84.9905, 0.0655189, -0.000166016, -12.9621, -1.50556, 1.51994, -3.0255, -0.00161767
85.0382, 0.0654774, 0.000233939, -12.9388, -1.5056, 1.51999, -3.02559, -0.00161876
85.0858, 0.0650577, 0.000368023, -12.9155, -1.50565, 1.52003, -3.02567, -0.00161985
85.1334, 0.0647629, 5.81824e-05, -12.8923, -1.50569, 1.52007, -3.02576, -0.00162094
85.1811, 0.064927, -0.000281906, -12.8692, -1.50573, 1.52011, -3.02584, -0.00162203
85.2287, 0.0652733, -0.000201034, -12.8461, -1.50578, 1.52015, -3.02593, -0.00162311
85.2763, 0.0652859, 0.000192639, -12.823, -1.50582, 1.5202, -3.02602, -0.0016242
85.3239, 0.0648919, 0.000379389, -12.8, -1.50586, 1.52024, -3.0261, -0.00162529
85.3716, 0.0645532, 0.000114619, -12.777, -1.50591, 1.52028, -3.02619, -0.00162638
85.4192, 0.0646562, -0.00025341, -12.7541, -1.50595, 1.52032, -3.02627, -0.00162747
85.4668, 0.0650083, -0.000243847, -12.7312, -1.50599, 1.52036, -3.02636, -0.00162857
85.5145, 0.0650939, 0.000129717, -12.7084, -1.50604, 1.52041, -3.02644, -0.00162966
85.5621, 0.0647465, 0.000381581, -12.6856, -1.50608, 1.52045, -3.02653, -0.00163075
85.6097, 0.0643605, 0.000186536, -12.6629, -1.50612, 1.52049, -3.02661, -0.00163184
85.6573, 0.0643776, -0.000202447, -12.6402, -1.50617, 1.52053, -3.0267, -0.00163293
85.705, 0.0647187, -0.000284819, -12.6176, -1.50621, 1.52058, -3.02679, -0.00163403
85.7526, 0.0648901, 4.39838e-05, -12.595, -1.50625, 1.52062, -3.02687, -0.00163512
85.8002, 0.0646182, 0.000362827, -12.5725, -1.5063, 1.52066, -3.02696, -0.00163621
85.8479, 0.0641952, 0.000265995, -12.55, -1.50634, 1.5207, -3.02704, -0.00163731
85.8955, 0.0641033, -0.000122167, -12.5275, -1.50638, 1.52074, -3.02713, -0.0016384
85.9431, 0.0644027, -0.000309648, -12.5051, -1.50643, 1.52078, -3.02721, -0.0016395
85.9908, 0.0646598, -6.06867e-05, -12.4828, -1.50647, 1.52083, -3.0273, -0.00164059
86.0384, 0.0644971, 0.000310398, -12.4605, -1.50651, 1.52087, -3.02738, -0.00164169
86.086, 0.0640655, 0.00033836, -12.4382, -1.50656, 1.52091, -3.02747, -0.00164278
86.1336, 0.0638507, -1.04529e-05, -12.416, -1.5066, 1.52095, -3.02755, -0.00164388
86.1813, 0.0640654, -0.00030041, -12.3938, -1.50664, 1.52099, -3.02764, -0.00164498
86.2289, 0.0643878, -0.000171814, -12.3717, -1.50669, 1.52104, -3.02772, -0.00164607
86.2787, 0.064353, 0.000230881, -12.3486, -1.50673, 1.52108, -3.02781, -0.00164722
86.3285, 0.0639319, 0.000374737, -12.3256, -1.50678, 1.52112, -3.0279, -0.00164837
86.3783, 0.0636256, 6.93309e-05, -12.3026, -1.50682, 1.52117, -3.02799, -0.00164952
86.4282, 0.0637796, -0.000278871, -12.2796, -1.50687, 1.52121, -3.02808, -0.00165067
86.478, 0.064129, -0.000209507, -12.2567, -1.50691, 1.52125, -3.02817, -0.00165182
86.5278, 0.0641532, 0.000184761, -12.2339, -1.50696, 1.5213, -3.02826, -0.00165297
86.5776, 0.063762, 0.000385331, -12.2111, -1.507, 1.52134, -3.02835, -0.00165412
86.6274, 0.0634094, 0.00013049, -12.1884, -1.50705, 1.52139, -3.02844, -0.00165527
86.6772, 0.063496, -0.000245766, -12.1657, -1.5071, 1.52143, -3.02852, -0.00165642
86.727, 0.0638488, -0.000253826, -12.143, -1.50714, 1.52147, -3.02861, -0.00165757
86.7769, 0.0639511, 0.000115577, -12.1204, -1.50719, 1.52152, -3.0287, -0.00165872
86.8267, 0.0636131, 0.000384167, -12.0979, -1.50723, 1.52156, -3.02879, -0.00165988
86.8765, 0.0632131, 0.000206648, -12.0754, -1.50728, 1.5216, -3.02888, -0.00166103
86.9263, 0.0632064, -0.000187589, -12.0529, -1.50732, 1.52165, -3.02897, -0.00166218
86.9761, 0.0635423, -0.000293565, -12.0305, -1.50737, 1.52169, -3.02906, -0.00166334
87.0259, 0.0637337, 2.28643e-05, -12.0082, -1.50741, 1.52173, -3.02915, -0.00166449
87.0757, 0.0634805, 0.000358299, -11.9859, -1.50746, 1.52178, -3.02923, -0.00166565
87.1256, 0.0630475, 0.000288022, -11.9636, -1.5075, 1.52182, -3.02932, -0.0016668
87.1754, 0.0629247, -9.77398e-05, -11.9414, -1.50755, 1.52186, -3.02941, -0.00166796
87.2252, 0.0632085, -0.000312515, -11.9192, -1.50759, 1.52191, -3.0295, -0.00166911
87.275, 0.0634849, -8.75556e-05, -11.8971, -1.50764, 1.52195, -3.02959, -0.00167027
87.3248, 0.0633519, 0.000294502, -11.875, -1.50768, 1.52199, -3.02968, -0.00167142
87.3767, 0.062903, 0.00034975, -11.8521, -1.50773, 1.52204, -3.02977, -0.00167263
87.4286, 0.0626701, -1.02306e-05, -11.8292, -1.50778, 1.52208, -3.02986, -0.00167384
87.4804, 0.0628995, -0.000305535, -11.8064, -1.50783, 1.52213, -3.02995, -0.00167504
87.5323, 0.0632234, -0.000145174, -11.7836, -1.50787, 1.52217, -3.03005, -0.00167625
87.5842, 0.0631517, 0.000257701, -11.7609, -1.50792, 1.52222, -3.03014, -0.00167745
87.6361, 0.0627182, 0.00037236, -11.7382, -1.50797, 1.52226, -3.03023, -0.00167866
87.688, 0.0624308, 4.95781e-05, -11.7156, -1.50801, 1.52231, -3.03032, -0.00167987
87.7398, 0.0626029, -0.000287273, -11.693, -1.50806, 1.52235, -3.03041, -0.00168108
87.7917, 0.0629476, -0.000199421, -11.6705, -1.50811, 1.5224, -3.0305, -0.00168229
87.8436, 0.0629558, 0.000197705, -11.648, -1.50816, 1.52244, -3.0306, -0.0016835
87.8955, 0.0625573, 0.000389473, -11.6256, -1.5082, 1.52249, -3.03069, -0.00168471
87.9473, 0.0622065, 0.000129533, -11.6032, -1.50825, 1.52253, -3.03078, -0.00168592
87.9992, 0.0622935, -0.00024648, -11.5809, -1.5083, 1.52258, -3.03087, -0.00168713
88.0511, 0.062645, -0.000256679, -11.5586, -1.50834, 1.52262, -3.03096, -0.00168834
88.103, 0.0627517, 0.0001107, -11.5364, -1.50839, 1.52267, -3.03106, -0.00168955
88.1549, 0.0624189, 0.000387225, -11.5142, -1.50844, 1.52271, -3.03115, -0.00169076
88.2067, 0.0620105, 0.000222907, -11.4921, -1.50848, 1.52275, -3.03124, -0.00169197
88.2586, 0.0619831, -0.000173011, -11.47, -1.50853, 1.5228, -3.03133, -0.00169319
88.3105, 0.0623107, -0.000301268, -11.4479, -1.50858, 1.52284, -3.03142, -0.0016944
88.3624, 0.062522, -1.90213e-06, -11.426, -1.50863, 1.52289, -3.03151, -0.00169561
88.4143, 0.0622946, 0.000349334, -11.404, -1.50867, 1.52293, -3.03161, -0.00169683
88.4661, 0.0618549, 0.000314756, -11.3821, -1.50872, 1.52298, -3.0317, -0.00169804
88.518, 0.0616913, -6.11503e-05, -11.3603, -1.50877, 1.52302, -3.03179, -0.00169926
88.5699, 0.0619471, -0.00031186, -11.3385, -1.50881, 1.52307, -3.03188, -0.00170047
88.6218, 0.0622472, -0.000128602, -11.3168, -1.50886, 1.52311, -3.03197, -0.00170169
88.6736, 0.0621651, 0.000261822, -11.2951, -1.50891, 1.52316, -3.03206, -0.00170291
88.7255, 0.0617452, 0.000380514, -11.2735, -1.50895, 1.5232, -3.03215, -0.00170412
88.7774, 0.0614441, 8.37412e-05, -11.2519, -1.509, 1.52324, -3.03225, -0.00170534
88.8293, 0.0615705, -0.000265778, -11.2303, -1.50905, 1.52329, -3.03234, -0.00170656
88.8812, 0.0619126, -0.000244023, -11.2088, -1.50909, 1.52333, -3.03243, -0.00170778
88.933, 0.0619995, 0.00012135, -11.1874, -1.50914, 1.52338, -3.03252, -0.00170899
88.9849, 0.0616711, 0.000389133, -11.166, -1.50919, 1.52342, -3.03261, -0.00171021
89.0368, 0.0612668, 0.000238466, -11.1446, -1.50924, 1.52347, -3.0327, -0.00171143
89.0912, 0.0612231, -0.000165167, -11.1223, -1.50928, 1.52351, -3.0328, -0.00171271
89.1455, 0.0615531, -0.000302099, -11.1, -1.50933, 1.52356, -3.03289, -0.00171399
89.1999, 0.0617662, 3.48519e-06, -11.0778, -1.50938, 1.52361, -3.03299, -0.00171527
89.2543, 0.0615255, 0.000357023, -11.0556, -1.50943, 1.52365, -3.03308, -0.00171655
89.3087, 0.0610783, 0.000305379, -11.0335, -1.50948, 1.5237, -3.03318, -0.00171783
89.363, 0.0609337, -8.38531e-05, -11.0114, -1.50953, 1.52374, -3.03327, -0.00171911
89.4174, 0.061212, -0.000314006, -10.9894, -1.50958, 1.52379, -3.03337, -0.00172039
89.4718, 0.0614965, -9.37794e-05, -10.9674, -1.50963, 1.52384, -3.03347, -0.00172168
89.5262, 0.0613656, 0.000296927, -10.9455, -1.50968, 1.52388, -3.03356, -0.00172296
89.5805, 0.060924, 0.000365648, -10.9236, -1.50973, 1.52393, -3.03366, -0.00172424
89.6349, 0.0606653, 2.75285e-05, -10.9018, -1.50978, 1.52398, -3.03375, -0.00172553
89.6893, 0.0608508, -0.000293047, -10.88, -1.50982, 1.52402, -3.03385, -0.00172681
89.7436, 0.0611866, -0.000196719, -10.8583, -1.50987, 1.52407, -3.03394, -0.0017281
89.798, 0.0611943, 0.00019538, -10.8366, -1.50992, 1.52411, -3.03404, -0.00172938
89.8524, 0.0608051, 0.000397182, -10.815, -1.50997, 1.52416, -3.03413, -0.00173067
89.9068, 0.0604397, 0.000160822, -10.7934, -1.51002, 1.52421, -3.03423, -0.00173195
89.9611, 0.0604867, -0.000221554, -10.7719, -1.51007, 1.52425, -3.03432, -0.00173324
90.0183, 0.0608437, -0.000271652, -10.7493, -1.51012, 1.5243, -3.03442, -0.00173459
90.0755, 0.0609754, 9.63901e-05, -10.7268, -1.51017, 1.52435, -3.03452, -0.00173595
90.1327, 0.0606392, 0.000392239, -10.7043, -1.51022, 1.5244, -3.03462, -0.0017373
90.1899, 0.0602136, 0.000224749, -10.6819, -1.51028, 1.52445, -3.03472, -0.00173866
90.2471, 0.0601921, -0.000183365, -10.6595, -1.51033, 1.52449, -3.03482, -0.00174001
90.3043, 0.0605338, -0.000294939, -10.6372, -1.51038, 1.52454, -3.03492, -0.00174137
90.3615, 0.0607225, 3.50206e-05, -10.615, -1.51043, 1.52459, -3.03502, -0.00174273
90.4187, 0.0604457, 0.000374627, -10.5928, -1.51048, 1.52464, -3.03512, -0.00174409
90.4759, 0.0599978, 0.000282725, -10.5706, -1.51053, 1.52469, -3.03522, -0.00174544
90.5331, 0.0598927, -0.000119919, -10.5485, -1.51059, 1.52473, -3.03532, -0.0017468
90.5903, 0.0601981, -0.000312693, -10.5265, -1.51064, 1.52478, -3.03542, -0.00174816
90.6475, 0.0604539, -4.86283e-05, -10.5045, -1.51069, 1.52483, -3.03552, -0.00174952
90.7047, 0.0602668, 0.000332502, -10.4825, -1.51074, 1.52488, -3.03562, -0.00175088
90.7619, 0.0598117, 0.000344215, -10.4607, -1.51079, 1.52493, -3.03572, -0.00175224
90.8191, 0.0596026, -2.67739e-05, -10.4388, -1.51084, 1.52498, -3.03582, -0.0017536
90.8763, 0.059838, -0.000309106, -10.4171, -1.51089, 1.52502, -3.03592, -0.00175497
90.9334, 0.0601544, -0.000146905, -10.3953, -1.51095, 1.52507, -3.03602, -0.00175633
90.9906, 0.0600891, 0.000254262, -10.3737, -1.511, 1.52512, -3.03612, -0.00175769
91.0478, 0.0596611, 0.000391206, -10.352, -1.51105, 1.52517, -3.03622, -0.00175906
91.105, 0.0593417, 9.42914e-05, -10.3305, -1.5111, 1.52521, -3.03631, -0.00176042
91.1622, 0.0594635, -0.000265541, -10.309, -1.51115, 1.52526, -3.03641, -0.00176178
91.2194, 0.0598103, -0.000242344, -10.2875, -1.5112, 1.52531, -3.03651, -0.00176315
91.2766, 0.0598898, 0.000133755, -10.2661, -1.51125, 1.52536, -3.03661, -0.00176452
91.3338, 0.0595424, 0.000399081, -10.2447, -1.51131, 1.52541, -3.03671, -0.00176588
91.391, 0.0591323, 0.000229279, -10.2234, -1.51136, 1.52545, -3.03681, -0.00176725
91.4482, 0.0590976, -0.000166519, -10.2022, -1.51141, 1.5255, -3.03691, -0.00176862
91.5054, 0.0594164, -0.000306114, -10.1809, -1.51146, 1.52555, -3.03701, -0.00176998
91.5626, 0.0596389, -2.1439e-05, -10.1598, -1.51151, 1.5256, -3.03711, -0.00177135
91.6198, 0.0594352, 0.000342281, -10.1387, -1.51156, 1.52564, -3.03721, -0.00177272
91.677, 0.0589902, 0.000347552, -10.1176, -1.51161, 1.52569, -3.03731, -0.00177409
91.7342, 0.0587766, -1.02814e-05, -10.0966, -1.51166, 1.52574, -3.0374, -0.00177546
91.7914, 0.058987, -0.000302535, -10.0757, -1.51172, 1.52579, -3.0375, -0.00177683
91.8486, 0.0593084, -0.000181938, -10.0548, -1.51177, 1.52584, -3.0376, -0.0017782
91.9094, 0.0592829, 0.000230247, -10.0326, -1.51182, 1.52589, -3.03771, -0.00177966
91.9703, 0.0588515, 0.00039802, -10.0105, -1.51188, 1.52594, -3.03781, -0.00178112
92.0311, 0.0585103, 0.000102394, -9.98838, -1.51193, 1.52599, -3.03792, -0.00178258
92.092, 0.0586336, -0.000268269, -9.96636, -1.51199, 1.52604, -3.03802, -0.00178405
92.1528, 0.0589879, -0.000231023, -9.9444, -1.51204, 1.52609, -3.03813, -0.00178551
92.2137, 0.0590422, 0.000164249, -9.9225, -1.51209, 1.52614, -3.03823, -0.00178697
92.2746, 0.0586572, 0.000405599, -9.90065, -1.51215, 1.52619, -3.03834, -0.00178843
92.3354, 0.05826, 0.000183257, -9.87885, -1.5122, 1.52624, -3.03844, -0.0017899
92.3963, 0.0582899, -0.000215723, -9.85711, -1.51226, 1.52629, -3.03855, -0.00179136
92.4571, 0.0586374, -0.000281098, -9.83543, -1.51231, 1.52634, -3.03865, -0.00179283
92.518, 0.0587899, 6.89568e-05, -9.8138, -1.51237, 1.52639, -3.03876, -0.00179429
92.5789, 0.0584861, 0.000389321, -9.79223, -1.51242, 1.52644, -3.03886, -0.00179576
92.6397, 0.0580426, 0.000275982, -9.77071, -1.51248, 1.52649, -3.03897, -0.00179723
92.7006, 0.0579491, -0.000126592, -9.74925, -1.51253, 1.52654, -3.03907, -0.00179869
92.7614, 0.058253, -0.000312968, -9.72784, -1.51258, 1.52659, -3.03918, -0.00180016
92.8223, 0.0585056, -5.15327e-05, -9.70649, -1.51264, 1.52664, -3.03928, -0.00180163
92.8831, 0.0583258, 0.000331054, -9.68519, -1.51269, 1.52669, -3.03938, -0.0018031
92.944, 0.0578707, 0.000360909, -9.66394, -1.51275, 1.52674, -3.03949, -0.00180457
93.0049, 0.0576355, 2.91656e-06, -9.64275, -1.5128, 1.52679, -3.03959, -0.00180604
93.0657, 0.0578413, -0.000301489, -9.62161, -1.51286, 1.52684, -3.0397, -0.00180751
93.1266, 0.0581679, -0.000180107, -9.60052, -1.51291, 1.52689, -3.0398, -0.00180898
93.1904, 0.0581376, 0.000235589, -9.57846, -1.51297, 1.52694, -3.03991, -0.00181053
93.2543, 0.0576993, 0.000401544, -9.55644, -1.51302, 1.527, -3.04002, -0.00181207
93.3182, 0.0573566, 0.000100543, -9.53449, -1.51308, 1.52705, -3.04013, -0.00181362
93.382, 0.0574835, -0.000270735, -9.5126, -1.51314, 1.5271, -3.04024, -0.00181517
93.4459, 0.057838, -0.000227169, -9.49076, -1.5132, 1.52715, -3.04035, -0.00181672
93.5098, 0.0578841, 0.00017292, -9.46899, -1.51325, 1.52721, -3.04046, -0.00181826
93.5736, 0.0574897, 0.000410007, -9.44727, -1.51331, 1.52726, -3.04057, -0.00181981
93.6375, 0.057092, 0.000179167, -9.42561, -1.51337, 1.52731, -3.04068, -0.00182136
93.7013, 0.0571287, -0.000220889, -9.404, -1.51342, 1.52736, -3.04079, -0.00182291
93.7652, 0.0574781, -0.000277493, -9.38245, -1.51348, 1.52741, -3.04089, -0.00182446
93.8291, 0.0576211, 8.0062e-05, -9.36096, -1.51354, 1.52747, -3.041, -0.00182602
93.8929, 0.057305, 0.000396313, -9.33953, -1.51359, 1.52752, -3.04111, -0.00182757
93.9568, 0.0568594, 0.000271887, -9.31815, -1.51365, 1.52757, -3.04122, -0.00182912
94.0207, 0.0567743, -0.000134469, -9.29683, -1.51371, 1.52762, -3.04133, -0.00183068
94.0845, 0.0570833, -0.000311927, -9.27557, -1.51376, 1.52767, -3.04144, -0.00183223
94.1484, 0.057328, -3.98524e-05, -9.25436, -1.51382, 1.52773, -3.04155, -0.00183379
94.2123, 0.0571336, 0.000341484, -9.23321, -1.51388, 1.52778, -3.04166, -0.00183534
94.2761, 0.0566726, 0.000359435, -9.21212, -1.51394, 1.52783, -3.04177, -0.0018369
94.34, 0.0564447, -6.32234e-06, -9.19108, -1.51399, 1.52788, -3.04187, -0.00183845
94.4038, 0.0566591, -0.000304563, -9.17009, -1.51405, 1.52793, -3.04198, -0.00184001
94.4677, 0.0569818, -0.000170599, -9.14917, -1.51411, 1.52799, -3.04209, -0.00184157
94.5343, 0.0569383, 0.000245751, -9.12742, -1.51416, 1.52804, -3.0422, -0.00184319
94.6008, 0.056495, 0.000404898, -9.10573, -1.51422, 1.52809, -3.04232, -0.00184482
94.6673, 0.0561529, 0.000101343, -9.0841, -1.51428, 1.52815, -3.04243, -0.00184645
94.7339, 0.0562777, -0.000269865, -9.06253, -1.51434, 1.5282, -3.04254, -0.00184807
94.8004, 0.0566303, -0.000229949, -9.04102, -1.5144, 1.52826, -3.04266, -0.0018497
94.867, 0.0566814, 0.00016811, -9.01957, -1.51446, 1.52831, -3.04277, -0.00185133
94.9335, 0.0562916, 0.000414138, -8.99818, -1.51452, 1.52836, -3.04288, -0.00185296
95.0001, 0.0558838, 0.000195919, -8.97685, -1.51458, 1.52842, -3.043, -0.00185459
95.0666, 0.0559, -0.000207722, -8.95557, -1.51464, 1.52847, -3.04311, -0.00185622
95.1331, 0.0562433, -0.000286452, -8.93436, -1.5147, 1.52852, -3.04322, -0.00185785
95.1997, 0.0564066, 5.72497e-05, -8.9132, -1.51476, 1.52858, -3.04333, -0.00185948
95.2662, 0.0561125, 0.00039144, -8.8921, -1.51481, 1.52863, -3.04345, -0.00186111
95.3328, 0.0556563, 0.000299888, -8.87106, -1.51487, 1.52869, -3.04356, -0.00186274
95.3993, 0.0555315, -0.000101627, -8.85007, -1.51493, 1.52874, -3.04367, -0.00186438
95.4659, 0.0558179, -0.000315365, -8.82915, -1.51499, 1.52879, -3.04378, -0.00186601
95.5324, 0.0560886, -7.91186e-05, -8.80828, -1.51505, 1.52885, -3.0439, -0.00186765
95.5989, 0.0559397, 0.000315588, -8.78746, -1.51511, 1.5289, -3.04401, -0.00186928
95.6685, 0.0554628, 0.000378407, -8.76577, -1.51517, 1.52896, -3.04413, -0.00187099
95.738, 0.0552002, 1.05791e-05, -8.74414, -1.51523, 1.52901, -3.04424, -0.0018727
95.8076, 0.0554138, -0.000304661, -8.72257, -1.51529, 1.52907, -3.04436, -0.00187442
95.8771, 0.0557431, -0.000156915, -8.70106, -1.51536, 1.52912, -3.04448, -0.00187613
95.9467, 0.0556808, 0.000260208, -8.67962, -1.51542, 1.52918, -3.0446, -0.00187784
96.0162, 0.0552298, 0.000407107, -8.65823, -1.51548, 1.52923, -3.04471, -0.00187956
96.0858, 0.0548926, 9.64207e-05, -8.63691, -1.51554, 1.52929, -3.04483, -0.00188127
96.1553, 0.0550215, -0.00027191, -8.61564, -1.5156, 1.52935, -3.04495, -0.00188299
96.2249, 0.0553716, -0.000228156, -8.59444, -1.51566, 1.5294, -3.04506, -0.0018847
96.2944, 0.0554198, 0.000170308, -8.5733, -1.51572, 1.52946, -3.04518, -0.00188642
96.364, 0.055029, 0.000418593, -8.55222, -1.51579, 1.52951, -3.0453, -0.00188814
96.4335, 0.0546156, 0.000205343, -8.53119, -1.51585, 1.52957, -3.04541, -0.00188986
96.5031, 0.0546205, -0.000199993, -8.51023, -1.51591, 1.52962, -3.04553, -0.00189158
96.5726, 0.0549589, -0.000290995, -8.48933, -1.51597, 1.52968, -3.04565, -0.0018933
96.6422, 0.055133, 4.38614e-05, -8.46848, -1.51603, 1.52973, -3.04576, -0.00189502
96.7117, 0.0548526, 0.000388746, -8.4477, -1.51609, 1.52979, -3.04588, -0.00189674
96.7813, 0.0543895, 0.000319383, -8.42697, -1.51615, 1.52984, -3.046, -0.00189847
96.8508, 0.0542369, -7.70047e-05, -8.40631, -1.51622, 1.5299, -3.04611, -0.00190019
96.9204, 0.0545044, -0.000315108, -8.3857, -1.51628, 1.52995, -3.04623, -0.00190191
96.9899, 0.0547907, -0.00010643, -8.36515, -1.51634, 1.53001, -3.04635, -0.00190364
97.0595, 0.0546752, 0.000294546, -8.34466, -1.5164, 1.53006, -3.04646, -0.00190537
97.1316, 0.0542081, 0.000399164, -8.32347, -1.51646, 1.53012, -3.04658, -0.00190716
97.2038, 0.053902, 6.11118e-05, -8.30234, -1.51653, 1.53018, -3.0467, -0.00190895
97.2759, 0.054065, -0.000286933, -8.28127, -1.51659, 1.53024, -3.04683, -0.00191074
97.348, 0.0544076, -0.000203741, -8.26026, -1.51665, 1.53029, -3.04695, -0.00191253
97.4202, 0.0544167, 0.000203703, -8.23932, -1.51672, 1.53035, -3.04707, -0.00191433
97.4923, 0.0540028, 0.000422219, -8.21844, -1.51678, 1.53041, -3.04719, -0.00191612
97.5644, 0.0536062, 0.000179747, -8.19762, -1.51684, 1.53046, -3.04731, -0.00191792
97.6366, 0.0536415, -0.000219406, -8.17685, -1.51691, 1.53052, -3.04743, -0.00191972
97.7113, 0.0539957, -0.00027285, -8.15542, -1.51697, 1.53058, -3.04755, -0.00192158
97.786, 0.0541245, 0.000102366, -8.13405, -1.51704, 1.53064, -3.04768, -0.00192344
97.8607, 0.0537751, 0.000414386, -8.11275, -1.5171, 1.5307, -3.0478, -0.0019253
97.9353, 0.0533188, 0.000258218, -8.09151, -1.51717, 1.53076, -3.04793, -0.00192717
98.01, 0.0532615, -0.000161576, -8.07034, -1.51723, 1.53081, -3.04805, -0.00192903
98.0847, 0.0535905, -0.000302966, -8.04923, -1.5173, 1.53087, -3.04817, -0.0019309
98.1594, 0.0537981, 1.39847e-05, -8.02818, -1.51737, 1.53093, -3.0483, -0.00193276
98.2341, 0.0535365, 0.000382724, -8.0072, -1.51743, 1.53099, -3.04842, -0.00193463
98.3088, 0.0530571, 0.000334911, -7.98628, -1.5175, 1.53105, -3.04855, -0.0019365
98.3835, 0.0528842, -6.66725e-05, -7.96543, -1.51756, 1.53111, -3.04867, -0.00193837
98.4582, 0.0531513, -0.000314757, -7.94463, -1.51763, 1.53117, -3.04879, -0.00194024
98.5329, 0.0534396, -9.9316e-05, -7.9239, -1.51769, 1.53122, -3.04892, -0.00194211
98.6076, 0.053308, 0.000308791, -7.90323, -1.51776, 1.53128, -3.04904, -0.00194398
98.6823, 0.0528409, 0.000402329, -7.88263, -1.51782, 1.53134, -3.04917, -0.00194585
98.757, 0.0525361, 6.76276e-05, -7.86209, -1.51789, 1.5314, -3.04929, -0.00194773
98.8317, 0.0526871, -0.000281384, -7.8416, -1.51796, 1.53146, -3.04941, -0.0019496
98.9064, 0.0530266, -0.000217407, -7.82118, -1.51802, 1.53152, -3.04954, -0.00195148
98.9811, 0.0530605, 0.000179545, -7.80083, -1.51809, 1.53157, -3.04966, -0.00195335
99.0557, 0.0526701, 0.000426567, -7.78053, -1.51815, 1.53163, -3.04978, -0.00195523
99.1304, 0.05225, 0.000226551, -7.76029, -1.51822, 1.53169, -3.04991, -0.00195711
99.2051, 0.0522265, -0.000177629, -7.74012, -1.51828, 1.53175, -3.05003, -0.00195899
99.2824, 0.0525595, -0.000297247, -7.71931, -1.51835, 1.53181, -3.05016, -0.00196093
99.3597, 0.0527501, 3.0661e-05, -7.69856, -1.51842, 1.53187, -3.05029, -0.00196288
99.437, 0.0524743, 0.000391252, -7.67788, -1.51848, 1.53193, -3.05041, -0.00196483
99.5143, 0.0519955, 0.000332975, -7.65726, -1.51855, 1.53199, -3.05054, -0.00196677
99.5916, 0.0518274, -6.90682e-05, -7.63671, -1.51862, 1.53205, -3.05067, -0.00196872
99.6688, 0.0520932, -0.000314132, -7.61622, -1.51869, 1.53211, -3.0508, -0.00197067
99.7461, 0.052379, -0.000100398, -7.59579, -1.51875, 1.53217, -3.05092, -0.00197262
99.8234, 0.0522508, 0.000307155, -7.57543, -1.51882, 1.53223, -3.05105, -0.00197457
99.9007, 0.0517852, 0.000409282, -7.55512, -1.51889, 1.53229, -3.05118, -0.00197653
99.978, 0.0514687, 8.35906e-05, -7.53489, -1.51896, 1.53235, -3.0513, -0.00197848
100.055, 0.0516022, -0.000272884, -7.51471, -1.51902, 1.53241, -3.05143, -0.00198043
100.133, 0.051941, -0.000230122, -7.4946, -1.51909, 1.53247, -3.05156, -0.00198239
100.21, 0.0519968, 0.00015847, -7.47455, -1.51916, 1.53253, -3.05168, -0.00198435
100.287, 0.0516242, 0.000427144, -7.45456, -1.51923, 1.53259, -3.05181, -0.0019863
100.364, 0.0511884, 0.000257513, -7.43464, -1.51929, 1.53265, -3.05194, -0.00198826
100.444, 0.051132, -0.000159843, -7.41406, -1.51936, 1.53271, -3.05207, -0.00199029
100.525, 0.0514537, -0.000302947, -7.39354, -1.51943, 1.53277, -3.0522, -0.00199232
100.605, 0.0516635, 5.26522e-06, -7.3731, -1.5195, 1.53283, -3.05233, -0.00199435
100.685, 0.0514152, 0.000379966, -7.35272, -1.51957, 1.53289, -3.05246, -0.00199638
100.765, 0.0509322, 0.000358302, -7.3324, -1.51964, 1.53295, -3.05259, -0.00199842
100.845, 0.0507237, -3.06478e-05, -7.31215, -1.51971, 1.53301, -3.05272, -0.00200045
100.925, 0.050958, -0.000309029, -7.29196, -1.51978, 1.53308, -3.05286, -0.00200249
101.005, 0.0512629, -0.000138611, -7.27184, -1.51985, 1.53314, -3.05299, -0.00200452
101.085, 0.0511846, 0.000271842, -7.25178, -1.51992, 1.5332, -3.05312, -0.00200656
101.165, 0.050736, 0.000426608, -7.23179, -1.51999, 1.53326, -3.05325, -0.0020086
101.245, 0.0503737, 0.000141829, -7.21186, -1.52006, 1.53332, -3.05338, -0.00201064
101.325, 0.0504466, -0.000239994, -7.19199, -1.52013, 1.53338, -3.05351, -0.00201268
101.408, 0.0507936, -0.00025727, -7.1715, -1.5202, 1.53344, -3.05364, -0.00201479
101.491, 0.0508936, 0.000124237, -7.15108, -1.52027, 1.53351, -3.05378, -0.00201691
101.574, 0.0505335, 0.000426089, -7.13073, -1.52034, 1.53357, -3.05391, -0.00201902
101.657, 0.0500742, 0.000273994, -7.11044, -1.52041, 1.53363, -3.05405, -0.00202114
101.739, 0.0499953, -0.000141201, -7.09022, -1.52049, 1.5337, -3.05418, -0.00202325
101.822, 0.0503033, -0.000307191, -7.07006, -1.52056, 1.53376, -3.05432, -0.00202537
101.905, 0.0505314, -2.21882e-05, -7.04998, -1.52063, 1.53382, -3.05445, -0.00202749
101.988, 0.0503151, 0.000364363, -7.02996, -1.5207, 1.53389, -3.05459, -0.00202961
102.071, 0.0498323, 0.000383869, -7.01, -1.52077, 1.53395, -3.05472, -0.00203173
102.154, 0.04958, 1.52302e-05, -6.99011, -1.52084, 1.53401, -3.05486, -0.00203385
102.236, 0.0497735, -0.000297033, -6.97028, -1.52092, 1.53407, -3.05499, -0.00203597
102.319, 0.0500938, -0.000180581, -6.95052, -1.52099, 1.53414, -3.05512, -0.0020381
102.407, 0.0500598, 0.000245711, -6.92972, -1.52106, 1.5342, -3.05527, -0.00204034
102.494, 0.0496003, 0.000433141, -6.90898, -1.52114, 1.53427, -3.05541, -0.00204259
102.582, 0.0492149, 0.000140659, -6.88832, -1.52121, 1.53434, -3.05555, -0.00204483
102.669, 0.0493022, -0.000251962, -6.86772, -1.52129, 1.5344, -3.05569, -0.00204708
102.757, 0.0496508, -0.000240898, -6.8472, -1.52137, 1.53447, -3.05583, -0.00204933
102.844, 0.0497186, 0.000157533, -6.82675, -1.52144, 1.53453, -3.05597, -0.00205158
102.932, 0.0493257, 0.000436114, -6.80637, -1.52152, 1.5346, -3.05612, -0.00205384
103.02, 0.0488752, 0.000244501, -6.78606, -1.52159, 1.53466, -3.05626, -0.00205609
103.107, 0.048838, -0.000173871, -6.76582, -1.52167, 1.53473, -3.0564, -0.00205834
103.195, 0.0491638, -0.000295389, -6.74565, -1.52174, 1.5348, -3.05654, -0.0020606
103.282, 0.0493526, 2.91382e-05, -6.72555, -1.52182, 1.53486, -3.05668, -0.00206286
103.37, 0.049079, 0.000396498, -6.70552, -1.52189, 1.53493, -3.05682, -0.00206511
103.457, 0.0485895, 0.0003555, -6.68555, -1.52197, 1.53499, -3.05696, -0.00206737
103.545, 0.0483914, -4.10058e-05, -6.66566, -1.52204, 1.53506, -3.0571, -0.00206963
103.632, 0.0486321, -0.000308781, -6.64583, -1.52212, 1.53512, -3.05724, -0.0020719
103.72, 0.048927, -0.000124783, -6.62608, -1.52219, 1.53519, -3.05738, -0.00207416
103.807, 0.0488308, 0.000287105, -6.60639, -1.52227, 1.53526, -3.05752, -0.00207642
103.895, 0.0483711, 0.000433052, -6.58676, -1.52234, 1.53532, -3.05767, -0.00207869
103.982, 0.0480077, 0.000141349, -6.56721, -1.52242, 1.53539, -3.05781, -0.00208095
104.07, 0.048081, -0.000239814, -6.54772, -1.5225, 1.53545, -3.05795, -0.00208322
104.16, 0.0484239, -0.000253333, -6.52763, -1.52257, 1.53552, -3.05809, -0.00208557
104.251, 0.0485174, 0.000130077, -6.50761, -1.52265, 1.53559, -3.05824, -0.00208792
104.342, 0.0481514, 0.000433826, -6.48766, -1.52273, 1.53565, -3.05838, -0.00209027
104.432, 0.0476837, 0.000284959, -6.46778, -1.52281, 1.53572, -3.05853, -0.00209262
104.523, 0.0475922, -0.000131232, -6.44797, -1.52288, 1.53579, -3.05867, -0.00209497
104.613, 0.0478914, -0.000306326, -6.42823, -1.52296, 1.53586, -3.05882, -0.00209732
104.704, 0.0481228, -2.9762e-05, -6.40856, -1.52304, 1.53592, -3.05896, -0.00209968
104.794, 0.047915, 0.00036282, -6.38896, -1.52312, 1.53599, -3.05911, -0.00210203
104.888, 0.0474109, 0.0003936, -6.36876, -1.5232, 1.53606, -3.05925, -0.00210447
104.982, 0.047147, 1.17078e-05, -6.34863, -1.52328, 1.53613, -3.0594, -0.00210691
105.075, 0.0473528, -0.00029974, -6.32857, -1.52336, 1.5362, -3.05955, -0.00210935
105.169, 0.0476678, -0.000151538, -6.30859, -1.52344, 1.53627, -3.0597, -0.00211179
105.263, 0.0476001, 0.000269257, -6.28868, -1.52352, 1.53634, -3.05985, -0.00211424
105.357, 0.0471369, 0.000440793, -6.26884, -1.5236, 1.5364, -3.06, -0.00211668
105.45, 0.0467521, 0.00015405, -6.24907, -1.52368, 1.53647, -3.06015, -0.00211913
105.544, 0.0468178, -0.000237101, -6.22938, -1.52376, 1.53654, -3.0603, -0.00212158
105.638, 0.047154, -0.00025617, -6.20976, -1.52384, 1.53661, -3.06045, -0.00212403
105.731, 0.0472557, 0.000117626, -6.19021, -1.52392, 1.53668, -3.0606, -0.00212648
105.825, 0.0469063, 0.00043248, -6.17073, -1.524, 1.53675, -3.06074, -0.00212893
105.919, 0.0464311, 0.00031262, -6.15132, -1.52408, 1.53682, -3.06089, -0.00213138
106.017, 0.0463073, -0.000116313, -6.13098, -1.52416, 1.53689, -3.06105, -0.00213396
106.116, 0.0466097, -0.000304678, -6.11072, -1.52424, 1.53696, -3.06121, -0.00213655
106.214, 0.0468392, -1.17889e-05, -6.09054, -1.52433, 1.53703, -3.06136, -0.00213913
106.313, 0.046596, 0.000385254, -6.07044, -1.52441, 1.53711, -3.06152, -0.00214172
106.411, 0.0460857, 0.000381786, -6.05041, -1.52449, 1.53718, -3.06167, -0.0021443
106.51, 0.0458486, -1.48415e-05, -6.03046, -1.52458, 1.53725, -3.06183, -0.00214689
106.608, 0.0460754, -0.000303852, -6.01058, -1.52466, 1.53732, -3.06198, -0.00214948
106.707, 0.0463754, -0.000125085, -5.99078, -1.52475, 1.53739, -3.06214, -0.00215207
106.806, 0.0462721, 0.000296721, -5.97106, -1.52483, 1.53747, -3.0623, -0.00215467
106.904, 0.0457926, 0.000439911, -5.95141, -1.52491, 1.53754, -3.06245, -0.00215726
107.003, 0.0454249, 0.000131108, -5.93183, -1.525, 1.53761, -3.06261, -0.00215986
107.101, 0.0455145, -0.000249854, -5.91233, -1.52508, 1.53768, -3.06276, -0.00216246
107.2, 0.0458484, -0.000240549, -5.8929, -1.52516, 1.53775, -3.06292, -0.00216505
107.298, 0.045922, 0.000145311, -5.87355, -1.52525, 1.53782, -3.06307, -0.00216765
107.397, 0.045549, 0.000443154, -5.85427, -1.52533, 1.5379, -3.06323, -0.00217026
107.495, 0.0450773, 0.000299207, -5.83507, -1.52541, 1.53797, -3.06338, -0.00217286
107.598, 0.0449731, -0.000128413, -5.81514, -1.5255, 1.53804, -3.06354, -0.00217557
107.701, 0.0452768, -0.000300988, -5.79529, -1.52559, 1.53812, -3.0637, -0.00217829
107.803, 0.0454945, -3.06405e-06, -5.77552, -1.52567, 1.53819, -3.06386, -0.002181
107.906, 0.0452464, 0.000389974, -5.75583, -1.52576, 1.53826, -3.06402, -0.00218372
108.008, 0.0447362, 0.000389502, -5.73621, -1.52585, 1.53834, -3.06419, -0.00218644
108.111, 0.0444887, -7.99981e-07, -5.71667, -1.52593, 1.53841, -3.06435, -0.00218916
108.214, 0.0446994, -0.00029887, -5.69721, -1.52602, 1.53849, -3.06451, -0.00219188
108.316, 0.0450023, -0.000141525, -5.67783, -1.52611, 1.53856, -3.06467, -0.00219461
108.419, 0.0449245, 0.000277424, -5.65852, -1.52619, 1.53863, -3.06483, -0.00219733
108.522, 0.0444582, 0.000451466, -5.63929, -1.52628, 1.53871, -3.06499, -0.00220006
108.624, 0.0440612, 0.000174202, -5.62013, -1.52637, 1.53878, -3.06515, -0.00220279
108.727, 0.0441026, -0.000220677, -5.60105, -1.52645, 1.53885, -3.06531, -0.00220552
108.834, 0.0444397, -0.000256671, -5.58129, -1.52654, 1.53893, -3.06547, -0.00220836
108.94, 0.0445411, 0.000125742, -5.56162, -1.52663, 1.53901, -3.06564, -0.0022112
109.047, 0.0441691, 0.000445194, -5.54203, -1.52672, 1.53908, -3.06581, -0.00221404
109.154, 0.0436784, 0.00030514, -5.52252, -1.52681, 1.53916, -3.06597, -0.00221688
109.26, 0.0435654, -0.00011762, -5.50308, -1.5269, 1.53923, -3.06614, -0.00221973
109.367, 0.043856, -0.000301446, -5.48373, -1.52699, 1.53931, -3.0663, -0.00222258
109.474, 0.0440831, -2.34698e-05, -5.46445, -1.52708, 1.53939, -3.06647, -0.00222542
109.58, 0.043863, 0.000375953, -5.44525, -1.52717, 1.53946, -3.06663, -0.00222828
109.687, 0.0433566, 0.000414746, -5.42613, -1.52726, 1.53954, -3.0668, -0.00223113
109.794, 0.0430653, 4.94685e-05, -5.40709, -1.52735, 1.53961, -3.06696, -0.00223398
109.9, 0.0432278, -0.000281709, -5.38813, -1.52744, 1.53969, -3.06713, -0.00223684
110.007, 0.0435426, -0.000187017, -5.36924, -1.52753, 1.53977, -3.0673, -0.00223969
110.119, 0.0435199, 0.000240043, -5.34946, -1.52762, 1.53985, -3.06747, -0.0022427
110.231, 0.0430548, 0.000460246, -5.32976, -1.52772, 1.53992, -3.06764, -0.00224571
110.343, 0.0426216, 0.000196118, -5.31015, -1.52781, 1.54, -3.06782, -0.00224872
110.456, 0.0426478, -0.000215408, -5.29062, -1.5279, 1.54008, -3.06799, -0.00225173
110.568, 0.0429795, -0.000257558, -5.27118, -1.528, 1.54016, -3.06816, -0.00225475
110.68, 0.0430851, 0.000119571, -5.25181, -1.52809, 1.54024, -3.06833, -0.00225776
110.792, 0.04272, 0.000446921, -5.23253, -1.52819, 1.54032, -3.06851, -0.00226078
110.904, 0.0422211, 0.000323234, -5.21333, -1.52828, 1.5404, -3.06868, -0.0022638
111.02, 0.0420881, -0.00011061, -5.19354, -1.52838, 1.54048, -3.06886, -0.00226693
111.137, 0.042383, -0.00029782, -5.17384, -1.52847, 1.54056, -3.06904, -0.00227006
111.253, 0.0426011, -4.00987e-07, -5.15422, -1.52857, 1.54064, -3.06921, -0.00227319
111.369, 0.0423427, 0.000400146, -5.13469, -1.52867, 1.54073, -3.06939, -0.00227632
111.485, 0.0418157, 0.000397619, -5.11525, -1.52876, 1.54081, -3.06957, -0.00227946
111.601, 0.0415618, -1.28494e-06, -5.09589, -1.52886, 1.54089, -3.06975, -0.00228259
111.717, 0.0417747, -0.000296143, -5.07661, -1.52896, 1.54097, -3.06993, -0.00228573
111.833, 0.0420677, -0.000122597, -5.05742, -1.52905, 1.54105, -3.0701, -0.00228887
111.949, 0.0419613, 0.000302618, -5.03831, -1.52915, 1.54113, -3.07028, -0.00229202
112.066, 0.0414708, 0.000458677, -5.01929, -1.52925, 1.54121, -3.07046, -0.00229516
112.182, 0.0410771, 0.000158851, -5.00034, -1.52934, 1.54129, -3.07064, -0.00229831
112.298, 0.0411375, -0.000231662, -4.98148, -1.52944, 1.54137, -3.07081, -0.00230146
112.414, 0.0414607, -0.000244564, -4.96271, -1.52954, 1.54146, -3.07099, -0.00230461
112.53, 0.0415459, 0.000132696, -4.94401, -1.52963, 1.54154, -3.07117, -0.00230776
112.646, 0.0411809, 0.000451893, -4.9254, -1.52973, 1.54162, -3.07135, -0.00231092
112.762, 0.0406844, 0.000339577, -4.90686, -1.52982, 1.5417, -3.07152, -0.00231407
112.885, 0.0405295, -9.358e-05, -4.88729, -1.52993, 1.54178, -3.07171, -0.00231742
113.009, 0.0408122, -0.000297055, -4.86781, -1.53003, 1.54187, -3.0719, -0.00232078
113.132, 0.0410384, -1.28818e-05, -4.84842, -1.53013, 1.54195, -3.07208, -0.00232413
113.255, 0.0407931, 0.000395445, -4.82911, -1.53023, 1.54204, -3.07227, -0.00232749
113.378, 0.0402606, 0.000413862, -4.8099, -1.53033, 1.54212, -3.07246, -0.00233085
113.501, 0.039981, 2.30137e-05, -4.79077, -1.53044, 1.54221, -3.07264, -0.00233421
113.625, 0.0401726, -0.000288751, -4.77174, -1.53054, 1.54229, -3.07283, -0.00233757
113.748, 0.0404705, -0.000137962, -4.75278, -1.53064, 1.54238, -3.07302, -0.00234094
113.871, 0.0403853, 0.000287507, -4.73392, -1.53074, 1.54246, -3.0732, -0.00234431
113.994, 0.0399005, 0.000469299, -4.71514, -1.53084, 1.54255, -3.07339, -0.00234768
114.117, 0.0394813, 0.000190796, -4.69645, -1.53094, 1.54263, -3.07358, -0.00235105
114.24, 0.0395074, -0.000210409, -4.67784, -1.53105, 1.54272, -3.07376, -0.00235442
114.368, 0.0398337, -0.000248839, -4.65867, -1.53115, 1.5428, -3.07395, -0.00235792
114.496, 0.0399246, 0.000136106, -4.63958, -1.53126, 1.54289, -3.07415, -0.00236142
114.623, 0.0395381, 0.00046157, -4.62058, -1.53136, 1.54298, -3.07434, -0.00236492
114.751, 0.0390267, 0.000325922, -4.60168, -1.53146, 1.54307, -3.07453, -0.00236842
114.878, 0.0388907, -9.98583e-05, -4.58286, -1.53157, 1.54315, -3.07472, -0.00237193
115.006, 0.0391649, -0.00029383, -4.56413, -1.53167, 1.54324, -3.07491, -0.00237544
115.133, 0.0393871, -2.2931e-05, -4.54549, -1.53178, 1.54333, -3.0751, -0.00237895
115.261, 0.0391652, 0.000383669, -4.52694, -1.53188, 1.54341, -3.0753, -0.00238246
115.393, 0.0386237, 0.00043263, -4.50777, -1.53199, 1.5435, -3.07549, -0.00238611
115.526, 0.0383118, 4.93723e-05, -4.48869, -1.5321, 1.54359, -3.07569, -0.00238976
115.658, 0.0384829, -0.000280535, -4.46971, -1.53221, 1.54368, -3.07589, -0.00239342
115.791, 0.0387843, -0.000145945, -4.45082, -1.53232, 1.54377, -3.07609, -0.00239707
115.923, 0.0387079, 0.000282886, -4.43202, -1.53243, 1.54386, -3.07629, -0.00240073
116.056, 0.0382179, 0.000477189, -4.41331, -1.53253, 1.54395, -3.07648, -0.00240439
116.188, 0.0377833, 0.00020273, -4.39469, -1.53264, 1.54404, -3.07668, -0.00240806
116.32, 0.0377984, -0.000203841, -4.37617, -1.53275, 1.54413, -3.07688, -0.00241172
116.453, 0.0381111, -0.000252846, -4.35773, -1.53286, 1.54422, -3.07708, -0.00241539
116.585, 0.0382174, 0.000111211, -4.33939, -1.53297, 1.54431, -3.07727, -0.00241906
116.718, 0.0378657, 0.000454426, -4.32113, -1.53307, 1.5444, -3.07747, -0.00242274
116.85, 0.0373465, 0.000374603, -4.30296, -1.53318, 1.54449, -3.07767, -0.00242642
116.989, 0.0371425, -5.05637e-05, -4.28402, -1.5333, 1.54458, -3.07787, -0.00243027
117.128, 0.0373894, -0.000292129, -4.26518, -1.53341, 1.54467, -3.07808, -0.00243413
117.266, 0.037635, -5.05211e-05, -4.24644, -1.53352, 1.54476, -3.07829, -0.00243798
117.405, 0.0374364, 0.000371644, -4.22779, -1.53363, 1.54486, -3.07849, -0.00244185
117.544, 0.036903, 0.000455537, -4.20924, -1.53375, 1.54495, -3.0787, -0.00244571
117.682, 0.0365498, 0.000102763, -4.19077, -1.53386, 1.54504, -3.0789, -0.00244958
117.821, 0.0366654, -0.000256284, -4.17241, -1.53397, 1.54514, -3.07911, -0.00245345
117.96, 0.0369721, -0.000191118, -4.15413, -1.53408, 1.54523, -3.07931, -0.00245732
118.099, 0.0369699, 0.00021719, -4.13595, -1.5342, 1.54532, -3.07952, -0.00246119
118.237, 0.0365319, 0.000484393, -4.11786, -1.53431, 1.54541, -3.07972, -0.00246507
118.376, 0.0360432, 0.000299741, -4.09986, -1.53442, 1.5455, -3.07992, -0.00246895
118.515, 0.0359412, -0.000117616, -4.08195, -1.53453, 1.5456, -3.08013, -0.00247283
118.658, 0.0362215, -0.000281754, -4.06351, -1.53465, 1.54569, -3.08034, -0.00247686
118.802, 0.0364111, 1.75496e-05, -4.04517, -1.53477, 1.54579, -3.08055, -0.00248088
118.945, 0.0361429, 0.000415691, -4.02692, -1.53488, 1.54588, -3.08076, -0.00248491
119.089, 0.0356032, 0.000436443, -4.00877, -1.535, 1.54598, -3.08097, -0.00248893
119.233, 0.0352971, 5.94228e-05, -3.99071, -1.53511, 1.54607, -3.08118, -0.00249297
119.376, 0.035446, -0.000267657, -3.97275, -1.53523, 1.54616, -3.08139, -0.002497
119.52, 0.0357367, -0.00016336, -3.95488, -1.53534, 1.54626, -3.0816, -0.00250104
119.672, 0.0356791, 0.000273247, -3.93599, -1.53547, 1.54636, -3.08183, -0.00250533
119.825, 0.0351744, 0.000490808, -3.9172, -1.53559, 1.54646, -3.08205, -0.00250963
119.977, 0.0347113, 0.0002162, -3.89851, -1.53571, 1.54656, -3.08227, -0.00251393
120.13, 0.0347174, -0.000199825, -3.87993, -1.53584, 1.54666, -3.08249, -0.00251824
120.283, 0.0350274, -0.00023666, -3.86145, -1.53596, 1.54676, -3.08272, -0.00252255
120.435, 0.0351035, 0.000147895, -3.84307, -1.53608, 1.54686, -3.08294, -0.00252686
120.588, 0.0347048, 0.000478701, -3.82479, -1.5362, 1.54696, -3.08316, -0.00253117
120.74, 0.0341718, 0.000354798, -3.80661, -1.53633, 1.54706, -3.08338, -0.00253549
120.898, 0.0340041, -8.35144e-05, -3.78789, -1.53645, 1.54716, -3.08361, -0.00253996
121.056, 0.0342697, -0.000280273, -3.76927, -1.53658, 1.54726, -3.08384, -0.00254444
121.215, 0.0344701, 1.05003e-05, -3.75076, -1.5367, 1.54737, -3.08407, -0.00254892
121.373, 0.0341977, 0.000421097, -3.73236, -1.53683, 1.54747, -3.0843, -0.00255341
121.531, 0.0336384, 0.00044243, -3.71406, -1.53696, 1.54757, -3.08453, -0.00255789
121.689, 0.0333266, 5.29916e-05, -3.69586, -1.53708, 1.54767, -3.08476, -0.00256239
121.847, 0.0334857, -0.000268448, -3.67777, -1.53721, 1.54778, -3.08498, -0.00256688
122.005, 0.0337665, -0.000134353, -3.65977, -1.53734, 1.54788, -3.08521, -0.00257138
122.168, 0.0336697, 0.000304188, -3.64127, -1.53747, 1.54798, -3.08545, -0.00257603
122.331, 0.0331467, 0.000497232, -3.62288, -1.5376, 1.54809, -3.08568, -0.00258069
122.495, 0.0326918, 0.000207378, -3.60459, -1.53773, 1.54819, -3.08592, -0.00258535
122.658, 0.0327056, -0.000201442, -3.58641, -1.53786, 1.5483, -3.08615, -0.00259002
122.822, 0.0330069, -0.000226778, -3.56834, -1.53799, 1.5484, -3.08639, -0.00259469
122.985, 0.0330694, 0.000158503, -3.55037, -1.53812, 1.54851, -3.08662, -0.00259936
123.149, 0.0326644, 0.000487136, -3.53251, -1.53825, 1.54861, -3.08686, -0.00260404
123.312, 0.0321252, 0.000368667, -3.51475, -1.53838, 1.54872, -3.08709, -0.00260872
123.483, 0.0319403, -6.99259e-05, -3.49628, -1.53851, 1.54883, -3.08734, -0.00261362
123.654, 0.0321938, -0.00027512, -3.47792, -1.53865, 1.54893, -3.08758, -0.00261852
123.825, 0.0323925, 8.79358e-06, -3.45968, -1.53878, 1.54904, -3.08782, -0.00262343
123.996, 0.0321215, 0.00042378, -3.44154, -1.53892, 1.54915, -3.08807, -0.00262834
124.167, 0.0315535, 0.000457548, -3.42352, -1.53905, 1.54926, -3.08831, -0.00263325
124.338, 0.0312203, 7.3838e-05, -3.4056, -1.53919, 1.54937, -3.08856, -0.00263817
124.509, 0.0313591, -0.000257786, -3.38779, -1.53932, 1.54948, -3.0888, -0.00264309
124.68, 0.0316364, -0.000139866, -3.37009, -1.53946, 1.54959, -3.08904, -0.00264802
124.858, 0.0315466, 0.000300769, -3.35173, -1.5396, 1.5497, -3.0893, -0.00265316
125.036, 0.0310168, 0.000508459, -3.33349, -1.53974, 1.54981, -3.08955, -0.00265831
125.215, 0.030541, 0.00022566, -3.31535, -1.53988, 1.54992, -3.0898, -0.00266347
125.393, 0.030536, -0.000189327, -3.29734, -1.54002, 1.55004, -3.09005, -0.00266862
125.572, 0.0308295, -0.000222861, -3.27943, -1.54016, 1.55015, -3.09031, -0.00267379
125.75, 0.0308887, 0.000162175, -3.26164, -1.5403, 1.55026, -3.09056, -0.00267895
125.928, 0.0304754, 0.000496118, -3.24396, -1.54044, 1.55037, -3.09081, -0.00268412
126.107, 0.0299225, 0.00038052, -3.22638, -1.54058, 1.55048, -3.09106, -0.0026893
126.293, 0.0297238, -5.95213e-05, -3.20815, -1.54072, 1.5506, -3.09132, -0.00269471
126.479, 0.0299669, -0.000268078, -3.19004, -1.54087, 1.55072, -3.09159, -0.00270012
126.666, 0.0301584, 1.45659e-05, -3.17204, -1.54102, 1.55083, -3.09185, -0.00270554
126.852, 0.0298798, 0.000432025, -3.15416, -1.54116, 1.55095, -3.09211, -0.00271096
127.038, 0.0293003, 0.000469888, -3.13639, -1.54131, 1.55106, -3.09237, -0.00271638
127.225, 0.0289522, 8.74436e-05, -3.11874, -1.54145, 1.55118, -3.09263, -0.00272181
127.411, 0.0290768, -0.000248306, -3.10121, -1.5416, 1.55129, -3.09289, -0.00272725
127.597, 0.0293462, -0.000136472, -3.08379, -1.54174, 1.55141, -3.09315, -0.00273269
127.792, 0.0292528, 0.000305176, -3.06567, -1.5419, 1.55153, -3.09343, -0.00273839
127.987, 0.0287137, 0.00052022, -3.04767, -1.54205, 1.55165, -3.0937, -0.00274409
128.182, 0.0282207, 0.000242348, -3.0298, -1.5422, 1.55177, -3.09397, -0.0027498
128.378, 0.0281973, -0.000176191, -3.01204, -1.54235, 1.55189, -3.09424, -0.00275552
128.573, 0.0284799, -0.000218228, -2.99441, -1.5425, 1.55201, -3.09451, -0.00276124
128.768, 0.0285366, 0.000163378, -2.97689, -1.54265, 1.55213, -3.09478, -0.00276696
128.963, 0.0281197, 0.000504514, -2.9595, -1.5428, 1.55225, -3.09506, -0.00277269
129.158, 0.027552, 0.000400025, -2.94222, -1.54296, 1.55237, -3.09533, -0.00277842
129.362, 0.0273282, -3.88032e-05, -2.92429, -1.54311, 1.5525, -3.09561, -0.00278442
129.565, 0.0275529, -0.00026048, -2.90648, -1.54327, 1.55262, -3.09589, -0.00279042
129.769, 0.0277433, 9.57003e-06, -2.8888, -1.54343, 1.55274, -3.09617, -0.00279643
129.973, 0.0274706, 0.000432499, -2.87124, -1.54359, 1.55287, -3.09645, -0.00280244
130.177, 0.0268818, 0.00049087, -2.85381, -1.54374, 1.55299, -3.09673, -0.00280846
130.381, 0.0265022, 0.000119914, -2.83649, -1.5439, 1.55312, -3.09702, -0.00281448
130.584, 0.0265949, -0.000230647, -2.8193, -1.54406, 1.55324, -3.0973, -0.00282051
130.788, 0.0268584, -0.000146009, -2.80223, -1.54421, 1.55336, -3.09758, -0.00282654
131, 0.0267865, 0.000286905, -2.78459, -1.54438, 1.55349, -3.09787, -0.00283282
131.212, 0.0262602, 0.000534488, -2.76709, -1.54454, 1.55362, -3.09816, -0.00283911
131.424, 0.0257315, 0.000296577, -2.74971, -1.5447, 1.55375, -3.09845, -0.0028454
131.636, 0.0256442, -0.000130718, -2.73245, -1.54486, 1.55387, -3.09874, -0.0028517
131.848, 0.0259019, -0.00023147, -2.71532, -1.54503, 1.554, -3.09903, -0.00285801
132.06, 0.0260017, 0.000110155, -2.69831, -1.54519, 1.55413, -3.09932, -0.00286432
132.273, 0.0256384, 0.000488309, -2.68143, -1.54535, 1.55426, -3.09961, -0.00287063
132.485, 0.0250517, 0.000464939, -2.66467, -1.54551, 1.55438, -3.0999, -0.00287695
132.697, 0.0247316, 7.34066e-05, -2.64802, -1.54568, 1.55451, -3.10018, -0.00288328
132.909, 0.0248537, -0.000236316, -2.6315, -1.54584, 1.55463, -3.10047, -0.00288961
133.121, 0.0250934, -0.000117331, -2.6151, -1.546, 1.55476, -3.10076, -0.00289595
133.348, 0.02498, 0.000321937, -2.59765, -1.54617, 1.5549, -3.10107, -0.00290275
133.575, 0.0244263, 0.00054315, -2.58034, -1.54635, 1.55503, -3.10138, -0.00290955
133.802, 0.0239051, 0.000279637, -2.56315, -1.54652, 1.55517, -3.10168, -0.00291636
134.029, 0.0238375, -0.000141613, -2.5461, -1.54669, 1.5553, -3.10199, -0.00292318
134.265, 0.0241005, -0.000206421, -2.52856, -1.54687, 1.55544, -3.10231, -0.00293026
134.501, 0.0241446, 0.000178756, -2.51115, -1.54705, 1.55558, -3.10263, -0.00293734
134.737, 0.0236955, 0.000528658, -2.49387, -1.54723, 1.55572, -3.10294, -0.00294443
134.972, 0.0230935, 0.000414472, -2.47674, -1.54741, 1.55586, -3.10326, -0.00295153
135.208, 0.0228557, -1.69448e-05, -2.45974, -1.54758, 1.55599, -3.10358, -0.00295864
135.444, 0.0230481, -0.000241818, -2.44287, -1.54776, 1.55613, -3.10389, -0.00296575
135.679, 0.023225, 4.43527e-06, -2.42614, -1.54794, 1.55627, -3.10421, -0.00297287
135.915, 0.022971, 0.000427249, -2.40953, -1.54812, 1.55641, -3.10452, -0.00297999
136.162, 0.0223526, 0.000528828, -2.39229, -1.5483, 1.55655, -3.10485, -0.00298746
136.409, 0.0219115, 0.000169898, -2.37518, -1.54849, 1.55669, -3.10518, -0.00299494
136.656, 0.0219576, -0.000201559, -2.35821, -1.54867, 1.55684, -3.10551, -0.00300242
136.903, 0.0222032, -0.000134989, -2.34139, -1.54886, 1.55698, -3.10584, -0.00300991
137.149, 0.0221306, 0.000284393, -2.3247, -1.54904, 1.55712, -3.10617, -0.00301741
137.396, 0.0216121, 0.000557835, -2.30815, -1.54923, 1.55727, -3.1065, -0.00302492
137.643, 0.0210429, 0.000370635, -2.29173, -1.54941, 1.55741, -3.10682, -0.00303243
137.89, 0.0208654, -5.3558e-05, -2.27545, -1.5496, 1.55755, -3.10715, -0.00303996
138.145, 0.0210738, -0.000226331, -2.25875, -1.54979, 1.5577, -3.10749, -0.00304774
138.401, 0.0212017, 6.75427e-05, -2.24219, -1.54998, 1.55784, -3.10783, -0.00305553
138.656, 0.0208768, 0.000476925, -2.22577, -1.55017, 1.55799, -3.10816, -0.00306333
138.921, 0.0202401, 0.000519591, -2.20889, -1.55037, 1.55814, -3.10851, -0.00307143
139.185, 0.0198351, 0.000134707, -2.19215, -1.55057, 1.55829, -3.10886, -0.00307954
139.45, 0.0199079, -0.000206174, -2.17556, -1.55076, 1.55844, -3.10921, -0.00308766
139.715, 0.0201304, -9.78734e-05, -2.15911, -1.55096, 1.55859, -3.10955, -0.00309578
139.992, 0.0199913, 0.00034612, -2.14204, -1.55117, 1.55875, -3.10992, -0.0031043
140.27, 0.0194022, 0.000572569, -2.12512, -1.55137, 1.55891, -3.11028, -0.00311282
140.547, 0.0188447, 0.0003069, -2.10836, -1.55158, 1.55907, -3.11064, -0.00312136
140.824, 0.0187474, -0.000117247, -2.09175, -1.55178, 1.55922, -3.111, -0.0031299
141.102, 0.0189726, -0.000186169, -2.07528, -1.55199, 1.55938, -3.11137, -0.00313845
141.379, 0.0190053, 0.000176977, -2.05897, -1.55219, 1.55954, -3.11173, -0.00314702
141.656, 0.0185717, 0.000541919, -2.04281, -1.5524, 1.55969, -3.11209, -0.00315559
141.934, 0.0179439, 0.000489851, -2.02679, -1.5526, 1.55985, -3.11245, -0.00316417
142.223, 0.0176022, 6.95177e-05, -2.01021, -1.55281, 1.56001, -3.11282, -0.00317314
142.513, 0.0177238, -0.000211456, -1.99378, -1.55303, 1.56017, -3.1132, -0.00318212
142.803, 0.0179014, -1.91182e-05, -1.97751, -1.55324, 1.56033, -3.11357, -0.00319111
143.092, 0.0176757, 0.000413495, -1.96139, -1.55345, 1.56049, -3.11394, -0.00320011
143.382, 0.0170693, 0.000582716, -1.94542, -1.55366, 1.56065, -3.11432, -0.00320912
143.672, 0.016539, 0.000301906, -1.9296, -1.55388, 1.56081, -3.11469, -0.00321814
143.961, 0.0164412, -0.000103392, -1.91393, -1.55409, 1.56097, -3.11506, -0.00322717
144.27, 0.0166544, -0.00016902, -1.89739, -1.55431, 1.56114, -3.11546, -0.0032368
144.579, 0.0166594, 0.00020798, -1.88101, -1.55454, 1.56131, -3.11585, -0.00324645
144.888, 0.016183, 0.000567091, -1.86479, -1.55476, 1.56148, -3.11625, -0.0032561
145.196, 0.0155326, 0.000484741, -1.84874, -1.55499, 1.56165, -3.11664, -0.00326577
145.517, 0.015206, 5.15813e-05, -1.83225, -1.55522, 1.56183, -3.11705, -0.0032758
145.837, 0.0153354, -0.000199443, -1.81594, -1.55545, 1.562, -3.11746, -0.00328585
146.157, 0.0154756, 3.27239e-05, -1.79979, -1.55568, 1.56218, -3.11786, -0.00329591
146.477, 0.0151843, 0.00046476, -1.78381, -1.55592, 1.56235, -3.11827, -0.00330597
146.797, 0.0145395, 0.000589779, -1.76799, -1.55615, 1.56253, -3.11867, -0.00331606
147.118, 0.0140235, 0.000272025, -1.75233, -1.55638, 1.5627, -3.11908, -0.00332615
147.438, 0.0139557, -0.000118202, -1.73683, -1.55661, 1.56287, -3.11948, -0.00333625
147.772, 0.0141518, -0.000133879, -1.72084, -1.55685, 1.56305, -3.1199, -0.00334679
148.105, 0.0141045, 0.000255953, -1.70502, -1.55709, 1.56323, -3.12032, -0.00335734
148.439, 0.0135951, 0.000592651, -1.68937, -1.55733, 1.56341, -3.12074, -0.00336791
148.773, 0.0129407, 0.000495115, -1.67388, -1.55757, 1.56359, -3.12116, -0.00337848
149.129, 0.0126046, 5.55195e-05, -1.65752, -1.55783, 1.56378, -3.12161, -0.0033898
149.486, 0.0127243, -0.000181859, -1.64133, -1.55808, 1.56397, -3.12205, -0.00340113
149.842, 0.0128324, 7.05204e-05, -1.62532, -1.55834, 1.56416, -3.1225, -0.00341247
150.199, 0.0124937, 0.000501723, -1.6095, -1.55859, 1.56435, -3.12294, -0.00342383
150.555, 0.0118169, 0.000602061, -1.59385, -1.55885, 1.56454, -3.12339, -0.0034352
150.912, 0.0112983, 0.00026484, -1.57837, -1.5591, 1.56473, -3.12383, -0.00344659
151.269, 0.0112354, -0.00011447, -1.56307, -1.55935, 1.56492, -3.12427, -0.00345798
151.625, 0.0114047, -0.000108775, -1.54793, -1.55961, 1.5651, -3.12471, -0.00346939
151.998, 0.0113225, 0.000289525, -1.53228, -1.55987, 1.5653, -3.12517, -0.00348135
152.371, 0.0107753, 0.0006189, -1.51681, -1.56014, 1.5655, -3.12563, -0.00349332
152.745, 0.0100986, 0.000504929, -1.50151, -1.5604, 1.56569, -3.12609, -0.0035053
153.139, 0.00975582, 6.56403e-05, -1.48554, -1.56068, 1.5659, -3.12658, -0.00351798
153.533, 0.00985603, -0.000160309, -1.46977, -1.56096, 1.5661, -3.12706, -0.00353067
153.927, 0.00993515, 9.54644e-05, -1.45418, -1.56124, 1.56631, -3.12754, -0.00354338
154.321, 0.00957389, 0.000523457, -1.43879, -1.56151, 1.56651, -3.12803, -0.00355611
154.733, 0.00884784, 0.000621726, -1.42291, -1.5618, 1.56672, -3.12853, -0.00356942
155.145, 0.00830372, 0.00026235, -1.40722, -1.56209, 1.56694, -3.12903, -0.00358275
155.557, 0.00824269, -0.000109755, -1.39174, -1.56238, 1.56715, -3.12953, -0.0035961
155.969, 0.00838517, -5.40747e-05, -1.37644, -1.56267, 1.56736, -3.13003, -0.00360947
156.381, 0.00822965, 0.00035741, -1.36135, -1.56296, 1.56757, -3.13053, -0.00362285
156.793, 0.007634, 0.000653729, -1.34644, -1.56325, 1.56778, -3.13103, -0.00363625
157.205, 0.00695055, 0.000512371, -1.33171, -1.56353, 1.56799, -3.13152, -0.00364967
157.642, 0.00660601, 7.66984e-05, -1.31629, -1.56384, 1.56821, -3.13205, -0.00366392
158.079, 0.00668232, -0.000133609, -1.30107, -1.56414, 1.56843, -3.13257, -0.0036782
158.516, 0.00672811, 0.000122352, -1.28606, -1.56444, 1.56865, -3.1331, -0.00369249
158.953, 0.00634802, 0.000544993, -1.27124, -1.56475, 1.56887, -3.13362, -0.00370681
159.42, 0.00559052, 0.000654406, -1.25564, -1.56507, 1.56911, -3.13418, -0.0037221
159.886, 0.00500432, 0.000301833, -1.24027, -1.56539, 1.56934, -3.13473, -0.00373742
160.352, 0.00489999, -7.55095e-05, -1.2251, -1.56571, 1.56957, -3.13529, -0.00375275
160.819, 0.00501034, -3.25943e-05, -1.21015, -1.56604, 1.5698, -3.13584, -0.00376811
161.285, 0.00483623, 0.000373372, -1.19541, -1.56636, 1.57004, -3.13639, -0.00378349
161.752, 0.00422174, 0.000681892, -1.18087, -1.56668, 1.57027, -3.13694, -0.00379889
162.218, 0.003501, 0.000561762, -1.16654, -1.567, 1.5705, -3.13749, -0.00381431
162.719, 0.00309455, 0.000127078, -1.15135, -1.56734, 1.57074, -3.13808, -0.00383091
163.221, 0.00312299, -0.000101365, -1.13638, -4.70928, -1.5706, -3.13867, -0.00384754
163.722, 0.00314223, 0.000139916, -1.12164, -4.70962, -1.57036, -3.13926, -0.00386419
164.224, 0.0027423, 0.000567037, -1.10712, -4.70996, -1.57011, -3.13985, -0.00388086
164.754, 0.001956, 0.0006983, -1.09199, -4.71032, -1.56985, -3.14047, -0.00389852
165.285, 0.00131228, 0.00036703, -1.0771, -4.71068, -1.5696, -3.14108, -0.00391621
165.815, 0.00113795, -2.1395e-05, -1.06244, 1.57215, -1.56934, 3.14149, -0.00393392
166.345, 0.00120763, -1.83724e-05, -1.048, 1.57179, -1.56909, 3.14087, -0.00395166
166.876, 0.00103743, 0.000364822, -1.03379, 1.57143, -1.56883, 3.14026, -0.00396943
167.406, 0.00043101, 0.00070495, -1.01981, 1.57107, -1.56858, 3.13965, -0.00398722
167.957, -0.000361118, 0.00063704, -1.0055, 1.5707, -1.56831, 3.13901, -0.00400573
168.544, -0.000869036, 0.000209633, -0.990518, 1.57031, -1.56803, 3.13834, -0.00402548
169.131, -0.000915641, -5.74087e-05, -0.975786, 1.56991, -1.56776, 3.13767, -0.00404526
169.718, -0.000923375, 0.000149025, -0.961304, 1.56952, -1.56748, 3.137, -0.00406507
170.305, -0.00133337, 0.000582526, -0.947068, 1.56913, -1.5672, 3.13633, -0.00408491
170.915, -0.00214433, 0.000756268, -0.932536, 1.56872, -1.56692, 3.13563, -0.00410555
171.524, -0.00286879, 0.000469056, -0.918258, 1.56831, -1.56663, 3.13494, -0.00412622
172.134, -0.00315131, 6.57612e-05, -0.90423, 1.56791, -1.56635, 3.13425, -0.00414692
172.781, -0.0031417, 8.16097e-06, -0.889616, 1.56748, -1.56605, 3.13352, -0.00416892
173.428, -0.00333724, 0.000383296, -0.875271, 1.56705, -1.56575, 3.1328, -0.00419095
174.074, -0.00399747, 0.000750993, -0.86119, 1.56662, -1.56545, 3.13207, -0.00421302
174.721, -0.00484567, 0.000707727, -0.847367, 1.5662, -1.56515, 3.13135, -0.00423512
175.412, -0.00544063, 0.000293151, -0.832888, 1.56574, -1.56483, 3.13058, -0.00425876
176.102, -0.00557229, 4.10037e-06, -0.818692, 1.56529, -1.56452, 3.12981, -0.00428244
176.793, -0.00562704, 0.000173567, -0.804771, 1.56483, -1.56421, 3.12904, -0.00430615
177.509, -0.00607488, 0.000617518, -0.790603, 1.56437, -1.56388, 3.12825, -0.00433081
178.226, -0.00692442, 0.000825044, -0.77672, 1.5639, -1.56356, 3.12746, -0.00435552
178.943, -0.00773462, 0.000581836, -0.763114, 1.56343, -1.56324, 3.12667, -0.00438026
179.66, -0.00813694, 0.000175736, -0.74978, 1.56296, -1.56292, 3.12588, -0.00440505
180.448, -0.00821966, 5.57734e-05, -0.735416, 1.56245, -1.56256, 3.12502, -0.00443236
181.237, -0.00844728, 0.00040041, -0.721365, 1.56194, -1.56221, 3.12415, -0.00445973
182.026, -0.00914116, 0.000799625, -0.707619, 1.56143, -1.56187, 3.1233, -0.00448714
182.814, -0.0100749, 0.000813393, -0.694172, 1.56092, -1.56152, 3.12244, -0.0045146
183.64, -0.0108009, 0.000432324, -0.680407, 1.56039, -1.56116, 3.12155, -0.0045434
184.465, -0.0110684, 0.000103009, -0.666952, 1.55986, -1.5608, 3.12066, -0.00457225
185.291, -0.0111846, 0.00019169, -0.653799, 1.55933, -1.56044, 3.11977, -0.00460114
186.198, -0.0116549, 0.000636683, -0.639683, 1.55875, -1.56005, 3.1188, -0.00463297
187.106, -0.0125826, 0.000914912, -0.625913, 1.55817, -1.55966, 3.11783, -0.00466485
188.013, -0.0135426, 0.000724873, -0.61248, 1.55759, -1.55927, 3.11686, -0.00469679
188.921, -0.0141086, 0.000311439, -0.599375, 1.55702, -1.55888, 3.1159, -0.00472879
189.883, -0.0143193, 0.000141054, -0.585823, 1.55641, -1.55847, 3.11488, -0.00476279
190.845, -0.0145992, 0.000429143, -0.57262, 1.5558, -1.55807, 3.11387, -0.00479686
191.808, -0.0153028, 0.000849568, -0.559754, 1.55519, -1.55766, 3.11286, -0.00483098
192.855, -0.0163954, 0.000955867, -0.546122, 1.55454, -1.55722, 3.11176, -0.00486821
193.903, -0.0173109, 0.000619621, -0.532867, 1.55388, -1.55679, 3.11067, -0.0049055
194.951, -0.0177698, 0.000255453, -0.519976, 1.55322, -1.55636, 3.10958, -0.00494287
196.039, -0.0180182, 0.000277661, -0.506964, 1.55254, -1.55591, 3.10845, -0.00498176
197.167, -0.0185402, 0.000687868, -0.493854, 1.55184, -1.55545, 3.10729, -0.00502218
198.296, -0.0195102, 0.00103077, -0.481129, 1.55114, -1.55499, 3.10613, -0.00506268
199.425, -0.0206147, 0.000961902, -0.468775, 1.55044, -1.55453, 3.10497, -0.00510326
200.68, -0.0214992, 0.000548079, -0.455461, 1.54967, -1.55403, 3.10369, -0.00514847
201.935, -0.021933, 0.000294449, -0.442575, 1.54889, -1.55353, 3.10242, -0.00519377
203.19, -0.0223198, 0.000491257, -0.430103, 1.54812, -1.55303, 3.10115, -0.00523917
204.514, -0.0231191, 0.000943205, -0.417374, 1.54731, -1.5525, 3.09981, -0.00528716
205.839, -0.0242985, 0.00116158, -0.405072, 1.5465, -1.55198, 3.09849, -0.00533526
207.163, -0.0254463, 0.000956591, -0.393181, 1.54569, -1.55147, 3.09716, -0.00538345
208.587, -0.0262706, 0.000555923, -0.380839, 1.54483, -1.55092, 3.09575, -0.00543535
210.113, -0.0267818, 0.000428219, -0.36809, 1.5439, -1.55033, 3.09424, -0.00549113
211.639, -0.027396, 0.000750961, -0.355825, 1.54298, -1.54975, 3.09273, -0.00554703
213.166, -0.0284305, 0.00117454, -0.344022, 1.54206, -1.54917, 3.09123, -0.00560304
214.84, -0.0298619, 0.00128455, -0.331588, 1.54106, -1.54854, 3.0896, -0.00566458
216.513, -0.0311151, 0.000978531, -0.319663, 1.54006, -1.54791, 3.08797, -0.00572625
218.187, -0.0319433, 0.00063911, -0.308222, 1.53906, -1.54729, 3.08635, -0.00578805
220.01, -0.0326009, 0.000646203, -0.296285, 1.53797, -1.54662, 3.0846, -0.00585549
221.91, -0.0335077, 0.00105136, -0.284402, 1.53685, -1.54593, 3.08278, -0.00592593
223.81, -0.0348416, 0.0014422, -0.273056, 1.53572, -1.54525, 3.08097, -0.00599651
225.847, -0.0364594, 0.00146542, -0.261459, 1.53452, -1.54452, 3.07904, -0.00607233
228.043, -0.03792, 0.00111882, -0.249577, 1.53323, -1.54374, 3.07697, -0.00615424
230.239, -0.0389397, 0.000848027, -0.238305, 1.53195, -1.54296, 3.07491, -0.00623632
232.538, -0.0398689, 0.000979364, -0.227115, 1.53061, -1.54216, 3.07277, -0.00632243
235.113, -0.0412378, 0.00146607, -0.215287, 1.52911, -1.54128, 3.07038, -0.00641905
237.688, -0.0430314, 0.00181774, -0.204152, 1.52762, -1.5404, 3.06801, -0.00651584
240.359, -0.0449571, 0.00175958, -0.193285, 1.52607, -1.5395, 3.06557, -0.00661644
243.302, -0.04671, 0.00142387, -0.182066, 1.52438, -1.53852, 3.0629, -0.00672744
246.364, -0.0481199, 0.0012681, -0.171166, 1.52262, -1.53751, 3.06013, -0.00684317
249.427, -0.0494961, 0.00152541, -0.160999, 1.52087, -1.53651, 3.05739, -0.00695906
252.898, -0.0514133, 0.00205959, -0.150293, 1.5189, -1.5354, 3.05429, -0.00709059
256.624, -0.0538568, 0.00243054, -0.139689, 1.51678, -1.53422, 3.051, -0.00723192
260.491, -0.0563869, 0.0023991, -0.12957, 1.51459, -1.53301, 3.04761, -0.00737873
264.768, -0.0587972, 0.00216201, -0.119332, 1.51218, -1.5317, 3.04388, -0.0075412
269.488, -0.0610627, 0.00214875, -0.109083, 1.50953, -1.53027, 3.03981, -0.0077205
274.207, -0.063327, 0.00254815, -0.0998192, 1.50689, -1.52887, 3.03576, -0.00789974
279.675, -0.0662975, 0.00323067, -0.0901798, 1.50383, -1.52728, 3.03112, -0.00810723
285.837, -0.0699977, 0.00380918, -0.080558, 1.5004, -1.52553, 3.02593, -0.0083406
292.464, -0.0739527, 0.00405627, -0.0714839, 1.49672, -1.52368, 3.0204, -0.00859089
300.107, -0.0781251, 0.00418092, -0.0624231, 1.49248, -1.5216, 3.01408, -0.00887832
308.974, -0.0825507, 0.00460243, -0.0535001, 1.48756, -1.51926, 3.00682, -0.00920962
318.341, -0.0871537, 0.00550934, -0.0456077, 1.48237, -1.51685, 2.99922, -0.00955653
329.802, -0.0930092, 0.0069769, -0.0376866, 1.476, -1.51401, 2.99001, -0.00997566
343.351, -0.100156, 0.00879681, -0.0302615, 1.46845, -1.51077, 2.97922, -0.0104621
362.545, -0.110111, 0.0113487, -0.0224172, 1.45765, -1.50641, 2.96405, -0.0111308
387.18, -0.122018, 0.0149924, -0.0155205, 1.44356, -1.50114, 2.9447, -0.0119464
411.815, -0.132879, 0.0193746, -0.0109452, 1.4291, -1.49622, 2.92532, -0.0127042
441.571, -0.144674, 0.0255824, -0.00734559, 1.41101, -1.49068, 2.9017, -0.0135289
479.201, -0.157547, 0.034381, -0.00458949, 1.38687, -1.48424, 2.87111, -0.0144077
529.445, -0.171336, 0.046781, -0.0025896, 1.35177, -1.47648, 2.82824, -0.0152561
594.405, -0.18429, 0.0625282, -0.00135083, 1.29975, -1.46765, 2.7674, -0.015747
682.059, -0.195626, 0.08208, -0.000652804, 1.21228, -1.45752, 2.6698, -0.0153088
814.576, -0.205095, 0.10873, -0.000295477, 1.01575, -1.44537, 2.46112, -0.0127322
994.081, -0.208983, 0.142, -0.000151061, 0.503431, -1.43375, 1.93718, -0.00887816
1090.74, -0.207161, 0.152507, -9.66152e-05, 0.0846459, -1.42944, 1.51409, -0.00907226
1224.08, -0.204537, 0.1534, -3.79774e-05, -0.444085, -1.42547, 0.981387, -0.0150456
1357.42, -0.203645, 0.150966, -1.65725e-05, -0.766543, -1.42359, 0.657049, -0.0296
1523.33, -0.203023, 0.1491, -4.92962e-06, -0.97893, -1.42392, 0.444987, -0.0586993
1689.25, -0.202912, 0.14892, 4.42806e-07, -1.09364, -1.42693, 0.333288, -0.0935461
1948.24, -0.203201, 0.149019, 2.56136e-07, -1.18829, -1.43628, 0.247989, -0.13843
2283.38, -0.203593, 0.149078, 1.61838e-07, -1.23977, -1.45496, 0.215194, -0.148416
